{
"type": "FeatureCollection",
"name": "secciones",
"crs": { "type": "name", "properties": { "name": "urn:ogc:def:crs:EPSG::32614" } },
"features": [
{ "type": "Feature", "properties": { "fid": 1, "ID": 52, "ENTIDAD": 19, "MUNICIPIO": 48, "SECCION": 2085, "TIPO": 4, "CONTROL": 77 }, "geometry": { "type": "MultiPolygon", "coordinates": [ [ [ [ 335072.003899999894202, 2831772.111099999397993 ], [ 335189.719800000078976, 2831765.4695999994874 ], [ 335293.915300000458956, 2831759.591 ], [ 335324.656700000166893, 2831760.037399999797344 ], [ 335474.25899999961257, 2831762.209799999371171 ], [ 335702.277900000102818, 2831765.520899999886751 ], [ 335901.319199999794364, 2831763.440899999812245 ], [ 336224.973399999551475, 2831709.060399999842048 ], [ 336308.781700000166893, 2831659.740199999883771 ], [ 336752.194899999536574, 2831681.217399999499321 ], [ 337371.14850000012666, 2831750.6305 ], [ 337878.021599999628961, 2831633.139699999243021 ], [ 338178.963499999605119, 2831609.589500000700355 ], [ 338385.784799999557436, 2831622.729599999263883 ], [ 338919.878999999724329, 2831594.831199999898672 ], [ 339136.354899999685585, 2831579.236500000581145 ], [ 339209.561300000175834, 2831573.962899999693036 ], [ 339385.651100000366569, 2831561.277599999681115 ], [ 339456.721599999815226, 2831514.637299999594688 ], [ 339667.114599999971688, 2831528.597899999469519 ], [ 339729.218999999575317, 2831445.4967 ], [ 339705.648900000378489, 2831371.79619999974966 ], [ 339773.109299999661744, 2831195.145099999383092 ], [ 339851.28969999961555, 2830768.4824 ], [ 339887.582799999974668, 2830706.216399999335408 ], [ 339954.470300000160933, 2830591.461300000548363 ], [ 340078.309799999929965, 2830649.121300000697374 ], [ 340131.231499999761581, 2830673.761800000444055 ], [ 340297.712600000202656, 2830748.522199999541044 ], [ 340448.163499999791384, 2830734.202099999412894 ], [ 340541.994099999777973, 2830661.821599999442697 ], [ 340675.574900000356138, 2830456.430299999192357 ], [ 340816.965800000354648, 2830271.359099999070168 ], [ 340941.626600000075996, 2830224.158800000324845 ], [ 341025.757100000046194, 2830213.078700000420213 ], [ 341113.057699999772012, 2830278.459100000560284 ], [ 341142.207899999804795, 2830410.749900000169873 ], [ 341065.017400000244379, 2830646.151399999856949 ], [ 341279.558799999766052, 2830666.861500000581145 ], [ 341358.679299999959767, 2830668.581499999389052 ], [ 341414.779699999839067, 2830662.901499999687076 ], [ 341521.550400000065565, 2830613.3311 ], [ 341697.661500000394881, 2830616.591099999845028 ], [ 341799.732099999673665, 2830615.531099999323487 ], [ 341858.242499999701977, 2830591.971000000834465 ], [ 341936.553000000305474, 2830494.25029999949038 ], [ 342032.603600000031292, 2830381.049599999561906 ], [ 342113.884100000374019, 2830334.2993 ], [ 342307.455299999564886, 2830288.928999999538064 ], [ 342391.685899999924004, 2830290.598999999463558 ], [ 342419.196000000461936, 2830221.468499999493361 ], [ 342364.545699999667704, 2830091.987700000405312 ], [ 342221.024699999950826, 2830016.987299999222159 ], [ 342023.343399999663234, 2829873.706399999558926 ], [ 341956.292999999597669, 2829787.715900000184774 ], [ 341871.192400000058115, 2829678.955199999734759 ], [ 341801.601999999955297, 2829595.534700000658631 ], [ 341820.772099999710917, 2829442.343699999153614 ], [ 342477.636199999600649, 2829254.432399999350309 ], [ 342597.736999999731779, 2829273.572499999776483 ], [ 342611.72690000012517, 2829337.049900000914931 ], [ 342565.520800000056624, 2829548.02930000051856 ], [ 342585.210900000296533, 2829615.394799999892712 ], [ 342670.947599999606609, 2829800.6458 ], [ 342770.442200000397861, 2829953.871899999678135 ], [ 342863.36780000012368, 2830082.947699999436736 ], [ 343163.269500000402331, 2830426.195299999788404 ], [ 343276.985399999655783, 2830574.590700000524521 ], [ 343334.005800000391901, 2830682.366399999707937 ], [ 343402.706799999810755, 2830819.977 ], [ 343487.466799999587238, 2831036.473600000143051 ], [ 343498.446899999864399, 2831130.704199999570847 ], [ 343751.518600000068545, 2831495.25650000013411 ], [ 343942.645999999716878, 2831618.202099999412894 ], [ 344066.966799999587238, 2831685.747500000521541 ], [ 344150.12430000025779, 2831627.801000000908971 ], [ 344168.371199999935925, 2831603.097100000828505 ], [ 344326.609199999831617, 2831552.7774 ], [ 344392.258799999952316, 2831519.156400000676513 ], [ 344524.759700000286102, 2831494.826199999079108 ], [ 344795.691399999894202, 2831545.536499999463558 ], [ 344887.361999999731779, 2831521.636299999430776 ], [ 344992.042700000107288, 2831528.1864 ], [ 345140.213600000366569, 2831547.036499999463558 ], [ 345339.77489999961108, 2831608.69679999910295 ], [ 345515.595999999903142, 2831576.26659999974072 ], [ 345756.257500000298023, 2831359.55519999936223 ], [ 345885.978400000371039, 2831307.204800000414252 ], [ 346018.799200000241399, 2831321.114900000393391 ], [ 346207.540400000289083, 2831308.934800000861287 ], [ 346369.051500000059605, 2831399.045299999415874 ], [ 346727.733900000341237, 2831203.737999999895692 ], [ 346946.197599999606609, 2831088.303600000217557 ], [ 347065.465300000272691, 2831025.283600000664592 ], [ 347352.367700000293553, 2830873.686799999326468 ], [ 347369.477800000458956, 2830781.711300000548363 ], [ 347458.578300000168383, 2830755.281099999323487 ], [ 347604.549300000071526, 2830817.50139999948442 ], [ 347671.869599999859929, 2830830.229599999263883 ], [ 347770.68030000012368, 2830848.911599999293685 ], [ 347872.216500000096858, 2830823.100299999117851 ], [ 348063.552199999801815, 2830774.461100000888109 ], [ 348231.642099999822676, 2830702.962999999523163 ], [ 348478.064799999818206, 2830596.729900000616908 ], [ 348600.425599999725819, 2830580.149800000712276 ], [ 348874.867300000041723, 2830437.038799999281764 ], [ 349023.258200000040233, 2830170.2971 ], [ 349160.759100000374019, 2830133.156899999827147 ], [ 349434.510900000110269, 2830530.6393 ], [ 349565.261800000444055, 2830603.219799999147654 ], [ 349783.928100000135601, 2830607.2668999992311 ], [ 350008.080199999734759, 2830622.004200000315905 ], [ 350115.795099999755621, 2830629.086100000888109 ], [ 350221.919499999843538, 2830636.063400000333786 ], [ 350303.086500000208616, 2830641.399900000542402 ], [ 350682.648900000378489, 2830558.3893 ], [ 350945.510599999688566, 2830247.097300000488758 ], [ 351062.241200000047684, 2830207.86600000038743 ], [ 351178.971900000236928, 2830168.634700000286102 ], [ 351250.912499999627471, 2830144.456599999219179 ], [ 351203.772199999541044, 2829997.055700000375509 ], [ 351124.201700000092387, 2829941.795299999415874 ], [ 351100.88150000013411, 2829898.685100000351667 ], [ 350978.2818, 2829782.150499999523163 ], [ 350893.740100000053644, 2829689.20380000025034 ], [ 350843.439799999818206, 2829623.433399999514222 ], [ 350801.879499999806285, 2829534.6228 ], [ 350760.384300000034273, 2829453.457299999892712 ], [ 350718.889000000432134, 2829372.291799999773502 ], [ 350702.658900000154972, 2829260.261099999770522 ], [ 350743.529099999926984, 2829108.120100000873208 ], [ 350799.599399999715388, 2828943.059100000187755 ], [ 350887.490000000223517, 2828768.747999999672174 ], [ 350864.842199999839067, 2828550.079299999400973 ], [ 350842.979199999943376, 2828465.362700000405312 ], [ 350986.620500000193715, 2828408.175699999555945 ], [ 351339.332799999974668, 2828162.244000000879169 ], [ 351741.772199999541044, 2828004.254000000655651 ], [ 352097.204900000244379, 2827845.490599999204278 ], [ 352277.75870000012219, 2827764.841399999335408 ], [ 352833.252299999818206, 2827662.140599999576807 ], [ 352946.292999999597669, 2827598.485200000926852 ], [ 353163.539300000295043, 2827482.7445 ], [ 353267.745000000111759, 2827430.659099999815226 ], [ 353485.139600000344217, 2827399.5175 ], [ 353588.696299999952316, 2827380.814300000667572 ], [ 353749.318099999800324, 2827338.92850000038743 ], [ 353843.416400000452995, 2827270.267699999734759 ], [ 353985.676699999719858, 2827166.464600000530481 ], [ 354105.366600000299513, 2827074.985500000417233 ], [ 354167.143199999816716, 2827025.764000000432134 ], [ 354290.69649999961257, 2826927.320900000631809 ], [ 354459.653900000266731, 2826815.696699999272823 ], [ 354596.826200000010431, 2826729.39780000038445 ], [ 354697.863699999637902, 2826660.004200000315905 ], [ 355110.486700000241399, 2826365.92710000090301 ], [ 355269.097699999809265, 2826257.171399999409914 ], [ 355451.578900000080466, 2826165.751499999314547 ], [ 355689.712799999862909, 2826066.792199999094009 ], [ 355832.607499999925494, 2826002.1151 ], [ 356064.912700000219047, 2825896.969000000506639 ], [ 356170.499900000169873, 2825841.91300000064075 ], [ 356341.739099999889731, 2825752.624399999156594 ], [ 356479.125300000421703, 2825680.987500000745058 ], [ 356760.371700000017881, 2825420.759700000286102 ], [ 357272.130300000309944, 2824976.573000000789762 ], [ 357443.140599999576807, 2824865.030099999159575 ], [ 357854.082700000144541, 2824612.328199999406934 ], [ 358842.182199999690056, 2824141.11089999973774 ], [ 359061.900500000454485, 2824088.864499999210238 ], [ 359131.872100000269711, 2823962.666200000792742 ], [ 359261.412899999879301, 2823887.365800000727177 ], [ 359368.453599999658763, 2823870.945599999278784 ], [ 359494.014399999752641, 2823933.376000000163913 ], [ 359574.054999999701977, 2824047.286699999123812 ], [ 359595.765100000426173, 2824205.157700000330806 ], [ 359660.075500000268221, 2824268.238099999725819 ], [ 359754.656200000084937, 2824287.648199999704957 ], [ 359854.556800000369549, 2824332.498500000685453 ], [ 359928.717299999669194, 2824352.128599999472499 ], [ 360075.488199999555945, 2824200.147600000724196 ], [ 360174.338800000026822, 2824117.517100000753999 ], [ 360281.309500000439584, 2824090.8969 ], [ 360347.689899999648333, 2824095.306900000199676 ], [ 360439.490500000305474, 2824086.69679999910295 ], [ 360587.541500000283122, 2824090.246799999848008 ], [ 360755.952600000426173, 2824088.4868 ], [ 361025.434299999848008, 2823963.276000000536442 ], [ 361192.395299999974668, 2823783.034800000488758 ], [ 361252.066999999806285, 2823574.097799999639392 ], [ 361261.065700000151992, 2823443.17259999923408 ], [ 361455.007000000216067, 2823441.152599999681115 ], [ 361537.267400000244379, 2823203.141100000590086 ], [ 361554.007500000298023, 2823065.270199999213219 ], [ 361619.517900000326335, 2822962.589500000700355 ], [ 361873.589599999599159, 2822824.788599999621511 ], [ 362125.091199999675155, 2822684.467700000852346 ], [ 362180.10149999987334, 2822546.19679999910295 ], [ 362233.291799999773502, 2822497.186499999836087 ], [ 362304.362300000153482, 2822450.54619999974966 ], [ 362411.142900000326335, 2822400.98589999973774 ], [ 362599.744199999608099, 2822370.965600000694394 ], [ 362663.264600000344217, 2822337.145400000736117 ], [ 362850.505699999630451, 2822141.394200000911951 ], [ 362992.256599999964237, 2821999.6732 ], [ 363246.068199999630451, 2821517.630100000649691 ], [ 363362.178899999707937, 2821360.869100000709295 ], [ 363620.620500000193715, 2821133.777699999511242 ], [ 363724.451200000010431, 2821035.79700000025332 ], [ 363876.202200000174344, 2820868.465900000184774 ], [ 364005.38300000037998, 2820749.815199999138713 ], [ 364109.163599999621511, 2820646.73450000025332 ], [ 364121.315299999900162, 2820572.664300000295043 ], [ 364182.435700000263751, 2820556.724099999293685 ], [ 364228.175900000147521, 2820533.293999999761581 ], [ 364380.128200000151992, 2820552.740599999204278 ], [ 364578.158200000412762, 2820578.08420000039041 ], [ 364844.269799999892712, 2820664.554700000211596 ], [ 364945.48450000025332, 2820743.423499999567866 ], [ 364975.418200000189245, 2820774.220200000330806 ], [ 365061.584400000050664, 2820880.035900000482798 ], [ 365181.079900000244379, 2820894.1864 ], [ 365182.811999999918044, 2820870.106000000610948 ], [ 365172.041899999603629, 2820801.375600000843406 ], [ 365102.291500000283122, 2820697.55489999987185 ], [ 365116.909199999645352, 2820475.614499999210238 ], [ 365149.252600000239909, 2820336.211300000548363 ], [ 365182.641900000162423, 2820224.981899999082088 ], [ 365292.452600000426173, 2820234.031899999827147 ], [ 365430.873499999754131, 2820309.082399999722838 ], [ 365525.711900000460446, 2820347.107899999246001 ], [ 365619.139700000174344, 2820395.082900000736117 ], [ 365915.636599999852479, 2820296.362299999222159 ], [ 365996.797100000083447, 2820234.321900000795722 ], [ 366065.147499999962747, 2820167.301400000229478 ], [ 366038.777300000190735, 2820063.030799999833107 ], [ 366030.117200000211596, 2819940.730000000447035 ], [ 366039.682300000451505, 2819861.579500000923872 ], [ 366049.247299999929965, 2819782.428999999538064 ], [ 366081.517500000074506, 2819672.448300000280142 ], [ 366169.036999999545515, 2819595.7412 ], [ 366258.978600000031292, 2819527.7972999997437 ], [ 366430.799700000323355, 2819475.002000000327826 ], [ 366500.660099999979138, 2819436.026699999347329 ], [ 366581.020600000396371, 2819277.085699999704957 ], [ 366585.060600000433624, 2819146.994899999350309 ], [ 366551.430399999953806, 2819091.254499999806285 ], [ 366474.569899999536574, 2819053.804300000891089 ], [ 366410.808199999853969, 2819057.0241 ], [ 366364.307900000363588, 2818988.663699999451637 ], [ 366291.787399999797344, 2818858.097799999639392 ], [ 366219.266900000162423, 2818727.531999999657273 ], [ 366337.117700000293553, 2818471.310399999842048 ], [ 366297.817400000058115, 2818346.769600000232458 ], [ 366563.769100000150502, 2818101.747999999672174 ], [ 366576.339100000448525, 2818078.6678 ], [ 366683.462299999780953, 2817768.763599999248981 ], [ 366683.771999999880791, 2817754.237400000914931 ], [ 366687.209800000302494, 2817593.024800000712276 ], [ 366542.188799999654293, 2817334.443099999800324 ], [ 366451.072399999946356, 2817210.7434 ], [ 366407.987900000065565, 2817152.252000000327826 ], [ 366380.267699999734759, 2816882.25029999949038 ], [ 366528.638600000180304, 2816301.866599999368191 ], [ 366632.719200000166893, 2816234.486099999397993 ], [ 366661.7034, 2816073.596699999645352 ], [ 366658.849399999715388, 2815997.064600000157952 ], [ 366753.009999999776483, 2815965.484400000423193 ], [ 366806.520299999974668, 2815954.724300000816584 ], [ 366895.540900000371039, 2815918.094100000336766 ], [ 366907.860999999567866, 2815864.413799999281764 ], [ 367004.491600000299513, 2815822.603499999269843 ], [ 367133.252399999648333, 2815652.962400000542402 ], [ 367227.273000000044703, 2815603.5320999994874 ], [ 367234.20299999974668, 2815514.211500000208616 ], [ 367194.982699999585748, 2815399.880799999460578 ], [ 367204.082799999974668, 2815264.63990000076592 ], [ 367254.013100000098348, 2815128.969000000506639 ], [ 367229.356900000013411, 2815026.706900000572205 ], [ 367165.723699999973178, 2814943.748099999502301 ], [ 366949.842299999669194, 2814757.307 ], [ 366817.711400000378489, 2814671.729900000616908 ], [ 366759.991100000217557, 2814634.346200000494719 ], [ 366642.380400000140071, 2814607.526100000366569 ], [ 366569.986899999901652, 2814550.475299999117851 ], [ 366524.229600000195205, 2814514.415500000119209 ], [ 366474.9693, 2814420.584899999201298 ], [ 366521.599499999545515, 2814193.1535 ], [ 366710.830699999816716, 2813928.5318 ], [ 366794.331199999898672, 2813840.961200000718236 ], [ 366862.061599999666214, 2813697.450300000607967 ], [ 366877.671699999831617, 2813421.898499999195337 ], [ 366728.28940000012517, 2813252.617200000211596 ], [ 366575.438699999824166, 2813117.14670000039041 ], [ 366482.749099999666214, 2813186.337099999189377 ], [ 366332.116899999789894, 2813177.706800000742078 ], [ 366122.866899999789894, 2813179.897099999710917 ], [ 365893.964100000448525, 2813274.087500000372529 ], [ 365789.573400000110269, 2813303.227700000628829 ], [ 365672.092600000090897, 2813291.697599999606609 ], [ 365572.682000000029802, 2813305.487700000405312 ], [ 365447.871199999935925, 2813334.847899999469519 ], [ 365259.730000000447035, 2813420.958499999716878 ], [ 365133.080599999986589, 2813225.937599999830127 ], [ 365037.791799999773502, 2812980.227800000458956 ], [ 364935.88219999987632, 2812717.446000000461936 ], [ 364874.02240000013262, 2812421.114299999549985 ], [ 364858.846599999815226, 2812348.404100000858307 ], [ 364850.582000000402331, 2812308.826500000432134 ], [ 364823.388500000350177, 2812178.600999999791384 ], [ 364822.316999999806285, 2812046.019799999892712 ], [ 364875.337299999780953, 2811976.619400000199676 ], [ 364958.437800000421703, 2811840.598500000312924 ], [ 365110.350300000049174, 2811693.667899999767542 ], [ 365105.919499999843538, 2811638.972899999469519 ], [ 365085.801400000229478, 2811546.903000000864267 ], [ 364935.00760000012815, 2811471.106200000271201 ], [ 364694.496100000105798, 2811394.5757 ], [ 364456.434500000439584, 2811305.2652000002563 ], [ 364244.173100000247359, 2811251.3849 ], [ 364042.251799999736249, 2811212.694599999114871 ], [ 363964.815299999900162, 2811070.596400000154972 ], [ 363793.540199999697506, 2810756.301799999549985 ], [ 363683.609400000423193, 2810420.8597 ], [ 363523.928399999625981, 2810241.488600000739098 ], [ 363400.207499999552965, 2810092.337600000202656 ], [ 363316.79700000025332, 2810034.557299999520183 ], [ 363233.386400000192225, 2809976.776900000870228 ], [ 355402.106700000353158, 2814431.756400000303984 ], [ 354648.16469999961555, 2814921.569900000467896 ], [ 354476.260900000110269, 2815119.710899999365211 ], [ 354322.924499999731779, 2815229.186599999666214 ], [ 353867.399600000120699, 2815405.26799999922514 ], [ 353043.771800000220537, 2815642.124399999156594 ], [ 352721.262600000016391, 2815713.495100000873208 ], [ 352655.734699999913573, 2815719.7027000002563 ], [ 352552.278599999845028, 2815456.013299999758601 ], [ 352512.208300000056624, 2815237.1418999992311 ], [ 346241.921099999919534, 2816948.614199999719858 ], [ 343208.751000000163913, 2817663.245300000533462 ], [ 340419.071000000461936, 2818320.562100000679493 ], [ 340659.105999999679625, 2819858.888399999588728 ], [ 340696.537999999709427, 2820098.776699999347329 ], [ 340790.795199999585748, 2820734.834899999201298 ], [ 340603.023299999535084, 2820860.395199999213219 ], [ 340236.74100000038743, 2821007.016200000420213 ], [ 339980.239400000311434, 2821160.147199999541044 ], [ 339655.617300000041723, 2821408.32880000025034 ], [ 339551.456799999810755, 2822090.253100000321865 ], [ 339576.156999999657273, 2822301.634500000625849 ], [ 339565.106900000013411, 2822510.845799999311566 ], [ 339483.90639999974519, 2822567.79619999974966 ], [ 337001.090599999763072, 2822909.92879999987781 ], [ 336982.300599999725819, 2823420.111999999731779 ], [ 340363.412200000137091, 2823703.523199999704957 ], [ 340590.127799999900162, 2823664.925200000405312 ], [ 340796.894100000150502, 2826212.071100000292063 ], [ 340245.654199999757111, 2826134.288100000470877 ], [ 339819.088600000366569, 2826312.159900000318885 ], [ 337408.260400000028312, 2826232.016000000759959 ], [ 337177.985799999907613, 2829149.668299999088049 ], [ 336064.193900000303984, 2829095.05599999986589 ], [ 335589.784300000406802, 2829392.533099999651313 ], [ 335451.788900000043213, 2829017.79839999973774 ], [ 334338.582999999634922, 2829027.362600000575185 ], [ 333515.008500000461936, 2830475.720100000500679 ], [ 333596.834400000050664, 2830507.468299999833107 ], [ 333689.384999999776483, 2830590.643799999728799 ], [ 333743.975399999879301, 2830712.474600000306964 ], [ 333833.065999999642372, 2830997.136399999260902 ], [ 333954.746799999848008, 2831210.057700000703335 ], [ 334144.406000000424683, 2831413.705399999395013 ], [ 334343.549300000071526, 2831631.830299999564886 ], [ 334531.998200000263751, 2831740.144600000232458 ], [ 335036.278699999675155, 2831772.486099999397993 ], [ 335072.003899999894202, 2831772.111099999397993 ] ] ] ] } },
{ "type": "Feature", "properties": { "fid": 2, "ID": 269, "ENTIDAD": 19, "MUNICIPIO": 48, "SECCION": 2084, "TIPO": 4, "CONTROL": 377 }, "geometry": { "type": "MultiPolygon", "coordinates": [ [ [ [ 345185.974999999627471, 2838362.1009 ], [ 345412.626400000415742, 2838303.6305 ], [ 345578.067499999888241, 2838250.900100000202656 ], [ 345603.044999999925494, 2838246.010199999436736 ], [ 345853.239199999719858, 2838197.029699999839067 ], [ 346204.53139999974519, 2838088.809000000357628 ], [ 346920.11600000038743, 2837902.8377 ], [ 347197.587700000032783, 2837818.337099999189377 ], [ 347655.630599999800324, 2837658.005999999120831 ], [ 348043.902499999850988, 2837558.962899999693036 ], [ 348335.754999999888241, 2837505.55489999987185 ], [ 348542.609400000423193, 2837454.994000000879169 ], [ 348684.677199999801815, 2837420.304400000721216 ], [ 348801.387900000438094, 2837337.49379999935627 ], [ 348993.075600000098348, 2837266.3893 ], [ 349371.970700000412762, 2837084.053999999538064 ], [ 349513.312400000169873, 2837016.411699999123812 ], [ 349660.563299999572337, 2836923.071100000292063 ], [ 349764.843799999915063, 2836891.708499999716878 ], [ 349836.224499999545515, 2836870.24070000089705 ], [ 350013.188400000333786, 2836861.221799999475479 ], [ 350234.207000000402331, 2836855.8805 ], [ 350348.537700000219047, 2836793.4901 ], [ 350451.508399999700487, 2836746.514799999073148 ], [ 350559.210099999792874, 2836697.848899999633431 ], [ 350752.950299999676645, 2836628.619000000879169 ], [ 351206.068300000391901, 2836514.195699999108911 ], [ 351712.896399999968708, 2836366.137199999764562 ], [ 351873.577399999834597, 2836354.257099999114871 ], [ 352133.623300000093877, 2836339.1119 ], [ 352304.900200000032783, 2836359.947100000455976 ], [ 352501.971400000154972, 2836429.287499999627471 ], [ 352641.91469999961555, 2836498.679400000721216 ], [ 352850.523699999786913, 2836611.788599999621511 ], [ 352958.469200000166893, 2836719.654799999669194 ], [ 352986.894600000232458, 2836748.059399999678135 ], [ 353046.195000000298023, 2836821.38990000076592 ], [ 353143.765599999576807, 2836894.320299999788404 ], [ 353210.275999999605119, 2836914.020400000736117 ], [ 353244.985399999655783, 2836925.189500000327826 ], [ 353340.766900000162423, 2836956.010700000450015 ], [ 353429.207499999552965, 2837004.811000000685453 ], [ 353517.648000000044703, 2837053.611300000920892 ], [ 353576.068400000222027, 2837019.851099999621511 ], [ 353618.008600000292063, 2836843.459899999201298 ], [ 353670.106300000101328, 2836834.209100000560284 ], [ 353677.760099999606609, 2836832.849999999627471 ], [ 353737.512199999764562, 2836822.239900000393391 ], [ 353812.189899999648333, 2836903.0603 ], [ 353846.780100000090897, 2837076.091399999335408 ], [ 353933.00069999974221, 2837322.5329 ], [ 353956.260900000110269, 2837357.993100000545382 ], [ 354693.670599999837577, 2836793.717599999159575 ], [ 354862.529400000348687, 2836658.914300000295043 ], [ 355184.581399999558926, 2836401.812699999660254 ], [ 355450.68819999974221, 2836189.374299999326468 ], [ 356407.695700000040233, 2835317.8136 ], [ 356512.928100000135601, 2835221.977 ], [ 356565.544300000183284, 2835174.058700000867248 ], [ 356598.826299999840558, 2835143.748299999162555 ], [ 356984.407200000248849, 2834792.594100000336766 ], [ 357350.654000000096858, 2834459.047800000756979 ], [ 357766.271099999547005, 2834083.97859999909997 ], [ 357928.31969999987632, 2833937.73960000090301 ], [ 358741.700299999676645, 2833203.712899999693036 ], [ 358808.62540000025183, 2833158.0822 ], [ 359024.414599999785423, 2833010.953099999576807 ], [ 359488.115399999544024, 2832694.793400000780821 ], [ 359837.497600000351667, 2832520.10219999961555 ], [ 360370.24239999987185, 2832253.729699999094009 ], [ 360675.594100000336766, 2832151.945800000801682 ], [ 361659.504999999888241, 2831982.305800000205636 ], [ 362100.568500000052154, 2831880.521800000220537 ], [ 362711.271900000050664, 2831676.954 ], [ 363220.191300000064075, 2831575.17 ], [ 363729.110700000077486, 2831371.602099999785423 ], [ 364204.10219999961555, 2830998.394500000402331 ], [ 364441.597900000400841, 2830760.898700000718236 ], [ 364746.949500000104308, 2830421.619000000879169 ], [ 364984.445299999788404, 2830353.763000000268221 ], [ 365391.580799999646842, 2830319.83500000089407 ], [ 365652.036799999885261, 2830259.729699999094009 ], [ 365880.909099999815226, 2830208.125399999320507 ], [ 366199.926400000229478, 2830142.519600000232458 ], [ 366404.579900000244379, 2829937.866100000217557 ], [ 366548.53000000026077, 2829734.361500000581145 ], [ 366686.056099999696016, 2829556.432299999520183 ], [ 366745.066899999976158, 2829544.855699999257922 ], [ 366804.077800000086427, 2829533.279200000688434 ], [ 366853.160500000230968, 2829523.650399999693036 ], [ 367024.04590000025928, 2829489.239199999719858 ], [ 367049.934000000357628, 2829480.626299999654293 ], [ 367179.164800000376999, 2829416.4057 ], [ 367260.917899999767542, 2829317.218900000676513 ], [ 367354.970499999821186, 2829236.36739999987185 ], [ 367463.835099999792874, 2829079.601399999111891 ], [ 367475.872999999672174, 2829051.967599999159575 ], [ 367223.415599999949336, 2829096.104900000616908 ], [ 367098.197399999946356, 2829117.94649999961257 ], [ 367099.502799999900162, 2829035.778899999335408 ], [ 367050.589900000020862, 2829004.800699999555945 ], [ 366969.575400000438094, 2829017.363800000399351 ], [ 366755.93030000012368, 2829146.701199999079108 ], [ 366654.323699999600649, 2829189.424599999561906 ], [ 366527.14919999986887, 2829245.1985 ], [ 366445.607599999755621, 2829280.369400000199676 ], [ 366388.472299999557436, 2829231.320299999788404 ], [ 366367.052699999883771, 2829217.621099999174476 ], [ 366324.213600000366569, 2829190.222699999809265 ], [ 366208.268000000156462, 2829212.597300000488758 ], [ 366196.793200000189245, 2829214.811599999666214 ], [ 366143.231100000441074, 2829225.14780000038445 ], [ 366056.213600000366569, 2829241.939899999648333 ], [ 366323.606999999843538, 2828711.961899999529123 ], [ 366502.705900000408292, 2828598.059599999338388 ], [ 366860.530299999751151, 2828211.658700000494719 ], [ 366702.279299999587238, 2828208.218699999153614 ], [ 366272.32660000026226, 2828370.809800000861287 ], [ 366246.792000000365078, 2828386.270400000736117 ], [ 366066.635300000198185, 2828495.350600000470877 ], [ 366048.275200000032783, 2828434.350199999287724 ], [ 366103.645499999634922, 2828339.419600000604987 ], [ 366265.346499999985099, 2828141.388299999758601 ], [ 366310.869699999690056, 2828049.19789999909699 ], [ 366356.393000000156462, 2827957.007500000298023 ], [ 366411.691700000315905, 2827855.221899999305606 ], [ 366417.808100000023842, 2827843.443 ], [ 366436.157599999569356, 2827808.106200000271201 ], [ 366443.514299999922514, 2827796.686000000685453 ], [ 366489.077899999916553, 2827725.955700000748038 ], [ 366548.041100000031292, 2827704.345599999651313 ], [ 366607.623200000263751, 2827682.5088 ], [ 366682.449099999852479, 2827655.085200000554323 ], [ 366792.089800000190735, 2827643.745100000873208 ], [ 366903.063500000163913, 2827593.253200000151992 ], [ 367058.921500000171363, 2827505.814200000837445 ], [ 367115.902900000102818, 2827466.842700000852346 ], [ 367291.966099999845028, 2827360.918400000780821 ], [ 367333.476999999955297, 2827339.447300000116229 ], [ 367447.523900000378489, 2827279.902699999511242 ], [ 367608.801300000399351, 2827228.244799999520183 ], [ 367694.415400000289083, 2827200.822200000286102 ], [ 367748.065799999982119, 2827207.912200000137091 ], [ 367757.035799999721348, 2827368.463199999183416 ], [ 367648.305200000293553, 2827492.004000000655651 ], [ 367717.138299999758601, 2827606.740000000223517 ], [ 367858.366499999538064, 2827589.254599999636412 ], [ 367942.387000000104308, 2827565.4244 ], [ 368077.857900000177324, 2827592.05460000038147 ], [ 368336.649500000290573, 2827719.395400000736117 ], [ 368332.352300000376999, 2827765.638499999418855 ], [ 368315.53940000012517, 2827946.566800000146031 ], [ 368314.799499999731779, 2828168.418199999257922 ], [ 368335.74959999974817, 2828234.49860000051558 ], [ 368378.969899999909103, 2828213.638499999418855 ], [ 368541.960900000296533, 2828173.688200000673532 ], [ 368743.451999999582767, 2828051.693199999630451 ], [ 368828.250199999660254, 2828008.424799999222159 ], [ 368933.183299999684095, 2827955.4068 ], [ 368954.785400000400841, 2827937.667500000447035 ], [ 369022.832899999804795, 2827881.787900000810623 ], [ 369103.024400000460446, 2827815.935900000855327 ], [ 369236.645200000144541, 2827615.644600000232458 ], [ 369316.112700000405312, 2827544.926300000399351 ], [ 369390.318300000391901, 2827478.89049999974668 ], [ 369497.596800000406802, 2827383.423100000247359 ], [ 369542.777099999599159, 2827291.152499999850988 ], [ 369407.22620000038296, 2827254.322300000116229 ], [ 369193.213999999687076, 2827250.840199999511242 ], [ 369140.032300000078976, 2827256.521999999880791 ], [ 369001.593700000084937, 2827271.312400000169873 ], [ 368815.382500000298023, 2827280.912499999627471 ], [ 368806.228199999779463, 2827274.41440000012517 ], [ 368791.827200000174344, 2827264.1919 ], [ 368712.711799999698997, 2827208.0320999994874 ], [ 368868.412800000049174, 2826900.4101 ], [ 368482.520299999974668, 2826833.049699999392033 ], [ 368514.9205, 2826738.359099999070168 ], [ 368591.340800000354648, 2826582.29700000025332 ], [ 368606.033300000242889, 2826542.434800000861287 ], [ 368660.831799999810755, 2826389.918099999427795 ], [ 368695.208800000138581, 2826267.058599999174476 ], [ 369160.768500000238419, 2825977.004799999296665 ], [ 369325.422899999655783, 2826000.7928 ], [ 369548.897900000214577, 2825999.595799999311566 ], [ 369526.9068, 2825661.912200000137091 ], [ 369555.885800000280142, 2825650.720200000330806 ], [ 369888.893699999898672, 2825522.1097999997437 ], [ 370039.738699999637902, 2825475.958399999886751 ], [ 370151.130599999800324, 2825226.999299999326468 ], [ 370137.040500000119209, 2825063.9583 ], [ 370132.700400000438094, 2825018.862999999895692 ], [ 370114.730299999937415, 2824832.146800000220537 ], [ 370126.780399999581277, 2824745.32630000077188 ], [ 370235.591099999845028, 2824631.985600000247359 ], [ 370300.871500000357628, 2824501.254699999466538 ], [ 370437.082299999892712, 2824306.043500000610948 ], [ 370511.6727, 2824065.571900000795722 ], [ 370547.143500000238419, 2823856.207800000905991 ], [ 370550.622999999672174, 2823835.670499999076128 ], [ 370522.734600000083447, 2823652.986700000241399 ], [ 370507.482699999585748, 2823553.078700000420213 ], [ 370463.232400000095367, 2823446.437999999150634 ], [ 370385.341799999587238, 2823284.057 ], [ 370399.071899999864399, 2823090.125800000503659 ], [ 370533.042700000107288, 2822933.174799999222159 ], [ 370630.273299999535084, 2822965.30489999987185 ], [ 371503.46889999974519, 2823328.477099999785423 ], [ 371518.279000000096858, 2823267.116699999198318 ], [ 371593.53940000012517, 2823108.2357 ], [ 371630.079599999822676, 2822896.214400000870228 ], [ 371629.439600000157952, 2822817.173900000751019 ], [ 371781.407399999909103, 2822553.595300000160933 ], [ 371871.441100000403821, 2822452.5515 ], [ 371939.202899999916553, 2822413.575300000607967 ], [ 372092.66579999960959, 2822325.304400000721216 ], [ 372288.247000000439584, 2822213.60359999909997 ], [ 372491.618300000205636, 2822117.132999999448657 ], [ 372507.232900000177324, 2822104.653100000694394 ], [ 372620.929100000299513, 2822013.782299999147654 ], [ 372640.594499999657273, 2821908.440700000151992 ], [ 372660.039300000295043, 2821804.280999999493361 ], [ 372700.689500000327826, 2821469.818800000473857 ], [ 372771.139899999834597, 2821346.688100000843406 ], [ 372944.921000000089407, 2821064.376199999824166 ], [ 372962.496600000187755, 2821040.257200000807643 ], [ 373119.052099999971688, 2820825.41469999961555 ], [ 373186.840499999932945, 2820768.907400000840425 ], [ 373286.343100000172853, 2820685.9638 ], [ 373376.364699999801815, 2820636.540899999439716 ], [ 373494.66440000012517, 2820571.593000000342727 ], [ 373559.456000000238419, 2820217.3004 ], [ 373580.164900000207126, 2820104.060100000351667 ], [ 373611.184999999590218, 2819841.098400000482798 ], [ 373610.044999999925494, 2819700.867499999701977 ], [ 373690.535500000230968, 2819557.226600000634789 ], [ 373766.728199999779463, 2819498.974199999123812 ], [ 373871.694899999536574, 2819455.157299999147654 ], [ 373944.053000000305474, 2819372.210100000724196 ], [ 374009.270299999974668, 2819313.514499999582767 ], [ 374111.794999999925494, 2819261.207399999722838 ], [ 374192.571399999782443, 2819205.120899999514222 ], [ 374148.828300000168383, 2819116.393699999898672 ], [ 374175.568500000052154, 2818952.922700000926852 ], [ 374238.758899999782443, 2818878.31220000050962 ], [ 374320.989400000311434, 2818635.210699999704957 ], [ 374307.099299999885261, 2818497.659800000488758 ], [ 374443.29009999986738, 2818299.888499999418855 ], [ 374576.180900000035763, 2818010.366699999198318 ], [ 374516.010499999858439, 2817829.945499999448657 ], [ 374475.400200000032783, 2817544.773700000718236 ], [ 374330.489299999549985, 2817612.594200000166893 ], [ 374158.338200000114739, 2817469.043299999088049 ], [ 373928.426699999719858, 2817440.843100000172853 ], [ 373800.025899999774992, 2817342.742499999701977 ], [ 373587.374499999918044, 2817240.421900000423193 ], [ 373524.944099999964237, 2817095.721000000834465 ], [ 373523.884100000374019, 2816965.690199999138713 ], [ 373468.333700000308454, 2816726.578700000420213 ], [ 373397.943300000391901, 2816543.717499999329448 ], [ 373427.973399999551475, 2816472.007099999114871 ], [ 373539.504099999554455, 2816379.036399999633431 ], [ 373527.833999999798834, 2816200.665300000458956 ], [ 373554.384200000204146, 2816014.244100000709295 ], [ 373753.065399999730289, 2815968.823799999430776 ], [ 373990.376899999566376, 2815966.343800000846386 ], [ 374183.558100000023842, 2815872.523199999704957 ], [ 374368.399299999698997, 2815694.652000000700355 ], [ 374478.889899999834597, 2815474.2006 ], [ 374606.270700000226498, 2815136.278400000184774 ], [ 374691.82120000012219, 2814987.487500000745058 ], [ 374853.942200000397861, 2814840.44649999961257 ], [ 375188.294300000183284, 2814533.514499999582767 ], [ 375289.244900000281632, 2814394.763599999248981 ], [ 375303.554999999701977, 2814272.212799999862909 ], [ 375160.574099999852479, 2814263.502800000831485 ], [ 375068.893500000238419, 2814287.41300000064075 ], [ 374954.442800000309944, 2814334.513299999758601 ], [ 374979.232900000177324, 2814245.002699999138713 ], [ 375120.709099999628961, 2814123.778200000524521 ], [ 375235.56319999974221, 2814000.185200000181794 ], [ 375334.025100000202656, 2813821.333000000566244 ], [ 375225.257799999788404, 2813889.312699999660254 ], [ 375007.723000000230968, 2813902.908600000664592 ], [ 374858.167899999767542, 2813848.524900000542402 ], [ 374545.46169999986887, 2813753.353499999269843 ], [ 374083.200400000438094, 2813821.333200000226498 ], [ 373471.38399999961257, 2813902.908800000324845 ], [ 373226.657399999909103, 2813875.717000000178814 ], [ 372927.547199999913573, 2813753.353800000622869 ], [ 372805.183899999596179, 2813753.353800000622869 ], [ 372642.032800000160933, 2813739.75789999961853 ], [ 372356.518500000238419, 2813644.586500000208616 ], [ 372111.791899999603629, 2813467.839500000700355 ], [ 371812.681599999777973, 2813263.900699999183416 ], [ 371518.098399999551475, 2813148.37360000051558 ], [ 371301.152099999599159, 2813595.810399999842048 ], [ 371198.539900000207126, 2813807.440899999812245 ], [ 371119.289800000376999, 2813970.888699999079108 ], [ 370602.644799999892712, 2813712.566299999132752 ], [ 370493.877299999818206, 2813019.1743 ], [ 370371.504700000397861, 2812529.721599999815226 ], [ 370072.403599999845028, 2812067.459899999201298 ], [ 369862.220300000160933, 2811707.75730000063777 ], [ 369715.608500000089407, 2811566.486099999397993 ], [ 369576.908499999903142, 2811458.295700000599027 ], [ 369407.876500000245869, 2811383.564999999478459 ], [ 369360.731200000271201, 2811391.705 ], [ 369313.585900000296533, 2811399.845100000500679 ], [ 369220.688299999572337, 2811468.01659999974072 ], [ 368978.743700000457466, 2811645.58669999986887 ], [ 368788.152499999850988, 2811744.477299999445677 ], [ 368465.310399999842048, 2811898.29839999973774 ], [ 368390.049999999813735, 2812057.179400000721216 ], [ 368135.518400000408292, 2812138.88990000076592 ], [ 367884.937800000421703, 2812080.309900000691414 ], [ 367682.415500000119209, 2812278.770899999886751 ], [ 367486.614199999719858, 2812364.961500000208616 ], [ 367373.063500000163913, 2812521.692500000819564 ], [ 366575.438699999824166, 2813117.14670000039041 ], [ 366728.28940000012517, 2813252.617200000211596 ], [ 366877.671699999831617, 2813421.898499999195337 ], [ 366862.061599999666214, 2813697.450300000607967 ], [ 366794.331199999898672, 2813840.961200000718236 ], [ 366710.830699999816716, 2813928.5318 ], [ 366521.599499999545515, 2814193.1535 ], [ 366474.9693, 2814420.584899999201298 ], [ 366524.229600000195205, 2814514.415500000119209 ], [ 366569.986899999901652, 2814550.475299999117851 ], [ 366642.380400000140071, 2814607.526100000366569 ], [ 366759.991100000217557, 2814634.346200000494719 ], [ 366817.711400000378489, 2814671.729900000616908 ], [ 366949.842299999669194, 2814757.307 ], [ 367165.723699999973178, 2814943.748099999502301 ], [ 367229.356900000013411, 2815026.706900000572205 ], [ 367254.013100000098348, 2815128.969000000506639 ], [ 367204.082799999974668, 2815264.63990000076592 ], [ 367194.982699999585748, 2815399.880799999460578 ], [ 367234.20299999974668, 2815514.211500000208616 ], [ 367227.273000000044703, 2815603.5320999994874 ], [ 367133.252399999648333, 2815652.962400000542402 ], [ 367004.491600000299513, 2815822.603499999269843 ], [ 366907.860999999567866, 2815864.413799999281764 ], [ 366895.540900000371039, 2815918.094100000336766 ], [ 366806.520299999974668, 2815954.724300000816584 ], [ 366753.009999999776483, 2815965.484400000423193 ], [ 366658.849399999715388, 2815997.064600000157952 ], [ 366661.7034, 2816073.596699999645352 ], [ 366632.719200000166893, 2816234.486099999397993 ], [ 366528.638600000180304, 2816301.866599999368191 ], [ 366380.267699999734759, 2816882.25029999949038 ], [ 366407.987900000065565, 2817152.252000000327826 ], [ 366451.072399999946356, 2817210.7434 ], [ 366542.188799999654293, 2817334.443099999800324 ], [ 366687.209800000302494, 2817593.024800000712276 ], [ 366683.771999999880791, 2817754.237400000914931 ], [ 366683.462299999780953, 2817768.763599999248981 ], [ 366576.339100000448525, 2818078.6678 ], [ 366563.769100000150502, 2818101.747999999672174 ], [ 366297.817400000058115, 2818346.769600000232458 ], [ 366337.117700000293553, 2818471.310399999842048 ], [ 366219.266900000162423, 2818727.531999999657273 ], [ 366291.787399999797344, 2818858.097799999639392 ], [ 366364.307900000363588, 2818988.663699999451637 ], [ 366410.808199999853969, 2819057.0241 ], [ 366474.569899999536574, 2819053.804300000891089 ], [ 366551.430399999953806, 2819091.254499999806285 ], [ 366585.060600000433624, 2819146.994899999350309 ], [ 366581.020600000396371, 2819277.085699999704957 ], [ 366500.660099999979138, 2819436.026699999347329 ], [ 366430.799700000323355, 2819475.002000000327826 ], [ 366258.978600000031292, 2819527.7972999997437 ], [ 366169.036999999545515, 2819595.7412 ], [ 366081.517500000074506, 2819672.448300000280142 ], [ 366049.247299999929965, 2819782.428999999538064 ], [ 366039.682300000451505, 2819861.579500000923872 ], [ 366030.117200000211596, 2819940.730000000447035 ], [ 366038.777300000190735, 2820063.030799999833107 ], [ 366065.147499999962747, 2820167.301400000229478 ], [ 365996.797100000083447, 2820234.321900000795722 ], [ 365915.636599999852479, 2820296.362299999222159 ], [ 365619.139700000174344, 2820395.082900000736117 ], [ 365525.711900000460446, 2820347.107899999246001 ], [ 365430.873499999754131, 2820309.082399999722838 ], [ 365292.452600000426173, 2820234.031899999827147 ], [ 365182.641900000162423, 2820224.981899999082088 ], [ 365149.252600000239909, 2820336.211300000548363 ], [ 365116.909199999645352, 2820475.614499999210238 ], [ 365102.291500000283122, 2820697.55489999987185 ], [ 365172.041899999603629, 2820801.375600000843406 ], [ 365182.811999999918044, 2820870.106000000610948 ], [ 365181.079900000244379, 2820894.1864 ], [ 365061.584400000050664, 2820880.035900000482798 ], [ 364975.418200000189245, 2820774.220200000330806 ], [ 364945.48450000025332, 2820743.423499999567866 ], [ 364844.269799999892712, 2820664.554700000211596 ], [ 364578.158200000412762, 2820578.08420000039041 ], [ 364380.128200000151992, 2820552.740599999204278 ], [ 364228.175900000147521, 2820533.293999999761581 ], [ 364182.435700000263751, 2820556.724099999293685 ], [ 364121.315299999900162, 2820572.664300000295043 ], [ 364109.163599999621511, 2820646.73450000025332 ], [ 364005.38300000037998, 2820749.815199999138713 ], [ 363876.202200000174344, 2820868.465900000184774 ], [ 363724.451200000010431, 2821035.79700000025332 ], [ 363620.620500000193715, 2821133.777699999511242 ], [ 363362.178899999707937, 2821360.869100000709295 ], [ 363246.068199999630451, 2821517.630100000649691 ], [ 362992.256599999964237, 2821999.6732 ], [ 362850.505699999630451, 2822141.394200000911951 ], [ 362663.264600000344217, 2822337.145400000736117 ], [ 362599.744199999608099, 2822370.965600000694394 ], [ 362411.142900000326335, 2822400.98589999973774 ], [ 362304.362300000153482, 2822450.54619999974966 ], [ 362233.291799999773502, 2822497.186499999836087 ], [ 362180.10149999987334, 2822546.19679999910295 ], [ 362125.091199999675155, 2822684.467700000852346 ], [ 361873.589599999599159, 2822824.788599999621511 ], [ 361619.517900000326335, 2822962.589500000700355 ], [ 361554.007500000298023, 2823065.270199999213219 ], [ 361537.267400000244379, 2823203.141100000590086 ], [ 361455.007000000216067, 2823441.152599999681115 ], [ 361261.065700000151992, 2823443.17259999923408 ], [ 361252.066999999806285, 2823574.097799999639392 ], [ 361192.395299999974668, 2823783.034800000488758 ], [ 361025.434299999848008, 2823963.276000000536442 ], [ 360755.952600000426173, 2824088.4868 ], [ 360587.541500000283122, 2824090.246799999848008 ], [ 360439.490500000305474, 2824086.69679999910295 ], [ 360347.689899999648333, 2824095.306900000199676 ], [ 360281.309500000439584, 2824090.8969 ], [ 360174.338800000026822, 2824117.517100000753999 ], [ 360075.488199999555945, 2824200.147600000724196 ], [ 359928.717299999669194, 2824352.128599999472499 ], [ 359854.556800000369549, 2824332.498500000685453 ], [ 359754.656200000084937, 2824287.648199999704957 ], [ 359660.075500000268221, 2824268.238099999725819 ], [ 359595.765100000426173, 2824205.157700000330806 ], [ 359574.054999999701977, 2824047.286699999123812 ], [ 359494.014399999752641, 2823933.376000000163913 ], [ 359368.453599999658763, 2823870.945599999278784 ], [ 359261.412899999879301, 2823887.365800000727177 ], [ 359131.872100000269711, 2823962.666200000792742 ], [ 359061.900500000454485, 2824088.864499999210238 ], [ 358842.182199999690056, 2824141.11089999973774 ], [ 357854.082700000144541, 2824612.328199999406934 ], [ 357443.140599999576807, 2824865.030099999159575 ], [ 357272.130300000309944, 2824976.573000000789762 ], [ 356760.371700000017881, 2825420.759700000286102 ], [ 356479.125300000421703, 2825680.987500000745058 ], [ 356341.739099999889731, 2825752.624399999156594 ], [ 356170.499900000169873, 2825841.91300000064075 ], [ 356064.912700000219047, 2825896.969000000506639 ], [ 355832.607499999925494, 2826002.1151 ], [ 355689.712799999862909, 2826066.792199999094009 ], [ 355451.578900000080466, 2826165.751499999314547 ], [ 355269.097699999809265, 2826257.171399999409914 ], [ 355110.486700000241399, 2826365.92710000090301 ], [ 354697.863699999637902, 2826660.004200000315905 ], [ 354596.826200000010431, 2826729.39780000038445 ], [ 354459.653900000266731, 2826815.696699999272823 ], [ 354290.69649999961257, 2826927.320900000631809 ], [ 354167.143199999816716, 2827025.764000000432134 ], [ 354105.366600000299513, 2827074.985500000417233 ], [ 353985.676699999719858, 2827166.464600000530481 ], [ 353843.416400000452995, 2827270.267699999734759 ], [ 353749.318099999800324, 2827338.92850000038743 ], [ 353588.696299999952316, 2827380.814300000667572 ], [ 353485.139600000344217, 2827399.5175 ], [ 353267.745000000111759, 2827430.659099999815226 ], [ 353163.539300000295043, 2827482.7445 ], [ 352946.292999999597669, 2827598.485200000926852 ], [ 352833.252299999818206, 2827662.140599999576807 ], [ 352277.75870000012219, 2827764.841399999335408 ], [ 352097.204900000244379, 2827845.490599999204278 ], [ 351741.772199999541044, 2828004.254000000655651 ], [ 351339.332799999974668, 2828162.244000000879169 ], [ 350986.620500000193715, 2828408.175699999555945 ], [ 350842.979199999943376, 2828465.362700000405312 ], [ 350864.842199999839067, 2828550.079299999400973 ], [ 350887.490000000223517, 2828768.747999999672174 ], [ 350799.599399999715388, 2828943.059100000187755 ], [ 350743.529099999926984, 2829108.120100000873208 ], [ 350702.658900000154972, 2829260.261099999770522 ], [ 350718.889000000432134, 2829372.291799999773502 ], [ 350760.384300000034273, 2829453.457299999892712 ], [ 350801.879499999806285, 2829534.6228 ], [ 350843.439799999818206, 2829623.433399999514222 ], [ 350893.740100000053644, 2829689.20380000025034 ], [ 350978.2818, 2829782.150499999523163 ], [ 351100.88150000013411, 2829898.685100000351667 ], [ 351124.201700000092387, 2829941.795299999415874 ], [ 351203.772199999541044, 2829997.055700000375509 ], [ 351250.912499999627471, 2830144.456599999219179 ], [ 351178.971900000236928, 2830168.634700000286102 ], [ 351062.241200000047684, 2830207.86600000038743 ], [ 350945.510599999688566, 2830247.097300000488758 ], [ 350682.648900000378489, 2830558.3893 ], [ 350303.086500000208616, 2830641.399900000542402 ], [ 350221.919499999843538, 2830636.063400000333786 ], [ 350115.795099999755621, 2830629.086100000888109 ], [ 350008.080199999734759, 2830622.004200000315905 ], [ 349783.928100000135601, 2830607.2668999992311 ], [ 349565.261800000444055, 2830603.219799999147654 ], [ 349434.510900000110269, 2830530.6393 ], [ 349160.759100000374019, 2830133.156899999827147 ], [ 349023.258200000040233, 2830170.2971 ], [ 348874.867300000041723, 2830437.038799999281764 ], [ 348600.425599999725819, 2830580.149800000712276 ], [ 348478.064799999818206, 2830596.729900000616908 ], [ 348231.642099999822676, 2830702.962999999523163 ], [ 348063.552199999801815, 2830774.461100000888109 ], [ 347872.216500000096858, 2830823.100299999117851 ], [ 347770.68030000012368, 2830848.911599999293685 ], [ 347671.869599999859929, 2830830.229599999263883 ], [ 347604.549300000071526, 2830817.50139999948442 ], [ 347458.578300000168383, 2830755.281099999323487 ], [ 347369.477800000458956, 2830781.711300000548363 ], [ 347352.367700000293553, 2830873.686799999326468 ], [ 347065.465300000272691, 2831025.283600000664592 ], [ 346946.197599999606609, 2831088.303600000217557 ], [ 346727.733900000341237, 2831203.737999999895692 ], [ 346369.051500000059605, 2831399.045299999415874 ], [ 346207.540400000289083, 2831308.934800000861287 ], [ 346018.799200000241399, 2831321.114900000393391 ], [ 345885.978400000371039, 2831307.204800000414252 ], [ 345756.257500000298023, 2831359.55519999936223 ], [ 345515.595999999903142, 2831576.26659999974072 ], [ 345339.77489999961108, 2831608.69679999910295 ], [ 345140.213600000366569, 2831547.036499999463558 ], [ 344992.042700000107288, 2831528.1864 ], [ 344887.361999999731779, 2831521.636299999430776 ], [ 344795.691399999894202, 2831545.536499999463558 ], [ 344524.759700000286102, 2831494.826199999079108 ], [ 344392.258799999952316, 2831519.156400000676513 ], [ 344326.609199999831617, 2831552.7774 ], [ 344168.371199999935925, 2831603.097100000828505 ], [ 344150.12430000025779, 2831627.801000000908971 ], [ 344066.966799999587238, 2831685.747500000521541 ], [ 343942.645999999716878, 2831618.202099999412894 ], [ 343751.518600000068545, 2831495.25650000013411 ], [ 343498.446899999864399, 2831130.704199999570847 ], [ 343487.466799999587238, 2831036.473600000143051 ], [ 343402.706799999810755, 2830819.977 ], [ 343334.005800000391901, 2830682.366399999707937 ], [ 343276.985399999655783, 2830574.590700000524521 ], [ 343163.269500000402331, 2830426.195299999788404 ], [ 342863.36780000012368, 2830082.947699999436736 ], [ 342770.442200000397861, 2829953.871899999678135 ], [ 342670.947599999606609, 2829800.6458 ], [ 342585.210900000296533, 2829615.394799999892712 ], [ 342565.520800000056624, 2829548.02930000051856 ], [ 342611.72690000012517, 2829337.049900000914931 ], [ 342597.736999999731779, 2829273.572499999776483 ], [ 342477.636199999600649, 2829254.432399999350309 ], [ 341820.772099999710917, 2829442.343699999153614 ], [ 341801.601999999955297, 2829595.534700000658631 ], [ 341871.192400000058115, 2829678.955199999734759 ], [ 341956.292999999597669, 2829787.715900000184774 ], [ 342023.343399999663234, 2829873.706399999558926 ], [ 342221.024699999950826, 2830016.987299999222159 ], [ 342364.545699999667704, 2830091.987700000405312 ], [ 342419.196000000461936, 2830221.468499999493361 ], [ 342391.685899999924004, 2830290.598999999463558 ], [ 342307.455299999564886, 2830288.928999999538064 ], [ 342113.884100000374019, 2830334.2993 ], [ 342032.603600000031292, 2830381.049599999561906 ], [ 341936.553000000305474, 2830494.25029999949038 ], [ 341858.242499999701977, 2830591.971000000834465 ], [ 341799.732099999673665, 2830615.531099999323487 ], [ 341697.661500000394881, 2830616.591099999845028 ], [ 341521.550400000065565, 2830613.3311 ], [ 341414.779699999839067, 2830662.901499999687076 ], [ 341358.679299999959767, 2830668.581499999389052 ], [ 341279.558799999766052, 2830666.861500000581145 ], [ 341065.017400000244379, 2830646.151399999856949 ], [ 341142.207899999804795, 2830410.749900000169873 ], [ 341113.057699999772012, 2830278.459100000560284 ], [ 341025.757100000046194, 2830213.078700000420213 ], [ 340941.626600000075996, 2830224.158800000324845 ], [ 340816.965800000354648, 2830271.359099999070168 ], [ 340675.574900000356138, 2830456.430299999192357 ], [ 340541.994099999777973, 2830661.821599999442697 ], [ 340448.163499999791384, 2830734.202099999412894 ], [ 340297.712600000202656, 2830748.522199999541044 ], [ 340131.231499999761581, 2830673.761800000444055 ], [ 340078.309799999929965, 2830649.121300000697374 ], [ 339954.470300000160933, 2830591.461300000548363 ], [ 339887.582799999974668, 2830706.216399999335408 ], [ 339851.28969999961555, 2830768.4824 ], [ 339773.109299999661744, 2831195.145099999383092 ], [ 339705.648900000378489, 2831371.79619999974966 ], [ 339729.218999999575317, 2831445.4967 ], [ 339667.114599999971688, 2831528.597899999469519 ], [ 339456.721599999815226, 2831514.637299999594688 ], [ 339385.651100000366569, 2831561.277599999681115 ], [ 339209.561300000175834, 2831573.962899999693036 ], [ 339136.354899999685585, 2831579.236500000581145 ], [ 338919.878999999724329, 2831594.831199999898672 ], [ 338806.647499999962747, 2831909.021299999207258 ], [ 338767.2972999997437, 2832090.4825 ], [ 338748.657200000248849, 2832307.423900000751019 ], [ 338759.364000000059605, 2832351.616100000217557 ], [ 338804.117600000463426, 2832536.33530000038445 ], [ 338817.897699999623001, 2832661.136099999770522 ], [ 338856.781000000424683, 2832836.613800000399351 ], [ 338907.658300000242889, 2833027.388399999588728 ], [ 338941.848799999803305, 2833151.979900000616908 ], [ 338976.038800000213087, 2833276.570000000298023 ], [ 338982.268799999728799, 2833414.200799999758601 ], [ 338929.438500000163913, 2833506.551400000229478 ], [ 338871.308199999853969, 2833576.001900000497699 ], [ 338790.927699999883771, 2833732.392899999395013 ], [ 338587.676400000229478, 2833844.163599999621511 ], [ 338456.385599999688566, 2834016.37470000050962 ], [ 338358.59499999973923, 2834229.0461 ], [ 338359.22510000038892, 2834305.536599999293685 ], [ 338371.776999999769032, 2834358.312300000339746 ], [ 338384.330199999734759, 2834411.097200000658631 ], [ 338409.435399999842048, 2834516.6579 ], [ 338528.906200000084937, 2834770.39949999935925 ], [ 338572.75650000013411, 2834828.589800000190735 ], [ 338602.376699999906123, 2835016.971000000834465 ], [ 338654.597099999897182, 2835161.7719 ], [ 338691.987300000153482, 2835365.383199999108911 ], [ 338687.507299999706447, 2835441.92369999922812 ], [ 338675.977300000376999, 2835592.4847 ], [ 338675.097299999557436, 2835796.495899999514222 ], [ 338711.46750000026077, 2835875.156400000676513 ], [ 338761.012199999764562, 2835991.531600000336766 ], [ 338824.802299999631941, 2836141.367900000885129 ], [ 338851.968500000424683, 2836205.17850000038743 ], [ 338922.153500000014901, 2836300.466900000348687 ], [ 339086.830000000074506, 2836526.570499999448657 ], [ 339134.575299999676645, 2836592.370899999514222 ], [ 339186.551500000059605, 2836666.723400000482798 ], [ 339233.599600000306964, 2836685.68129999935627 ], [ 339297.454699999652803, 2836700.292600000277162 ], [ 339359.520600000396371, 2836709.040100000798702 ], [ 339449.522099999710917, 2836721.724600000306964 ], [ 339567.399600000120699, 2836738.337999999523163 ], [ 339676.402099999599159, 2836753.7006 ], [ 339824.717000000178814, 2836774.603700000792742 ], [ 340005.970900000073016, 2836800.14919999986887 ], [ 340148.669200000353158, 2836820.260700000450015 ], [ 340291.367600000463426, 2836840.372300000861287 ], [ 340439.038599999621511, 2836798.031999999657273 ], [ 340668.570000000298023, 2836780.331800000742078 ], [ 340781.130699999630451, 2836814.852 ], [ 340834.297500000335276, 2836825.530500000342727 ], [ 341300.033999999985099, 2836919.072599999606609 ], [ 341364.953300000168383, 2836902.895700000226498 ], [ 341631.116100000217557, 2836836.572000000625849 ], [ 341780.257000000216067, 2836818.436899999156594 ], [ 341929.397900000214577, 2836800.301799999549985 ], [ 342051.928700000047684, 2836804.121799999848008 ], [ 342189.819600000046194, 2836815.431800000369549 ], [ 342282.565100000239909, 2836766.011499999091029 ], [ 342375.310700000263751, 2836716.591199999675155 ], [ 342465.83629999961704, 2836707.996099999174476 ], [ 342556.361899999901652, 2836699.401000000536442 ], [ 342767.753200000151992, 2836648.74070000089705 ], [ 342845.623700000345707, 2836653.029200000688434 ], [ 343088.135400000028312, 2837754.617599999532104 ], [ 343193.866100000217557, 2837888.658299999311566 ], [ 343252.082700000144541, 2837887.679500000551343 ], [ 343310.299399999901652, 2837886.700799999758601 ], [ 343556.324500000104308, 2837897.618200000375509 ], [ 343913.726800000295043, 2837914.278200000524521 ], [ 344380.599799999967217, 2837896.658099999651313 ], [ 344622.681300000287592, 2837853.3277000002563 ], [ 344798.602400000207126, 2837833.637599999085069 ], [ 344896.693099999800324, 2837970.308399999514222 ], [ 344977.233599999919534, 2838145.409499999135733 ], [ 345102.09389999974519, 2838402.500099999830127 ], [ 345185.974999999627471, 2838362.1009 ] ] ] ] } },
{ "type": "Feature", "properties": { "fid": 3, "ID": 986, "ENTIDAD": 19, "MUNICIPIO": 48, "SECCION": 2078, "TIPO": 2, "CONTROL": 1352 }, "geometry": { "type": "MultiPolygon", "coordinates": [ [ [ [ 353958.446100000292063, 2838932.05210000090301 ], [ 353999.914200000464916, 2838813.515900000929832 ], [ 354014.137500000186265, 2838772.85869999974966 ], [ 354046.853400000371039, 2838783.643400000408292 ], [ 354081.31940000038594, 2838680.209000000730157 ], [ 354043.477699999697506, 2838662.954900000244379 ], [ 353986.173000000417233, 2838634.824500000104308 ], [ 353948.146999999880791, 2838616.2018 ], [ 353899.293899999931455, 2838592.242799999192357 ], [ 353855.309899999760091, 2838527.896500000730157 ], [ 353820.797100000083447, 2838513.789799999445677 ], [ 353788.639399999752641, 2838543.413100000470877 ], [ 353765.361999999731779, 2838564.99860000051558 ], [ 353740.007799999788404, 2838589.309499999508262 ], [ 353712.26630000025034, 2838615.186499999836087 ], [ 353687.831000000238419, 2838637.80519999936223 ], [ 353663.600300000049174, 2838660.235500000417233 ], [ 353687.019000000320375, 2838714.218800000846386 ], [ 353689.542000000365078, 2838722.231100000441074 ], [ 353692.197800000198185, 2838730.957100000232458 ], [ 353697.662299999967217, 2838730.64780000038445 ], [ 353736.556200000457466, 2838728.3925 ], [ 353810.714399999938905, 2838724.417600000277162 ], [ 353780.102099999785423, 2838779.104900000616908 ], [ 353764.798100000247359, 2838806.584499999880791 ], [ 353753.137000000104308, 2838827.559900000691414 ], [ 353738.89919999986887, 2838853.144500000402331 ], [ 353719.4523, 2838886.412900000810623 ], [ 353702.661500000394881, 2838914.737500000745058 ], [ 353689.035500000230968, 2838937.723300000652671 ], [ 353756.509300000034273, 2838943.545499999076128 ], [ 353761.294099999591708, 2838943.958399999886751 ], [ 353809.203099999576807, 2838947.220100000500679 ], [ 353858.508899999782443, 2838950.576899999752641 ], [ 353909.778199999593198, 2838954.067299999296665 ], [ 353956.869800000451505, 2838957.273299999535084 ], [ 353958.446100000292063, 2838932.05210000090301 ] ] ] ] } },
{ "type": "Feature", "properties": { "fid": 4, "ID": 984, "ENTIDAD": 19, "MUNICIPIO": 48, "SECCION": 2076, "TIPO": 2, "CONTROL": 1349 }, "geometry": { "type": "MultiPolygon", "coordinates": [ [ [ [ 353562.516200000420213, 2839166.843699999153614 ], [ 353588.654799999669194, 2839119.488600000739098 ], [ 353604.885800000280142, 2839090.083000000566244 ], [ 353618.129300000146031, 2839066.0899 ], [ 353636.181699999608099, 2839033.384400000795722 ], [ 353654.747100000269711, 2838999.746300000697374 ], [ 353669.815200000070035, 2838972.450799999758601 ], [ 353689.035500000230968, 2838937.723300000652671 ], [ 353702.661500000394881, 2838914.737500000745058 ], [ 353719.4523, 2838886.412900000810623 ], [ 353738.89919999986887, 2838853.144500000402331 ], [ 353753.137000000104308, 2838827.559900000691414 ], [ 353764.798100000247359, 2838806.584499999880791 ], [ 353780.102099999785423, 2838779.104900000616908 ], [ 353810.714399999938905, 2838724.417600000277162 ], [ 353736.556200000457466, 2838728.3925 ], [ 353697.662299999967217, 2838730.64780000038445 ], [ 353692.197800000198185, 2838730.957100000232458 ], [ 353689.542000000365078, 2838722.231100000441074 ], [ 353687.019000000320375, 2838714.218800000846386 ], [ 353663.600300000049174, 2838660.235500000417233 ], [ 353630.529699999839067, 2838690.846400000154972 ], [ 353604.780299999751151, 2838714.681500000879169 ], [ 353557.9534, 2838758.027000000700355 ], [ 353530.0932, 2838783.5581 ], [ 353505.582799999974668, 2838805.40430000051856 ], [ 353482.544700000435114, 2838825.926100000739098 ], [ 353495.355600000359118, 2838842.101299999281764 ], [ 353497.190600000321865, 2838870.573100000619888 ], [ 353508.728799999691546, 2838883.553600000217557 ], [ 353517.29839999973774, 2838891.4397 ], [ 353528.680100000463426, 2838892.9572 ], [ 353544.993900000117719, 2838905.856499999761581 ], [ 353515.401399999856949, 2838932.413899999111891 ], [ 353547.329699999652803, 2838933.938799999654293 ], [ 353563.245199999772012, 2838938.549900000914931 ], [ 353542.833700000308454, 2838975.533500000834465 ], [ 353524.303000000305474, 2839009.109200000762939 ], [ 353503.267699999734759, 2839047.222999999299645 ], [ 353485.047100000083447, 2839080.2368 ], [ 353467.17879999987781, 2839112.612400000914931 ], [ 353497.685399999842048, 2839151.148800000548363 ], [ 353520.182500000111759, 2839176.936799999326468 ], [ 353541.337000000290573, 2839205.213999999687076 ], [ 353562.516200000420213, 2839166.843699999153614 ] ] ] ] } },
{ "type": "Feature", "properties": { "fid": 5, "ID": 990, "ENTIDAD": 19, "MUNICIPIO": 48, "SECCION": 2080, "TIPO": 2, "CONTROL": 1358 }, "geometry": { "type": "MultiPolygon", "coordinates": [ [ [ [ 356164.902999999932945, 2839216.373199999332428 ], [ 356148.478600000031292, 2839209.812100000679493 ], [ 356149.036299999803305, 2839190.950200000777841 ], [ 356130.600700000301003, 2839182.534700000658631 ], [ 356070.571999999694526, 2839154.79590000025928 ], [ 356047.496000000275671, 2839058.371099999174476 ], [ 356049.535500000230968, 2839015.066099999472499 ], [ 356056.134700000286102, 2838892.981699999421835 ], [ 356057.093700000084937, 2838868.814799999818206 ], [ 356058.911100000143051, 2838823.0165 ], [ 356043.363199999555945, 2838730.284900000318885 ], [ 356009.982699999585748, 2838587.620400000363588 ], [ 356012.330099999904633, 2838570.448799999430776 ], [ 356021.620400000363588, 2838500.763499999418855 ], [ 356018.243200000375509, 2838492.2949 ], [ 356012.404000000096858, 2838477.652599999681115 ], [ 356009.524299999698997, 2838470.431399999186397 ], [ 356006.065200000070035, 2838461.75760000012815 ], [ 355968.97510000038892, 2838368.750600000843406 ], [ 355961.516400000080466, 2838350.047399999573827 ], [ 355892.080699999816716, 2838175.931099999696016 ], [ 355882.101300000213087, 2838150.904699999839067 ], [ 355807.357699999585748, 2837963.485600000247359 ], [ 355184.581399999558926, 2836401.812699999660254 ], [ 354862.529400000348687, 2836658.914300000295043 ], [ 355323.862900000065565, 2838157.605399999767542 ], [ 355357.472500000149012, 2838266.789799999445677 ], [ 355362.837600000202656, 2838284.218699999153614 ], [ 355368.724499999545515, 2838303.3432 ], [ 355352.853799999691546, 2838370.189300000667572 ], [ 355346.079300000332296, 2838398.722699999809265 ], [ 355342.869300000369549, 2838412.24269999936223 ], [ 355258.323400000110269, 2838476.208399999886751 ], [ 355222.72510000038892, 2838511.250399999320507 ], [ 355174.862399999983609, 2838601.180800000205636 ], [ 355159.71129999961704, 2838629.264000000432134 ], [ 355188.356300000101328, 2838625.648800000548363 ], [ 355245.765100000426173, 2838639.625399999320507 ], [ 355294.974100000225008, 2838683.863800000399351 ], [ 355306.923299999907613, 2838694.144099999219179 ], [ 355313.777700000442564, 2838696.698999999091029 ], [ 355330.201999999582767, 2838702.820900000631809 ], [ 355344.184399999678135, 2838705.061499999836087 ], [ 355394.126199999824166, 2838706.813200000673532 ], [ 355448.232499999925494, 2838708.293999999761581 ], [ 355471.219399999827147, 2838717.30350000038743 ], [ 355475.845200000330806, 2838719.116599999368191 ], [ 355479.136300000362098, 2838720.4101 ], [ 355489.951100000180304, 2838724.660700000822544 ], [ 355589.881000000052154, 2838777.501900000497699 ], [ 355628.78899999987334, 2838814.865900000557303 ], [ 355737.951000000350177, 2838899.063799999654293 ], [ 355745.676799999549985, 2838916.57149999961257 ], [ 355755.746899999678135, 2838959.872600000351667 ], [ 355760.301400000229478, 2839017.943299999460578 ], [ 355764.545199999585748, 2839035.591700000688434 ], [ 355783.056200000457466, 2839112.574300000444055 ], [ 355905.396399999968708, 2839174.332499999552965 ], [ 355971.514499999582767, 2839198.134999999776483 ], [ 355988.010200000368059, 2839204.0735 ], [ 356008.326799999922514, 2839211.387399999424815 ], [ 356136.156600000336766, 2839251.383199999108911 ], [ 356164.902999999932945, 2839216.373199999332428 ] ] ] ] } },
{ "type": "Feature", "properties": { "fid": 6, "ID": 981, "ENTIDAD": 19, "MUNICIPIO": 48, "SECCION": 2074, "TIPO": 2, "CONTROL": 1345 }, "geometry": { "type": "MultiPolygon", "coordinates": [ [ [ [ 354242.085400000214577, 2839264.489399999380112 ], [ 354353.365299999713898, 2839261.139799999073148 ], [ 354341.247800000011921, 2839220.2665 ], [ 354329.974499999545515, 2839177.128100000321865 ], [ 354321.396399999968708, 2839133.808700000867248 ], [ 354315.626699999906123, 2839065.534 ], [ 354311.879599999636412, 2839026.2928 ], [ 354308.144500000402331, 2839003.882400000467896 ], [ 354307.475300000049174, 2838988.243000000715256 ], [ 354318.500900000333786, 2838967.5274 ], [ 354349.419499999843538, 2838954.230200000107288 ], [ 354354.367499999701977, 2838905.2544 ], [ 354343.07050000037998, 2838861.117200000211596 ], [ 354318.396800000220537, 2838856.91330000013113 ], [ 354278.440999999642372, 2838850.082900000736117 ], [ 354224.174200000241399, 2838837.775699999183416 ], [ 354181.2341, 2838828.033600000664592 ], [ 354164.453599999658763, 2838822.482300000265241 ], [ 354124.581899999640882, 2838809.3081 ], [ 354103.798799999989569, 2838802.446100000292063 ], [ 354083.489699999801815, 2838795.740299999713898 ], [ 354058.491499999538064, 2838787.486099999397993 ], [ 354046.853400000371039, 2838783.643400000408292 ], [ 354014.137500000186265, 2838772.85869999974966 ], [ 353999.914200000464916, 2838813.515900000929832 ], [ 353958.446100000292063, 2838932.05210000090301 ], [ 353956.869800000451505, 2838957.273299999535084 ], [ 354001.697499999776483, 2838960.055600000545382 ], [ 354053.383799999952316, 2838963.263499999418855 ], [ 354052.763199999928474, 2839006.402300000190735 ], [ 354101.356399999931455, 2839009.95920000039041 ], [ 354105.017300000414252, 2839083.829600000753999 ], [ 354105.307500000111759, 2839089.685000000521541 ], [ 354112.66370000038296, 2839220.783099999651313 ], [ 354154.97690000012517, 2839222.486500000581145 ], [ 354160.235799999907613, 2839269.73960000090301 ], [ 354242.085400000214577, 2839264.489399999380112 ] ] ] ] } },
{ "type": "Feature", "properties": { "fid": 7, "ID": 983, "ENTIDAD": 19, "MUNICIPIO": 48, "SECCION": 2075, "TIPO": 2, "CONTROL": 1347 }, "geometry": { "type": "MultiPolygon", "coordinates": [ [ [ [ 353565.507799999788404, 2839312.580199999734759 ], [ 353712.575000000186265, 2839329.591199999675155 ], [ 353724.22719999961555, 2839328.601800000295043 ], [ 353744.526399999856949, 2839329.915200000628829 ], [ 353747.95920000039041, 2839280.0428 ], [ 353992.024400000460446, 2839275.371600000187755 ], [ 354073.961099999956787, 2839272.004300000146031 ], [ 354111.039300000295043, 2839272.538899999111891 ], [ 354160.235799999907613, 2839269.73960000090301 ], [ 354154.97690000012517, 2839222.486500000581145 ], [ 354112.66370000038296, 2839220.783099999651313 ], [ 354105.307500000111759, 2839089.685000000521541 ], [ 354105.017300000414252, 2839083.829600000753999 ], [ 354101.356399999931455, 2839009.95920000039041 ], [ 354052.763199999928474, 2839006.402300000190735 ], [ 354053.383799999952316, 2838963.263499999418855 ], [ 354001.697499999776483, 2838960.055600000545382 ], [ 353956.869800000451505, 2838957.273299999535084 ], [ 353909.778199999593198, 2838954.067299999296665 ], [ 353858.508899999782443, 2838950.576899999752641 ], [ 353809.203099999576807, 2838947.220100000500679 ], [ 353761.294099999591708, 2838943.958399999886751 ], [ 353756.509300000034273, 2838943.545499999076128 ], [ 353689.035500000230968, 2838937.723300000652671 ], [ 353669.815200000070035, 2838972.450799999758601 ], [ 353654.747100000269711, 2838999.746300000697374 ], [ 353636.181699999608099, 2839033.384400000795722 ], [ 353618.129300000146031, 2839066.0899 ], [ 353604.885800000280142, 2839090.083000000566244 ], [ 353588.654799999669194, 2839119.488600000739098 ], [ 353562.516200000420213, 2839166.843699999153614 ], [ 353541.337000000290573, 2839205.213999999687076 ], [ 353537.080900000408292, 2839231.4054000005126 ], [ 353530.372000000439584, 2839274.953099999576807 ], [ 353526.018600000068545, 2839311.848200000822544 ], [ 353521.484899999573827, 2839350.271600000560284 ], [ 353519.719700000248849, 2839365.232100000604987 ], [ 353539.217600000090897, 2839368.150000000372529 ], [ 353565.507799999788404, 2839312.580199999734759 ] ] ] ] } },
{ "type": "Feature", "properties": { "fid": 8, "ID": 985, "ENTIDAD": 19, "MUNICIPIO": 48, "SECCION": 2077, "TIPO": 2, "CONTROL": 1350 }, "geometry": { "type": "MultiPolygon", "coordinates": [ [ [ [ 353079.802799999713898, 2839359.163599999621511 ], [ 353136.380300000309944, 2839363.387599999085069 ], [ 353174.894600000232458, 2839365.593000000342727 ], [ 353183.994599999859929, 2839366.978700000792742 ], [ 353200.741100000217557, 2839355.152499999850988 ], [ 353243.972599999979138, 2839324.623099999502301 ], [ 353258.536999999545515, 2839314.337899999693036 ], [ 353290.592299999669194, 2839317.976700000464916 ], [ 353312.05460000038147, 2839320.412900000810623 ], [ 353329.621199999935925, 2839322.406999999657273 ], [ 353333.32079999987036, 2839323.199699999764562 ], [ 353345.759300000034273, 2839325.8651 ], [ 353348.833200000226498, 2839290.899299999698997 ], [ 353352.291299999691546, 2839280.909099999815226 ], [ 353354.606499999761581, 2839251.275499999523163 ], [ 353355.164499999955297, 2839244.132999999448657 ], [ 353357.155799999833107, 2839218.6436 ], [ 353358.05489999987185, 2839207.135199999436736 ], [ 353361.959099999628961, 2839197.636199999600649 ], [ 353368.045099999755621, 2839187.154799999669194 ], [ 353379.796500000171363, 2839178.318399999290705 ], [ 353388.22649999987334, 2839171.979599999263883 ], [ 353409.145800000056624, 2839156.249600000679493 ], [ 353435.155399999581277, 2839136.691999999806285 ], [ 353467.17879999987781, 2839112.612400000914931 ], [ 353485.047100000083447, 2839080.2368 ], [ 353503.267699999734759, 2839047.222999999299645 ], [ 353524.303000000305474, 2839009.109200000762939 ], [ 353542.833700000308454, 2838975.533500000834465 ], [ 353563.245199999772012, 2838938.549900000914931 ], [ 353547.329699999652803, 2838933.938799999654293 ], [ 353515.401399999856949, 2838932.413899999111891 ], [ 353544.993900000117719, 2838905.856499999761581 ], [ 353528.680100000463426, 2838892.9572 ], [ 353517.29839999973774, 2838891.4397 ], [ 353508.728799999691546, 2838883.553600000217557 ], [ 353497.190600000321865, 2838870.573100000619888 ], [ 353495.355600000359118, 2838842.101299999281764 ], [ 353482.544700000435114, 2838825.926100000739098 ], [ 353505.582799999974668, 2838805.40430000051856 ], [ 353530.0932, 2838783.5581 ], [ 353557.9534, 2838758.027000000700355 ], [ 353604.780299999751151, 2838714.681500000879169 ], [ 353630.529699999839067, 2838690.846400000154972 ], [ 353663.600300000049174, 2838660.235500000417233 ], [ 353687.831000000238419, 2838637.80519999936223 ], [ 353712.26630000025034, 2838615.186499999836087 ], [ 353740.007799999788404, 2838589.309499999508262 ], [ 353765.361999999731779, 2838564.99860000051558 ], [ 353788.639399999752641, 2838543.413100000470877 ], [ 353820.797100000083447, 2838513.789799999445677 ], [ 353855.309899999760091, 2838527.896500000730157 ], [ 353899.293899999931455, 2838592.242799999192357 ], [ 353929.038900000043213, 2838537.978900000452995 ], [ 353965.838299999944866, 2838472.14049999974668 ], [ 353982.977300000376999, 2838441.427200000733137 ], [ 354003.293499999679625, 2838411.17090000025928 ], [ 354011.511900000274181, 2838398.931500000879169 ], [ 354017.888100000098348, 2838389.435499999672174 ], [ 354071.310200000181794, 2838309.875600000843406 ], [ 354014.375799999572337, 2838308.475099999457598 ], [ 353806.238300000317395, 2838360.800100000575185 ], [ 353755.253299999982119, 2838473.617599999532104 ], [ 353698.608, 2838523.402100000530481 ], [ 353381.510300000198185, 2838789.125600000843406 ], [ 353273.510599999688566, 2838749.379100000485778 ], [ 353192.91260000038892, 2838731.916200000792742 ], [ 353186.381299999542534, 2838730.5011 ], [ 353184.050400000065565, 2838737.2785 ], [ 353139.186200000345707, 2838867.729800000786781 ], [ 353086.277900000102818, 2838876.454600000753999 ], [ 353071.79619999974966, 2838992.554500000551343 ], [ 353070.511900000274181, 2838999.596799999475479 ], [ 353001.229100000113249, 2839379.506100000813603 ], [ 353076.603199999779463, 2839388.9222 ], [ 353079.802799999713898, 2839359.163599999621511 ] ] ] ] } },
{ "type": "Feature", "properties": { "fid": 9, "ID": 2241, "ENTIDAD": 19, "MUNICIPIO": 48, "SECCION": 2081, "TIPO": 2, "CONTROL": 1360 }, "geometry": { "type": "MultiPolygon", "coordinates": [ [ [ [ 356938.322900000028312, 2839372.875600000843406 ], [ 356939.446999999694526, 2839366.55629999935627 ], [ 356942.232300000265241, 2839350.898 ], [ 356948.502199999988079, 2839309.060200000181794 ], [ 356970.97829999960959, 2839013.823300000280142 ], [ 356972.185600000433624, 2838993.711300000548363 ], [ 356981.332100000232458, 2838841.346300000324845 ], [ 356982.592699999921024, 2838793.444599999114871 ], [ 356985.954199999570847, 2838774.956199999898672 ], [ 357002.276100000366569, 2838739.825899999588728 ], [ 357028.343500000424683, 2838688.750399999320507 ], [ 357030.262400000356138, 2838684.102700000628829 ], [ 357069.909099999815226, 2838693.134199999272823 ], [ 357096.135900000110269, 2838697.433700000867248 ], [ 357134.938699999824166, 2838698.078600000590086 ], [ 357175.246299999766052, 2838696.358799999579787 ], [ 357279.043200000189245, 2838699.197300000116229 ], [ 357208.57799999974668, 2838285.980200000107288 ], [ 357061.662200000137091, 2837264.119599999859929 ], [ 357050.78110000025481, 2837054.349700000137091 ], [ 357045.067900000140071, 2836917.584899999201298 ], [ 357012.13260000012815, 2836769.771500000730157 ], [ 356959.91509999986738, 2836633.198699999600649 ], [ 356874.673999999649823, 2836405.328400000929832 ], [ 356947.131599999964237, 2836346.43019999936223 ], [ 356968.388399999588728, 2836306.660700000822544 ], [ 356985.230700000189245, 2836289.916500000283122 ], [ 356983.166000000201166, 2836270.308000000193715 ], [ 356982.648900000378489, 2836208.9013 ], [ 357033.630300000309944, 2836174.932 ], [ 357075.718399999663234, 2836146.888499999418855 ], [ 357113.055100000463426, 2836106.42989999987185 ], [ 357227.485500000417233, 2836050.985300000756979 ], [ 357406.599100000225008, 2835964.200500000268221 ], [ 357415.597299999557436, 2835954.337300000712276 ], [ 357439.646999999880791, 2835895.347899999469519 ], [ 357456.831100000068545, 2835859.52559999935329 ], [ 357474.051599999889731, 2835846.239199999719858 ], [ 357494.473399999551475, 2835831.979399999603629 ], [ 357537.95299999974668, 2835818.602399999275804 ], [ 357573.663200000301003, 2835809.1075 ], [ 357593.627799999900162, 2835806.090199999511242 ], [ 357607.377299999818206, 2835791.203299999237061 ], [ 357610.671000000089407, 2835787.6371 ], [ 357660.582899999804795, 2835765.24129999987781 ], [ 357683.192800000309944, 2835774.956800000742078 ], [ 357700.480700000189245, 2835774.580800000578165 ], [ 357778.00650000013411, 2835714.534099999815226 ], [ 357794.258600000292063, 2835666.137000000104308 ], [ 358212.584499999880791, 2835373.241100000217557 ], [ 358399.696800000034273, 2835250.918299999088049 ], [ 358506.119199999608099, 2835168.228399999439716 ], [ 358640.823599999770522, 2835087.87360000051558 ], [ 358816.045400000177324, 2834998.267300000414252 ], [ 359348.816499999724329, 2834681.453099999576807 ], [ 359362.109699999913573, 2834673.548499999567866 ], [ 359490.256799999624491, 2834599.846899999305606 ], [ 359563.253100000321865, 2834572.127900000661612 ], [ 359647.065299999900162, 2834551.916300000622869 ], [ 359819.989400000311434, 2834480.831700000911951 ], [ 359820.794800000265241, 2834435.865499999374151 ], [ 359841.131299999542534, 2834381.554099999368191 ], [ 360084.096199999563396, 2834259.49210000038147 ], [ 360252.063299999572337, 2834175.107899999246001 ], [ 360267.513100000098348, 2834146.206599999219179 ], [ 360247.151200000196695, 2834082.412100000306964 ], [ 360279.578300000168383, 2834049.100999999791384 ], [ 360544.49170000012964, 2833885.598400000482798 ], [ 360683.692499999888241, 2833756.743699999526143 ], [ 360778.104500000365078, 2833688.85190000012517 ], [ 360915.900600000284612, 2833631.855000000447035 ], [ 361320.473500000312924, 2833387.698899999260902 ], [ 361653.33559999987483, 2833232.826899999752641 ], [ 361795.171099999919534, 2833150.735500000417233 ], [ 362235.850999999791384, 2832895.67960000038147 ], [ 362571.164900000207126, 2832693.318800000473857 ], [ 362523.492300000041723, 2832630.7884 ], [ 362624.19579999987036, 2832524.966099999845028 ], [ 362684.245900000445545, 2832481.04590000025928 ], [ 362751.049999999813735, 2832474.211799999698997 ], [ 362776.98589999973774, 2832463.649599999189377 ], [ 362975.894299999810755, 2832257.236700000241399 ], [ 363098.560800000093877, 2832169.446900000795722 ], [ 363213.370699999853969, 2832094.249199999496341 ], [ 363237.917700000107288, 2832092.744899999350309 ], [ 363255.933199999853969, 2832091.640900000929832 ], [ 363294.979600000195205, 2832060.67960000038147 ], [ 363360.849799999967217, 2832073.766000000759959 ], [ 364910.866799999959767, 2831000.325099999085069 ], [ 365011.81969999987632, 2830941.216600000858307 ], [ 364981.038599999621511, 2830881.604599999263883 ], [ 364981.061599999666214, 2830840.4243 ], [ 365152.99959999974817, 2830705.43889999948442 ], [ 365192.951000000350177, 2830667.642699999734759 ], [ 365233.553299999795854, 2830630.468900000676513 ], [ 365222.066999999806285, 2830600.156300000846386 ], [ 365210.399600000120699, 2830561.568600000813603 ], [ 365226.344600000418723, 2830536.903699999675155 ], [ 365416.680499999783933, 2830447.866599999368191 ], [ 365461.895999999716878, 2830430.643400000408292 ], [ 365391.580799999646842, 2830319.83500000089407 ], [ 364984.445299999788404, 2830353.763000000268221 ], [ 364746.949500000104308, 2830421.619000000879169 ], [ 364441.597900000400841, 2830760.898700000718236 ], [ 364204.10219999961555, 2830998.394500000402331 ], [ 363729.110700000077486, 2831371.602099999785423 ], [ 363220.191300000064075, 2831575.17 ], [ 362711.271900000050664, 2831676.954 ], [ 362100.568500000052154, 2831880.521800000220537 ], [ 361659.504999999888241, 2831982.305800000205636 ], [ 360675.594100000336766, 2832151.945800000801682 ], [ 360370.24239999987185, 2832253.729699999094009 ], [ 359837.497600000351667, 2832520.10219999961555 ], [ 359488.115399999544024, 2832694.793400000780821 ], [ 359024.414599999785423, 2833010.953099999576807 ], [ 358808.62540000025183, 2833158.0822 ], [ 358741.700299999676645, 2833203.712899999693036 ], [ 357928.31969999987632, 2833937.73960000090301 ], [ 357766.271099999547005, 2834083.97859999909997 ], [ 357350.654000000096858, 2834459.047800000756979 ], [ 356984.407200000248849, 2834792.594100000336766 ], [ 356598.826299999840558, 2835143.748299999162555 ], [ 356565.544300000183284, 2835174.058700000867248 ], [ 356512.928100000135601, 2835221.977 ], [ 356407.695700000040233, 2835317.8136 ], [ 355450.68819999974221, 2836189.374299999326468 ], [ 355184.581399999558926, 2836401.812699999660254 ], [ 355807.357699999585748, 2837963.485600000247359 ], [ 355882.101300000213087, 2838150.904699999839067 ], [ 355892.080699999816716, 2838175.931099999696016 ], [ 355961.516400000080466, 2838350.047399999573827 ], [ 355968.97510000038892, 2838368.750600000843406 ], [ 356006.065200000070035, 2838461.75760000012815 ], [ 356009.524299999698997, 2838470.431399999186397 ], [ 356012.404000000096858, 2838477.652599999681115 ], [ 356018.243200000375509, 2838492.2949 ], [ 356021.620400000363588, 2838500.763499999418855 ], [ 356012.330099999904633, 2838570.448799999430776 ], [ 356009.982699999585748, 2838587.620400000363588 ], [ 356043.363199999555945, 2838730.284900000318885 ], [ 356058.911100000143051, 2838823.0165 ], [ 356057.093700000084937, 2838868.814799999818206 ], [ 356056.134700000286102, 2838892.981699999421835 ], [ 356049.535500000230968, 2839015.066099999472499 ], [ 356047.496000000275671, 2839058.371099999174476 ], [ 356070.571999999694526, 2839154.79590000025928 ], [ 356130.600700000301003, 2839182.534700000658631 ], [ 356149.036299999803305, 2839190.950200000777841 ], [ 356148.478600000031292, 2839209.812100000679493 ], [ 356164.902999999932945, 2839216.373199999332428 ], [ 356136.156600000336766, 2839251.383199999108911 ], [ 356156.415900000371039, 2839263.14670000039041 ], [ 356287.121199999935925, 2839335.688100000843406 ], [ 356336.135700000450015, 2839361.175599999725819 ], [ 356525.658300000242889, 2839425.221200000494719 ], [ 356917.987599999643862, 2839534.110999999567866 ], [ 356938.322900000028312, 2839372.875600000843406 ] ] ] ] } },
{ "type": "Feature", "properties": { "fid": 10, "ID": 979, "ENTIDAD": 19, "MUNICIPIO": 48, "SECCION": 2072, "TIPO": 2, "CONTROL": 1342 }, "geometry": { "type": "MultiPolygon", "coordinates": [ [ [ [ 353514.016200000420213, 2839461.920199999585748 ], [ 353514.85259999986738, 2839454.418500000610948 ], [ 353519.68819999974221, 2839414.664100000634789 ], [ 353520.588100000284612, 2839407.323799999430776 ], [ 353516.92989999987185, 2839388.875199999660254 ], [ 353519.719700000248849, 2839365.232100000604987 ], [ 353521.484899999573827, 2839350.271600000560284 ], [ 353526.018600000068545, 2839311.848200000822544 ], [ 353530.372000000439584, 2839274.953099999576807 ], [ 353537.080900000408292, 2839231.4054000005126 ], [ 353541.337000000290573, 2839205.213999999687076 ], [ 353520.182500000111759, 2839176.936799999326468 ], [ 353497.685399999842048, 2839151.148800000548363 ], [ 353467.17879999987781, 2839112.612400000914931 ], [ 353435.155399999581277, 2839136.691999999806285 ], [ 353409.145800000056624, 2839156.249600000679493 ], [ 353388.22649999987334, 2839171.979599999263883 ], [ 353379.796500000171363, 2839178.318399999290705 ], [ 353368.045099999755621, 2839187.154799999669194 ], [ 353361.959099999628961, 2839197.636199999600649 ], [ 353358.05489999987185, 2839207.135199999436736 ], [ 353357.155799999833107, 2839218.6436 ], [ 353355.164499999955297, 2839244.132999999448657 ], [ 353354.606499999761581, 2839251.275499999523163 ], [ 353352.291299999691546, 2839280.909099999815226 ], [ 353348.833200000226498, 2839290.899299999698997 ], [ 353345.759300000034273, 2839325.8651 ], [ 353333.32079999987036, 2839323.199699999764562 ], [ 353329.621199999935925, 2839322.406999999657273 ], [ 353312.05460000038147, 2839320.412900000810623 ], [ 353290.592299999669194, 2839317.976700000464916 ], [ 353258.536999999545515, 2839314.337899999693036 ], [ 353243.972599999979138, 2839324.623099999502301 ], [ 353200.741100000217557, 2839355.152499999850988 ], [ 353183.994599999859929, 2839366.978700000792742 ], [ 353174.894600000232458, 2839365.593000000342727 ], [ 353136.380300000309944, 2839363.387599999085069 ], [ 353079.802799999713898, 2839359.163599999621511 ], [ 353076.603199999779463, 2839388.9222 ], [ 353071.273400000296533, 2839422.794299999251962 ], [ 353068.344200000166893, 2839441.373299999162555 ], [ 353062.543999999761581, 2839479.238700000569224 ], [ 353195.147499999962747, 2839495.919099999591708 ], [ 353310.091099999845028, 2839514.427200000733137 ], [ 353337.808500000275671, 2839518.8903 ], [ 353380.067800000309944, 2839525.676300000399351 ], [ 353425.034799999557436, 2839532.935399999842048 ], [ 353504.628600000403821, 2839546.118699999526143 ], [ 353514.016200000420213, 2839461.920199999585748 ] ] ] ] } },
{ "type": "Feature", "properties": { "fid": 11, "ID": 971, "ENTIDAD": 19, "MUNICIPIO": 48, "SECCION": 2065, "TIPO": 2, "CONTROL": 1332 }, "geometry": { "type": "MultiPolygon", "coordinates": [ [ [ [ 355663.915500000119209, 2839625.692800000309944 ], [ 355715.344499999657273, 2839619.6009 ], [ 355781.701399999670684, 2839606.0713 ], [ 355860.156600000336766, 2839590.074999999254942 ], [ 355894.988400000147521, 2839563.7928 ], [ 355917.4068, 2839522.476800000295043 ], [ 355939.126299999654293, 2839484.959899999201298 ], [ 355989.308299999684095, 2839429.427799999713898 ], [ 356012.990000000223517, 2839407.081599999219179 ], [ 356021.830500000156462, 2839398.73960000090301 ], [ 356036.389200000092387, 2839383.8969 ], [ 356050.947900000028312, 2839369.054099999368191 ], [ 356057.08669999986887, 2839358.035700000822544 ], [ 356061.742999999783933, 2839351.755100000649691 ], [ 356083.095099999569356, 2839322.954500000923872 ], [ 356091.716500000096858, 2839311.3256 ], [ 356111.596599999815226, 2839284.510700000450015 ], [ 356136.156600000336766, 2839251.383199999108911 ], [ 356008.326799999922514, 2839211.387399999424815 ], [ 355988.010200000368059, 2839204.0735 ], [ 355971.514499999582767, 2839198.134999999776483 ], [ 355905.396399999968708, 2839174.332499999552965 ], [ 355783.056200000457466, 2839112.574300000444055 ], [ 355783.315100000239909, 2839166.410199999809265 ], [ 355783.420300000347197, 2839188.300000000745058 ], [ 355783.633399999700487, 2839232.620699999853969 ], [ 355758.71239999961108, 2839233.9543999992311 ], [ 355717.193099999800324, 2839236.176400000229478 ], [ 355683.544900000095367, 2839237.97719999961555 ], [ 355673.231499999761581, 2839238.629100000485778 ], [ 355632.562599999830127, 2839243.3443 ], [ 355591.519100000150502, 2839248.246500000357628 ], [ 355547.511199999600649, 2839256.293700000271201 ], [ 355507.386300000362098, 2839263.630799999460578 ], [ 355490.733900000341237, 2839266.675799999386072 ], [ 355471.339700000360608, 2839278.954199999570847 ], [ 355403.993999999947846, 2839321.433900000527501 ], [ 355402.720999999903142, 2839337.620200000703335 ], [ 355406.625099999830127, 2839360.195499999448657 ], [ 355410.832899999804795, 2839371.158800000324845 ], [ 355426.034799999557436, 2839369.606200000271201 ], [ 355550.139499999582767, 2839342.550200000405312 ], [ 355577.752999999560416, 2839382.346200000494719 ], [ 355586.741799999959767, 2839395.300699999555945 ], [ 355507.654199999757111, 2839482.762299999594688 ], [ 355511.228600000031292, 2839528.594000000506639 ], [ 355513.767199999652803, 2839578.737500000745058 ], [ 355514.849100000225008, 2839598.994000000879169 ], [ 355523.083499999716878, 2839623.109099999070168 ], [ 355546.610500000417233, 2839637.813500000163913 ], [ 355556.08490000013262, 2839650.006799999624491 ], [ 355663.915500000119209, 2839625.692800000309944 ] ] ] ] } },
{ "type": "Feature", "properties": { "fid": 12, "ID": 970, "ENTIDAD": 19, "MUNICIPIO": 48, "SECCION": 2064, "TIPO": 2, "CONTROL": 1331 }, "geometry": { "type": "MultiPolygon", "coordinates": [ [ [ [ 356210.99129999987781, 2839672.134400000795722 ], [ 356266.290500000119209, 2839672.006300000473857 ], [ 356278.177099999971688, 2839671.978800000622869 ], [ 356306.507100000046194, 2839667.156600000336766 ], [ 356351.888700000010431, 2839657.904999999329448 ], [ 356359.765300000086427, 2839657.732799999415874 ], [ 356402.124400000087917, 2839656.806700000539422 ], [ 356437.750900000333786, 2839656.027699999511242 ], [ 356541.337199999950826, 2839657.39809999987483 ], [ 356527.292200000025332, 2839585.66190000064671 ], [ 356521.322200000286102, 2839535.469699999317527 ], [ 356518.469600000418723, 2839511.486700000241399 ], [ 356515.855399999767542, 2839485.999099999666214 ], [ 356517.815999999642372, 2839457.244000000879169 ], [ 356525.658300000242889, 2839425.221200000494719 ], [ 356336.135700000450015, 2839361.175599999725819 ], [ 356287.121199999935925, 2839335.688100000843406 ], [ 356156.415900000371039, 2839263.14670000039041 ], [ 356136.156600000336766, 2839251.383199999108911 ], [ 356111.596599999815226, 2839284.510700000450015 ], [ 356091.716500000096858, 2839311.3256 ], [ 356083.095099999569356, 2839322.954500000923872 ], [ 356061.742999999783933, 2839351.755100000649691 ], [ 356057.08669999986887, 2839358.035700000822544 ], [ 356050.947900000028312, 2839369.054099999368191 ], [ 356036.389200000092387, 2839383.8969 ], [ 356021.830500000156462, 2839398.73960000090301 ], [ 356012.990000000223517, 2839407.081599999219179 ], [ 355989.308299999684095, 2839429.427799999713898 ], [ 355939.126299999654293, 2839484.959899999201298 ], [ 355917.4068, 2839522.476800000295043 ], [ 355894.988400000147521, 2839563.7928 ], [ 355907.654500000178814, 2839572.342399999499321 ], [ 355942.267799999564886, 2839596.699899999424815 ], [ 355967.861999999731779, 2839614.710699999704957 ], [ 355976.836199999786913, 2839621.025800000876188 ], [ 355993.150799999944866, 2839632.50650000013411 ], [ 356031.9046, 2839643.112700000405312 ], [ 356053.314899999648333, 2839648.972400000318885 ], [ 356077.737599999643862, 2839655.2763 ], [ 356112.917299999855459, 2839667.340600000694394 ], [ 356118.933100000023842, 2839669.403599999845028 ], [ 356138.151999999769032, 2839676.081000000238419 ], [ 356152.954900000244379, 2839677.017899999395013 ], [ 356164.755199999548495, 2839677.271800000220537 ], [ 356210.99129999987781, 2839672.134400000795722 ] ] ] ] } },
{ "type": "Feature", "properties": { "fid": 13, "ID": 980, "ENTIDAD": 19, "MUNICIPIO": 48, "SECCION": 2073, "TIPO": 2, "CONTROL": 1343 }, "geometry": { "type": "MultiPolygon", "coordinates": [ [ [ [ 354001.083999999798834, 2839724.343499999493361 ], [ 353999.416799999773502, 2839702.081900000572205 ], [ 353995.863599999807775, 2839654.636399999260902 ], [ 353992.431400000117719, 2839608.806500000879169 ], [ 354115.090099999681115, 2839601.895300000905991 ], [ 354111.3591, 2839554.639000000432134 ], [ 354204.801099999807775, 2839547.6875 ], [ 354193.625599999912083, 2839509.949999999254942 ], [ 354189.863300000317395, 2839497.245300000533462 ], [ 354181.56900000013411, 2839468.977 ], [ 354168.647199999541044, 2839424.937599999830127 ], [ 354167.692800000309944, 2839384.492000000551343 ], [ 354166.915300000458956, 2839351.547499999403954 ], [ 354378.048899999819696, 2839340.556399999186397 ], [ 354365.707100000232458, 2839300.848099999129772 ], [ 354353.365299999713898, 2839261.139799999073148 ], [ 354242.085400000214577, 2839264.489399999380112 ], [ 354160.235799999907613, 2839269.73960000090301 ], [ 354111.039300000295043, 2839272.538899999111891 ], [ 354073.961099999956787, 2839272.004300000146031 ], [ 353992.024400000460446, 2839275.371600000187755 ], [ 353747.95920000039041, 2839280.0428 ], [ 353744.526399999856949, 2839329.915200000628829 ], [ 353724.22719999961555, 2839328.601800000295043 ], [ 353712.575000000186265, 2839329.591199999675155 ], [ 353565.507799999788404, 2839312.580199999734759 ], [ 353539.217600000090897, 2839368.150000000372529 ], [ 353519.719700000248849, 2839365.232100000604987 ], [ 353516.92989999987185, 2839388.875199999660254 ], [ 353520.588100000284612, 2839407.323799999430776 ], [ 353519.68819999974221, 2839414.664100000634789 ], [ 353514.85259999986738, 2839454.418500000610948 ], [ 353514.016200000420213, 2839461.920199999585748 ], [ 353504.628600000403821, 2839546.118699999526143 ], [ 353643.490000000223517, 2839568.52449999935925 ], [ 353686.288399999961257, 2839582.300699999555945 ], [ 353726.394500000402331, 2839588.364299999549985 ], [ 353771.85190000012517, 2839590.274299999698997 ], [ 353848.993599999696016, 2839591.3608 ], [ 353895.018000000156462, 2839590.234300000593066 ], [ 353940.523000000044703, 2839588.485999999567866 ], [ 353953.731399999931455, 2839734.513599999248981 ], [ 353993.324000000022352, 2839749.917700000107288 ], [ 354001.083999999798834, 2839724.343499999493361 ] ] ] ] } },
{ "type": "Feature", "properties": { "fid": 14, "ID": 978, "ENTIDAD": 19, "MUNICIPIO": 48, "SECCION": 2071, "TIPO": 2, "CONTROL": 1340 }, "geometry": { "type": "MultiPolygon", "coordinates": [ [ [ [ 353280.782399999909103, 2839729.189099999144673 ], [ 353351.731200000271201, 2839738.385600000619888 ], [ 353397.996000000275671, 2839743.340199999511242 ], [ 353404.884200000204146, 2839687.983899999409914 ], [ 353409.247700000181794, 2839652.916899999603629 ], [ 353425.034799999557436, 2839532.935399999842048 ], [ 353380.067800000309944, 2839525.676300000399351 ], [ 353337.808500000275671, 2839518.8903 ], [ 353310.091099999845028, 2839514.427200000733137 ], [ 353195.147499999962747, 2839495.919099999591708 ], [ 353062.543999999761581, 2839479.238700000569224 ], [ 353057.948400000110269, 2839517.33809999935329 ], [ 353046.745400000363588, 2839610.214800000190735 ], [ 353044.894399999640882, 2839625.560100000351667 ], [ 353040.904099999926984, 2839658.641200000420213 ], [ 353035.080900000408292, 2839706.918199999257922 ], [ 353033.316800000146031, 2839721.542700000107288 ], [ 353026.839200000278652, 2839775.244400000199676 ], [ 353160.419300000183284, 2839777.256300000473857 ], [ 353275.950699999928474, 2839778.996500000357628 ], [ 353280.782399999909103, 2839729.189099999144673 ] ] ] ] } },
{ "type": "Feature", "properties": { "fid": 15, "ID": 977, "ENTIDAD": 19, "MUNICIPIO": 48, "SECCION": 2070, "TIPO": 2, "CONTROL": 1339 }, "geometry": { "type": "MultiPolygon", "coordinates": [ [ [ [ 353025.121199999935925, 2839793.321000000461936 ], [ 353026.839200000278652, 2839775.244400000199676 ], [ 353033.316800000146031, 2839721.542700000107288 ], [ 353035.080900000408292, 2839706.918199999257922 ], [ 353040.904099999926984, 2839658.641200000420213 ], [ 353044.894399999640882, 2839625.560100000351667 ], [ 353046.745400000363588, 2839610.214800000190735 ], [ 353057.948400000110269, 2839517.33809999935329 ], [ 353062.543999999761581, 2839479.238700000569224 ], [ 353068.344200000166893, 2839441.373299999162555 ], [ 353071.273400000296533, 2839422.794299999251962 ], [ 353076.603199999779463, 2839388.9222 ], [ 353001.229100000113249, 2839379.506100000813603 ], [ 352739.968999999575317, 2839346.827299999073148 ], [ 352734.691499999724329, 2839433.831900000572205 ], [ 352725.676199999637902, 2839447.089600000530481 ], [ 352723.03870000038296, 2839474.506400000303984 ], [ 352718.571600000374019, 2839520.940300000831485 ], [ 352709.20990000013262, 2839618.2533 ], [ 352707.954199999570847, 2839631.305700000375509 ], [ 352705.521599999628961, 2839656.592399999499321 ], [ 352701.592299999669194, 2839697.436499999836087 ], [ 352697.400200000032783, 2839741.012499999254942 ], [ 352697.025399999693036, 2839744.917500000447035 ], [ 352693.428100000135601, 2839782.301200000569224 ], [ 352801.332100000232458, 2839794.40430000051856 ], [ 352834.264999999664724, 2839798.098200000822544 ], [ 352912.001500000245869, 2839806.817500000819564 ], [ 353022.305800000205636, 2839821.581499999389052 ], [ 353025.121199999935925, 2839793.321000000461936 ] ] ] ] } },
{ "type": "Feature", "properties": { "fid": 16, "ID": 972, "ENTIDAD": 19, "MUNICIPIO": 48, "SECCION": 2066, "TIPO": 2, "CONTROL": 1333 }, "geometry": { "type": "MultiPolygon", "coordinates": [ [ [ [ 354534.485100000165403, 2839808.809900000691414 ], [ 354871.392199999652803, 2839783.510199999436736 ], [ 354946.52280000038445, 2839777.8684 ], [ 355091.649500000290573, 2839769.4956 ], [ 355161.050499999895692, 2839765.491699999198318 ], [ 355197.664599999785423, 2839751.568 ], [ 355255.422100000083447, 2839723.205 ], [ 355262.32880000025034, 2839716.2983 ], [ 355276.049800000153482, 2839702.577299999073148 ], [ 355280.690999999642372, 2839686.333000000566244 ], [ 355282.142599999904633, 2839682.550100000575185 ], [ 355284.94550000037998, 2839675.2456 ], [ 355289.199900000356138, 2839664.158299999311566 ], [ 355310.859000000171363, 2839651.266000000759959 ], [ 355321.43059999961406, 2839648.6875 ], [ 355353.741799999959767, 2839667.341600000858307 ], [ 355385.143600000068545, 2839684.960200000554323 ], [ 355406.879200000315905, 2839691.742499999701977 ], [ 355461.701000000350177, 2839675.997199999168515 ], [ 355499.994199999608099, 2839665.452500000596046 ], [ 355520.973299999721348, 2839659.675499999895692 ], [ 355556.08490000013262, 2839650.006799999624491 ], [ 355546.610500000417233, 2839637.813500000163913 ], [ 355523.083499999716878, 2839623.109099999070168 ], [ 355514.849100000225008, 2839598.994000000879169 ], [ 355513.767199999652803, 2839578.737500000745058 ], [ 355511.228600000031292, 2839528.594000000506639 ], [ 355507.654199999757111, 2839482.762299999594688 ], [ 355586.741799999959767, 2839395.300699999555945 ], [ 355577.752999999560416, 2839382.346200000494719 ], [ 355550.139499999582767, 2839342.550200000405312 ], [ 355426.034799999557436, 2839369.606200000271201 ], [ 355410.832899999804795, 2839371.158800000324845 ], [ 355406.625099999830127, 2839360.195499999448657 ], [ 355402.720999999903142, 2839337.620200000703335 ], [ 355403.993999999947846, 2839321.433900000527501 ], [ 355471.339700000360608, 2839278.954199999570847 ], [ 355490.733900000341237, 2839266.675799999386072 ], [ 355507.386300000362098, 2839263.630799999460578 ], [ 355547.511199999600649, 2839256.293700000271201 ], [ 355591.519100000150502, 2839248.246500000357628 ], [ 355632.562599999830127, 2839243.3443 ], [ 355673.231499999761581, 2839238.629100000485778 ], [ 355683.544900000095367, 2839237.97719999961555 ], [ 355717.193099999800324, 2839236.176400000229478 ], [ 355758.71239999961108, 2839233.9543999992311 ], [ 355783.633399999700487, 2839232.620699999853969 ], [ 355783.420300000347197, 2839188.300000000745058 ], [ 355783.315100000239909, 2839166.410199999809265 ], [ 355783.056200000457466, 2839112.574300000444055 ], [ 355721.587600000202656, 2839090.816500000655651 ], [ 355633.912100000306964, 2839089.677799999713898 ], [ 355517.770600000396371, 2839127.253100000321865 ], [ 355440.342899999581277, 2839173.937400000169873 ], [ 355341.28110000025481, 2839218.344499999657273 ], [ 355263.853400000371039, 2839252.503799999132752 ], [ 355183.009800000116229, 2839271.8607 ], [ 355064.590900000184774, 2839280.969900000840425 ], [ 354939.340300000272691, 2839257.058399999514222 ], [ 354782.207600000314415, 2839191.017100000753999 ], [ 354685.423000000417233, 2839126.114499999210238 ], [ 354586.361100000329316, 2839029.329900000244379 ], [ 354514.403900000266731, 2838896.229699999094009 ], [ 354456.037200000137091, 2838933.533800000324845 ], [ 354349.419499999843538, 2838954.230200000107288 ], [ 354318.500900000333786, 2838967.5274 ], [ 354307.475300000049174, 2838988.243000000715256 ], [ 354308.144500000402331, 2839003.882400000467896 ], [ 354311.879599999636412, 2839026.2928 ], [ 354315.626699999906123, 2839065.534 ], [ 354321.396399999968708, 2839133.808700000867248 ], [ 354329.974499999545515, 2839177.128100000321865 ], [ 354341.247800000011921, 2839220.2665 ], [ 354353.365299999713898, 2839261.139799999073148 ], [ 354365.707100000232458, 2839300.848099999129772 ], [ 354378.048899999819696, 2839340.556399999186397 ], [ 354386.503700000233948, 2839367.157700000330806 ], [ 354389.262500000186265, 2839413.175000000745058 ], [ 354405.287700000219047, 2839680.473600000143051 ], [ 354413.932900000363588, 2839854.583599999547005 ], [ 354534.485100000165403, 2839808.809900000691414 ] ] ] ] } },
{ "type": "Feature", "properties": { "fid": 17, "ID": 993, "ENTIDAD": 19, "MUNICIPIO": 48, "SECCION": 2082, "TIPO": 2, "CONTROL": 1362 }, "geometry": { "type": "MultiPolygon", "coordinates": [ [ [ [ 356964.180900000035763, 2839816.959799999371171 ], [ 357025.697900000028312, 2839699.259800000116229 ], [ 357048.283099999651313, 2839654.583599999547005 ], [ 357081.793899999931455, 2839577.881100000813603 ], [ 357115.565200000070035, 2839584.868300000205636 ], [ 357548.770100000314415, 2839594.184399999678135 ], [ 357560.415400000289083, 2839438.137499999254942 ], [ 357538.896399999968708, 2839433.390699999406934 ], [ 357481.22620000038296, 2839420.676100000739098 ], [ 357370.277900000102818, 2839398.031400000676513 ], [ 357370.025299999862909, 2839378.676300000399351 ], [ 357370.002799999900162, 2839368.969399999827147 ], [ 357369.980299999937415, 2839359.968100000172853 ], [ 357369.896499999798834, 2839324.424599999561906 ], [ 357362.791199999861419, 2839272.975400000810623 ], [ 357355.685899999924004, 2839221.526200000196695 ], [ 357330.839399999938905, 2839045.010099999606609 ], [ 357305.754800000227988, 2838882.884999999776483 ], [ 357296.1875, 2838821.048800000920892 ], [ 357279.043200000189245, 2838699.197300000116229 ], [ 357175.246299999766052, 2838696.358799999579787 ], [ 357134.938699999824166, 2838698.078600000590086 ], [ 357096.135900000110269, 2838697.433700000867248 ], [ 357069.909099999815226, 2838693.134199999272823 ], [ 357030.262400000356138, 2838684.102700000628829 ], [ 357028.343500000424683, 2838688.750399999320507 ], [ 357002.276100000366569, 2838739.825899999588728 ], [ 356985.954199999570847, 2838774.956199999898672 ], [ 356982.592699999921024, 2838793.444599999114871 ], [ 356981.332100000232458, 2838841.346300000324845 ], [ 356972.185600000433624, 2838993.711300000548363 ], [ 356970.97829999960959, 2839013.823300000280142 ], [ 356948.502199999988079, 2839309.060200000181794 ], [ 356942.232300000265241, 2839350.898 ], [ 356939.446999999694526, 2839366.55629999935627 ], [ 356938.322900000028312, 2839372.875600000843406 ], [ 356917.987599999643862, 2839534.110999999567866 ], [ 356525.658300000242889, 2839425.221200000494719 ], [ 356517.815999999642372, 2839457.244000000879169 ], [ 356515.855399999767542, 2839485.999099999666214 ], [ 356518.469600000418723, 2839511.486700000241399 ], [ 356521.322200000286102, 2839535.469699999317527 ], [ 356527.292200000025332, 2839585.66190000064671 ], [ 356541.337199999950826, 2839657.39809999987483 ], [ 356544.340599999763072, 2839669.71030000038445 ], [ 356549.979299999773502, 2839680.088600000366569 ], [ 356698.092799999751151, 2839753.806199999526143 ], [ 356790.177000000141561, 2839801.744699999690056 ], [ 356831.105399999767542, 2839823.051799999549985 ], [ 356939.805100000463426, 2839879.6403 ], [ 356964.180900000035763, 2839816.959799999371171 ] ] ] ] } },
{ "type": "Feature", "properties": { "fid": 18, "ID": 974, "ENTIDAD": 19, "MUNICIPIO": 48, "SECCION": 2067, "TIPO": 2, "CONTROL": 1335 }, "geometry": { "type": "MultiPolygon", "coordinates": [ [ [ [ 354070.947300000116229, 2839929.968299999833107 ], [ 354112.284799999557436, 2839924.2851 ], [ 354162.717299999669194, 2839922.364199999719858 ], [ 354209.142799999564886, 2839920.611999999731779 ], [ 354281.380199999548495, 2839912.810000000521541 ], [ 354413.932900000363588, 2839854.583599999547005 ], [ 354405.287700000219047, 2839680.473600000143051 ], [ 354389.262500000186265, 2839413.175000000745058 ], [ 354386.503700000233948, 2839367.157700000330806 ], [ 354378.048899999819696, 2839340.556399999186397 ], [ 354166.915300000458956, 2839351.547499999403954 ], [ 354167.692800000309944, 2839384.492000000551343 ], [ 354168.647199999541044, 2839424.937599999830127 ], [ 354181.56900000013411, 2839468.977 ], [ 354189.863300000317395, 2839497.245300000533462 ], [ 354193.625599999912083, 2839509.949999999254942 ], [ 354204.801099999807775, 2839547.6875 ], [ 354111.3591, 2839554.639000000432134 ], [ 354115.090099999681115, 2839601.895300000905991 ], [ 353992.431400000117719, 2839608.806500000879169 ], [ 353995.863599999807775, 2839654.636399999260902 ], [ 353999.416799999773502, 2839702.081900000572205 ], [ 354001.083999999798834, 2839724.343499999493361 ], [ 353993.324000000022352, 2839749.917700000107288 ], [ 353979.299899999983609, 2839796.136199999600649 ], [ 353964.723299999721348, 2839844.175599999725819 ], [ 353949.46100000012666, 2839893.612700000405312 ], [ 353929.715900000184774, 2839949.385199999436736 ], [ 354070.947300000116229, 2839929.968299999833107 ] ] ] ] } },
{ "type": "Feature", "properties": { "fid": 19, "ID": 976, "ENTIDAD": 19, "MUNICIPIO": 48, "SECCION": 2069, "TIPO": 2, "CONTROL": 1338 }, "geometry": { "type": "MultiPolygon", "coordinates": [ [ [ [ 353254.620500000193715, 2839933.939500000327826 ], [ 353261.352500000037253, 2839883.354000000283122 ], [ 353268.337799999862909, 2839830.864700000733137 ], [ 353271.388700000010431, 2839807.9397 ], [ 353275.950699999928474, 2839778.996500000357628 ], [ 353160.419300000183284, 2839777.256300000473857 ], [ 353026.839200000278652, 2839775.244400000199676 ], [ 353025.121199999935925, 2839793.321000000461936 ], [ 353022.305800000205636, 2839821.581499999389052 ], [ 352912.001500000245869, 2839806.817500000819564 ], [ 352834.264999999664724, 2839798.098200000822544 ], [ 352801.332100000232458, 2839794.40430000051856 ], [ 352693.428100000135601, 2839782.301200000569224 ], [ 352690.887000000104308, 2839808.714999999850988 ], [ 352687.908599999733269, 2839839.675100000575185 ], [ 352682.38910000026226, 2839897.049000000581145 ], [ 352790.03760000038892, 2839910.149000000208616 ], [ 352784.600499999709427, 2839955.621400000527501 ], [ 352779.163499999791384, 2840001.093800000846386 ], [ 352889.107200000435114, 2840013.625700000673532 ], [ 352999.118900000117719, 2840016.982799999415874 ], [ 353047.389200000092387, 2840017.506300000473857 ], [ 353127.750799999572337, 2840018.039100000634789 ], [ 353243.326500000432134, 2840018.805299999192357 ], [ 353254.620500000193715, 2839933.939500000327826 ] ] ] ] } },
{ "type": "Feature", "properties": { "fid": 20, "ID": 975, "ENTIDAD": 19, "MUNICIPIO": 48, "SECCION": 2068, "TIPO": 2, "CONTROL": 1337 }, "geometry": { "type": "MultiPolygon", "coordinates": [ [ [ [ 353633.14049999974668, 2840014.316600000485778 ], [ 353738.554700000211596, 2839975.78940000012517 ], [ 353863.683400000445545, 2839958.3607 ], [ 353929.715900000184774, 2839949.385199999436736 ], [ 353949.46100000012666, 2839893.612700000405312 ], [ 353964.723299999721348, 2839844.175599999725819 ], [ 353979.299899999983609, 2839796.136199999600649 ], [ 353993.324000000022352, 2839749.917700000107288 ], [ 353953.731399999931455, 2839734.513599999248981 ], [ 353940.523000000044703, 2839588.485999999567866 ], [ 353895.018000000156462, 2839590.234300000593066 ], [ 353848.993599999696016, 2839591.3608 ], [ 353771.85190000012517, 2839590.274299999698997 ], [ 353726.394500000402331, 2839588.364299999549985 ], [ 353686.288399999961257, 2839582.300699999555945 ], [ 353643.490000000223517, 2839568.52449999935925 ], [ 353504.628600000403821, 2839546.118699999526143 ], [ 353425.034799999557436, 2839532.935399999842048 ], [ 353409.247700000181794, 2839652.916899999603629 ], [ 353404.884200000204146, 2839687.983899999409914 ], [ 353397.996000000275671, 2839743.340199999511242 ], [ 353351.731200000271201, 2839738.385600000619888 ], [ 353280.782399999909103, 2839729.189099999144673 ], [ 353275.950699999928474, 2839778.996500000357628 ], [ 353271.388700000010431, 2839807.9397 ], [ 353268.337799999862909, 2839830.864700000733137 ], [ 353261.352500000037253, 2839883.354000000283122 ], [ 353254.620500000193715, 2839933.939500000327826 ], [ 353243.326500000432134, 2840018.805299999192357 ], [ 353361.549200000241399, 2840019.418999999761581 ], [ 353438.371199999935925, 2840019.817800000309944 ], [ 353518.562800000421703, 2840020.233999999240041 ], [ 353573.565499999560416, 2840022.207900000736117 ], [ 353633.14049999974668, 2840014.316600000485778 ] ] ] ] } },
{ "type": "Feature", "properties": { "fid": 21, "ID": 995, "ENTIDAD": 19, "MUNICIPIO": 48, "SECCION": 2083, "TIPO": 2, "CONTROL": 1364 }, "geometry": { "type": "MultiPolygon", "coordinates": [ [ [ [ 357497.884100000374019, 2840026.643699999898672 ], [ 357507.383600000292063, 2839886.261700000613928 ], [ 357512.269700000062585, 2839859.388000000268221 ], [ 357517.922100000083447, 2839781.768500000238419 ], [ 357534.118999999947846, 2839732.274000000208616 ], [ 357536.784799999557436, 2839715.004699999466538 ], [ 357537.461199999786913, 2839710.622700000181794 ], [ 357548.770100000314415, 2839594.184399999678135 ], [ 357115.565200000070035, 2839584.868300000205636 ], [ 357081.793899999931455, 2839577.881100000813603 ], [ 357048.283099999651313, 2839654.583599999547005 ], [ 357025.697900000028312, 2839699.259800000116229 ], [ 356964.180900000035763, 2839816.959799999371171 ], [ 357044.004200000315905, 2839848.354699999094009 ], [ 357130.632500000298023, 2839882.426100000739098 ], [ 357145.954400000162423, 2839890.08699999935925 ], [ 357228.969700000248849, 2839922.906999999657273 ], [ 357295.716300000436604, 2839949.295199999585748 ], [ 357325.638700000010431, 2839961.125 ], [ 357404.010700000450015, 2839995.668099999427795 ], [ 357472.589700000360608, 2840025.894799999892712 ], [ 357489.442499999888241, 2840031.9452 ], [ 357497.884100000374019, 2840026.643699999898672 ] ] ] ] } },
{ "type": "Feature", "properties": { "fid": 22, "ID": 221, "ENTIDAD": 19, "MUNICIPIO": 48, "SECCION": 2079, "TIPO": 3, "CONTROL": 311 }, "geometry": { "type": "MultiPolygon", "coordinates": [ [ [ [ 344606.494599999859929, 2839931.690899999812245 ], [ 344942.946800000034273, 2839882.270600000396371 ], [ 345523.500500000081956, 2839723.209499999880791 ], [ 345755.042000000365078, 2839639.18889999948442 ], [ 345874.262699999846518, 2839551.248299999162555 ], [ 345965.673299999907613, 2839494.19789999909699 ], [ 346168.114599999971688, 2839596.628599999472499 ], [ 346334.365699999965727, 2839643.3388 ], [ 346497.846800000406802, 2839662.028899999335408 ], [ 346622.427600000053644, 2839604.628499999642372 ], [ 346902.329400000162423, 2839504.807900000363588 ], [ 347158.951000000350177, 2839366.97690000012517 ], [ 347538.053399999625981, 2839227.86600000038743 ], [ 347685.764299999922514, 2839190.625700000673532 ], [ 347849.015399999916553, 2839181.265699999406934 ], [ 348070.466799999587238, 2839112.655200000852346 ], [ 348251.398000000044703, 2839080.164899999275804 ], [ 348551.809899999760091, 2838992.874299999326468 ], [ 348676.540699999779463, 2838953.324100000783801 ], [ 348746.586099999956787, 2838937.293999999761581 ], [ 348816.631599999964237, 2838921.263900000602007 ], [ 349145.493700000457466, 2838879.5735 ], [ 349318.744800000451505, 2838844.613299999386072 ], [ 349478.72580000013113, 2838748.592700000852346 ], [ 349603.386599999852479, 2838701.392300000414252 ], [ 349799.857900000177324, 2838696.792300000786781 ], [ 350411.251799999736249, 2838565.45130000077188 ], [ 350571.552799999713898, 2838507.68099999986589 ], [ 350624.763199999928474, 2838461.230699999257922 ], [ 350904.544999999925494, 2838346.109899999573827 ], [ 351227.967000000178814, 2838263.679300000891089 ], [ 351284.377399999648333, 2838296.239499999210238 ], [ 351366.197900000028312, 2838315.7796 ], [ 351483.578700000420213, 2838314.559599999338388 ], [ 351787.110600000247359, 2838296.0793999992311 ], [ 352095.762600000016391, 2838280.109300000593066 ], [ 352389.174499999731779, 2838271.939200000837445 ], [ 352590.595800000242889, 2838249.438999999314547 ], [ 352726.106700000353158, 2838281.169199999421835 ], [ 352948.358099999837577, 2838309.449300000444055 ], [ 353093.879099999554455, 2838315.579299999400973 ], [ 353226.269899999722838, 2838278.489099999889731 ], [ 353343.470700000412762, 2838254.318900000303984 ], [ 353492.931599999777973, 2838120.157999999821186 ], [ 353592.012299999594688, 2838065.5777000002563 ], [ 353719.103099999949336, 2838003.0472999997437 ], [ 353925.524400000460446, 2837967.746999999508262 ], [ 354048.545199999585748, 2838032.757400000467896 ], [ 354157.550900000147521, 2838053.885299999266863 ], [ 354214.080299999564886, 2838064.842000000178814 ], [ 354149.056099999696016, 2838188.46000000089407 ], [ 354135.428399999625981, 2838214.36769999936223 ], [ 354122.993999999947846, 2838232.889399999752641 ], [ 354082.235000000335276, 2838293.60249999910593 ], [ 354071.310200000181794, 2838309.875600000843406 ], [ 354017.888100000098348, 2838389.435499999672174 ], [ 354011.511900000274181, 2838398.931500000879169 ], [ 354003.293499999679625, 2838411.17090000025928 ], [ 353982.977300000376999, 2838441.427200000733137 ], [ 353965.838299999944866, 2838472.14049999974668 ], [ 353929.038900000043213, 2838537.978900000452995 ], [ 353899.293899999931455, 2838592.242799999192357 ], [ 353948.146999999880791, 2838616.2018 ], [ 353986.173000000417233, 2838634.824500000104308 ], [ 354043.477699999697506, 2838662.954900000244379 ], [ 354081.31940000038594, 2838680.209000000730157 ], [ 354046.853400000371039, 2838783.643400000408292 ], [ 354058.491499999538064, 2838787.486099999397993 ], [ 354083.489699999801815, 2838795.740299999713898 ], [ 354103.798799999989569, 2838802.446100000292063 ], [ 354124.581899999640882, 2838809.3081 ], [ 354164.453599999658763, 2838822.482300000265241 ], [ 354181.2341, 2838828.033600000664592 ], [ 354224.174200000241399, 2838837.775699999183416 ], [ 354278.440999999642372, 2838850.082900000736117 ], [ 354318.396800000220537, 2838856.91330000013113 ], [ 354343.07050000037998, 2838861.117200000211596 ], [ 354354.367499999701977, 2838905.2544 ], [ 354349.419499999843538, 2838954.230200000107288 ], [ 354456.037200000137091, 2838933.533800000324845 ], [ 354514.403900000266731, 2838896.229699999094009 ], [ 354586.361100000329316, 2839029.329900000244379 ], [ 354685.423000000417233, 2839126.114499999210238 ], [ 354782.207600000314415, 2839191.017100000753999 ], [ 354939.340300000272691, 2839257.058399999514222 ], [ 355064.590900000184774, 2839280.969900000840425 ], [ 355183.009800000116229, 2839271.8607 ], [ 355263.853400000371039, 2839252.503799999132752 ], [ 355341.28110000025481, 2839218.344499999657273 ], [ 355440.342899999581277, 2839173.937400000169873 ], [ 355517.770600000396371, 2839127.253100000321865 ], [ 355633.912100000306964, 2839089.677799999713898 ], [ 355721.587600000202656, 2839090.816500000655651 ], [ 355783.056200000457466, 2839112.574300000444055 ], [ 355764.545199999585748, 2839035.591700000688434 ], [ 355760.301400000229478, 2839017.943299999460578 ], [ 355755.746899999678135, 2838959.872600000351667 ], [ 355745.676799999549985, 2838916.57149999961257 ], [ 355737.951000000350177, 2838899.063799999654293 ], [ 355628.78899999987334, 2838814.865900000557303 ], [ 355589.881000000052154, 2838777.501900000497699 ], [ 355489.951100000180304, 2838724.660700000822544 ], [ 355479.136300000362098, 2838720.4101 ], [ 355475.845200000330806, 2838719.116599999368191 ], [ 355471.219399999827147, 2838717.30350000038743 ], [ 355448.232499999925494, 2838708.293999999761581 ], [ 355394.126199999824166, 2838706.813200000673532 ], [ 355344.184399999678135, 2838705.061499999836087 ], [ 355330.201999999582767, 2838702.820900000631809 ], [ 355313.777700000442564, 2838696.698999999091029 ], [ 355306.923299999907613, 2838694.144099999219179 ], [ 355294.974100000225008, 2838683.863800000399351 ], [ 355245.765100000426173, 2838639.625399999320507 ], [ 355188.356300000101328, 2838625.648800000548363 ], [ 355159.71129999961704, 2838629.264000000432134 ], [ 355174.862399999983609, 2838601.180800000205636 ], [ 355222.72510000038892, 2838511.250399999320507 ], [ 355258.323400000110269, 2838476.208399999886751 ], [ 355342.869300000369549, 2838412.24269999936223 ], [ 355346.079300000332296, 2838398.722699999809265 ], [ 355352.853799999691546, 2838370.189300000667572 ], [ 355368.724499999545515, 2838303.3432 ], [ 355362.837600000202656, 2838284.218699999153614 ], [ 355357.472500000149012, 2838266.789799999445677 ], [ 355323.862900000065565, 2838157.605399999767542 ], [ 354862.529400000348687, 2836658.914300000295043 ], [ 354693.670599999837577, 2836793.717599999159575 ], [ 353956.260900000110269, 2837357.993100000545382 ], [ 353933.00069999974221, 2837322.5329 ], [ 353846.780100000090897, 2837076.091399999335408 ], [ 353812.189899999648333, 2836903.0603 ], [ 353737.512199999764562, 2836822.239900000393391 ], [ 353677.760099999606609, 2836832.849999999627471 ], [ 353670.106300000101328, 2836834.209100000560284 ], [ 353618.008600000292063, 2836843.459899999201298 ], [ 353576.068400000222027, 2837019.851099999621511 ], [ 353517.648000000044703, 2837053.611300000920892 ], [ 353429.207499999552965, 2837004.811000000685453 ], [ 353340.766900000162423, 2836956.010700000450015 ], [ 353244.985399999655783, 2836925.189500000327826 ], [ 353210.275999999605119, 2836914.020400000736117 ], [ 353143.765599999576807, 2836894.320299999788404 ], [ 353046.195000000298023, 2836821.38990000076592 ], [ 352986.894600000232458, 2836748.059399999678135 ], [ 352958.469200000166893, 2836719.654799999669194 ], [ 352850.523699999786913, 2836611.788599999621511 ], [ 352641.91469999961555, 2836498.679400000721216 ], [ 352501.971400000154972, 2836429.287499999627471 ], [ 352304.900200000032783, 2836359.947100000455976 ], [ 352133.623300000093877, 2836339.1119 ], [ 351873.577399999834597, 2836354.257099999114871 ], [ 351712.896399999968708, 2836366.137199999764562 ], [ 351206.068300000391901, 2836514.195699999108911 ], [ 350752.950299999676645, 2836628.619000000879169 ], [ 350559.210099999792874, 2836697.848899999633431 ], [ 350451.508399999700487, 2836746.514799999073148 ], [ 350348.537700000219047, 2836793.4901 ], [ 350234.207000000402331, 2836855.8805 ], [ 350013.188400000333786, 2836861.221799999475479 ], [ 349836.224499999545515, 2836870.24070000089705 ], [ 349764.843799999915063, 2836891.708499999716878 ], [ 349660.563299999572337, 2836923.071100000292063 ], [ 349513.312400000169873, 2837016.411699999123812 ], [ 349371.970700000412762, 2837084.053999999538064 ], [ 348993.075600000098348, 2837266.3893 ], [ 348801.387900000438094, 2837337.49379999935627 ], [ 348684.677199999801815, 2837420.304400000721216 ], [ 348542.609400000423193, 2837454.994000000879169 ], [ 348335.754999999888241, 2837505.55489999987185 ], [ 348043.902499999850988, 2837558.962899999693036 ], [ 347655.630599999800324, 2837658.005999999120831 ], [ 347197.587700000032783, 2837818.337099999189377 ], [ 346920.11600000038743, 2837902.8377 ], [ 346204.53139999974519, 2838088.809000000357628 ], [ 345853.239199999719858, 2838197.029699999839067 ], [ 345603.044999999925494, 2838246.010199999436736 ], [ 345578.067499999888241, 2838250.900100000202656 ], [ 345412.626400000415742, 2838303.6305 ], [ 345185.974999999627471, 2838362.1009 ], [ 345102.09389999974519, 2838402.500099999830127 ], [ 344977.233599999919534, 2838145.409499999135733 ], [ 344896.693099999800324, 2837970.308399999514222 ], [ 344798.602400000207126, 2837833.637599999085069 ], [ 344622.681300000287592, 2837853.3277000002563 ], [ 344380.599799999967217, 2837896.658099999651313 ], [ 343913.726800000295043, 2837914.278200000524521 ], [ 343556.324500000104308, 2837897.618200000375509 ], [ 343310.299399999901652, 2837886.700799999758601 ], [ 343252.082700000144541, 2837887.679500000551343 ], [ 343193.866100000217557, 2837888.658299999311566 ], [ 343251.1864, 2838033.409299999475479 ], [ 343331.465499999932945, 2838179.992799999192357 ], [ 343394.227400000207126, 2838360.849899999797344 ], [ 343418.017599999904633, 2838462.602 ], [ 343444.142699999734759, 2838536.277499999850988 ], [ 343512.268899999558926, 2838617.795099999755621 ], [ 343573.007799999788404, 2838690.473200000822544 ], [ 343647.53830000013113, 2838753.443600000813603 ], [ 343740.018899999558926, 2838828.974099999293685 ], [ 343903.45990000013262, 2838842.564200000837445 ], [ 344144.201500000432134, 2838947.144799999892712 ], [ 344211.191999999806285, 2839025.495300000533462 ], [ 344145.89159999974072, 2839153.676100000739098 ], [ 343927.350200000219047, 2839268.1568 ], [ 343752.369099999777973, 2839402.5777000002563 ], [ 343693.958700000308454, 2839437.612999999895692 ], [ 343732.74129999987781, 2839545.2982 ], [ 343811.880199999548495, 2839503.958599999547005 ], [ 344079.691899999976158, 2839485.85840000025928 ], [ 344077.901200000196695, 2839577.668800000101328 ], [ 344153.441700000315905, 2839765.58 ], [ 344187.971900000236928, 2839930.960999999195337 ], [ 344178.681900000199676, 2840043.251700000837445 ], [ 344606.494599999859929, 2839931.690899999812245 ] ] ] ] } },
{ "type": "Feature", "properties": { "fid": 23, "ID": 956, "ENTIDAD": 19, "MUNICIPIO": 48, "SECCION": 2054, "TIPO": 2, "CONTROL": 1317 }, "geometry": { "type": "MultiPolygon", "coordinates": [ [ [ [ 352850.856700000353158, 2840360.377900000661612 ], [ 352961.66370000038296, 2840363.962300000712276 ], [ 353078.43099999986589, 2840376.812100000679493 ], [ 353140.901600000448525, 2840383.686799999326468 ], [ 353197.429999999701977, 2840389.993899999186397 ], [ 353207.71239999961108, 2840311.54109999909997 ], [ 353227.121299999766052, 2840153.770999999716878 ], [ 353232.187599999830127, 2840111.5757 ], [ 353243.326500000432134, 2840018.805299999192357 ], [ 353127.750799999572337, 2840018.039100000634789 ], [ 353047.389200000092387, 2840017.506300000473857 ], [ 352999.118900000117719, 2840016.982799999415874 ], [ 352889.107200000435114, 2840013.625700000673532 ], [ 352779.163499999791384, 2840001.093800000846386 ], [ 352773.642599999904633, 2840047.267100000753999 ], [ 352766.435899999924004, 2840107.540300000458956 ], [ 352761.121100000105798, 2840151.989700000733137 ], [ 352752.864500000141561, 2840221.043800000101328 ], [ 352730.995099999941885, 2840403.951400000602007 ], [ 352850.856700000353158, 2840360.377900000661612 ] ] ] ] } },
{ "type": "Feature", "properties": { "fid": 24, "ID": 969, "ENTIDAD": 19, "MUNICIPIO": 48, "SECCION": 2063, "TIPO": 2, "CONTROL": 1330 }, "geometry": { "type": "MultiPolygon", "coordinates": [ [ [ [ 356788.602400000207126, 2840240.333699999377131 ], [ 356822.103099999949336, 2840193.142899999395013 ], [ 356872.388299999758601, 2840122.308399999514222 ], [ 356877.068599999882281, 2840115.715500000864267 ], [ 356915.368300000205636, 2840061.764399999752641 ], [ 356962.091500000096858, 2839995.947499999776483 ], [ 356990.292100000195205, 2839953.257500000298023 ], [ 356993.822399999946356, 2839947.116599999368191 ], [ 357009.745400000363588, 2839917.415699999779463 ], [ 356939.805100000463426, 2839879.6403 ], [ 356831.105399999767542, 2839823.051799999549985 ], [ 356790.177000000141561, 2839801.744699999690056 ], [ 356698.092799999751151, 2839753.806199999526143 ], [ 356549.979299999773502, 2839680.088600000366569 ], [ 356544.340599999763072, 2839669.71030000038445 ], [ 356541.337199999950826, 2839657.39809999987483 ], [ 356437.750900000333786, 2839656.027699999511242 ], [ 356402.124400000087917, 2839656.806700000539422 ], [ 356359.765300000086427, 2839657.732799999415874 ], [ 356351.888700000010431, 2839657.904999999329448 ], [ 356306.507100000046194, 2839667.156600000336766 ], [ 356278.177099999971688, 2839671.978800000622869 ], [ 356266.290500000119209, 2839672.006300000473857 ], [ 356210.99129999987781, 2839672.134400000795722 ], [ 356164.755199999548495, 2839677.271800000220537 ], [ 356152.954900000244379, 2839677.017899999395013 ], [ 356138.151999999769032, 2839676.081000000238419 ], [ 356118.933100000023842, 2839669.403599999845028 ], [ 356112.917299999855459, 2839667.340600000694394 ], [ 356077.737599999643862, 2839655.2763 ], [ 356053.314899999648333, 2839648.972400000318885 ], [ 356021.01630000025034, 2839793.366100000217557 ], [ 355988.717699999921024, 2839937.759800000116229 ], [ 355986.817800000309944, 2839948.526000000536442 ], [ 356153.468500000424683, 2840145.29700000025332 ], [ 356323.86699999962002, 2840350.049499999731779 ], [ 356456.821399999782443, 2840387.629799999296665 ], [ 356671.830400000326335, 2840405.315500000491738 ], [ 356788.602400000207126, 2840240.333699999377131 ] ] ] ] } },
{ "type": "Feature", "properties": { "fid": 25, "ID": 958, "ENTIDAD": 19, "MUNICIPIO": 48, "SECCION": 2056, "TIPO": 2, "CONTROL": 1319 }, "geometry": { "type": "MultiPolygon", "coordinates": [ [ [ [ 354072.525700000114739, 2840419.689600000157952 ], [ 354100.720499999821186, 2840419.0494 ], [ 354230.906200000084937, 2840416.0932 ], [ 354717.238900000229478, 2840414.927500000223517 ], [ 354541.315399999730289, 2840094.53830000013113 ], [ 354529.009999999776483, 2840071.3581000007689 ], [ 354413.932900000363588, 2839854.583599999547005 ], [ 354281.380199999548495, 2839912.810000000521541 ], [ 354209.142799999564886, 2839920.611999999731779 ], [ 354162.717299999669194, 2839922.364199999719858 ], [ 354112.284799999557436, 2839924.2851 ], [ 354070.947300000116229, 2839929.968299999833107 ], [ 353929.715900000184774, 2839949.385199999436736 ], [ 353863.683400000445545, 2839958.3607 ], [ 353878.701200000010431, 2840002.8366 ], [ 353886.965400000102818, 2840030.508199999108911 ], [ 353945.592799999751151, 2840103.012299999594688 ], [ 353975.405399999581277, 2840139.7972999997437 ], [ 353843.573499999940395, 2840170.63260000012815 ], [ 353815.178899999707937, 2840136.207699999213219 ], [ 353788.473699999973178, 2840158.605699999257922 ], [ 353747.492499999701977, 2840192.977 ], [ 353743.023699999786913, 2840202.585100000724196 ], [ 353738.554800000041723, 2840212.193199999630451 ], [ 353738.666699999943376, 2840218.743100000545382 ], [ 353738.794999999925494, 2840226.249299999326468 ], [ 353739.002500000409782, 2840238.392899999395013 ], [ 353821.229100000113249, 2840400.333000000566244 ], [ 353824.167100000195205, 2840405.381799999624491 ], [ 353834.18790000025183, 2840422.602099999785423 ], [ 354072.525700000114739, 2840419.689600000157952 ] ] ] ] } },
{ "type": "Feature", "properties": { "fid": 26, "ID": 957, "ENTIDAD": 19, "MUNICIPIO": 48, "SECCION": 2055, "TIPO": 2, "CONTROL": 1318 }, "geometry": { "type": "MultiPolygon", "coordinates": [ [ [ [ 353711.793700000271201, 2840424.072300000116229 ], [ 353834.18790000025183, 2840422.602099999785423 ], [ 353824.167100000195205, 2840405.381799999624491 ], [ 353821.229100000113249, 2840400.333000000566244 ], [ 353739.002500000409782, 2840238.392899999395013 ], [ 353738.794999999925494, 2840226.249299999326468 ], [ 353738.666699999943376, 2840218.743100000545382 ], [ 353738.554800000041723, 2840212.193199999630451 ], [ 353743.023699999786913, 2840202.585100000724196 ], [ 353747.492499999701977, 2840192.977 ], [ 353788.473699999973178, 2840158.605699999257922 ], [ 353815.178899999707937, 2840136.207699999213219 ], [ 353843.573499999940395, 2840170.63260000012815 ], [ 353975.405399999581277, 2840139.7972999997437 ], [ 353945.592799999751151, 2840103.012299999594688 ], [ 353886.965400000102818, 2840030.508199999108911 ], [ 353878.701200000010431, 2840002.8366 ], [ 353863.683400000445545, 2839958.3607 ], [ 353738.554700000211596, 2839975.78940000012517 ], [ 353633.14049999974668, 2840014.316600000485778 ], [ 353573.565499999560416, 2840022.207900000736117 ], [ 353518.562800000421703, 2840020.233999999240041 ], [ 353438.371199999935925, 2840019.817800000309944 ], [ 353361.549200000241399, 2840019.418999999761581 ], [ 353243.326500000432134, 2840018.805299999192357 ], [ 353232.187599999830127, 2840111.5757 ], [ 353227.121299999766052, 2840153.770999999716878 ], [ 353207.71239999961108, 2840311.54109999909997 ], [ 353197.429999999701977, 2840389.993899999186397 ], [ 353310.683000000193715, 2840406.840199999511242 ], [ 353380.460699999704957, 2840417.219499999657273 ], [ 353399.204599999822676, 2840418.573799999430776 ], [ 353491.57880000025034, 2840425.248199999332428 ], [ 353711.793700000271201, 2840424.072300000116229 ] ] ] ] } },
{ "type": "Feature", "properties": { "fid": 27, "ID": 955, "ENTIDAD": 19, "MUNICIPIO": 48, "SECCION": 2053, "TIPO": 2, "CONTROL": 1316 }, "geometry": { "type": "MultiPolygon", "coordinates": [ [ [ [ 352262.813699999824166, 2840573.971899999305606 ], [ 352390.498200000263751, 2840527.568299999460578 ], [ 352461.046699999831617, 2840501.989900000393391 ], [ 352475.597199999727309, 2840496.6864 ], [ 352489.759200000204146, 2840491.813999999314547 ], [ 352554.327899999916553, 2840468.1184 ], [ 352647.300300000235438, 2840434.398499999195337 ], [ 352667.901300000026822, 2840426.878100000321865 ], [ 352730.995099999941885, 2840403.951400000602007 ], [ 352752.864500000141561, 2840221.043800000101328 ], [ 352761.121100000105798, 2840151.989700000733137 ], [ 352766.435899999924004, 2840107.540300000458956 ], [ 352773.642599999904633, 2840047.267100000753999 ], [ 352779.163499999791384, 2840001.093800000846386 ], [ 352784.600499999709427, 2839955.621400000527501 ], [ 352790.03760000038892, 2839910.149000000208616 ], [ 352682.38910000026226, 2839897.049000000581145 ], [ 352687.908599999733269, 2839839.675100000575185 ], [ 352690.887000000104308, 2839808.714999999850988 ], [ 352693.428100000135601, 2839782.301200000569224 ], [ 352697.025399999693036, 2839744.917500000447035 ], [ 352697.400200000032783, 2839741.012499999254942 ], [ 352701.592299999669194, 2839697.436499999836087 ], [ 352705.521599999628961, 2839656.592399999499321 ], [ 352707.954199999570847, 2839631.305700000375509 ], [ 352709.20990000013262, 2839618.2533 ], [ 352718.571600000374019, 2839520.940300000831485 ], [ 352723.03870000038296, 2839474.506400000303984 ], [ 352725.676199999637902, 2839447.089600000530481 ], [ 352734.691499999724329, 2839433.831900000572205 ], [ 352739.968999999575317, 2839346.827299999073148 ], [ 352382.190000000409782, 2839250.185200000181794 ], [ 351790.020800000056624, 2839445.357200000435114 ], [ 351358.646599999628961, 2839595.062999999150634 ], [ 351242.208800000138581, 2839649.40059999935329 ], [ 350933.994400000199676, 2839796.999399999156594 ], [ 350992.887799999676645, 2839985.540500000119209 ], [ 351014.356100000441074, 2840038.0439 ], [ 351034.262299999594688, 2840086.72690000012517 ], [ 351067.593500000424683, 2840168.24269999936223 ], [ 351088.186200000345707, 2840218.604699999094009 ], [ 351108.614900000393391, 2840268.565899999812245 ], [ 351142.22580000013113, 2840350.76549999974668 ], [ 351163.926300000399351, 2840396.778200000524521 ], [ 351179.322999999858439, 2840430.2179000005126 ], [ 351192.828099999576807, 2840425.6064 ], [ 351195.348299999721348, 2840431.502800000831485 ], [ 351301.217899999581277, 2840369.365900000557303 ], [ 351377.438799999654293, 2840330.156700000166893 ], [ 351498.363199999555945, 2840282.650699999183416 ], [ 351514.106399999931455, 2840324.054999999701977 ], [ 351529.849499999545515, 2840365.459300000220537 ], [ 351545.33420000039041, 2840395.754899999126792 ], [ 351649.420800000429153, 2840358.355499999597669 ], [ 351696.230100000277162, 2840341.549000000581145 ], [ 351787.081000000238419, 2840310.157800000160933 ], [ 351894.424599999561906, 2840270.388699999079108 ], [ 352004.305200000293553, 2840230.219699999317527 ], [ 352011.601800000295043, 2840227.552300000563264 ], [ 352114.185800000093877, 2840190.050699999555945 ], [ 352128.854100000113249, 2840231.1656 ], [ 352137.799899999983609, 2840256.240299999713898 ], [ 352143.522499999962747, 2840272.280500000342727 ], [ 352158.056900000199676, 2840313.020199999213219 ], [ 352173.813299999572337, 2840357.185000000521541 ], [ 352188.356900000013411, 2840397.950200000777841 ], [ 352203.206000000238419, 2840439.571699999272823 ], [ 352218.249800000339746, 2840481.739199999719858 ], [ 352232.497000000439584, 2840521.67369999922812 ], [ 352252.563099999912083, 2840577.693800000473857 ], [ 352262.813699999824166, 2840573.971899999305606 ] ] ] ] } },
{ "type": "Feature", "properties": { "fid": 28, "ID": 959, "ENTIDAD": 19, "MUNICIPIO": 48, "SECCION": 2057, "TIPO": 2, "CONTROL": 1320 }, "geometry": { "type": "MultiPolygon", "coordinates": [ [ [ [ 355060.350399999879301, 2840612.120500000193715 ], [ 355153.321100000292063, 2840573.469799999147654 ], [ 355219.08600000012666, 2840558.523199999704957 ], [ 355222.265599999576807, 2840557.800599999725819 ], [ 355252.559399999678135, 2840555.711300000548363 ], [ 355268.376699999906123, 2840555.357999999076128 ], [ 355529.333800000138581, 2840549.529500000178814 ], [ 355783.227800000458956, 2840543.85869999974966 ], [ 355930.517599999904633, 2840539.460400000214577 ], [ 355930.505199999548495, 2840537.114399999380112 ], [ 355930.479500000365078, 2840532.240900000557303 ], [ 355930.453700000420213, 2840527.36739999987185 ], [ 355886.122299999929965, 2840445.671 ], [ 355907.021399999968708, 2840408.3059 ], [ 355981.415000000037253, 2840409.36119999922812 ], [ 355996.317499999888241, 2840409.572499999776483 ], [ 356613.911700000055134, 2840413.35950000025332 ], [ 356671.830400000326335, 2840405.315500000491738 ], [ 356456.821399999782443, 2840387.629799999296665 ], [ 356323.86699999962002, 2840350.049499999731779 ], [ 356153.468500000424683, 2840145.29700000025332 ], [ 355986.817800000309944, 2839948.526000000536442 ], [ 355988.717699999921024, 2839937.759800000116229 ], [ 356021.01630000025034, 2839793.366100000217557 ], [ 356053.314899999648333, 2839648.972400000318885 ], [ 356031.9046, 2839643.112700000405312 ], [ 355993.150799999944866, 2839632.50650000013411 ], [ 355976.836199999786913, 2839621.025800000876188 ], [ 355967.861999999731779, 2839614.710699999704957 ], [ 355942.267799999564886, 2839596.699899999424815 ], [ 355907.654500000178814, 2839572.342399999499321 ], [ 355894.988400000147521, 2839563.7928 ], [ 355860.156600000336766, 2839590.074999999254942 ], [ 355781.701399999670684, 2839606.0713 ], [ 355715.344499999657273, 2839619.6009 ], [ 355663.915500000119209, 2839625.692800000309944 ], [ 355556.08490000013262, 2839650.006799999624491 ], [ 355520.973299999721348, 2839659.675499999895692 ], [ 355499.994199999608099, 2839665.452500000596046 ], [ 355461.701000000350177, 2839675.997199999168515 ], [ 355406.879200000315905, 2839691.742499999701977 ], [ 355385.143600000068545, 2839684.960200000554323 ], [ 355353.741799999959767, 2839667.341600000858307 ], [ 355321.43059999961406, 2839648.6875 ], [ 355310.859000000171363, 2839651.266000000759959 ], [ 355289.199900000356138, 2839664.158299999311566 ], [ 355284.94550000037998, 2839675.2456 ], [ 355282.142599999904633, 2839682.550100000575185 ], [ 355280.690999999642372, 2839686.333000000566244 ], [ 355276.049800000153482, 2839702.577299999073148 ], [ 355262.32880000025034, 2839716.2983 ], [ 355255.422100000083447, 2839723.205 ], [ 355197.664599999785423, 2839751.568 ], [ 355161.050499999895692, 2839765.491699999198318 ], [ 355091.649500000290573, 2839769.4956 ], [ 354946.52280000038445, 2839777.8684 ], [ 354871.392199999652803, 2839783.510199999436736 ], [ 354534.485100000165403, 2839808.809900000691414 ], [ 354413.932900000363588, 2839854.583599999547005 ], [ 354529.009999999776483, 2840071.3581000007689 ], [ 354541.315399999730289, 2840094.53830000013113 ], [ 354717.238900000229478, 2840414.927500000223517 ], [ 354854.556400000117719, 2840412.087200000882149 ], [ 355129.525999999605119, 2840406.399700000882149 ], [ 355134.779900000430644, 2840406.290999999269843 ], [ 355140.222500000149012, 2840406.2642 ], [ 355418.302600000053644, 2840404.894799999892712 ], [ 355276.7193, 2840455.46030000038445 ], [ 355209.642400000244379, 2840481.05599999986589 ], [ 355202.359699999913573, 2840486.165400000289083 ], [ 355102.634300000034273, 2840556.130999999120831 ], [ 354994.53969999961555, 2840631.9682 ], [ 355060.350399999879301, 2840612.120500000193715 ] ] ] ] } },
{ "type": "Feature", "properties": { "fid": 29, "ID": 954, "ENTIDAD": 19, "MUNICIPIO": 48, "SECCION": 2052, "TIPO": 2, "CONTROL": 1315 }, "geometry": { "type": "MultiPolygon", "coordinates": [ [ [ [ 352096.658999999985099, 2840634.312999999150634 ], [ 352124.168600000441074, 2840624.273299999535084 ], [ 352145.501000000163913, 2840616.574300000444055 ], [ 352211.828900000080466, 2840592.457599999383092 ], [ 352252.563099999912083, 2840577.693800000473857 ], [ 352232.497000000439584, 2840521.67369999922812 ], [ 352218.249800000339746, 2840481.739199999719858 ], [ 352203.206000000238419, 2840439.571699999272823 ], [ 352188.356900000013411, 2840397.950200000777841 ], [ 352173.813299999572337, 2840357.185000000521541 ], [ 352158.056900000199676, 2840313.020199999213219 ], [ 352143.522499999962747, 2840272.280500000342727 ], [ 352137.799899999983609, 2840256.240299999713898 ], [ 352128.854100000113249, 2840231.1656 ], [ 352114.185800000093877, 2840190.050699999555945 ], [ 352011.601800000295043, 2840227.552300000563264 ], [ 352004.305200000293553, 2840230.219699999317527 ], [ 351894.424599999561906, 2840270.388699999079108 ], [ 351909.174800000153482, 2840309.987600000575185 ], [ 351924.918999999761581, 2840352.255100000649691 ], [ 351940.810899999924004, 2840394.919199999421835 ], [ 351956.221599999815226, 2840436.291300000622869 ], [ 351971.63219999987632, 2840477.6634 ], [ 351986.950500000268221, 2840518.787499999627471 ], [ 352002.720800000242889, 2840561.125099999830127 ], [ 352018.317099999636412, 2840602.995500000193715 ], [ 352037.928299999795854, 2840655.644799999892712 ], [ 352096.658999999985099, 2840634.312999999150634 ] ] ] ] } },
{ "type": "Feature", "properties": { "fid": 30, "ID": 953, "ENTIDAD": 19, "MUNICIPIO": 48, "SECCION": 2051, "TIPO": 2, "CONTROL": 1314 }, "geometry": { "type": "MultiPolygon", "coordinates": [ [ [ [ 351766.646900000050664, 2840754.145400000736117 ], [ 351817.786899999715388, 2840735.573300000280142 ], [ 351855.157200000248849, 2840721.979800000786781 ], [ 351927.860399999655783, 2840695.615399999544024 ], [ 351940.172600000165403, 2840691.1469 ], [ 352037.928299999795854, 2840655.644799999892712 ], [ 352018.317099999636412, 2840602.995500000193715 ], [ 352002.720800000242889, 2840561.125099999830127 ], [ 351986.950500000268221, 2840518.787499999627471 ], [ 351971.63219999987632, 2840477.6634 ], [ 351956.221599999815226, 2840436.291300000622869 ], [ 351940.810899999924004, 2840394.919199999421835 ], [ 351924.918999999761581, 2840352.255100000649691 ], [ 351909.174800000153482, 2840309.987600000575185 ], [ 351894.424599999561906, 2840270.388699999079108 ], [ 351787.081000000238419, 2840310.157800000160933 ], [ 351696.230100000277162, 2840341.549000000581145 ], [ 351649.420800000429153, 2840358.355499999597669 ], [ 351545.33420000039041, 2840395.754899999126792 ], [ 351549.220300000160933, 2840407.163200000301003 ], [ 351566.153199999593198, 2840428.296399999409914 ], [ 351584.021399999968708, 2840470.875099999830127 ], [ 351599.576500000432134, 2840514.597400000318885 ], [ 351615.293200000189245, 2840558.799599999561906 ], [ 351629.768500000238419, 2840599.804300000891089 ], [ 351645.576999999582767, 2840641.9397 ], [ 351661.412399999797344, 2840683.32120000012219 ], [ 351678.709599999710917, 2840727.1623 ], [ 351697.79839999973774, 2840779.163499999791384 ], [ 351766.646900000050664, 2840754.145400000736117 ] ] ] ] } },
{ "type": "Feature", "properties": { "fid": 31, "ID": 952, "ENTIDAD": 19, "MUNICIPIO": 48, "SECCION": 2050, "TIPO": 2, "CONTROL": 1313 }, "geometry": { "type": "MultiPolygon", "coordinates": [ [ [ [ 351675.005900000222027, 2840787.431800000369549 ], [ 351680.487499999813735, 2840785.443299999460578 ], [ 351697.79839999973774, 2840779.163499999791384 ], [ 351678.709599999710917, 2840727.1623 ], [ 351661.412399999797344, 2840683.32120000012219 ], [ 351645.576999999582767, 2840641.9397 ], [ 351629.768500000238419, 2840599.804300000891089 ], [ 351615.293200000189245, 2840558.799599999561906 ], [ 351599.576500000432134, 2840514.597400000318885 ], [ 351584.021399999968708, 2840470.875099999830127 ], [ 351566.153199999593198, 2840428.296399999409914 ], [ 351549.220300000160933, 2840407.163200000301003 ], [ 351545.33420000039041, 2840395.754899999126792 ], [ 351529.849499999545515, 2840365.459300000220537 ], [ 351514.106399999931455, 2840324.054999999701977 ], [ 351498.363199999555945, 2840282.650699999183416 ], [ 351377.438799999654293, 2840330.156700000166893 ], [ 351301.217899999581277, 2840369.365900000557303 ], [ 351195.348299999721348, 2840431.502800000831485 ], [ 351205.870699999853969, 2840456.121400000527501 ], [ 351226.428000000305474, 2840504.217599999159575 ], [ 351242.107599999755621, 2840540.902000000700355 ], [ 351262.658900000154972, 2840588.984200000762939 ], [ 351296.332899999804795, 2840575.029200000688434 ], [ 351372.345999999903142, 2840543.528300000354648 ], [ 351385.387500000186265, 2840576.633600000292063 ], [ 351389.474299999885261, 2840587.007799999788404 ], [ 351406.602699999697506, 2840630.487400000914931 ], [ 351459.366499999538064, 2840611.360200000926852 ], [ 351476.724899999797344, 2840654.74239999987185 ], [ 351494.248800000175834, 2840698.876599999144673 ], [ 351495.867499999701977, 2840702.953299999237061 ], [ 351519.938699999824166, 2840722.645199999213219 ], [ 351531.974100000225008, 2840732.49100000038743 ], [ 351574.788399999961257, 2840767.516000000759959 ], [ 351623.57010000012815, 2840807.422499999403954 ], [ 351675.005900000222027, 2840787.431800000369549 ] ] ] ] } },
{ "type": "Feature", "properties": { "fid": 32, "ID": 967, "ENTIDAD": 19, "MUNICIPIO": 48, "SECCION": 2062, "TIPO": 2, "CONTROL": 1328 }, "geometry": { "type": "MultiPolygon", "coordinates": [ [ [ [ 357052.309600000269711, 2840866.829500000923872 ], [ 357101.039499999955297, 2840842.018500000238419 ], [ 357148.593700000084937, 2840834.6075 ], [ 357186.26659999974072, 2840836.46030000038445 ], [ 357285.080500000156462, 2840850.664799999445677 ], [ 357309.166400000452995, 2840851.899900000542402 ], [ 357376.48340000025928, 2840848.812000000849366 ], [ 357476.264999999664724, 2840828.747300000861287 ], [ 357533.780299999751151, 2840821.179500000551343 ], [ 357582.214200000278652, 2840809.8278 ], [ 357648.810899999924004, 2840797.7193 ], [ 357588.331399999558926, 2840721.17119999974966 ], [ 357563.373100000433624, 2840687.833399999886751 ], [ 357551.148900000378489, 2840577.970000000670552 ], [ 357541.433000000193715, 2840502.113800000399351 ], [ 357523.430700000375509, 2840490.07909999974072 ], [ 357520.827800000086427, 2840486.4222 ], [ 357515.1091, 2840478.388000000268221 ], [ 357466.669999999925494, 2840410.3355 ], [ 357451.404099999926984, 2840382.08669999986887 ], [ 357458.464399999938905, 2840373.543500000610948 ], [ 357467.181499999947846, 2840363.011399999260902 ], [ 357486.518099999986589, 2840353.213600000366569 ], [ 357550.118599999696016, 2840376.019200000911951 ], [ 357549.899299999698997, 2840365.081900000572205 ], [ 357472.589700000360608, 2840025.894799999892712 ], [ 357404.010700000450015, 2839995.668099999427795 ], [ 357325.638700000010431, 2839961.125 ], [ 357295.716300000436604, 2839949.295199999585748 ], [ 357228.969700000248849, 2839922.906999999657273 ], [ 357145.954400000162423, 2839890.08699999935925 ], [ 357130.632500000298023, 2839882.426100000739098 ], [ 357044.004200000315905, 2839848.354699999094009 ], [ 356964.180900000035763, 2839816.959799999371171 ], [ 356939.805100000463426, 2839879.6403 ], [ 357009.745400000363588, 2839917.415699999779463 ], [ 356993.822399999946356, 2839947.116599999368191 ], [ 356990.292100000195205, 2839953.257500000298023 ], [ 356962.091500000096858, 2839995.947499999776483 ], [ 356915.368300000205636, 2840061.764399999752641 ], [ 356877.068599999882281, 2840115.715500000864267 ], [ 356872.388299999758601, 2840122.308399999514222 ], [ 356822.103099999949336, 2840193.142899999395013 ], [ 356788.602400000207126, 2840240.333699999377131 ], [ 356671.830400000326335, 2840405.315500000491738 ], [ 356613.911700000055134, 2840413.35950000025332 ], [ 356621.239599999971688, 2840515.304199999198318 ], [ 356621.916199999861419, 2840524.716299999505281 ], [ 356622.988099999725819, 2840539.629300000146031 ], [ 356628.539800000376999, 2840567.387499999254942 ], [ 356688.346499999985099, 2840722.948599999770522 ], [ 356725.440999999642372, 2840823.7719 ], [ 356727.459800000302494, 2840833.361099999397993 ], [ 356725.945700000040233, 2840850.016000000759959 ], [ 356718.614000000059605, 2840864.932199999690056 ], [ 356887.972000000067055, 2840927.863199999555945 ], [ 357052.309600000269711, 2840866.829500000923872 ] ] ] ] } },
{ "type": "Feature", "properties": { "fid": 33, "ID": 965, "ENTIDAD": 19, "MUNICIPIO": 48, "SECCION": 2061, "TIPO": 2, "CONTROL": 1326 }, "geometry": { "type": "MultiPolygon", "coordinates": [ [ [ [ 357200.822399999946356, 2841030.519899999722838 ], [ 357208.199799999594688, 2841027.048100000247359 ], [ 357233.081600000150502, 2841024.98960000090301 ], [ 357278.552199999801815, 2841021.227600000798702 ], [ 357388.987800000235438, 2841010.5274 ], [ 357486.285799999721348, 2841001.526900000870228 ], [ 357529.389600000344217, 2840997.887000000104308 ], [ 357556.354199999943376, 2840995.300300000235438 ], [ 357589.39989999961108, 2840992.132999999448657 ], [ 357595.098399999551475, 2840991.583499999716878 ], [ 357620.842299999669194, 2840989.101099999621511 ], [ 357651.239199999719858, 2840986.17 ], [ 357703.572700000368059, 2840981.123500000685453 ], [ 357701.262400000356138, 2840965.228900000452995 ], [ 357697.424399999901652, 2840930.862700000405312 ], [ 357702.189799999818206, 2840879.2599 ], [ 357683.327499999664724, 2840850.43019999936223 ], [ 357668.343100000172853, 2840827.545399999246001 ], [ 357648.810899999924004, 2840797.7193 ], [ 357582.214200000278652, 2840809.8278 ], [ 357533.780299999751151, 2840821.179500000551343 ], [ 357476.264999999664724, 2840828.747300000861287 ], [ 357376.48340000025928, 2840848.812000000849366 ], [ 357309.166400000452995, 2840851.899900000542402 ], [ 357285.080500000156462, 2840850.664799999445677 ], [ 357186.26659999974072, 2840836.46030000038445 ], [ 357148.593700000084937, 2840834.6075 ], [ 357101.039499999955297, 2840842.018500000238419 ], [ 357052.309600000269711, 2840866.829500000923872 ], [ 357054.095599999651313, 2840876.584000000730157 ], [ 357058.501400000415742, 2840900.646299999207258 ], [ 357059.995400000363588, 2840908.805600000545382 ], [ 357073.354700000025332, 2840961.364 ], [ 357085.809600000269711, 2841010.364 ], [ 357098.871299999766052, 2841061.751499999314547 ], [ 357104.927600000053644, 2841085.578199999406934 ], [ 357200.822399999946356, 2841030.519899999722838 ] ] ] ] } },
{ "type": "Feature", "properties": { "fid": 34, "ID": 896, "ENTIDAD": 19, "MUNICIPIO": 48, "SECCION": 2043, "TIPO": 2, "CONTROL": 1248 }, "geometry": { "type": "MultiPolygon", "coordinates": [ [ [ [ 353221.998399999924004, 2841059.388499999418855 ], [ 353229.949400000274181, 2841002.288100000470877 ], [ 353232.971400000154972, 2840980.58559999987483 ], [ 353241.036899999715388, 2840921.627900000661612 ], [ 353248.880900000222027, 2840864.292300000786781 ], [ 353265.18790000025183, 2840745.273399999365211 ], [ 353150.988099999725819, 2840722.781199999153614 ], [ 353034.118200000375509, 2840703.88429999910295 ], [ 352920.253999999724329, 2840687.411800000816584 ], [ 352908.939600000157952, 2840764.7862 ], [ 352902.709999999962747, 2840807.387299999594688 ], [ 352896.416699999943376, 2840850.424100000411272 ], [ 352894.936599999666214, 2840860.8059 ], [ 352891.493300000205636, 2840890.81110000051558 ], [ 352886.823900000192225, 2840931.502000000327826 ], [ 352883.572200000286102, 2840959.837799999862909 ], [ 352876.980499999597669, 2841017.2804000005126 ], [ 352870.835099999792874, 2841085.554099999368191 ], [ 352980.786799999885261, 2841088.589099999517202 ], [ 353101.573099999688566, 2841091.9232 ], [ 353217.027099999599159, 2841095.089999999850988 ], [ 353221.998399999924004, 2841059.388499999418855 ] ] ] ] } },
{ "type": "Feature", "properties": { "fid": 35, "ID": 962, "ENTIDAD": 19, "MUNICIPIO": 48, "SECCION": 2059, "TIPO": 2, "CONTROL": 1323 }, "geometry": { "type": "MultiPolygon", "coordinates": [ [ [ [ 356899.185499999672174, 2841158.297399999573827 ], [ 356970.641499999910593, 2841142.42710000090301 ], [ 357048.633899999782443, 2841124.1513 ], [ 357104.927600000053644, 2841085.578199999406934 ], [ 357098.871299999766052, 2841061.751499999314547 ], [ 357085.809600000269711, 2841010.364 ], [ 357073.354700000025332, 2840961.364 ], [ 357059.995400000363588, 2840908.805600000545382 ], [ 357058.501400000415742, 2840900.646299999207258 ], [ 357054.095599999651313, 2840876.584000000730157 ], [ 357052.309600000269711, 2840866.829500000923872 ], [ 356887.972000000067055, 2840927.863199999555945 ], [ 356718.614000000059605, 2840864.932199999690056 ], [ 356711.950000000186265, 2840878.4693 ], [ 356707.639299999922514, 2840887.225999999791384 ], [ 356694.493800000287592, 2840913.929300000891089 ], [ 356689.840900000184774, 2840931.747899999842048 ], [ 356698.91370000038296, 2840952.362299999222159 ], [ 356722.10329999960959, 2841008.350299999117851 ], [ 356737.458599999547005, 2841048.197599999606609 ], [ 356754.173299999907613, 2841095.738600000739098 ], [ 356772.3114, 2841149.415500000119209 ], [ 356841.837899999693036, 2841160.071100000292063 ], [ 356899.185499999672174, 2841158.297399999573827 ] ] ] ] } },
{ "type": "Feature", "properties": { "fid": 36, "ID": 961, "ENTIDAD": 19, "MUNICIPIO": 48, "SECCION": 2058, "TIPO": 2, "CONTROL": 1322 }, "geometry": { "type": "MultiPolygon", "coordinates": [ [ [ [ 356275.00069999974221, 2841312.932900000363588 ], [ 356296.679299999959767, 2841309.4792 ], [ 356278.361100000329316, 2841269.107200000435114 ], [ 356262.2352, 2841232.188100000843406 ], [ 356260.080500000156462, 2841227.255000000819564 ], [ 356244.731100000441074, 2841184.228700000792742 ], [ 356283.051799999549985, 2841176.221400000154972 ], [ 356408.177500000223517, 2841159.560599999502301 ], [ 356450.546500000171363, 2841153.919099999591708 ], [ 356479.914900000207126, 2841151.0548 ], [ 356493.485500000417233, 2841149.731300000101328 ], [ 356534.666799999773502, 2841148.794800000265241 ], [ 356644.688299999572337, 2841147.39919999986887 ], [ 356663.068400000222027, 2841147.165999999269843 ], [ 356772.3114, 2841149.415500000119209 ], [ 356754.173299999907613, 2841095.738600000739098 ], [ 356737.458599999547005, 2841048.197599999606609 ], [ 356722.10329999960959, 2841008.350299999117851 ], [ 356698.91370000038296, 2840952.362299999222159 ], [ 356689.840900000184774, 2840931.747899999842048 ], [ 356694.493800000287592, 2840913.929300000891089 ], [ 356707.639299999922514, 2840887.225999999791384 ], [ 356711.950000000186265, 2840878.4693 ], [ 356718.614000000059605, 2840864.932199999690056 ], [ 356725.945700000040233, 2840850.016000000759959 ], [ 356727.459800000302494, 2840833.361099999397993 ], [ 356725.440999999642372, 2840823.7719 ], [ 356688.346499999985099, 2840722.948599999770522 ], [ 356628.539800000376999, 2840567.387499999254942 ], [ 356622.988099999725819, 2840539.629300000146031 ], [ 356621.916199999861419, 2840524.716299999505281 ], [ 356621.239599999971688, 2840515.304199999198318 ], [ 356613.911700000055134, 2840413.35950000025332 ], [ 355996.317499999888241, 2840409.572499999776483 ], [ 355981.415000000037253, 2840409.36119999922812 ], [ 355907.021399999968708, 2840408.3059 ], [ 355886.122299999929965, 2840445.671 ], [ 355930.453700000420213, 2840527.36739999987185 ], [ 355930.479500000365078, 2840532.240900000557303 ], [ 355930.505199999548495, 2840537.114399999380112 ], [ 355930.517599999904633, 2840539.460400000214577 ], [ 356018.227099999785423, 2840763.540899999439716 ], [ 356028.2659, 2840788.407500000670552 ], [ 356057.862999999895692, 2840861.693199999630451 ], [ 356060.411999999545515, 2840868.089800000190735 ], [ 356155.868599999696016, 2841107.632799999788404 ], [ 356192.708499999716878, 2841200.08049999922514 ], [ 356156.609899999573827, 2841213.398199999704957 ], [ 356165.69469999987632, 2841251.406300000846386 ], [ 356173.958499999716878, 2841285.979100000113249 ], [ 356183.910600000061095, 2841327.445000000298023 ], [ 356275.00069999974221, 2841312.932900000363588 ] ] ] ] } },
{ "type": "Feature", "properties": { "fid": 37, "ID": 963, "ENTIDAD": 19, "MUNICIPIO": 48, "SECCION": 2060, "TIPO": 2, "CONTROL": 1324 }, "geometry": { "type": "MultiPolygon", "coordinates": [ [ [ [ 356729.248700000345707, 2841361.259099999442697 ], [ 356734.309600000269711, 2841360.0877 ], [ 356836.367499999701977, 2841336.464700000360608 ], [ 356960.562199999578297, 2841308.145600000396371 ], [ 356966.291600000113249, 2841306.839099999517202 ], [ 357032.588299999944866, 2841291.5658 ], [ 357041.314299999736249, 2841289.732300000265241 ], [ 357098.682500000111759, 2841276.651100000366569 ], [ 357171.450799999758601, 2841260.058299999684095 ], [ 357243.875900000333786, 2841239.69649999961257 ], [ 357342.88150000013411, 2841216.919199999421835 ], [ 357402.617700000293553, 2841203.176300000399351 ], [ 357456.487200000323355, 2841190.782999999821186 ], [ 357496.338700000196695, 2841181.614700000733137 ], [ 357592.775100000202656, 2841159.42850000038743 ], [ 357627.938000000081956, 2841151.338899999856949 ], [ 357725.413200000301003, 2841128.913699999451637 ], [ 357714.492999999783933, 2841055.0186 ], [ 357703.572700000368059, 2840981.123500000685453 ], [ 357651.239199999719858, 2840986.17 ], [ 357620.842299999669194, 2840989.101099999621511 ], [ 357595.098399999551475, 2840991.583499999716878 ], [ 357589.39989999961108, 2840992.132999999448657 ], [ 357556.354199999943376, 2840995.300300000235438 ], [ 357529.389600000344217, 2840997.887000000104308 ], [ 357486.285799999721348, 2841001.526900000870228 ], [ 357388.987800000235438, 2841010.5274 ], [ 357278.552199999801815, 2841021.227600000798702 ], [ 357233.081600000150502, 2841024.98960000090301 ], [ 357208.199799999594688, 2841027.048100000247359 ], [ 357200.822399999946356, 2841030.519899999722838 ], [ 357104.927600000053644, 2841085.578199999406934 ], [ 357048.633899999782443, 2841124.1513 ], [ 356970.641499999910593, 2841142.42710000090301 ], [ 356899.185499999672174, 2841158.297399999573827 ], [ 356841.837899999693036, 2841160.071100000292063 ], [ 356772.3114, 2841149.415500000119209 ], [ 356663.068400000222027, 2841147.165999999269843 ], [ 356644.688299999572337, 2841147.39919999986887 ], [ 356534.666799999773502, 2841148.794800000265241 ], [ 356493.485500000417233, 2841149.731300000101328 ], [ 356520.411399999633431, 2841268.877399999648333 ], [ 356563.307699999772012, 2841260.869999999180436 ], [ 356568.212299999780953, 2841287.222500000149012 ], [ 356575.82909999974072, 2841328.147600000724196 ], [ 356581.587100000120699, 2841359.08530000038445 ], [ 356586.727800000458956, 2841386.706700000911951 ], [ 356729.248700000345707, 2841361.259099999442697 ] ] ] ] } },
{ "type": "Feature", "properties": { "fid": 38, "ID": 895, "ENTIDAD": 19, "MUNICIPIO": 48, "SECCION": 2042, "TIPO": 2, "CONTROL": 1247 }, "geometry": { "type": "MultiPolygon", "coordinates": [ [ [ [ 354553.517500000074506, 2840937.928400000557303 ], [ 354561.906999999657273, 2840932.063100000843406 ], [ 354830.982200000435114, 2840742.61879999935627 ], [ 354906.976999999955297, 2840691.206499999389052 ], [ 354994.53969999961555, 2840631.9682 ], [ 355102.634300000034273, 2840556.130999999120831 ], [ 355202.359699999913573, 2840486.165400000289083 ], [ 355209.642400000244379, 2840481.05599999986589 ], [ 355276.7193, 2840455.46030000038445 ], [ 355418.302600000053644, 2840404.894799999892712 ], [ 355140.222500000149012, 2840406.2642 ], [ 355134.779900000430644, 2840406.290999999269843 ], [ 355129.525999999605119, 2840406.399700000882149 ], [ 354854.556400000117719, 2840412.087200000882149 ], [ 354717.238900000229478, 2840414.927500000223517 ], [ 354230.906200000084937, 2840416.0932 ], [ 354100.720499999821186, 2840419.0494 ], [ 354072.525700000114739, 2840419.689600000157952 ], [ 353834.18790000025183, 2840422.602099999785423 ], [ 353711.793700000271201, 2840424.072300000116229 ], [ 353491.57880000025034, 2840425.248199999332428 ], [ 353399.204599999822676, 2840418.573799999430776 ], [ 353380.460699999704957, 2840417.219499999657273 ], [ 353310.683000000193715, 2840406.840199999511242 ], [ 353197.429999999701977, 2840389.993899999186397 ], [ 353140.901600000448525, 2840383.686799999326468 ], [ 353078.43099999986589, 2840376.812100000679493 ], [ 352961.66370000038296, 2840363.962300000712276 ], [ 352949.158200000412762, 2840461.6418999992311 ], [ 352939.366200000047684, 2840538.1272 ], [ 352927.821600000374019, 2840628.30210000090301 ], [ 352920.253999999724329, 2840687.411800000816584 ], [ 353034.118200000375509, 2840703.88429999910295 ], [ 353150.988099999725819, 2840722.781199999153614 ], [ 353265.18790000025183, 2840745.273399999365211 ], [ 353248.880900000222027, 2840864.292300000786781 ], [ 353241.036899999715388, 2840921.627900000661612 ], [ 353232.971400000154972, 2840980.58559999987483 ], [ 353229.949400000274181, 2841002.288100000470877 ], [ 353221.998399999924004, 2841059.388499999418855 ], [ 353217.027099999599159, 2841095.089999999850988 ], [ 353209.074199999682605, 2841156.25870000012219 ], [ 353196.177500000223517, 2841181.705900000408292 ], [ 353208.759700000286102, 2841202.938500000163913 ], [ 353219.769199999980628, 2841213.161599999293685 ], [ 353252.404500000178814, 2841233.214600000530481 ], [ 353298.055700000375509, 2841238.409299999475479 ], [ 353323.7027000002563, 2841239.779799999669194 ], [ 353403.180499999783933, 2841235.603700000792742 ], [ 353436.813400000333786, 2841237.146500000730157 ], [ 353474.167000000365078, 2841239.112500000745058 ], [ 353520.17090000025928, 2841247.762800000607967 ], [ 353553.551900000311434, 2841250.920399999246001 ], [ 353575.121700000017881, 2841251.056099999696016 ], [ 353614.144799999892712, 2841251.3015 ], [ 353825.128499999642372, 2841234.8915 ], [ 353887.251799999736249, 2841307.850299999117851 ], [ 353900.72510000038892, 2841394.312899999320507 ], [ 354553.517500000074506, 2840937.928400000557303 ] ] ] ] } },
{ "type": "Feature", "properties": { "fid": 39, "ID": 845, "ENTIDAD": 19, "MUNICIPIO": 48, "SECCION": 2018, "TIPO": 2, "CONTROL": 1181 }, "geometry": { "type": "MultiPolygon", "coordinates": [ [ [ [ 356560.06290000025183, 2841534.744599999859929 ], [ 356613.912200000137091, 2841527.511099999770522 ], [ 356796.592699999921024, 2841503.937899999320507 ], [ 356775.436900000087917, 2841459.116100000217557 ], [ 356754.281200000084937, 2841414.294399999082088 ], [ 356729.248700000345707, 2841361.259099999442697 ], [ 356586.727800000458956, 2841386.706700000911951 ], [ 356581.587100000120699, 2841359.08530000038445 ], [ 356575.82909999974072, 2841328.147600000724196 ], [ 356568.212299999780953, 2841287.222500000149012 ], [ 356563.307699999772012, 2841260.869999999180436 ], [ 356520.411399999633431, 2841268.877399999648333 ], [ 356493.485500000417233, 2841149.731300000101328 ], [ 356479.914900000207126, 2841151.0548 ], [ 356450.546500000171363, 2841153.919099999591708 ], [ 356408.177500000223517, 2841159.560599999502301 ], [ 356283.051799999549985, 2841176.221400000154972 ], [ 356244.731100000441074, 2841184.228700000792742 ], [ 356260.080500000156462, 2841227.255000000819564 ], [ 356262.2352, 2841232.188100000843406 ], [ 356278.361100000329316, 2841269.107200000435114 ], [ 356296.679299999959767, 2841309.4792 ], [ 356307.714900000020862, 2841335.316199999302626 ], [ 356324.118900000117719, 2841373.722300000488758 ], [ 356330.893099999986589, 2841389.244300000369549 ], [ 356344.462299999780953, 2841420.335999999195337 ], [ 356364.481100000441074, 2841466.205800000578165 ], [ 356367.098699999973178, 2841465.840399999171495 ], [ 356369.716300000436604, 2841465.474899999797344 ], [ 356495.933100000023842, 2841447.852900000289083 ], [ 356490.725300000049174, 2841497.676100000739098 ], [ 356485.808199999853969, 2841544.719100000336766 ], [ 356560.06290000025183, 2841534.744599999859929 ] ] ] ] } },
{ "type": "Feature", "properties": { "fid": 40, "ID": 848, "ENTIDAD": 19, "MUNICIPIO": 48, "SECCION": 2019, "TIPO": 2, "CONTROL": 1185 }, "geometry": { "type": "MultiPolygon", "coordinates": [ [ [ [ 355261.016200000420213, 2841566.306600000709295 ], [ 355295.627899999730289, 2841561.937000000849366 ], [ 355482.268099999986589, 2841535.595599999651313 ], [ 355670.371700000017881, 2841510.660900000482798 ], [ 355808.184500000439584, 2841492.392699999734759 ], [ 356161.115299999713898, 2841446.457699999213219 ], [ 356211.3277000002563, 2841438.54839999973774 ], [ 356204.216699999757111, 2841410.104599999263883 ], [ 356190.172600000165403, 2841353.536100000143051 ], [ 356183.910600000061095, 2841327.445000000298023 ], [ 356173.958499999716878, 2841285.979100000113249 ], [ 356165.69469999987632, 2841251.406300000846386 ], [ 356156.609899999573827, 2841213.398199999704957 ], [ 356192.708499999716878, 2841200.08049999922514 ], [ 356155.868599999696016, 2841107.632799999788404 ], [ 356060.411999999545515, 2840868.089800000190735 ], [ 356057.862999999895692, 2840861.693199999630451 ], [ 356028.2659, 2840788.407500000670552 ], [ 356018.227099999785423, 2840763.540899999439716 ], [ 355930.517599999904633, 2840539.460400000214577 ], [ 355783.227800000458956, 2840543.85869999974966 ], [ 355745.277300000190735, 2840654.053899999707937 ], [ 355706.855600000359118, 2840721.8794 ], [ 355572.86699999962002, 2840927.563699999824166 ], [ 355485.393899999558926, 2841061.299799999222159 ], [ 355463.624499999918044, 2841094.582599999383092 ], [ 355457.849499999545515, 2841103.41190000064671 ], [ 355443.591099999845028, 2841126.926599999889731 ], [ 355437.692999999970198, 2841136.6535 ], [ 355360.8295, 2841251.743899999186397 ], [ 355344.558799999766052, 2841276.619899999350309 ], [ 355317.803199999965727, 2841317.526000000536442 ], [ 355282.055700000375509, 2841372.379899999126792 ], [ 355242.735000000335276, 2841432.717000000178814 ], [ 355216.048499999567866, 2841473.666899999603629 ], [ 355209.57799999974668, 2841483.595799999311566 ], [ 355197.626299999654293, 2841501.975999999791384 ], [ 355192.773000000044703, 2841509.382799999788404 ], [ 355179.302400000393391, 2841531.979699999094009 ], [ 355150.524000000208616, 2841580.255799999460578 ], [ 355261.016200000420213, 2841566.306600000709295 ] ] ] ] } },
{ "type": "Feature", "properties": { "fid": 41, "ID": 838, "ENTIDAD": 19, "MUNICIPIO": 48, "SECCION": 2012, "TIPO": 2, "CONTROL": 1174 }, "geometry": { "type": "MultiPolygon", "coordinates": [ [ [ [ 357494.157399999909103, 2841580.114 ], [ 357523.417399999685585, 2841574.234300000593066 ], [ 357540.998399999924004, 2841570.701500000432134 ], [ 357574.814000000245869, 2841563.906400000676513 ], [ 357585.787999999709427, 2841561.701199999079108 ], [ 357632.650399999693036, 2841552.284499999135733 ], [ 357676.337000000290573, 2841543.505799999460578 ], [ 357686.594200000166893, 2841541.135900000110269 ], [ 357712.371700000017881, 2841535.180099999532104 ], [ 357774.878499999642372, 2841520.738099999725819 ], [ 357763.622700000181794, 2841461.832100000232458 ], [ 357757.7511, 2841410.714400000870228 ], [ 357755.085900000296533, 2841387.489199999719858 ], [ 357751.935899999924004, 2841360.039599999785423 ], [ 357746.036000000312924, 2841308.625900000333786 ], [ 357740.112099999561906, 2841257.003699999302626 ], [ 357734.249099999666214, 2841205.911499999463558 ], [ 357725.413200000301003, 2841128.913699999451637 ], [ 357627.938000000081956, 2841151.338899999856949 ], [ 357592.775100000202656, 2841159.42850000038743 ], [ 357583.480200000107288, 2841177.292999999597669 ], [ 357564.401499999687076, 2841213.961799999698997 ], [ 357543.989799999631941, 2841253.192700000479817 ], [ 357523.955000000074506, 2841291.699200000613928 ], [ 357562.178100000135601, 2841311.035599999129772 ], [ 357598.8909, 2841329.607899999246001 ], [ 357579.132299999706447, 2841368.581299999728799 ], [ 357475.834999999962747, 2841567.685699999332428 ], [ 357467.25899999961257, 2841584.215800000354648 ], [ 357494.157399999909103, 2841580.114 ] ] ] ] } },
{ "type": "Feature", "properties": { "fid": 42, "ID": 843, "ENTIDAD": 19, "MUNICIPIO": 48, "SECCION": 2017, "TIPO": 2, "CONTROL": 1179 }, "geometry": { "type": "MultiPolygon", "coordinates": [ [ [ [ 356832.153500000014901, 2841580.227600000798702 ], [ 356814.502000000327826, 2841542.284199999645352 ], [ 356899.532800000160933, 2841509.516100000590086 ], [ 356968.586400000378489, 2841483.46169999986887 ], [ 356966.03139999974519, 2841418.251299999654293 ], [ 356873.243900000117719, 2841441.338199999183416 ], [ 356855.783599999733269, 2841393.856300000101328 ], [ 356836.367499999701977, 2841336.464700000360608 ], [ 356734.309600000269711, 2841360.0877 ], [ 356729.248700000345707, 2841361.259099999442697 ], [ 356754.281200000084937, 2841414.294399999082088 ], [ 356775.436900000087917, 2841459.116100000217557 ], [ 356796.592699999921024, 2841503.937899999320507 ], [ 356613.912200000137091, 2841527.511099999770522 ], [ 356620.740799999795854, 2841568.892200000584126 ], [ 356627.56940000038594, 2841610.273399999365211 ], [ 356832.153500000014901, 2841580.227600000798702 ] ] ] ] } },
{ "type": "Feature", "properties": { "fid": 43, "ID": 839, "ENTIDAD": 19, "MUNICIPIO": 48, "SECCION": 2013, "TIPO": 2, "CONTROL": 1175 }, "geometry": { "type": "MultiPolygon", "coordinates": [ [ [ [ 357172.525899999774992, 2841645.083000000566244 ], [ 357218.198599999770522, 2841635.646500000730157 ], [ 357244.63150000013411, 2841630.185200000181794 ], [ 357264.574199999682605, 2841626.064799999818206 ], [ 357313.021999999880791, 2841616.061599999666214 ], [ 357331.277099999599159, 2841612.292400000616908 ], [ 357339.83490000013262, 2841610.525499999523163 ], [ 357359.852699999697506, 2841606.392300000414252 ], [ 357403.032800000160933, 2841597.476800000295043 ], [ 357449.92989999987185, 2841587.793800000101328 ], [ 357467.25899999961257, 2841584.215800000354648 ], [ 357475.834999999962747, 2841567.685699999332428 ], [ 357579.132299999706447, 2841368.581299999728799 ], [ 357598.8909, 2841329.607899999246001 ], [ 357562.178100000135601, 2841311.035599999129772 ], [ 357523.955000000074506, 2841291.699200000613928 ], [ 357543.989799999631941, 2841253.192700000479817 ], [ 357564.401499999687076, 2841213.961799999698997 ], [ 357583.480200000107288, 2841177.292999999597669 ], [ 357592.775100000202656, 2841159.42850000038743 ], [ 357496.338700000196695, 2841181.614700000733137 ], [ 357456.487200000323355, 2841190.782999999821186 ], [ 357402.617700000293553, 2841203.176300000399351 ], [ 357342.88150000013411, 2841216.919199999421835 ], [ 357243.875900000333786, 2841239.69649999961257 ], [ 357250.961500000208616, 2841300.2906 ], [ 357257.069099999964237, 2841352.520899999886751 ], [ 357260.549499999731779, 2841382.284800000488758 ], [ 357241.961400000378489, 2841418.279699999839067 ], [ 357220.925499999895692, 2841459.014399999752641 ], [ 357201.649100000038743, 2841496.3421 ], [ 357184.605600000359118, 2841529.345799999311566 ], [ 357182.685300000011921, 2841533.064400000497699 ], [ 357162.184799999929965, 2841572.762399999424815 ], [ 357124.628800000064075, 2841655.366499999538064 ], [ 357172.525899999774992, 2841645.083000000566244 ] ] ] ] } },
{ "type": "Feature", "properties": { "fid": 44, "ID": 899, "ENTIDAD": 19, "MUNICIPIO": 48, "SECCION": 2045, "TIPO": 2, "CONTROL": 1251 }, "geometry": { "type": "MultiPolygon", "coordinates": [ [ [ [ 352795.39159999974072, 2841617.3202 ], [ 352820.53899999987334, 2841483.480499999597669 ], [ 352821.574099999852479, 2841475.291500000283122 ], [ 352824.159699999727309, 2841454.834699999541044 ], [ 352826.745299999602139, 2841434.378000000491738 ], [ 352828.579900000244379, 2841419.863299999386072 ], [ 352830.414499999955297, 2841405.3487 ], [ 352832.049300000071526, 2841392.414599999785423 ], [ 352832.942200000397861, 2841385.350099999457598 ], [ 352837.47510000038892, 2841349.487500000745058 ], [ 352839.613099999725819, 2841332.572499999776483 ], [ 352843.325400000438094, 2841303.2017 ], [ 352848.786700000055134, 2841259.994300000369549 ], [ 352854.286000000312924, 2841216.485600000247359 ], [ 352859.201200000010431, 2841177.5976 ], [ 352864.425499999895692, 2841136.26490000076592 ], [ 352865.246500000357628, 2841129.769500000402331 ], [ 352868.098600000143051, 2841107.204299999400973 ], [ 352870.835099999792874, 2841085.554099999368191 ], [ 352876.980499999597669, 2841017.2804000005126 ], [ 352883.572200000286102, 2840959.837799999862909 ], [ 352886.823900000192225, 2840931.502000000327826 ], [ 352891.493300000205636, 2840890.81110000051558 ], [ 352894.936599999666214, 2840860.8059 ], [ 352896.416699999943376, 2840850.424100000411272 ], [ 352902.709999999962747, 2840807.387299999594688 ], [ 352908.939600000157952, 2840764.7862 ], [ 352920.253999999724329, 2840687.411800000816584 ], [ 352927.821600000374019, 2840628.30210000090301 ], [ 352939.366200000047684, 2840538.1272 ], [ 352949.158200000412762, 2840461.6418999992311 ], [ 352961.66370000038296, 2840363.962300000712276 ], [ 352850.856700000353158, 2840360.377900000661612 ], [ 352730.995099999941885, 2840403.951400000602007 ], [ 352667.901300000026822, 2840426.878100000321865 ], [ 352647.300300000235438, 2840434.398499999195337 ], [ 352554.327899999916553, 2840468.1184 ], [ 352489.759200000204146, 2840491.813999999314547 ], [ 352475.597199999727309, 2840496.6864 ], [ 352461.046699999831617, 2840501.989900000393391 ], [ 352390.498200000263751, 2840527.568299999460578 ], [ 352262.813699999824166, 2840573.971899999305606 ], [ 352252.563099999912083, 2840577.693800000473857 ], [ 352211.828900000080466, 2840592.457599999383092 ], [ 352145.501000000163913, 2840616.574300000444055 ], [ 352124.168600000441074, 2840624.273299999535084 ], [ 352096.658999999985099, 2840634.312999999150634 ], [ 352037.928299999795854, 2840655.644799999892712 ], [ 351940.172600000165403, 2840691.1469 ], [ 351927.860399999655783, 2840695.615399999544024 ], [ 351855.157200000248849, 2840721.979800000786781 ], [ 351817.786899999715388, 2840735.573300000280142 ], [ 351766.646900000050664, 2840754.145400000736117 ], [ 351697.79839999973774, 2840779.163499999791384 ], [ 351680.487499999813735, 2840785.443299999460578 ], [ 351675.005900000222027, 2840787.431800000369549 ], [ 351713.035699999891222, 2840886.432900000363588 ], [ 351715.678399999625981, 2840893.644300000742078 ], [ 351748.53760000038892, 2840982.2719 ], [ 351781.088700000196695, 2841070.068499999120831 ], [ 351823.799599999561906, 2841190.139699999243021 ], [ 351859.78830000013113, 2841289.376900000497699 ], [ 351947.662899999879301, 2841257.3278 ], [ 352036.548899999819696, 2841225.3277000002563 ], [ 352053.129499999806285, 2841269.681600000709295 ], [ 352070.104799999855459, 2841314.064799999818206 ], [ 352085.704300000332296, 2841356.3443 ], [ 352101.599700000137091, 2841399.308900000527501 ], [ 352010.640100000426173, 2841433.439999999478459 ], [ 352043.744800000451505, 2841525.318399999290705 ], [ 352075.652900000102818, 2841614.260800000280142 ], [ 352091.495699999853969, 2841664.456599999219179 ], [ 352198.996799999848008, 2841665.503499999642372 ], [ 352300.259999999776483, 2841666.489700000733137 ], [ 352460.843999999575317, 2841668.053899999707937 ], [ 352485.446000000461936, 2841668.293199999257922 ], [ 352785.137799999676645, 2841671.893200000748038 ], [ 352795.39159999974072, 2841617.3202 ] ] ] ] } },
{ "type": "Feature", "properties": { "fid": 45, "ID": 898, "ENTIDAD": 19, "MUNICIPIO": 48, "SECCION": 2044, "TIPO": 2, "CONTROL": 1250 }, "geometry": { "type": "MultiPolygon", "coordinates": [ [ [ [ 352867.230600000359118, 2841660.128399999812245 ], [ 352941.004499999806285, 2841644.3377 ], [ 353033.127700000070035, 2841624.6195 ], [ 353106.429800000041723, 2841607.2956000007689 ], [ 353147.283499999903142, 2841597.64049999974668 ], [ 353317.496399999596179, 2841557.429400000721216 ], [ 353530.940100000239909, 2841501.841700000688434 ], [ 353744.410600000061095, 2841446.246999999508262 ], [ 353900.72510000038892, 2841394.312899999320507 ], [ 353887.251799999736249, 2841307.850299999117851 ], [ 353825.128499999642372, 2841234.8915 ], [ 353614.144799999892712, 2841251.3015 ], [ 353575.121700000017881, 2841251.056099999696016 ], [ 353553.551900000311434, 2841250.920399999246001 ], [ 353520.17090000025928, 2841247.762800000607967 ], [ 353474.167000000365078, 2841239.112500000745058 ], [ 353436.813400000333786, 2841237.146500000730157 ], [ 353403.180499999783933, 2841235.603700000792742 ], [ 353323.7027000002563, 2841239.779799999669194 ], [ 353298.055700000375509, 2841238.409299999475479 ], [ 353252.404500000178814, 2841233.214600000530481 ], [ 353219.769199999980628, 2841213.161599999293685 ], [ 353208.759700000286102, 2841202.938500000163913 ], [ 353196.177500000223517, 2841181.705900000408292 ], [ 353209.074199999682605, 2841156.25870000012219 ], [ 353217.027099999599159, 2841095.089999999850988 ], [ 353101.573099999688566, 2841091.9232 ], [ 352980.786799999885261, 2841088.589099999517202 ], [ 352870.835099999792874, 2841085.554099999368191 ], [ 352868.098600000143051, 2841107.204299999400973 ], [ 352865.246500000357628, 2841129.769500000402331 ], [ 352864.425499999895692, 2841136.26490000076592 ], [ 352859.201200000010431, 2841177.5976 ], [ 352854.286000000312924, 2841216.485600000247359 ], [ 352848.786700000055134, 2841259.994300000369549 ], [ 352843.325400000438094, 2841303.2017 ], [ 352839.613099999725819, 2841332.572499999776483 ], [ 352837.47510000038892, 2841349.487500000745058 ], [ 352832.942200000397861, 2841385.350099999457598 ], [ 352832.049300000071526, 2841392.414599999785423 ], [ 352830.414499999955297, 2841405.3487 ], [ 352828.579900000244379, 2841419.863299999386072 ], [ 352826.745299999602139, 2841434.378000000491738 ], [ 352824.159699999727309, 2841454.834699999541044 ], [ 352821.574099999852479, 2841475.291500000283122 ], [ 352820.53899999987334, 2841483.480499999597669 ], [ 352795.39159999974072, 2841617.3202 ], [ 352785.137799999676645, 2841671.893200000748038 ], [ 352810.634300000034273, 2841672.24239999987185 ], [ 352867.230600000359118, 2841660.128399999812245 ] ] ] ] } },
{ "type": "Feature", "properties": { "fid": 46, "ID": 900, "ENTIDAD": 19, "MUNICIPIO": 48, "SECCION": 2046, "TIPO": 2, "CONTROL": 1253 }, "geometry": { "type": "MultiPolygon", "coordinates": [ [ [ [ 350614.448699999600649, 2841657.102600000798702 ], [ 350739.020800000056624, 2841651.2851 ], [ 350919.78969999961555, 2841653.0456000007689 ], [ 350990.898699999786913, 2841653.738099999725819 ], [ 351062.007799999788404, 2841654.430600000545382 ], [ 351150.364500000141561, 2841655.29109999909997 ], [ 351178.269600000232458, 2841655.562899999320507 ], [ 351294.53139999974519, 2841656.69510000012815 ], [ 351311.532599999569356, 2841656.8607 ], [ 351411.02350000012666, 2841657.829600000753999 ], [ 351504.508399999700487, 2841658.740000000223517 ], [ 351522.424599999561906, 2841658.9145 ], [ 351547.371100000105798, 2841659.157500000670552 ], [ 351563.035799999721348, 2841659.310000000521541 ], [ 351622.064799999818206, 2841659.8849 ], [ 351674.955199999734759, 2841660.400000000372529 ], [ 351757.12569999974221, 2841661.200200000777841 ], [ 351986.889600000344217, 2841663.437899999320507 ], [ 352001.08669999986887, 2841663.576099999248981 ], [ 352091.495699999853969, 2841664.456599999219179 ], [ 352075.652900000102818, 2841614.260800000280142 ], [ 352043.744800000451505, 2841525.318399999290705 ], [ 352010.640100000426173, 2841433.439999999478459 ], [ 352101.599700000137091, 2841399.308900000527501 ], [ 352085.704300000332296, 2841356.3443 ], [ 352070.104799999855459, 2841314.064799999818206 ], [ 352053.129499999806285, 2841269.681600000709295 ], [ 352036.548899999819696, 2841225.3277000002563 ], [ 351947.662899999879301, 2841257.3278 ], [ 351859.78830000013113, 2841289.376900000497699 ], [ 351823.799599999561906, 2841190.139699999243021 ], [ 351781.088700000196695, 2841070.068499999120831 ], [ 351748.53760000038892, 2840982.2719 ], [ 351715.678399999625981, 2840893.644300000742078 ], [ 351713.035699999891222, 2840886.432900000363588 ], [ 351675.005900000222027, 2840787.431800000369549 ], [ 351623.57010000012815, 2840807.422499999403954 ], [ 351598.635400000028312, 2840817.37360000051558 ], [ 351587.527200000360608, 2840821.791899999603629 ], [ 351494.044499999843538, 2840859.084100000560284 ], [ 351467.93819999974221, 2840869.532199999317527 ], [ 351433.251799999736249, 2840890.877699999138713 ], [ 351422.286600000225008, 2840899.593599999323487 ], [ 351414.83739999961108, 2840905.514699999243021 ], [ 351400.658400000073016, 2840916.785299999639392 ], [ 351357.706699999980628, 2840956.012599999085069 ], [ 351314.063299999572337, 2840995.990800000727177 ], [ 351308.635700000450015, 2841000.95380000025034 ], [ 351248.075699999928474, 2841056.329700000584126 ], [ 351193.258200000040233, 2841106.454700000584126 ], [ 351170.089200000278652, 2841127.6403 ], [ 351114.848100000061095, 2841178.152599999681115 ], [ 351106.133500000461936, 2841186.0 ], [ 351070.229100000113249, 2841218.331399999558926 ], [ 351066.080699999816716, 2841222.066999999806285 ], [ 351046.14740000013262, 2841240.01659999974072 ], [ 350897.526899999938905, 2841373.847200000658631 ], [ 350834.661899999715388, 2841429.83420000039041 ], [ 350705.242999999783933, 2841543.132200000807643 ], [ 350661.643799999728799, 2841579.900900000706315 ], [ 350523.045699999667704, 2841678.365299999713898 ], [ 350614.448699999600649, 2841657.102600000798702 ] ] ] ] } },
{ "type": "Feature", "properties": { "fid": 47, "ID": 842, "ENTIDAD": 19, "MUNICIPIO": 48, "SECCION": 2016, "TIPO": 2, "CONTROL": 1178 }, "geometry": { "type": "MultiPolygon", "coordinates": [ [ [ [ 357077.755699999630451, 2841724.472100000828505 ], [ 357076.819299999624491, 2841671.099999999627471 ], [ 357115.448800000362098, 2841658.15819999948144 ], [ 357124.628800000064075, 2841655.366499999538064 ], [ 357162.184799999929965, 2841572.762399999424815 ], [ 357182.685300000011921, 2841533.064400000497699 ], [ 357184.605600000359118, 2841529.345799999311566 ], [ 357201.649100000038743, 2841496.3421 ], [ 357220.925499999895692, 2841459.014399999752641 ], [ 357241.961400000378489, 2841418.279699999839067 ], [ 357260.549499999731779, 2841382.284800000488758 ], [ 357257.069099999964237, 2841352.520899999886751 ], [ 357250.961500000208616, 2841300.2906 ], [ 357243.875900000333786, 2841239.69649999961257 ], [ 357171.450799999758601, 2841260.058299999684095 ], [ 357098.682500000111759, 2841276.651100000366569 ], [ 357041.314299999736249, 2841289.732300000265241 ], [ 357032.588299999944866, 2841291.5658 ], [ 356966.291600000113249, 2841306.839099999517202 ], [ 356960.562199999578297, 2841308.145600000396371 ], [ 356836.367499999701977, 2841336.464700000360608 ], [ 356855.783599999733269, 2841393.856300000101328 ], [ 356873.243900000117719, 2841441.338199999183416 ], [ 356966.03139999974519, 2841418.251299999654293 ], [ 356968.586400000378489, 2841483.46169999986887 ], [ 356899.532800000160933, 2841509.516100000590086 ], [ 356814.502000000327826, 2841542.284199999645352 ], [ 356832.153500000014901, 2841580.227600000798702 ], [ 356837.384100000374019, 2841592.018300000578165 ], [ 356854.355600000359118, 2841634.579199999570847 ], [ 356874.794599999673665, 2841680.080600000917912 ], [ 356897.007000000216067, 2841726.419299999251962 ], [ 356900.932400000281632, 2841735.267899999395013 ], [ 356920.239900000393391, 2841774.079700000584126 ], [ 356924.050999999977648, 2841783.561799999326468 ], [ 357077.755699999630451, 2841724.472100000828505 ] ] ] ] } },
{ "type": "Feature", "properties": { "fid": 48, "ID": 904, "ENTIDAD": 19, "MUNICIPIO": 48, "SECCION": 2047, "TIPO": 2, "CONTROL": 1257 }, "geometry": { "type": "MultiPolygon", "coordinates": [ [ [ [ 350156.977699999697506, 2841830.386900000274181 ], [ 350272.969100000336766, 2841782.217700000852346 ], [ 350367.743400000035763, 2841742.8596 ], [ 350437.539900000207126, 2841713.874600000679493 ], [ 350498.52419999986887, 2841688.548900000751019 ], [ 350523.045699999667704, 2841678.365299999713898 ], [ 350661.643799999728799, 2841579.900900000706315 ], [ 350705.242999999783933, 2841543.132200000807643 ], [ 350834.661899999715388, 2841429.83420000039041 ], [ 350897.526899999938905, 2841373.847200000658631 ], [ 351046.14740000013262, 2841240.01659999974072 ], [ 351066.080699999816716, 2841222.066999999806285 ], [ 351070.229100000113249, 2841218.331399999558926 ], [ 351106.133500000461936, 2841186.0 ], [ 351114.848100000061095, 2841178.152599999681115 ], [ 351170.089200000278652, 2841127.6403 ], [ 351193.258200000040233, 2841106.454700000584126 ], [ 351248.075699999928474, 2841056.329700000584126 ], [ 351308.635700000450015, 2841000.95380000025034 ], [ 351314.063299999572337, 2840995.990800000727177 ], [ 351357.706699999980628, 2840956.012599999085069 ], [ 351400.658400000073016, 2840916.785299999639392 ], [ 351414.83739999961108, 2840905.514699999243021 ], [ 351422.286600000225008, 2840899.593599999323487 ], [ 351433.251799999736249, 2840890.877699999138713 ], [ 351467.93819999974221, 2840869.532199999317527 ], [ 351494.044499999843538, 2840859.084100000560284 ], [ 351587.527200000360608, 2840821.791899999603629 ], [ 351598.635400000028312, 2840817.37360000051558 ], [ 351623.57010000012815, 2840807.422499999403954 ], [ 351574.788399999961257, 2840767.516000000759959 ], [ 351531.974100000225008, 2840732.49100000038743 ], [ 351519.938699999824166, 2840722.645199999213219 ], [ 351495.867499999701977, 2840702.953299999237061 ], [ 351494.248800000175834, 2840698.876599999144673 ], [ 351476.724899999797344, 2840654.74239999987185 ], [ 351459.366499999538064, 2840611.360200000926852 ], [ 351406.602699999697506, 2840630.487400000914931 ], [ 351389.474299999885261, 2840587.007799999788404 ], [ 351385.387500000186265, 2840576.633600000292063 ], [ 351372.345999999903142, 2840543.528300000354648 ], [ 351296.332899999804795, 2840575.029200000688434 ], [ 351262.658900000154972, 2840588.984200000762939 ], [ 351242.107599999755621, 2840540.902000000700355 ], [ 351226.428000000305474, 2840504.217599999159575 ], [ 351205.870699999853969, 2840456.121400000527501 ], [ 351195.348299999721348, 2840431.502800000831485 ], [ 351192.828099999576807, 2840425.6064 ], [ 351179.322999999858439, 2840430.2179000005126 ], [ 351163.926300000399351, 2840396.778200000524521 ], [ 351142.22580000013113, 2840350.76549999974668 ], [ 351108.614900000393391, 2840268.565899999812245 ], [ 351088.186200000345707, 2840218.604699999094009 ], [ 351067.593500000424683, 2840168.24269999936223 ], [ 351034.262299999594688, 2840086.72690000012517 ], [ 351014.356100000441074, 2840038.0439 ], [ 350992.887799999676645, 2839985.540500000119209 ], [ 350956.841500000096858, 2840001.238600000739098 ], [ 350955.931699999608099, 2839998.914799999445677 ], [ 350939.491100000217557, 2839950.929500000551343 ], [ 350932.151800000108778, 2839936.8092 ], [ 350910.146300000138581, 2839951.479499999433756 ], [ 350896.698499999940395, 2839911.747400000691414 ], [ 350864.301599999889731, 2839887.908099999651313 ], [ 350816.622999999672174, 2839885.46309999935329 ], [ 350737.770100000314415, 2839926.417700000107288 ], [ 350721.877199999988079, 2839923.361400000751019 ], [ 350709.040699999779463, 2839917.86009999923408 ], [ 350691.314100000075996, 2839912.35869999974966 ], [ 350671.142400000244379, 2839916.0263 ], [ 350150.768099999986589, 2840140.8597999997437 ], [ 350173.788499999791384, 2840236.575200000777841 ], [ 350179.037700000219047, 2840281.567900000140071 ], [ 350181.963100000284612, 2840327.318600000813603 ], [ 350190.285899999551475, 2840368.553899999707937 ], [ 350199.284400000236928, 2840409.0472999997437 ], [ 350211.28249999973923, 2840439.042400000616908 ], [ 350230.779299999587238, 2840478.786000000312924 ], [ 350235.278599999845028, 2840522.278899999335408 ], [ 350229.2796, 2840580.019600000232458 ], [ 350243.232200000435114, 2840613.049799999222159 ], [ 350248.9375, 2840626.734899999573827 ], [ 350259.476099999621511, 2840684.962300000712276 ], [ 350290.086400000378489, 2840740.354699999094009 ], [ 350355.878399999812245, 2840887.077600000426173 ], [ 350360.597900000400841, 2840895.620100000873208 ], [ 350370.078999999910593, 2840912.779200000688434 ], [ 350323.135900000110269, 2840931.916400000452995 ], [ 350225.475999999791384, 2840971.729399999603629 ], [ 350244.721699999645352, 2841021.690300000831485 ], [ 350264.365199999883771, 2841067.691500000655651 ], [ 350283.300599999725819, 2841112.020700000226498 ], [ 350239.589999999850988, 2841130.866399999707937 ], [ 350169.357099999673665, 2841160.769899999722838 ], [ 350130.349799999967217, 2841177.3783 ], [ 350083.858199999667704, 2841197.1733 ], [ 350039.302000000141561, 2841216.144300000742078 ], [ 350045.560399999842048, 2841233.766699999570847 ], [ 350028.29079999960959, 2841241.090800000354648 ], [ 349906.184299999848008, 2841292.877100000157952 ], [ 349861.101599999703467, 2841311.996999999508262 ], [ 349874.324799999594688, 2841345.998199999332428 ], [ 349879.741100000217557, 2841359.9254 ], [ 349887.952899999916553, 2841379.556199999526143 ], [ 349897.184100000187755, 2841401.41950000077486 ], [ 349903.182199999690056, 2841415.625700000673532 ], [ 349915.017799999564886, 2841443.657199999317527 ], [ 349918.948599999770522, 2841452.9671 ], [ 349932.272499999962747, 2841484.523700000718236 ], [ 349947.30449999962002, 2841520.125800000503659 ], [ 349950.096099999733269, 2841526.737500000745058 ], [ 349961.84499999973923, 2841554.563799999654293 ], [ 349968.171900000423193, 2841569.548499999567866 ], [ 349975.390700000338256, 2841586.645600000396371 ], [ 349984.651100000366569, 2841608.578299999237061 ], [ 349991.374499999918044, 2841623.690199999138713 ], [ 350007.031899999827147, 2841658.09940000064671 ], [ 350012.164099999703467, 2841671.386 ], [ 350051.438799999654293, 2841763.249600000679493 ], [ 350091.414099999703467, 2841857.614399999380112 ], [ 350156.977699999697506, 2841830.386900000274181 ] ] ] ] } },
{ "type": "Feature", "properties": { "fid": 49, "ID": 905, "ENTIDAD": 19, "MUNICIPIO": 48, "SECCION": 2048, "TIPO": 2, "CONTROL": 1259 }, "geometry": { "type": "MultiPolygon", "coordinates": [ [ [ [ 350091.414099999703467, 2841857.614399999380112 ], [ 350051.438799999654293, 2841763.249600000679493 ], [ 350012.164099999703467, 2841671.386 ], [ 350007.031899999827147, 2841658.09940000064671 ], [ 349991.374499999918044, 2841623.690199999138713 ], [ 349984.651100000366569, 2841608.578299999237061 ], [ 349975.390700000338256, 2841586.645600000396371 ], [ 349968.171900000423193, 2841569.548499999567866 ], [ 349961.84499999973923, 2841554.563799999654293 ], [ 349950.096099999733269, 2841526.737500000745058 ], [ 349947.30449999962002, 2841520.125800000503659 ], [ 349932.272499999962747, 2841484.523700000718236 ], [ 349918.948599999770522, 2841452.9671 ], [ 349915.017799999564886, 2841443.657199999317527 ], [ 349903.182199999690056, 2841415.625700000673532 ], [ 349897.184100000187755, 2841401.41950000077486 ], [ 349887.952899999916553, 2841379.556199999526143 ], [ 349879.741100000217557, 2841359.9254 ], [ 349874.324799999594688, 2841345.998199999332428 ], [ 349861.101599999703467, 2841311.996999999508262 ], [ 349906.184299999848008, 2841292.877100000157952 ], [ 350028.29079999960959, 2841241.090800000354648 ], [ 350045.560399999842048, 2841233.766699999570847 ], [ 350039.302000000141561, 2841216.144300000742078 ], [ 350083.858199999667704, 2841197.1733 ], [ 350130.349799999967217, 2841177.3783 ], [ 350169.357099999673665, 2841160.769899999722838 ], [ 350239.589999999850988, 2841130.866399999707937 ], [ 350283.300599999725819, 2841112.020700000226498 ], [ 350264.365199999883771, 2841067.691500000655651 ], [ 350244.721699999645352, 2841021.690300000831485 ], [ 350225.475999999791384, 2840971.729399999603629 ], [ 350323.135900000110269, 2840931.916400000452995 ], [ 350370.078999999910593, 2840912.779200000688434 ], [ 350360.597900000400841, 2840895.620100000873208 ], [ 350355.878399999812245, 2840887.077600000426173 ], [ 350290.086400000378489, 2840740.354699999094009 ], [ 350259.476099999621511, 2840684.962300000712276 ], [ 350248.9375, 2840626.734899999573827 ], [ 350243.232200000435114, 2840613.049799999222159 ], [ 350229.2796, 2840580.019600000232458 ], [ 350235.278599999845028, 2840522.278899999335408 ], [ 350230.779299999587238, 2840478.786000000312924 ], [ 350211.28249999973923, 2840439.042400000616908 ], [ 350199.284400000236928, 2840409.0472999997437 ], [ 350190.285899999551475, 2840368.553899999707937 ], [ 350181.963100000284612, 2840327.318600000813603 ], [ 350179.037700000219047, 2840281.567900000140071 ], [ 350173.788499999791384, 2840236.575200000777841 ], [ 350150.768099999986589, 2840140.8597999997437 ], [ 349846.0943, 2840286.827500000596046 ], [ 349201.196100000292063, 2840597.267000000923872 ], [ 349321.92200000025332, 2840781.079700000584126 ], [ 349588.654199999757111, 2841187.19620000012219 ], [ 349580.469399999827147, 2841190.438999999314547 ], [ 349609.611200000159442, 2841236.067399999126792 ], [ 349617.103400000371039, 2841252.013299999758601 ], [ 349643.355600000359118, 2841236.744100000709295 ], [ 349675.806400000117719, 2841223.516799999400973 ], [ 349712.508100000210106, 2841307.430299999192357 ], [ 349721.866899999789894, 2841328.8279 ], [ 349748.013500000350177, 2841388.6086 ], [ 349781.819600000046194, 2841374.167199999094009 ], [ 349786.101400000043213, 2841383.708100000396371 ], [ 349801.42960000038147, 2841417.539200000464916 ], [ 349816.658599999733269, 2841453.2072 ], [ 349831.907100000418723, 2841488.920700000599027 ], [ 349845.892599999904633, 2841521.676200000569224 ], [ 349861.247499999590218, 2841557.639000000432134 ], [ 349875.862099999561906, 2841591.166500000283122 ], [ 349890.115699999965727, 2841623.866100000217557 ], [ 349905.884700000286102, 2841660.041799999773502 ], [ 349922.623599999584258, 2841696.145400000736117 ], [ 349954.277099999599159, 2841772.909800000488758 ], [ 349996.358099999837577, 2841864.825500000268221 ], [ 350008.709800000302494, 2841892.911000000312924 ], [ 350091.414099999703467, 2841857.614399999380112 ] ] ] ] } },
{ "type": "Feature", "properties": { "fid": 50, "ID": 851, "ENTIDAD": 19, "MUNICIPIO": 48, "SECCION": 2020, "TIPO": 2, "CONTROL": 1188 }, "geometry": { "type": "MultiPolygon", "coordinates": [ [ [ [ 355531.253999999724329, 2841845.714700000360608 ], [ 355512.977900000289083, 2841808.692700000479817 ], [ 355494.824400000274181, 2841771.918999999761581 ], [ 355444.460400000214577, 2841669.896299999207258 ], [ 355426.940299999900162, 2841634.287599999457598 ], [ 355412.537200000137091, 2841601.53690000064671 ], [ 355438.307300000451505, 2841599.263000000268221 ], [ 355454.224200000055134, 2841590.167700000107288 ], [ 355476.885900000110269, 2841568.333799999207258 ], [ 355483.026100000366569, 2841548.480699999257922 ], [ 355482.268099999986589, 2841535.595599999651313 ], [ 355295.627899999730289, 2841561.937000000849366 ], [ 355261.016200000420213, 2841566.306600000709295 ], [ 355150.524000000208616, 2841580.255799999460578 ], [ 355144.560700000263751, 2841589.227800000458956 ], [ 355097.473500000312924, 2841660.0724 ], [ 355078.975599999539554, 2841687.903300000354648 ], [ 355059.632299999706447, 2841722.165999999269843 ], [ 355063.688799999654293, 2841729.8279 ], [ 355178.293600000441074, 2841669.3871 ], [ 355184.820000000298023, 2841665.926999999210238 ], [ 355216.143699999898672, 2841659.515699999406934 ], [ 355261.848600000143051, 2841650.160900000482798 ], [ 355270.865399999544024, 2841688.433700000867248 ], [ 355279.572499999776483, 2841725.392000000923872 ], [ 355287.910699999891222, 2841760.784600000828505 ], [ 355297.478699999861419, 2841801.396999999880791 ], [ 355307.04619999974966, 2841842.007500000298023 ], [ 355339.358799999579787, 2841834.982999999076128 ], [ 355363.585699999704957, 2841883.890799999237061 ], [ 355382.07010000012815, 2841921.339500000700355 ], [ 355531.253999999724329, 2841845.714700000360608 ] ] ] ] } },
{ "type": "Feature", "properties": { "fid": 51, "ID": 840, "ENTIDAD": 19, "MUNICIPIO": 48, "SECCION": 2014, "TIPO": 2, "CONTROL": 1176 }, "geometry": { "type": "MultiPolygon", "coordinates": [ [ [ [ 357188.841500000096858, 2841952.277799999341369 ], [ 357348.913200000301003, 2841904.440199999138713 ], [ 357359.933699999935925, 2841901.146800000220537 ], [ 357396.881299999542534, 2841890.104900000616908 ], [ 357524.682599999941885, 2841850.820699999108911 ], [ 357565.529299999587238, 2841839.1809 ], [ 357574.473600000143051, 2841836.391799999400973 ], [ 357559.486800000071526, 2841788.571100000292063 ], [ 357545.236399999819696, 2841743.0998 ], [ 357530.98589999973774, 2841697.628599999472499 ], [ 357494.157399999909103, 2841580.114 ], [ 357467.25899999961257, 2841584.215800000354648 ], [ 357449.92989999987185, 2841587.793800000101328 ], [ 357403.032800000160933, 2841597.476800000295043 ], [ 357359.852699999697506, 2841606.392300000414252 ], [ 357339.83490000013262, 2841610.525499999523163 ], [ 357331.277099999599159, 2841612.292400000616908 ], [ 357313.021999999880791, 2841616.061599999666214 ], [ 357264.574199999682605, 2841626.064799999818206 ], [ 357244.63150000013411, 2841630.185200000181794 ], [ 357218.198599999770522, 2841635.646500000730157 ], [ 357172.525899999774992, 2841645.083000000566244 ], [ 357124.628800000064075, 2841655.366499999538064 ], [ 357175.125, 2841805.022900000214577 ], [ 357179.193799999542534, 2841854.1568 ], [ 357176.072599999606609, 2841902.534900000318885 ], [ 357171.483500000089407, 2841957.465199999511242 ], [ 357188.841500000096858, 2841952.277799999341369 ] ] ] ] } },
{ "type": "Feature", "properties": { "fid": 52, "ID": 828, "ENTIDAD": 19, "MUNICIPIO": 48, "SECCION": 2005, "TIPO": 2, "CONTROL": 1164 }, "geometry": { "type": "MultiPolygon", "coordinates": [ [ [ [ 355838.676300000399351, 2841970.705199999734759 ], [ 355912.1705, 2841934.307900000363588 ], [ 355942.123700000345707, 2841919.473799999803305 ], [ 355979.058500000275671, 2841901.182299999520183 ], [ 356007.72719999961555, 2841886.984300000593066 ], [ 355974.972900000400841, 2841823.606599999591708 ], [ 356013.034699999727309, 2841805.778799999505281 ], [ 356003.481100000441074, 2841784.017899999395013 ], [ 356040.63399999961257, 2841765.972200000658631 ], [ 356050.879399999976158, 2841786.386099999770522 ], [ 356087.340400000102818, 2841768.095200000330806 ], [ 356076.194600000046194, 2841744.211200000718236 ], [ 356102.20160000026226, 2841730.411599999293685 ], [ 356091.055700000375509, 2841686.358899999409914 ], [ 356077.256099999882281, 2841650.2676 ], [ 356037.980200000107288, 2841574.369599999859929 ], [ 356140.946600000374019, 2841522.886399999260902 ], [ 356136.700600000098348, 2841503.248500000685453 ], [ 356161.115299999713898, 2841446.457699999213219 ], [ 355808.184500000439584, 2841492.392699999734759 ], [ 355886.537499999627471, 2841647.018500000238419 ], [ 355893.832399999722838, 2841661.4145 ], [ 355830.846300000324845, 2841693.015000000596046 ], [ 355794.473500000312924, 2841711.263499999418855 ], [ 355671.754499999806285, 2841772.832399999722838 ], [ 355689.42850000038743, 2841807.988500000908971 ], [ 355691.086799999698997, 2841811.287000000476837 ], [ 355707.10259999986738, 2841843.144500000402331 ], [ 355723.862399999983609, 2841876.481899999082088 ], [ 355741.485399999655783, 2841911.536399999633431 ], [ 355777.866799999959767, 2841892.587799999862909 ], [ 355804.0466, 2841942.72690000012517 ], [ 355822.959400000050664, 2841978.948300000280142 ], [ 355838.676300000399351, 2841970.705199999734759 ] ] ] ] } },
{ "type": "Feature", "properties": { "fid": 53, "ID": 831, "ENTIDAD": 19, "MUNICIPIO": 48, "SECCION": 2007, "TIPO": 2, "CONTROL": 1167 }, "geometry": { "type": "MultiPolygon", "coordinates": [ [ [ [ 356640.745799999684095, 2841967.268799999728799 ], [ 356650.382000000216067, 2841962.930299999192357 ], [ 356697.767199999652803, 2841941.595899999141693 ], [ 356733.709099999628961, 2841904.536800000816584 ], [ 356741.924100000411272, 2841896.066600000485778 ], [ 356766.627199999988079, 2841870.595599999651313 ], [ 356804.169599999673665, 2841831.886299999430776 ], [ 356813.332499999552965, 2841822.517000000923872 ], [ 356837.535600000061095, 2841798.410900000482798 ], [ 356900.932400000281632, 2841735.267899999395013 ], [ 356897.007000000216067, 2841726.419299999251962 ], [ 356874.794599999673665, 2841680.080600000917912 ], [ 356854.355600000359118, 2841634.579199999570847 ], [ 356837.384100000374019, 2841592.018300000578165 ], [ 356832.153500000014901, 2841580.227600000798702 ], [ 356627.56940000038594, 2841610.273399999365211 ], [ 356620.740799999795854, 2841568.892200000584126 ], [ 356613.912200000137091, 2841527.511099999770522 ], [ 356560.06290000025183, 2841534.744599999859929 ], [ 356485.808199999853969, 2841544.719100000336766 ], [ 356490.725300000049174, 2841497.676100000739098 ], [ 356495.933100000023842, 2841447.852900000289083 ], [ 356369.716300000436604, 2841465.474899999797344 ], [ 356367.098699999973178, 2841465.840399999171495 ], [ 356364.481100000441074, 2841466.205800000578165 ], [ 356381.478699999861419, 2841505.4068 ], [ 356398.476300000213087, 2841544.607899999246001 ], [ 356415.898699999786913, 2841584.788699999451637 ], [ 356420.867600000463426, 2841597.224099999293685 ], [ 356430.686599999666214, 2841624.160000000149012 ], [ 356435.074199999682605, 2841636.196000000461936 ], [ 356446.0614, 2841666.33669999986887 ], [ 356460.667200000025332, 2841704.223799999803305 ], [ 356474.710799999535084, 2841723.639499999582767 ], [ 356483.948800000362098, 2841736.516000000759959 ], [ 356504.847199999727309, 2841782.926100000739098 ], [ 356527.934799999929965, 2841834.579900000244379 ], [ 356547.344600000418723, 2841880.312400000169873 ], [ 356568.211400000378489, 2841929.478000000119209 ], [ 356593.314100000075996, 2841988.624099999666214 ], [ 356640.745799999684095, 2841967.268799999728799 ] ] ] ] } },
{ "type": "Feature", "properties": { "fid": 54, "ID": 853, "ENTIDAD": 19, "MUNICIPIO": 48, "SECCION": 2021, "TIPO": 2, "CONTROL": 1190 }, "geometry": { "type": "MultiPolygon", "coordinates": [ [ [ [ 355382.07010000012815, 2841921.339500000700355 ], [ 355363.585699999704957, 2841883.890799999237061 ], [ 355339.358799999579787, 2841834.982999999076128 ], [ 355307.04619999974966, 2841842.007500000298023 ], [ 355297.478699999861419, 2841801.396999999880791 ], [ 355287.910699999891222, 2841760.784600000828505 ], [ 355279.572499999776483, 2841725.392000000923872 ], [ 355270.865399999544024, 2841688.433700000867248 ], [ 355261.848600000143051, 2841650.160900000482798 ], [ 355216.143699999898672, 2841659.515699999406934 ], [ 355184.820000000298023, 2841665.926999999210238 ], [ 355178.293600000441074, 2841669.3871 ], [ 355063.688799999654293, 2841729.8279 ], [ 355080.528900000266731, 2841761.685000000521541 ], [ 355098.428199999965727, 2841795.562100000679493 ], [ 355118.219800000078976, 2841833.020700000226498 ], [ 355136.307000000029802, 2841867.253499999642372 ], [ 355144.427600000053644, 2841882.622999999672174 ], [ 355154.622299999929965, 2841901.917899999767542 ], [ 355165.870900000445545, 2841923.207599999383092 ], [ 355172.483599999919534, 2841935.723200000822544 ], [ 355185.206299999728799, 2841959.802899999544024 ], [ 355190.997999999672174, 2841970.764599999412894 ], [ 355204.82010000012815, 2841996.924900000914931 ], [ 355210.765599999576807, 2842008.177799999713898 ], [ 355382.07010000012815, 2841921.339500000700355 ] ] ] ] } },
{ "type": "Feature", "properties": { "fid": 55, "ID": 889, "ENTIDAD": 19, "MUNICIPIO": 48, "SECCION": 2041, "TIPO": 2, "CONTROL": 1238 }, "geometry": { "type": "MultiPolygon", "coordinates": [ [ [ [ 354283.148299999535084, 2842049.13120000064373 ], [ 354316.487800000235438, 2842029.204800000414252 ], [ 354330.469399999827147, 2842021.030099999159575 ], [ 354353.823599999770522, 2842007.375399999320507 ], [ 354363.284799999557436, 2842003.206399999558926 ], [ 354368.270499999634922, 2842001.009500000625849 ], [ 354374.547399999573827, 2841998.243699999526143 ], [ 354385.623399999924004, 2841993.363099999725819 ], [ 354395.19539999961853, 2841989.145300000905991 ], [ 354432.950000000186265, 2841972.509099999442697 ], [ 354471.07050000037998, 2841955.711799999698997 ], [ 354507.791699999943376, 2841939.530999999493361 ], [ 354547.268500000238419, 2841922.135900000110269 ], [ 354590.564699999988079, 2841903.057900000363588 ], [ 354624.590800000354648, 2841888.0647 ], [ 354712.381699999794364, 2841849.3805 ], [ 354738.918100000359118, 2841837.6875 ], [ 354912.739599999971688, 2841760.310699999332428 ], [ 355078.975599999539554, 2841687.903300000354648 ], [ 355097.473500000312924, 2841660.0724 ], [ 355144.560700000263751, 2841589.227800000458956 ], [ 355150.524000000208616, 2841580.255799999460578 ], [ 355179.302400000393391, 2841531.979699999094009 ], [ 355192.773000000044703, 2841509.382799999788404 ], [ 355197.626299999654293, 2841501.975999999791384 ], [ 355209.57799999974668, 2841483.595799999311566 ], [ 355216.048499999567866, 2841473.666899999603629 ], [ 355242.735000000335276, 2841432.717000000178814 ], [ 355282.055700000375509, 2841372.379899999126792 ], [ 355317.803199999965727, 2841317.526000000536442 ], [ 355344.558799999766052, 2841276.619899999350309 ], [ 355360.8295, 2841251.743899999186397 ], [ 355437.692999999970198, 2841136.6535 ], [ 355443.591099999845028, 2841126.926599999889731 ], [ 355457.849499999545515, 2841103.41190000064671 ], [ 355463.624499999918044, 2841094.582599999383092 ], [ 355485.393899999558926, 2841061.299799999222159 ], [ 355572.86699999962002, 2840927.563699999824166 ], [ 355706.855600000359118, 2840721.8794 ], [ 355745.277300000190735, 2840654.053899999707937 ], [ 355783.227800000458956, 2840543.85869999974966 ], [ 355529.333800000138581, 2840549.529500000178814 ], [ 355268.376699999906123, 2840555.357999999076128 ], [ 355252.559399999678135, 2840555.711300000548363 ], [ 355222.265599999576807, 2840557.800599999725819 ], [ 355219.08600000012666, 2840558.523199999704957 ], [ 355153.321100000292063, 2840573.469799999147654 ], [ 355060.350399999879301, 2840612.120500000193715 ], [ 354994.53969999961555, 2840631.9682 ], [ 354906.976999999955297, 2840691.206499999389052 ], [ 354830.982200000435114, 2840742.61879999935627 ], [ 354561.906999999657273, 2840932.063100000843406 ], [ 354553.517500000074506, 2840937.928400000557303 ], [ 353900.72510000038892, 2841394.312899999320507 ], [ 353903.234299999661744, 2841431.549100000411272 ], [ 353918.162299999967217, 2841467.901900000870228 ], [ 353927.50760000012815, 2841487.9276 ], [ 354015.334699999541044, 2841740.988500000908971 ], [ 354018.445600000210106, 2841769.7358 ], [ 354021.556599999777973, 2841798.482999999076128 ], [ 354021.516099999658763, 2841850.28830000013113 ], [ 354033.048100000247359, 2841858.304099999368191 ], [ 354066.331899999640882, 2841847.949200000613928 ], [ 354106.981599999591708, 2841828.0449 ], [ 354143.614199999719858, 2841810.1075 ], [ 354201.788099999539554, 2841930.721400000154972 ], [ 354264.3739, 2842060.352299999445677 ], [ 354283.148299999535084, 2842049.13120000064373 ] ] ] ] } },
{ "type": "Feature", "properties": { "fid": 56, "ID": 841, "ENTIDAD": 19, "MUNICIPIO": 48, "SECCION": 2015, "TIPO": 2, "CONTROL": 1177 }, "geometry": { "type": "MultiPolygon", "coordinates": [ [ [ [ 357038.259700000286102, 2842028.724899999797344 ], [ 357027.019000000320375, 2841998.833799999207258 ], [ 357081.541500000283122, 2841979.505400000140071 ], [ 357082.111299999989569, 2841994.7018 ], [ 357091.359000000171363, 2842005.8761 ], [ 357099.83600000012666, 2842007.802699999883771 ], [ 357113.533099999651313, 2842007.337200000882149 ], [ 357117.253499999642372, 2841967.356899999082088 ], [ 357149.333899999968708, 2841964.7686 ], [ 357171.483500000089407, 2841957.465199999511242 ], [ 357176.072599999606609, 2841902.534900000318885 ], [ 357179.193799999542534, 2841854.1568 ], [ 357175.125, 2841805.022900000214577 ], [ 357124.628800000064075, 2841655.366499999538064 ], [ 357115.448800000362098, 2841658.15819999948144 ], [ 357076.819299999624491, 2841671.099999999627471 ], [ 357077.755699999630451, 2841724.472100000828505 ], [ 356924.050999999977648, 2841783.561799999326468 ], [ 356920.239900000393391, 2841774.079700000584126 ], [ 356900.932400000281632, 2841735.267899999395013 ], [ 356837.535600000061095, 2841798.410900000482798 ], [ 356813.332499999552965, 2841822.517000000923872 ], [ 356804.169599999673665, 2841831.886299999430776 ], [ 356766.627199999988079, 2841870.595599999651313 ], [ 356741.924100000411272, 2841896.066600000485778 ], [ 356744.683299999684095, 2841902.147099999710917 ], [ 356760.873399999924004, 2841937.825500000268221 ], [ 356777.456600000150502, 2841974.369899999350309 ], [ 356794.403599999845028, 2842011.716299999505281 ], [ 356810.495900000445545, 2842047.179099999368191 ], [ 356883.827100000344217, 2842010.756300000473857 ], [ 356900.716000000014901, 2842046.410599999129772 ], [ 356918.792999999597669, 2842084.573200000450015 ], [ 357038.259700000286102, 2842028.724899999797344 ] ] ] ] } },
{ "type": "Feature", "properties": { "fid": 57, "ID": 835, "ENTIDAD": 19, "MUNICIPIO": 48, "SECCION": 2010, "TIPO": 2, "CONTROL": 1171 }, "geometry": { "type": "MultiPolygon", "coordinates": [ [ [ [ 357730.331500000320375, 2842095.701199999079108 ], [ 357736.683799999766052, 2842059.4024 ], [ 357734.868900000117719, 2842053.957599999383092 ], [ 357733.053899999707937, 2842048.512800000607967 ], [ 357733.507699999958277, 2842028.775299999862909 ], [ 357732.17119999974966, 2842020.934499999508262 ], [ 357718.638000000268221, 2841941.540100000798702 ], [ 357716.167299999855459, 2841927.045099999755621 ], [ 357709.686599999666214, 2841889.025000000372529 ], [ 357721.71059999987483, 2841868.833799999207258 ], [ 357733.961400000378489, 2841835.257400000467896 ], [ 357733.961400000378489, 2841816.200500000268221 ], [ 357724.886699999682605, 2841791.245100000873208 ], [ 357750.06900000013411, 2841783.531600000336766 ], [ 357735.464800000190735, 2841735.989499999210238 ], [ 357721.448699999600649, 2841690.3618 ], [ 357707.432699999772012, 2841644.734099999070168 ], [ 357676.337000000290573, 2841543.505799999460578 ], [ 357632.650399999693036, 2841552.284499999135733 ], [ 357585.787999999709427, 2841561.701199999079108 ], [ 357574.814000000245869, 2841563.906400000676513 ], [ 357540.998399999924004, 2841570.701500000432134 ], [ 357523.417399999685585, 2841574.234300000593066 ], [ 357494.157399999909103, 2841580.114 ], [ 357530.98589999973774, 2841697.628599999472499 ], [ 357545.236399999819696, 2841743.0998 ], [ 357559.486800000071526, 2841788.571100000292063 ], [ 357574.473600000143051, 2841836.391799999400973 ], [ 357565.529299999587238, 2841839.1809 ], [ 357524.682599999941885, 2841850.820699999108911 ], [ 357541.339399999938905, 2841905.871099999174476 ], [ 357554.086400000378489, 2841953.79869999922812 ], [ 357594.578499999828637, 2841941.61739999987185 ], [ 357622.892400000244379, 2842041.444599999114871 ], [ 357651.228400000371039, 2842149.600199999287724 ], [ 357659.770499999634922, 2842149.82880000025034 ], [ 357667.331399999558926, 2842150.031099999323487 ], [ 357673.918800000101328, 2842150.207399999722838 ], [ 357681.190499999560416, 2842152.29109999909997 ], [ 357709.054700000211596, 2842158.645199999213219 ], [ 357730.331500000320375, 2842095.701199999079108 ] ] ] ] } },
{ "type": "Feature", "properties": { "fid": 58, "ID": 866, "ENTIDAD": 19, "MUNICIPIO": 48, "SECCION": 2027, "TIPO": 2, "CONTROL": 1210 }, "geometry": { "type": "MultiPolygon", "coordinates": [ [ [ [ 354510.368700000457466, 2842211.27140000090003 ], [ 354550.328700000420213, 2842190.495200000703335 ], [ 354593.392599999904633, 2842168.105100000277162 ], [ 354634.572399999946356, 2842146.694599999114871 ], [ 354657.9682, 2842134.530500000342727 ], [ 354677.609299999661744, 2842124.318600000813603 ], [ 354714.833899999968708, 2842104.964600000530481 ], [ 354747.877100000157952, 2842087.913100000470877 ], [ 354781.241499999538064, 2842070.696000000461936 ], [ 354814.605899999849498, 2842053.478800000622869 ], [ 354841.997899999842048, 2842039.343599999323487 ], [ 354817.010900000110269, 2841990.99210000038147 ], [ 354764.93819999974221, 2841890.228199999779463 ], [ 354751.928100000135601, 2841863.957900000736117 ], [ 354744.6402000002563, 2841849.241900000721216 ], [ 354738.918100000359118, 2841837.6875 ], [ 354712.381699999794364, 2841849.3805 ], [ 354624.590800000354648, 2841888.0647 ], [ 354590.564699999988079, 2841903.057900000363588 ], [ 354547.268500000238419, 2841922.135900000110269 ], [ 354507.791699999943376, 2841939.530999999493361 ], [ 354471.07050000037998, 2841955.711799999698997 ], [ 354432.950000000186265, 2841972.509099999442697 ], [ 354395.19539999961853, 2841989.145300000905991 ], [ 354385.623399999924004, 2841993.363099999725819 ], [ 354374.547399999573827, 2841998.243699999526143 ], [ 354368.270499999634922, 2842001.009500000625849 ], [ 354363.284799999557436, 2842003.206399999558926 ], [ 354353.823599999770522, 2842007.375399999320507 ], [ 354363.952100000344217, 2842027.3904 ], [ 354444.2182, 2842186.005000000819564 ], [ 354468.120099999941885, 2842233.237600000575185 ], [ 354510.368700000457466, 2842211.27140000090003 ] ] ] ] } },
{ "type": "Feature", "properties": { "fid": 59, "ID": 859, "ENTIDAD": 19, "MUNICIPIO": 48, "SECCION": 2024, "TIPO": 2, "CONTROL": 1197 }, "geometry": { "type": "MultiPolygon", "coordinates": [ [ [ [ 354800.454699999652803, 2842240.127800000831485 ], [ 354851.893500000238419, 2842198.398299999535084 ], [ 354877.102300000376999, 2842177.947699999436736 ], [ 354881.803999999538064, 2842174.133500000461936 ], [ 354885.24959999974817, 2842171.338300000876188 ], [ 354875.158300000242889, 2842159.950899999588728 ], [ 354906.177600000053644, 2842134.706000000238419 ], [ 354934.432799999602139, 2842111.796399999409914 ], [ 354963.330199999734759, 2842088.36600000038743 ], [ 354990.171900000423193, 2842066.60249999910593 ], [ 355075.123499999754131, 2842170.983300000429153 ], [ 355103.972199999727309, 2842148.513499999418855 ], [ 355133.075299999676645, 2842125.8454 ], [ 355161.387400000356138, 2842103.793500000610948 ], [ 355169.329800000414252, 2842097.607300000265241 ], [ 355155.618300000205636, 2842070.624399999156594 ], [ 355136.254599999636412, 2842032.518200000748038 ], [ 355116.743400000035763, 2841996.354800000786781 ], [ 355108.88190000038594, 2841981.099500000476837 ], [ 355096.703099999576807, 2841959.109899999573827 ], [ 355076.003600000403821, 2841918.11769999936223 ], [ 355066.285600000061095, 2841923.152100000530481 ], [ 355042.437599999830127, 2841935.50650000013411 ], [ 355009.70380000025034, 2841952.464099999517202 ], [ 354978.924599999561906, 2841968.409199999645352 ], [ 354946.611999999731779, 2841985.148600000888109 ], [ 354914.726800000295043, 2842001.6667 ], [ 354882.841500000096858, 2842018.184699999168515 ], [ 354849.59250000026077, 2842035.409299999475479 ], [ 354841.997899999842048, 2842039.343599999323487 ], [ 354814.605899999849498, 2842053.478800000622869 ], [ 354781.241499999538064, 2842070.696000000461936 ], [ 354747.877100000157952, 2842087.913100000470877 ], [ 354714.833899999968708, 2842104.964600000530481 ], [ 354762.4364, 2842196.931399999186397 ], [ 354774.126000000163913, 2842216.654400000348687 ], [ 354796.878399999812245, 2842243.028999999165535 ], [ 354800.454699999652803, 2842240.127800000831485 ] ] ] ] } },
{ "type": "Feature", "properties": { "fid": 60, "ID": 856, "ENTIDAD": 19, "MUNICIPIO": 48, "SECCION": 2022, "TIPO": 2, "CONTROL": 1193 }, "geometry": { "type": "MultiPolygon", "coordinates": [ [ [ [ 355337.329199999570847, 2842234.376299999654293 ], [ 355313.115399999544024, 2842197.323100000619888 ], [ 355295.248700000345707, 2842164.304999999701977 ], [ 355277.382000000216067, 2842131.28690000064671 ], [ 355267.559799999929965, 2842113.135099999606609 ], [ 355260.310899999924004, 2842099.739 ], [ 355245.388100000098348, 2842072.1612 ], [ 355224.910899999551475, 2842034.31870000064373 ], [ 355210.765599999576807, 2842008.177799999713898 ], [ 355204.82010000012815, 2841996.924900000914931 ], [ 355190.997999999672174, 2841970.764599999412894 ], [ 355185.206299999728799, 2841959.802899999544024 ], [ 355172.483599999919534, 2841935.723200000822544 ], [ 355165.870900000445545, 2841923.207599999383092 ], [ 355154.622299999929965, 2841901.917899999767542 ], [ 355144.427600000053644, 2841882.622999999672174 ], [ 355136.307000000029802, 2841867.253499999642372 ], [ 355118.219800000078976, 2841833.020700000226498 ], [ 355098.428199999965727, 2841795.562100000679493 ], [ 355080.528900000266731, 2841761.685000000521541 ], [ 355063.688799999654293, 2841729.8279 ], [ 355059.632299999706447, 2841722.165999999269843 ], [ 355078.975599999539554, 2841687.903300000354648 ], [ 354912.739599999971688, 2841760.310699999332428 ], [ 354738.918100000359118, 2841837.6875 ], [ 354744.6402000002563, 2841849.241900000721216 ], [ 354751.928100000135601, 2841863.957900000736117 ], [ 354764.93819999974221, 2841890.228199999779463 ], [ 354817.010900000110269, 2841990.99210000038147 ], [ 354841.997899999842048, 2842039.343599999323487 ], [ 354849.59250000026077, 2842035.409299999475479 ], [ 354882.841500000096858, 2842018.184699999168515 ], [ 354914.726800000295043, 2842001.6667 ], [ 354946.611999999731779, 2841985.148600000888109 ], [ 354978.924599999561906, 2841968.409199999645352 ], [ 355009.70380000025034, 2841952.464099999517202 ], [ 355042.437599999830127, 2841935.50650000013411 ], [ 355066.285600000061095, 2841923.152100000530481 ], [ 355076.003600000403821, 2841918.11769999936223 ], [ 355096.703099999576807, 2841959.109899999573827 ], [ 355108.88190000038594, 2841981.099500000476837 ], [ 355116.743400000035763, 2841996.354800000786781 ], [ 355136.254599999636412, 2842032.518200000748038 ], [ 355155.618300000205636, 2842070.624399999156594 ], [ 355169.329800000414252, 2842097.607300000265241 ], [ 355173.529799999669194, 2842106.8081 ], [ 355195.275799999944866, 2842149.811499999836087 ], [ 355205.515100000426173, 2842169.365000000223517 ], [ 355260.504599999636412, 2842274.37639999948442 ], [ 355337.329199999570847, 2842234.376299999654293 ] ] ] ] } },
{ "type": "Feature", "properties": { "fid": 61, "ID": 827, "ENTIDAD": 19, "MUNICIPIO": 48, "SECCION": 2004, "TIPO": 2, "CONTROL": 1163 }, "geometry": { "type": "MultiPolygon", "coordinates": [ [ [ [ 355766.363199999555945, 2842233.72580000013113 ], [ 355790.110000000335276, 2842220.193099999800324 ], [ 355795.287200000137091, 2842215.016000000759959 ], [ 355783.207200000062585, 2842180.0088 ], [ 355779.493800000287592, 2842137.457399999722838 ], [ 355775.946299999952316, 2842096.806199999526143 ], [ 355772.168100000359118, 2842053.512199999764562 ], [ 355768.168899999931455, 2842007.684599999338388 ], [ 355785.701999999582767, 2841998.488900000229478 ], [ 355822.959400000050664, 2841978.948300000280142 ], [ 355804.0466, 2841942.72690000012517 ], [ 355777.866799999959767, 2841892.587799999862909 ], [ 355741.485399999655783, 2841911.536399999633431 ], [ 355723.862399999983609, 2841876.481899999082088 ], [ 355707.10259999986738, 2841843.144500000402331 ], [ 355691.086799999698997, 2841811.287000000476837 ], [ 355689.42850000038743, 2841807.988500000908971 ], [ 355671.754499999806285, 2841772.832399999722838 ], [ 355794.473500000312924, 2841711.263499999418855 ], [ 355830.846300000324845, 2841693.015000000596046 ], [ 355893.832399999722838, 2841661.4145 ], [ 355886.537499999627471, 2841647.018500000238419 ], [ 355808.184500000439584, 2841492.392699999734759 ], [ 355670.371700000017881, 2841510.660900000482798 ], [ 355482.268099999986589, 2841535.595599999651313 ], [ 355483.026100000366569, 2841548.480699999257922 ], [ 355476.885900000110269, 2841568.333799999207258 ], [ 355454.224200000055134, 2841590.167700000107288 ], [ 355438.307300000451505, 2841599.263000000268221 ], [ 355412.537200000137091, 2841601.53690000064671 ], [ 355426.940299999900162, 2841634.287599999457598 ], [ 355444.460400000214577, 2841669.896299999207258 ], [ 355494.824400000274181, 2841771.918999999761581 ], [ 355512.977900000289083, 2841808.692700000479817 ], [ 355531.253999999724329, 2841845.714700000360608 ], [ 355548.933500000275671, 2841880.353000000119209 ], [ 355566.612999999895692, 2841914.9912 ], [ 355583.771099999547005, 2841948.607699999585748 ], [ 355600.167000000365078, 2841980.731000000610948 ], [ 355642.532300000078976, 2842063.734200000762939 ], [ 355646.136800000444055, 2842070.79619999974966 ], [ 355590.914099999703467, 2842100.8728 ], [ 355610.487900000065565, 2842140.371099999174476 ], [ 355627.270200000144541, 2842174.236500000581145 ], [ 355640.605800000019372, 2842201.14670000039041 ], [ 355643.056800000369549, 2842206.092599999159575 ], [ 355659.695899999700487, 2842239.6689 ], [ 355598.574799999594688, 2842270.988600000739098 ], [ 355607.823200000450015, 2842272.539000000804663 ], [ 355622.46999999973923, 2842287.495699999853969 ], [ 355634.303399999625981, 2842302.780500000342727 ], [ 355766.363199999555945, 2842233.72580000013113 ] ] ] ] } },
{ "type": "Feature", "properties": { "fid": 62, "ID": 862, "ENTIDAD": 19, "MUNICIPIO": 48, "SECCION": 2025, "TIPO": 2, "CONTROL": 1203 }, "geometry": { "type": "MultiPolygon", "coordinates": [ [ [ [ 354561.365600000135601, 2842389.415400000289083 ], [ 354597.518099999986589, 2842360.454700000584126 ], [ 354632.807799999602139, 2842332.225700000301003 ], [ 354667.819299999624491, 2842303.137299999594688 ], [ 354703.247700000181794, 2842273.084899999201298 ], [ 354779.877999999560416, 2842368.468800000846386 ], [ 354815.333499999716878, 2842339.469399999827147 ], [ 354850.78899999987334, 2842310.470000000670552 ], [ 354796.878399999812245, 2842243.028999999165535 ], [ 354774.126000000163913, 2842216.654400000348687 ], [ 354762.4364, 2842196.931399999186397 ], [ 354714.833899999968708, 2842104.964600000530481 ], [ 354677.609299999661744, 2842124.318600000813603 ], [ 354657.9682, 2842134.530500000342727 ], [ 354634.572399999946356, 2842146.694599999114871 ], [ 354593.392599999904633, 2842168.105100000277162 ], [ 354550.328700000420213, 2842190.495200000703335 ], [ 354510.368700000457466, 2842211.27140000090003 ], [ 354468.120099999941885, 2842233.237600000575185 ], [ 354505.570700000040233, 2842305.220599999651313 ], [ 354538.004700000397861, 2842367.561200000345707 ], [ 354552.135900000110269, 2842396.8092 ], [ 354561.365600000135601, 2842389.415400000289083 ] ] ] ] } },
{ "type": "Feature", "properties": { "fid": 63, "ID": 858, "ENTIDAD": 19, "MUNICIPIO": 48, "SECCION": 2023, "TIPO": 2, "CONTROL": 1196 }, "geometry": { "type": "MultiPolygon", "coordinates": [ [ [ [ 354947.353400000371039, 2842437.424200000241399 ], [ 354967.583200000226498, 2842426.891200000420213 ], [ 355000.577899999916553, 2842409.711899999529123 ], [ 355020.022599999792874, 2842399.5877 ], [ 355034.136500000022352, 2842392.239 ], [ 355068.629900000058115, 2842374.279400000348687 ], [ 355083.833999999798834, 2842366.363099999725819 ], [ 355099.038200000301003, 2842358.44679999910295 ], [ 355133.185899999924004, 2842340.667199999094009 ], [ 355164.447900000028312, 2842324.390100000426173 ], [ 355196.210900000296533, 2842307.852099999785423 ], [ 355228.357699999585748, 2842291.114299999549985 ], [ 355260.504599999636412, 2842274.37639999948442 ], [ 355205.515100000426173, 2842169.365000000223517 ], [ 355195.275799999944866, 2842149.811499999836087 ], [ 355173.529799999669194, 2842106.8081 ], [ 355169.329800000414252, 2842097.607300000265241 ], [ 355161.387400000356138, 2842103.793500000610948 ], [ 355133.075299999676645, 2842125.8454 ], [ 355103.972199999727309, 2842148.513499999418855 ], [ 355075.123499999754131, 2842170.983300000429153 ], [ 354990.171900000423193, 2842066.60249999910593 ], [ 354963.330199999734759, 2842088.36600000038743 ], [ 354934.432799999602139, 2842111.796399999409914 ], [ 354906.177600000053644, 2842134.706000000238419 ], [ 354875.158300000242889, 2842159.950899999588728 ], [ 354885.24959999974817, 2842171.338300000876188 ], [ 354881.803999999538064, 2842174.133500000461936 ], [ 354877.102300000376999, 2842177.947699999436736 ], [ 354851.893500000238419, 2842198.398299999535084 ], [ 354800.454699999652803, 2842240.127800000831485 ], [ 354796.878399999812245, 2842243.028999999165535 ], [ 354850.78899999987334, 2842310.470000000670552 ], [ 354858.788900000043213, 2842320.477800000458956 ], [ 354886.013299999758601, 2842355.689799999818206 ], [ 354889.83629999961704, 2842362.523199999704957 ], [ 354934.314100000075996, 2842444.213400000706315 ], [ 354947.353400000371039, 2842437.424200000241399 ] ] ] ] } },
{ "type": "Feature", "properties": { "fid": 64, "ID": 868, "ENTIDAD": 19, "MUNICIPIO": 48, "SECCION": 2028, "TIPO": 2, "CONTROL": 1212 }, "geometry": { "type": "MultiPolygon", "coordinates": [ [ [ [ 354018.191100000403821, 2842470.479499999433756 ], [ 354038.643199999816716, 2842459.68610000051558 ], [ 354059.095300000160933, 2842448.892699999734759 ], [ 354074.25650000013411, 2842440.8915 ], [ 354103.313099999912083, 2842425.557199999690056 ], [ 354111.724600000306964, 2842421.118100000545382 ], [ 354144.4227, 2842403.861999999731779 ], [ 354183.929800000041723, 2842383.012499999254942 ], [ 354223.43680000025779, 2842362.16300000064075 ], [ 354262.981300000101328, 2842341.293800000101328 ], [ 354306.309500000439584, 2842318.427799999713898 ], [ 354345.443400000222027, 2842297.7752 ], [ 354382.994699999690056, 2842368.47069999948144 ], [ 354424.212899999693036, 2842349.410299999639392 ], [ 354463.809899999760091, 2842326.730599999427795 ], [ 354505.570700000040233, 2842305.220599999651313 ], [ 354468.120099999941885, 2842233.237600000575185 ], [ 354444.2182, 2842186.005000000819564 ], [ 354363.952100000344217, 2842027.3904 ], [ 354353.823599999770522, 2842007.375399999320507 ], [ 354330.469399999827147, 2842021.030099999159575 ], [ 354316.487800000235438, 2842029.204800000414252 ], [ 354283.148299999535084, 2842049.13120000064373 ], [ 354264.3739, 2842060.352299999445677 ], [ 354234.402700000442564, 2842084.9934 ], [ 354191.916899999603629, 2842119.92369999922812 ], [ 354160.917200000025332, 2842145.410499999299645 ], [ 354130.856800000183284, 2842170.125 ], [ 354125.796400000341237, 2842174.285399999469519 ], [ 354106.525200000032783, 2842190.1294 ], [ 354091.611700000241399, 2842202.390799999237061 ], [ 354060.309399999678135, 2842228.126299999654293 ], [ 354027.060800000093877, 2842255.462099999189377 ], [ 353993.886300000362098, 2842282.7368 ], [ 353960.390700000338256, 2842310.27559999935329 ], [ 353926.895100000314415, 2842337.814400000497699 ], [ 354001.286600000225008, 2842479.17369999922812 ], [ 354018.191100000403821, 2842470.479499999433756 ] ] ] ] } },
{ "type": "Feature", "properties": { "fid": 65, "ID": 836, "ENTIDAD": 19, "MUNICIPIO": 48, "SECCION": 2011, "TIPO": 2, "CONTROL": 1172 }, "geometry": { "type": "MultiPolygon", "coordinates": [ [ [ [ 357844.274799999780953, 2842408.940300000831485 ], [ 357907.985600000247359, 2842259.42200000025332 ], [ 357884.585099999792874, 2842134.141200000420213 ], [ 357880.590300000272691, 2842112.753699999302626 ], [ 357845.628800000064075, 2841944.040300000458956 ], [ 357828.983500000089407, 2841851.919600000604987 ], [ 357814.450699999928474, 2841761.768500000238419 ], [ 357799.080000000074506, 2841683.175100000575185 ], [ 357774.878499999642372, 2841520.738099999725819 ], [ 357712.371700000017881, 2841535.180099999532104 ], [ 357686.594200000166893, 2841541.135900000110269 ], [ 357676.337000000290573, 2841543.505799999460578 ], [ 357707.432699999772012, 2841644.734099999070168 ], [ 357721.448699999600649, 2841690.3618 ], [ 357735.464800000190735, 2841735.989499999210238 ], [ 357750.06900000013411, 2841783.531600000336766 ], [ 357724.886699999682605, 2841791.245100000873208 ], [ 357733.961400000378489, 2841816.200500000268221 ], [ 357733.961400000378489, 2841835.257400000467896 ], [ 357721.71059999987483, 2841868.833799999207258 ], [ 357709.686599999666214, 2841889.025000000372529 ], [ 357716.167299999855459, 2841927.045099999755621 ], [ 357718.638000000268221, 2841941.540100000798702 ], [ 357732.17119999974966, 2842020.934499999508262 ], [ 357733.507699999958277, 2842028.775299999862909 ], [ 357733.053899999707937, 2842048.512800000607967 ], [ 357734.868900000117719, 2842053.957599999383092 ], [ 357736.683799999766052, 2842059.4024 ], [ 357730.331500000320375, 2842095.701199999079108 ], [ 357709.054700000211596, 2842158.645199999213219 ], [ 357681.190499999560416, 2842152.29109999909997 ], [ 357673.918800000101328, 2842150.207399999722838 ], [ 357667.331399999558926, 2842150.031099999323487 ], [ 357659.770499999634922, 2842149.82880000025034 ], [ 357651.228400000371039, 2842149.600199999287724 ], [ 357613.931300000287592, 2842157.506799999624491 ], [ 357608.719200000166893, 2842158.905799999833107 ], [ 357597.862800000235438, 2842161.9145 ], [ 357585.005199999548495, 2842165.477600000798702 ], [ 357573.699199999682605, 2842168.6108 ], [ 357585.081799999810755, 2842216.377900000661612 ], [ 357595.958300000056624, 2842260.968599999323487 ], [ 357549.185399999842048, 2842275.986300000920892 ], [ 357576.423000000417233, 2842302.983300000429153 ], [ 357586.638799999840558, 2842313.108899999409914 ], [ 357591.816700000315905, 2842318.129899999126792 ], [ 357604.668800000101328, 2842340.4518 ], [ 357605.754099999554455, 2842344.907600000500679 ], [ 357606.839499999769032, 2842349.363399999216199 ], [ 357630.372700000181794, 2842445.9857 ], [ 357805.808600000105798, 2842499.213899999856949 ], [ 357844.274799999780953, 2842408.940300000831485 ] ] ] ] } },
{ "type": "Feature", "properties": { "fid": 66, "ID": 2620, "ENTIDAD": 19, "MUNICIPIO": 48, "SECCION": 2798, "TIPO": 2, "CONTROL": 3427 }, "geometry": { "type": "MultiPolygon", "coordinates": [ [ [ [ 352846.456799999810755, 2842447.9967 ], [ 352874.019600000232458, 2842421.506899999454618 ], [ 352977.254599999636412, 2842322.21199999935925 ], [ 352987.192599999718368, 2842312.654899999499321 ], [ 353086.821999999694526, 2842195.690500000491738 ], [ 353093.141400000080466, 2842188.271600000560284 ], [ 353107.245500000193715, 2842171.713400000706315 ], [ 353142.404299999587238, 2842130.437100000679493 ], [ 353183.864000000059605, 2842073.112700000405312 ], [ 353211.815100000239909, 2842059.674599999561906 ], [ 353259.423499999567866, 2842036.786000000312924 ], [ 353313.186900000087917, 2842006.998099999502301 ], [ 353329.318799999542534, 2841981.971899999305606 ], [ 353355.235799999907613, 2841959.829199999570847 ], [ 353400.370900000445545, 2841921.267200000584126 ], [ 353467.575199999846518, 2841923.44679999910295 ], [ 353528.042200000025332, 2841925.4079 ], [ 353687.625900000333786, 2841863.279100000858307 ], [ 353727.895399999804795, 2841847.601500000804663 ], [ 353774.87430000025779, 2841839.023600000888109 ], [ 353857.294599999673665, 2841835.095300000160933 ], [ 353894.684000000357628, 2841826.536299999803305 ], [ 353923.0307, 2841820.0472999997437 ], [ 353945.998700000345707, 2841820.443299999460578 ], [ 353976.633100000210106, 2841814.247500000521541 ], [ 354021.556599999777973, 2841798.482999999076128 ], [ 354018.445600000210106, 2841769.7358 ], [ 354015.334699999541044, 2841740.988500000908971 ], [ 353927.50760000012815, 2841487.9276 ], [ 353918.162299999967217, 2841467.901900000870228 ], [ 353903.234299999661744, 2841431.549100000411272 ], [ 353900.72510000038892, 2841394.312899999320507 ], [ 353744.410600000061095, 2841446.246999999508262 ], [ 353530.940100000239909, 2841501.841700000688434 ], [ 353317.496399999596179, 2841557.429400000721216 ], [ 353147.283499999903142, 2841597.64049999974668 ], [ 353106.429800000041723, 2841607.2956000007689 ], [ 353033.127700000070035, 2841624.6195 ], [ 352941.004499999806285, 2841644.3377 ], [ 352867.230600000359118, 2841660.128399999812245 ], [ 352810.634300000034273, 2841672.24239999987185 ], [ 352785.137799999676645, 2841671.893200000748038 ], [ 352485.446000000461936, 2841668.293199999257922 ], [ 352460.843999999575317, 2841668.053899999707937 ], [ 352466.321000000461936, 2841881.729800000786781 ], [ 352473.157200000248849, 2841888.637399999424815 ], [ 352484.076100000180304, 2841906.2027000002563 ], [ 352516.431699999608099, 2841981.011 ], [ 352530.359699999913573, 2842082.290699999779463 ], [ 352586.448300000280142, 2842465.834799999371171 ], [ 352705.683799999766052, 2842583.979299999773502 ], [ 352846.456799999810755, 2842447.9967 ] ] ] ] } },
{ "type": "Feature", "properties": { "fid": 67, "ID": 864, "ENTIDAD": 19, "MUNICIPIO": 48, "SECCION": 2026, "TIPO": 2, "CONTROL": 1208 }, "geometry": { "type": "MultiPolygon", "coordinates": [ [ [ [ 354659.890399999916553, 2842586.293400000780821 ], [ 354697.628200000151992, 2842566.848899999633431 ], [ 354736.657599999569356, 2842546.738900000229478 ], [ 354777.047799999825656, 2842525.927699999883771 ], [ 354813.022699999623001, 2842507.343800000846386 ], [ 354819.560899999924004, 2842503.96169999986887 ], [ 354860.639899999834597, 2842482.573200000450015 ], [ 354898.70990000013262, 2842462.751299999654293 ], [ 354934.314100000075996, 2842444.213400000706315 ], [ 354889.83629999961704, 2842362.523199999704957 ], [ 354886.013299999758601, 2842355.689799999818206 ], [ 354858.788900000043213, 2842320.477800000458956 ], [ 354850.78899999987334, 2842310.470000000670552 ], [ 354815.333499999716878, 2842339.469399999827147 ], [ 354779.877999999560416, 2842368.468800000846386 ], [ 354703.247700000181794, 2842273.084899999201298 ], [ 354667.819299999624491, 2842303.137299999594688 ], [ 354632.807799999602139, 2842332.225700000301003 ], [ 354597.518099999986589, 2842360.454700000584126 ], [ 354561.365600000135601, 2842389.415400000289083 ], [ 354552.135900000110269, 2842396.8092 ], [ 354558.219499999657273, 2842408.145899999886751 ], [ 354585.143099999986589, 2842459.073799999430776 ], [ 354600.511400000192225, 2842486.45920000039041 ], [ 354607.103900000452995, 2842498.432700000703335 ], [ 354655.232800000347197, 2842588.693299999460578 ], [ 354659.890399999916553, 2842586.293400000780821 ] ] ] ] } },
{ "type": "Feature", "properties": { "fid": 68, "ID": 834, "ENTIDAD": 19, "MUNICIPIO": 48, "SECCION": 2009, "TIPO": 2, "CONTROL": 1170 }, "geometry": { "type": "MultiPolygon", "coordinates": [ [ [ [ 357303.412700000219047, 2842632.948200000450015 ], [ 357349.693900000303984, 2842616.4857 ], [ 357355.46860000025481, 2842610.876000000163913 ], [ 357350.35190000012517, 2842588.078299999237061 ], [ 357406.750099999830127, 2842573.356699999421835 ], [ 357458.14740000013262, 2842560.447300000116229 ], [ 357486.113499999977648, 2842542.214199999347329 ], [ 357526.234899999573827, 2842498.351800000295043 ], [ 357513.460400000214577, 2842486.606499999761581 ], [ 357517.410000000149012, 2842479.130400000140071 ], [ 357542.6398, 2842469.347400000318885 ], [ 357550.554700000211596, 2842466.278400000184774 ], [ 357556.642599999904633, 2842469.660499999299645 ], [ 357588.797399999573827, 2842459.340500000864267 ], [ 357630.372700000181794, 2842445.9857 ], [ 357606.839499999769032, 2842349.363399999216199 ], [ 357605.754099999554455, 2842344.907600000500679 ], [ 357604.668800000101328, 2842340.4518 ], [ 357591.816700000315905, 2842318.129899999126792 ], [ 357586.638799999840558, 2842313.108899999409914 ], [ 357576.423000000417233, 2842302.983300000429153 ], [ 357549.185399999842048, 2842275.986300000920892 ], [ 357595.958300000056624, 2842260.968599999323487 ], [ 357585.081799999810755, 2842216.377900000661612 ], [ 357573.699199999682605, 2842168.6108 ], [ 357585.005199999548495, 2842165.477600000798702 ], [ 357597.862800000235438, 2842161.9145 ], [ 357608.719200000166893, 2842158.905799999833107 ], [ 357613.931300000287592, 2842157.506799999624491 ], [ 357651.228400000371039, 2842149.600199999287724 ], [ 357622.892400000244379, 2842041.444599999114871 ], [ 357594.578499999828637, 2841941.61739999987185 ], [ 357554.086400000378489, 2841953.79869999922812 ], [ 357541.339399999938905, 2841905.871099999174476 ], [ 357524.682599999941885, 2841850.820699999108911 ], [ 357396.881299999542534, 2841890.104900000616908 ], [ 357359.933699999935925, 2841901.146800000220537 ], [ 357348.913200000301003, 2841904.440199999138713 ], [ 357188.841500000096858, 2841952.277799999341369 ], [ 357171.483500000089407, 2841957.465199999511242 ], [ 357149.333899999968708, 2841964.7686 ], [ 357117.253499999642372, 2841967.356899999082088 ], [ 357113.533099999651313, 2842007.337200000882149 ], [ 357099.83600000012666, 2842007.802699999883771 ], [ 357091.359000000171363, 2842005.8761 ], [ 357082.111299999989569, 2841994.7018 ], [ 357081.541500000283122, 2841979.505400000140071 ], [ 357027.019000000320375, 2841998.833799999207258 ], [ 357038.259700000286102, 2842028.724899999797344 ], [ 357052.043700000271201, 2842059.968599999323487 ], [ 357054.47759999986738, 2842065.485500000417233 ], [ 357070.69550000037998, 2842102.246099999174476 ], [ 357089.029299999587238, 2842143.802500000223517 ], [ 357109.309700000099838, 2842189.77140000090003 ], [ 357129.074400000274181, 2842234.5713 ], [ 357150.019100000150502, 2842280.003799999132752 ], [ 357169.254800000227988, 2842319.4057 ], [ 357184.468399999663234, 2842359.365499999374151 ], [ 357189.586600000038743, 2842375.360600000247359 ], [ 357207.629200000315905, 2842416.7621 ], [ 357225.949300000444055, 2842455.619599999859929 ], [ 357241.940000000409782, 2842491.456700000911951 ], [ 357246.959400000050664, 2842503.9134 ], [ 357260.950400000438094, 2842538.63429999910295 ], [ 357265.015399999916553, 2842548.722300000488758 ], [ 357275.348600000143051, 2842574.365800000727177 ], [ 357288.164599999785423, 2842606.171 ], [ 357293.596800000406802, 2842613.185900000855327 ], [ 357299.854100000113249, 2842631.957699999213219 ], [ 357300.526499999687076, 2842633.9748 ], [ 357303.412700000219047, 2842632.948200000450015 ] ] ] ] } },
{ "type": "Feature", "properties": { "fid": 69, "ID": 872, "ENTIDAD": 19, "MUNICIPIO": 48, "SECCION": 2029, "TIPO": 2, "CONTROL": 1216 }, "geometry": { "type": "MultiPolygon", "coordinates": [ [ [ [ 354569.865199999883771, 2842632.679199999198318 ], [ 354611.00069999974221, 2842611.483999999240041 ], [ 354655.232800000347197, 2842588.693299999460578 ], [ 354607.103900000452995, 2842498.432700000703335 ], [ 354600.511400000192225, 2842486.45920000039041 ], [ 354585.143099999986589, 2842459.073799999430776 ], [ 354558.219499999657273, 2842408.145899999886751 ], [ 354552.135900000110269, 2842396.8092 ], [ 354538.004700000397861, 2842367.561200000345707 ], [ 354505.570700000040233, 2842305.220599999651313 ], [ 354463.809899999760091, 2842326.730599999427795 ], [ 354424.212899999693036, 2842349.410299999639392 ], [ 354382.994699999690056, 2842368.47069999948144 ], [ 354345.443400000222027, 2842297.7752 ], [ 354306.309500000439584, 2842318.427799999713898 ], [ 354262.981300000101328, 2842341.293800000101328 ], [ 354223.43680000025779, 2842362.16300000064075 ], [ 354183.929800000041723, 2842383.012499999254942 ], [ 354144.4227, 2842403.861999999731779 ], [ 354111.724600000306964, 2842421.118100000545382 ], [ 354103.313099999912083, 2842425.557199999690056 ], [ 354074.25650000013411, 2842440.8915 ], [ 354059.095300000160933, 2842448.892699999734759 ], [ 354038.643199999816716, 2842459.68610000051558 ], [ 354018.191100000403821, 2842470.479499999433756 ], [ 354079.42949999962002, 2842591.161499999463558 ], [ 354106.455900000408292, 2842618.616900000721216 ], [ 354140.029199999757111, 2842588.669399999082088 ], [ 354178.31209999974817, 2842554.521099999547005 ], [ 354213.703499999828637, 2842522.951999999582767 ], [ 354296.833399999886751, 2842615.75650000013411 ], [ 354313.229299999773502, 2842634.060499999672174 ], [ 354354.510099999606609, 2842613.094200000166893 ], [ 354394.684299999848008, 2842592.689899999648333 ], [ 354435.464900000020862, 2842571.977600000798702 ], [ 354476.245600000023842, 2842551.2653 ], [ 354530.012400000356138, 2842653.213500000536442 ], [ 354569.865199999883771, 2842632.679199999198318 ] ] ] ] } },
{ "type": "Feature", "properties": { "fid": 70, "ID": 887, "ENTIDAD": 19, "MUNICIPIO": 48, "SECCION": 2039, "TIPO": 2, "CONTROL": 1233 }, "geometry": { "type": "MultiPolygon", "coordinates": [ [ [ [ 353187.524000000208616, 2842650.080600000917912 ], [ 353222.897499999962747, 2842631.858200000599027 ], [ 353314.732699999585748, 2842592.86879999935627 ], [ 353398.738199999555945, 2842560.609200000762939 ], [ 353433.488900000229478, 2842547.2642 ], [ 353511.676900000311434, 2842517.238600000739098 ], [ 353559.548299999907613, 2842498.855100000277162 ], [ 353585.619400000199676, 2842489.1404 ], [ 353623.433199999853969, 2842475.050000000745058 ], [ 353680.443699999712408, 2842453.806600000709295 ], [ 353816.002799999900162, 2842403.065600000321865 ], [ 353856.80420000012964, 2842382.664899999275804 ], [ 353874.243400000035763, 2842373.945299999788404 ], [ 353891.756400000303984, 2842361.927400000393391 ], [ 353926.895100000314415, 2842337.814400000497699 ], [ 353960.390700000338256, 2842310.27559999935329 ], [ 353993.886300000362098, 2842282.7368 ], [ 354027.060800000093877, 2842255.462099999189377 ], [ 354060.309399999678135, 2842228.126299999654293 ], [ 354091.611700000241399, 2842202.390799999237061 ], [ 354106.525200000032783, 2842190.1294 ], [ 354125.796400000341237, 2842174.285399999469519 ], [ 354130.856800000183284, 2842170.125 ], [ 354160.917200000025332, 2842145.410499999299645 ], [ 354191.916899999603629, 2842119.92369999922812 ], [ 354234.402700000442564, 2842084.9934 ], [ 354264.3739, 2842060.352299999445677 ], [ 354201.788099999539554, 2841930.721400000154972 ], [ 354143.614199999719858, 2841810.1075 ], [ 354106.981599999591708, 2841828.0449 ], [ 354066.331899999640882, 2841847.949200000613928 ], [ 354033.048100000247359, 2841858.304099999368191 ], [ 354021.516099999658763, 2841850.28830000013113 ], [ 354021.556599999777973, 2841798.482999999076128 ], [ 353976.633100000210106, 2841814.247500000521541 ], [ 353945.998700000345707, 2841820.443299999460578 ], [ 353923.0307, 2841820.0472999997437 ], [ 353894.684000000357628, 2841826.536299999803305 ], [ 353857.294599999673665, 2841835.095300000160933 ], [ 353774.87430000025779, 2841839.023600000888109 ], [ 353727.895399999804795, 2841847.601500000804663 ], [ 353687.625900000333786, 2841863.279100000858307 ], [ 353528.042200000025332, 2841925.4079 ], [ 353467.575199999846518, 2841923.44679999910295 ], [ 353400.370900000445545, 2841921.267200000584126 ], [ 353355.235799999907613, 2841959.829199999570847 ], [ 353329.318799999542534, 2841981.971899999305606 ], [ 353313.186900000087917, 2842006.998099999502301 ], [ 353259.423499999567866, 2842036.786000000312924 ], [ 353211.815100000239909, 2842059.674599999561906 ], [ 353183.864000000059605, 2842073.112700000405312 ], [ 353142.404299999587238, 2842130.437100000679493 ], [ 353107.245500000193715, 2842171.713400000706315 ], [ 353093.141400000080466, 2842188.271600000560284 ], [ 353086.821999999694526, 2842195.690500000491738 ], [ 352987.192599999718368, 2842312.654899999499321 ], [ 353007.439899999648333, 2842384.1765 ], [ 353020.978000000119209, 2842431.998700000345707 ], [ 353035.135800000280142, 2842482.009500000625849 ], [ 353048.828499999828637, 2842530.377800000831485 ], [ 353063.308899999596179, 2842581.5285 ], [ 353077.449900000356138, 2842631.4803 ], [ 353085.30599999986589, 2842662.441099999472499 ], [ 353087.923799999989569, 2842672.758099999278784 ], [ 353095.689199999906123, 2842696.576199999079108 ], [ 353187.524000000208616, 2842650.080600000917912 ] ] ] ] } },
{ "type": "Feature", "properties": { "fid": 71, "ID": 876, "ENTIDAD": 19, "MUNICIPIO": 48, "SECCION": 2031, "TIPO": 2, "CONTROL": 1220 }, "geometry": { "type": "MultiPolygon", "coordinates": [ [ [ [ 353923.626299999654293, 2842709.942800000309944 ], [ 353945.379700000397861, 2842749.169700000435114 ], [ 353983.660500000230968, 2842728.824500000104308 ], [ 353997.480399999767542, 2842716.42119999974966 ], [ 354033.781700000166893, 2842683.841199999675155 ], [ 354070.118800000287592, 2842651.229000000283122 ], [ 354106.455900000408292, 2842618.616900000721216 ], [ 354079.42949999962002, 2842591.161499999463558 ], [ 354018.191100000403821, 2842470.479499999433756 ], [ 354001.286600000225008, 2842479.17369999922812 ], [ 353926.895100000314415, 2842337.814400000497699 ], [ 353891.756400000303984, 2842361.927400000393391 ], [ 353874.243400000035763, 2842373.945299999788404 ], [ 353856.80420000012964, 2842382.664899999275804 ], [ 353816.002799999900162, 2842403.065600000321865 ], [ 353680.443699999712408, 2842453.806600000709295 ], [ 353623.433199999853969, 2842475.050000000745058 ], [ 353585.619400000199676, 2842489.1404 ], [ 353559.548299999907613, 2842498.855100000277162 ], [ 353588.367899999953806, 2842556.403899999335408 ], [ 353606.63219999987632, 2842592.875099999830127 ], [ 353627.443799999542534, 2842634.417199999094009 ], [ 353652.257299999706447, 2842622.152300000190735 ], [ 353690.267799999564886, 2842603.430700000375509 ], [ 353712.851700000464916, 2842648.598400000482798 ], [ 353732.5159, 2842687.928400000557303 ], [ 353752.073800000362098, 2842727.042500000447035 ], [ 353770.667700000107288, 2842764.2303 ], [ 353923.626299999654293, 2842709.942800000309944 ] ] ] ] } },
{ "type": "Feature", "properties": { "fid": 72, "ID": 886, "ENTIDAD": 19, "MUNICIPIO": 48, "SECCION": 2038, "TIPO": 2, "CONTROL": 1232 }, "geometry": { "type": "MultiPolygon", "coordinates": [ [ [ [ 352849.075100000016391, 2842827.287100000306964 ], [ 352887.081299999728799, 2842805.994000000879169 ], [ 352922.354100000113249, 2842786.232300000265241 ], [ 352943.323900000192225, 2842774.483799999579787 ], [ 352991.942400000058115, 2842749.593100000172853 ], [ 352995.300800000317395, 2842747.873800000175834 ], [ 353078.17989999987185, 2842705.4112 ], [ 353095.689199999906123, 2842696.576199999079108 ], [ 353087.923799999989569, 2842672.758099999278784 ], [ 353085.30599999986589, 2842662.441099999472499 ], [ 353077.449900000356138, 2842631.4803 ], [ 353063.308899999596179, 2842581.5285 ], [ 353048.828499999828637, 2842530.377800000831485 ], [ 353035.135800000280142, 2842482.009500000625849 ], [ 353020.978000000119209, 2842431.998700000345707 ], [ 353007.439899999648333, 2842384.1765 ], [ 352987.192599999718368, 2842312.654899999499321 ], [ 352977.254599999636412, 2842322.21199999935925 ], [ 352874.019600000232458, 2842421.506899999454618 ], [ 352846.456799999810755, 2842447.9967 ], [ 352705.683799999766052, 2842583.979299999773502 ], [ 352642.036000000312924, 2842661.551100000739098 ], [ 352640.172500000335276, 2842674.016000000759959 ], [ 352631.104399999603629, 2842734.671900000423193 ], [ 352625.208300000056624, 2842774.110400000587106 ], [ 352819.171400000341237, 2842810.412100000306964 ], [ 352825.049899999983609, 2842840.747300000861287 ], [ 352849.075100000016391, 2842827.287100000306964 ] ] ] ] } },
{ "type": "Feature", "properties": { "fid": 73, "ID": 2619, "ENTIDAD": 19, "MUNICIPIO": 48, "SECCION": 2797, "TIPO": 2, "CONTROL": 3426 }, "geometry": { "type": "MultiPolygon", "coordinates": [ [ [ [ 349346.944899999536574, 2842840.769300000742078 ], [ 349394.507000000216067, 2842838.121500000357628 ], [ 349436.087100000120699, 2842836.552500000223517 ], [ 349442.826100000180304, 2842836.559100000187755 ], [ 349446.303299999795854, 2842835.964099999517202 ], [ 349493.067499999888241, 2842836.748400000855327 ], [ 349535.563500000163913, 2842837.229100000113249 ], [ 349578.447800000198185, 2842837.903599999845028 ], [ 349620.005699999630451, 2842837.381799999624491 ], [ 349663.093700000084937, 2842838.421800000593066 ], [ 349685.337700000032783, 2842838.486600000411272 ], [ 349706.960400000214577, 2842837.43610000051558 ], [ 349752.263500000350177, 2842837.558399999514222 ], [ 349812.378800000064075, 2842837.720599999651313 ], [ 349860.41399999987334, 2842837.850199999287724 ], [ 349871.809100000187755, 2842837.880999999120831 ], [ 349857.851099999621511, 2842762.629300000146031 ], [ 349848.942499999888241, 2842716.4857 ], [ 349840.968100000172853, 2842669.934399999678135 ], [ 349833.283300000242889, 2842622.623800000175834 ], [ 349821.487499999813735, 2842625.720200000330806 ], [ 349812.338600000366569, 2842579.759199999272823 ], [ 349805.131199999712408, 2842533.428899999707937 ], [ 349796.208999999798834, 2842485.712500000372529 ], [ 349780.921699999831617, 2842401.827099999412894 ], [ 349794.000300000421703, 2842399.07799999974668 ], [ 349778.707200000062585, 2842316.565999999642372 ], [ 349776.355399999767542, 2842303.876900000497699 ], [ 349758.374800000339746, 2842206.287200000137091 ], [ 349850.55420000012964, 2842192.687000000849366 ], [ 349841.119099999777973, 2842141.135299999266863 ], [ 349810.274400000460446, 2841977.712500000372529 ], [ 349725.660299999639392, 2842013.872300000861287 ], [ 349709.27240000013262, 2842020.875700000673532 ], [ 349620.497999999672174, 2842058.813500000163913 ], [ 349553.32799999974668, 2842087.520600000396371 ], [ 349532.145999999716878, 2842096.582499999552965 ], [ 349408.415400000289083, 2842149.458799999207258 ], [ 349385.894299999810755, 2842159.083200000226498 ], [ 349371.247800000011921, 2842165.342399999499321 ], [ 349315.557199999690056, 2842189.67200000025332 ], [ 349355.886500000022352, 2842365.911800000816584 ], [ 349363.498200000263751, 2842402.701400000602007 ], [ 349377.247899999842048, 2842477.333499999716878 ], [ 349396.561700000427663, 2842491.853499999269843 ], [ 349404.064899999648333, 2842508.80519999936223 ], [ 349405.732200000435114, 2842526.590500000864267 ], [ 349397.545699999667704, 2842565.7631 ], [ 349382.7347999997437, 2842568.174200000241399 ], [ 349339.870900000445545, 2842574.1108 ], [ 349298.742300000041723, 2842580.780300000682473 ], [ 349288.123800000175834, 2842582.233300000429153 ], [ 349272.3421, 2842584.392899999395013 ], [ 349199.255499999970198, 2842593.0077 ], [ 349200.855399999767542, 2842621.023399999365211 ], [ 349238.874499999918044, 2842618.429400000721216 ], [ 349276.788499999791384, 2842616.350999999791384 ], [ 349316.936599999666214, 2842811.93779999949038 ], [ 349321.215900000184774, 2842814.975700000301003 ], [ 349321.97620000038296, 2842831.451500000432134 ], [ 349328.101599999703467, 2842842.142000000923872 ], [ 349346.944899999536574, 2842840.769300000742078 ] ] ] ] } },
{ "type": "Feature", "properties": { "fid": 74, "ID": 833, "ENTIDAD": 19, "MUNICIPIO": 48, "SECCION": 2008, "TIPO": 2, "CONTROL": 1169 }, "geometry": { "type": "MultiPolygon", "coordinates": [ [ [ [ 356974.470499999821186, 2842836.763299999758601 ], [ 356997.729100000113249, 2842831.199500000104308 ], [ 357077.852699999697506, 2842812.032700000330806 ], [ 357098.30460000038147, 2842807.1402000002563 ], [ 357265.586600000038743, 2842762.147199999541044 ], [ 357295.582000000402331, 2842733.88230000063777 ], [ 357315.771200000308454, 2842699.849099999293685 ], [ 357299.619800000451505, 2842648.510800000280142 ], [ 357300.526499999687076, 2842633.9748 ], [ 357299.854100000113249, 2842631.957699999213219 ], [ 357293.596800000406802, 2842613.185900000855327 ], [ 357288.164599999785423, 2842606.171 ], [ 357275.348600000143051, 2842574.365800000727177 ], [ 357265.015399999916553, 2842548.722300000488758 ], [ 357260.950400000438094, 2842538.63429999910295 ], [ 357246.959400000050664, 2842503.9134 ], [ 357241.940000000409782, 2842491.456700000911951 ], [ 357225.949300000444055, 2842455.619599999859929 ], [ 357207.629200000315905, 2842416.7621 ], [ 357189.586600000038743, 2842375.360600000247359 ], [ 357184.468399999663234, 2842359.365499999374151 ], [ 357169.254800000227988, 2842319.4057 ], [ 357150.019100000150502, 2842280.003799999132752 ], [ 357129.074400000274181, 2842234.5713 ], [ 357109.309700000099838, 2842189.77140000090003 ], [ 357089.029299999587238, 2842143.802500000223517 ], [ 357070.69550000037998, 2842102.246099999174476 ], [ 357054.47759999986738, 2842065.485500000417233 ], [ 357052.043700000271201, 2842059.968599999323487 ], [ 357038.259700000286102, 2842028.724899999797344 ], [ 356918.792999999597669, 2842084.573200000450015 ], [ 356900.716000000014901, 2842046.410599999129772 ], [ 356883.827100000344217, 2842010.756300000473857 ], [ 356810.495900000445545, 2842047.179099999368191 ], [ 356794.403599999845028, 2842011.716299999505281 ], [ 356777.456600000150502, 2841974.369899999350309 ], [ 356760.873399999924004, 2841937.825500000268221 ], [ 356744.683299999684095, 2841902.147099999710917 ], [ 356741.924100000411272, 2841896.066600000485778 ], [ 356733.709099999628961, 2841904.536800000816584 ], [ 356697.767199999652803, 2841941.595899999141693 ], [ 356650.382000000216067, 2841962.930299999192357 ], [ 356640.745799999684095, 2841967.268799999728799 ], [ 356593.314100000075996, 2841988.624099999666214 ], [ 356603.172899999655783, 2842011.427899999544024 ], [ 356618.357200000435114, 2842046.550300000235438 ], [ 356633.961400000378489, 2842082.643699999898672 ], [ 356650.940499999560416, 2842121.917300000786781 ], [ 356666.760200000368059, 2842158.50899999961257 ], [ 356682.303199999965727, 2842194.460999999195337 ], [ 356697.530399999581277, 2842229.682199999690056 ], [ 356715.261500000022352, 2842270.695499999448657 ], [ 356732.724600000306964, 2842311.088500000536442 ], [ 356752.58629999961704, 2842357.029799999669194 ], [ 356772.553399999625981, 2842403.214800000190735 ], [ 356791.684399999678135, 2842447.465900000184774 ], [ 356811.546099999919534, 2842493.407299999147654 ], [ 356830.973399999551475, 2842538.343599999323487 ], [ 356840.873999999836087, 2842566.339999999850988 ], [ 356848.392, 2842592.322699999436736 ], [ 356853.992499999701977, 2842613.906700000166893 ], [ 356861.7659, 2842638.391000000759959 ], [ 356873.784300000406802, 2842667.556600000709295 ], [ 356894.599999999627471, 2842718.07120000012219 ], [ 356908.807199999690056, 2842752.59940000064671 ], [ 356914.907999999821186, 2842768.350299999117851 ], [ 356951.211900000460446, 2842842.327099999412894 ], [ 356974.470499999821186, 2842836.763299999758601 ] ] ] ] } },
{ "type": "Feature", "properties": { "fid": 75, "ID": 874, "ENTIDAD": 19, "MUNICIPIO": 48, "SECCION": 2030, "TIPO": 2, "CONTROL": 1218 }, "geometry": { "type": "MultiPolygon", "coordinates": [ [ [ [ 354114.934799999929965, 2842867.083599999547005 ], [ 354155.675499999895692, 2842846.09180000051856 ], [ 354197.262799999676645, 2842824.663799999281764 ], [ 354205.786700000055134, 2842820.271800000220537 ], [ 354240.393799999728799, 2842802.440500000491738 ], [ 354284.041500000283122, 2842779.950799999758601 ], [ 354324.596599999815226, 2842759.054700000211596 ], [ 354364.656899999827147, 2842738.413499999791384 ], [ 354406.75829999987036, 2842716.720599999651313 ], [ 354446.973199999891222, 2842695.99970000050962 ], [ 354488.49280000012368, 2842674.606599999591708 ], [ 354530.012400000356138, 2842653.213500000536442 ], [ 354476.245600000023842, 2842551.2653 ], [ 354435.464900000020862, 2842571.977600000798702 ], [ 354394.684299999848008, 2842592.689899999648333 ], [ 354354.510099999606609, 2842613.094200000166893 ], [ 354313.229299999773502, 2842634.060499999672174 ], [ 354296.833399999886751, 2842615.75650000013411 ], [ 354213.703499999828637, 2842522.951999999582767 ], [ 354178.31209999974817, 2842554.521099999547005 ], [ 354140.029199999757111, 2842588.669399999082088 ], [ 354106.455900000408292, 2842618.616900000721216 ], [ 354070.118800000287592, 2842651.229000000283122 ], [ 354033.781700000166893, 2842683.841199999675155 ], [ 353997.480399999767542, 2842716.42119999974966 ], [ 353983.660500000230968, 2842728.824500000104308 ], [ 354031.701200000010431, 2842824.037900000810623 ], [ 354066.112800000235438, 2842892.239299999549985 ], [ 354114.934799999929965, 2842867.083599999547005 ] ] ] ] } },
{ "type": "Feature", "properties": { "fid": 76, "ID": 880, "ENTIDAD": 19, "MUNICIPIO": 48, "SECCION": 2033, "TIPO": 2, "CONTROL": 1223 }, "geometry": { "type": "MultiPolygon", "coordinates": [ [ [ [ 353538.920400000177324, 2842936.107100000604987 ], [ 353573.808699999935925, 2842912.337099999189377 ], [ 353608.696899999864399, 2842888.566999999806285 ], [ 353725.195600000210106, 2842829.886600000783801 ], [ 353704.338999999687076, 2842787.695900000631809 ], [ 353686.575899999588728, 2842751.762800000607967 ], [ 353667.460699999704957, 2842713.094799999147654 ], [ 353649.091400000266731, 2842675.935599999502301 ], [ 353627.443799999542534, 2842634.417199999094009 ], [ 353606.63219999987632, 2842592.875099999830127 ], [ 353588.367899999953806, 2842556.403899999335408 ], [ 353559.548299999907613, 2842498.855100000277162 ], [ 353511.676900000311434, 2842517.238600000739098 ], [ 353433.488900000229478, 2842547.2642 ], [ 353398.738199999555945, 2842560.609200000762939 ], [ 353314.732699999585748, 2842592.86879999935627 ], [ 353353.779299999587238, 2842673.167199999094009 ], [ 353372.261699999682605, 2842711.175699999555945 ], [ 353392.549399999901652, 2842752.8969 ], [ 353411.28110000025481, 2842791.418199999257922 ], [ 353430.012799999676645, 2842829.939500000327826 ], [ 353448.291299999691546, 2842867.528699999675155 ], [ 353467.306300000287592, 2842906.6327 ], [ 353495.893699999898672, 2842965.42200000025332 ], [ 353538.920400000177324, 2842936.107100000604987 ] ] ] ] } },
{ "type": "Feature", "properties": { "fid": 77, "ID": 2618, "ENTIDAD": 19, "MUNICIPIO": 48, "SECCION": 2796, "TIPO": 2, "CONTROL": 3425 }, "geometry": { "type": "MultiPolygon", "coordinates": [ [ [ [ 349809.627999999560416, 2842999.534499999135733 ], [ 349880.954800000414252, 2842976.384600000455976 ], [ 349980.123999999836087, 2842954.485999999567866 ], [ 350150.611100000329316, 2842828.088199999183416 ], [ 350177.579699999652803, 2842812.420099999755621 ], [ 350166.744500000029802, 2842786.568900000303984 ], [ 350268.55559999961406, 2842753.375399999320507 ], [ 350338.537899999879301, 2842738.977099999785423 ], [ 350333.93099999986589, 2842712.051799999549985 ], [ 350301.588499999605119, 2842537.159099999815226 ], [ 350282.591300000436604, 2842417.13150000013411 ], [ 350309.7955, 2842420.318 ], [ 350332.878999999724329, 2842428.120799999684095 ], [ 350429.674300000071526, 2842492.470899999141693 ], [ 350413.439699999988079, 2842397.783600000664592 ], [ 350451.919800000265241, 2842389.418299999088049 ], [ 350499.139499999582767, 2842379.648700000718236 ], [ 350544.099200000055134, 2842371.284600000828505 ], [ 350537.164200000464916, 2842328.406199999153614 ], [ 350550.548499999567866, 2842324.736300000920892 ], [ 350552.923200000077486, 2842318.691700000315905 ], [ 350550.305700000375509, 2842304.956499999389052 ], [ 350530.310100000351667, 2842206.004000000655651 ], [ 350447.1705, 2841773.8454 ], [ 350436.802699999883771, 2841730.2039 ], [ 350437.539900000207126, 2841713.874600000679493 ], [ 350367.743400000035763, 2841742.8596 ], [ 350272.969100000336766, 2841782.217700000852346 ], [ 350156.977699999697506, 2841830.386900000274181 ], [ 350091.414099999703467, 2841857.614399999380112 ], [ 350008.709800000302494, 2841892.911000000312924 ], [ 349902.940299999900162, 2841938.111600000411272 ], [ 349833.353799999691546, 2841967.849500000476837 ], [ 349810.274400000460446, 2841977.712500000372529 ], [ 349841.119099999777973, 2842141.135299999266863 ], [ 349850.55420000012964, 2842192.687000000849366 ], [ 349758.374800000339746, 2842206.287200000137091 ], [ 349776.355399999767542, 2842303.876900000497699 ], [ 349778.707200000062585, 2842316.565999999642372 ], [ 349794.000300000421703, 2842399.07799999974668 ], [ 349780.921699999831617, 2842401.827099999412894 ], [ 349796.208999999798834, 2842485.712500000372529 ], [ 349805.131199999712408, 2842533.428899999707937 ], [ 349812.338600000366569, 2842579.759199999272823 ], [ 349821.487499999813735, 2842625.720200000330806 ], [ 349833.283300000242889, 2842622.623800000175834 ], [ 349840.968100000172853, 2842669.934399999678135 ], [ 349848.942499999888241, 2842716.4857 ], [ 349857.851099999621511, 2842762.629300000146031 ], [ 349871.809100000187755, 2842837.880999999120831 ], [ 349860.41399999987334, 2842837.850199999287724 ], [ 349812.378800000064075, 2842837.720599999651313 ], [ 349752.263500000350177, 2842837.558399999514222 ], [ 349706.960400000214577, 2842837.43610000051558 ], [ 349685.337700000032783, 2842838.486600000411272 ], [ 349663.093700000084937, 2842838.421800000593066 ], [ 349620.005699999630451, 2842837.381799999624491 ], [ 349578.447800000198185, 2842837.903599999845028 ], [ 349535.563500000163913, 2842837.229100000113249 ], [ 349493.067499999888241, 2842836.748400000855327 ], [ 349446.303299999795854, 2842835.964099999517202 ], [ 349452.562300000339746, 2842881.673000000417233 ], [ 349453.634600000455976, 2842887.02170000039041 ], [ 349462.17989999987185, 2842899.527000000700355 ], [ 349462.362300000153482, 2842900.446900000795722 ], [ 349463.005099999718368, 2842900.052500000223517 ], [ 349488.997000000439584, 2842891.66609999909997 ], [ 349598.463299999944866, 2842888.790300000458956 ], [ 349684.806200000457466, 2842957.301599999889731 ], [ 349771.525600000284612, 2843000.840199999511242 ], [ 349809.627999999560416, 2842999.534499999135733 ] ] ] ] } },
{ "type": "Feature", "properties": { "fid": 78, "ID": 879, "ENTIDAD": 19, "MUNICIPIO": 48, "SECCION": 2032, "TIPO": 2, "CONTROL": 1222 }, "geometry": { "type": "MultiPolygon", "coordinates": [ [ [ [ 353819.428199999965727, 2843019.3443 ], [ 353844.794700000435114, 2843006.27419999986887 ], [ 353880.503499999642372, 2842987.875099999830127 ], [ 353919.957399999722838, 2842967.546299999579787 ], [ 353926.378499999642372, 2842964.237800000235438 ], [ 353963.09499999973923, 2842945.319599999114871 ], [ 353999.7972999997437, 2842926.408600000664592 ], [ 354025.107400000095367, 2842913.36739999987185 ], [ 354037.142300000414252, 2842907.166500000283122 ], [ 354055.775700000114739, 2842897.565500000491738 ], [ 354066.112800000235438, 2842892.239299999549985 ], [ 354031.701200000010431, 2842824.037900000810623 ], [ 353983.660500000230968, 2842728.824500000104308 ], [ 353945.379700000397861, 2842749.169700000435114 ], [ 353923.626299999654293, 2842709.942800000309944 ], [ 353770.667700000107288, 2842764.2303 ], [ 353752.073800000362098, 2842727.042500000447035 ], [ 353732.5159, 2842687.928400000557303 ], [ 353712.851700000464916, 2842648.598400000482798 ], [ 353690.267799999564886, 2842603.430700000375509 ], [ 353652.257299999706447, 2842622.152300000190735 ], [ 353627.443799999542534, 2842634.417199999094009 ], [ 353649.091400000266731, 2842675.935599999502301 ], [ 353667.460699999704957, 2842713.094799999147654 ], [ 353686.575899999588728, 2842751.762800000607967 ], [ 353704.338999999687076, 2842787.695900000631809 ], [ 353725.195600000210106, 2842829.886600000783801 ], [ 353608.696899999864399, 2842888.566999999806285 ], [ 353629.636599999852479, 2842929.635900000110269 ], [ 353647.587100000120699, 2842964.841900000348687 ], [ 353666.757699999958277, 2843002.440999999642372 ], [ 353685.932300000451505, 2843040.048000000417233 ], [ 353704.765599999576807, 2843076.985600000247359 ], [ 353819.428199999965727, 2843019.3443 ] ] ] ] } },
{ "type": "Feature", "properties": { "fid": 79, "ID": 829, "ENTIDAD": 19, "MUNICIPIO": 48, "SECCION": 2006, "TIPO": 2, "CONTROL": 1165 }, "geometry": { "type": "MultiPolygon", "coordinates": [ [ [ [ 356265.29700000025332, 2843169.076400000602007 ], [ 356332.1716, 2843147.958100000396371 ], [ 356430.137099999934435, 2843101.0285 ], [ 356479.999099999666214, 2843068.177999999374151 ], [ 356530.446399999782443, 2843048.821399999782443 ], [ 356549.220800000242889, 2843026.527799999341369 ], [ 356556.736399999819696, 2842990.5152000002563 ], [ 356596.150200000032783, 2842990.169199999421835 ], [ 356685.903099999763072, 2842929.161000000312924 ], [ 356677.190899999812245, 2842871.801000000908971 ], [ 356737.816800000146031, 2842838.954199999570847 ], [ 356786.43819999974221, 2842814.394200000911951 ], [ 356835.823300000280142, 2842789.460100000724196 ], [ 356889.213100000284612, 2842762.479699999094009 ], [ 356908.807199999690056, 2842752.59940000064671 ], [ 356894.599999999627471, 2842718.07120000012219 ], [ 356873.784300000406802, 2842667.556600000709295 ], [ 356861.7659, 2842638.391000000759959 ], [ 356853.992499999701977, 2842613.906700000166893 ], [ 356848.392, 2842592.322699999436736 ], [ 356840.873999999836087, 2842566.339999999850988 ], [ 356830.973399999551475, 2842538.343599999323487 ], [ 356811.546099999919534, 2842493.407299999147654 ], [ 356791.684399999678135, 2842447.465900000184774 ], [ 356772.553399999625981, 2842403.214800000190735 ], [ 356752.58629999961704, 2842357.029799999669194 ], [ 356732.724600000306964, 2842311.088500000536442 ], [ 356715.261500000022352, 2842270.695499999448657 ], [ 356697.530399999581277, 2842229.682199999690056 ], [ 356682.303199999965727, 2842194.460999999195337 ], [ 356666.760200000368059, 2842158.50899999961257 ], [ 356650.940499999560416, 2842121.917300000786781 ], [ 356633.961400000378489, 2842082.643699999898672 ], [ 356618.357200000435114, 2842046.550300000235438 ], [ 356603.172899999655783, 2842011.427899999544024 ], [ 356593.314100000075996, 2841988.624099999666214 ], [ 356568.211400000378489, 2841929.478000000119209 ], [ 356547.344600000418723, 2841880.312400000169873 ], [ 356527.934799999929965, 2841834.579900000244379 ], [ 356504.847199999727309, 2841782.926100000739098 ], [ 356483.948800000362098, 2841736.516000000759959 ], [ 356474.710799999535084, 2841723.639499999582767 ], [ 356460.667200000025332, 2841704.223799999803305 ], [ 356446.0614, 2841666.33669999986887 ], [ 356435.074199999682605, 2841636.196000000461936 ], [ 356430.686599999666214, 2841624.160000000149012 ], [ 356420.867600000463426, 2841597.224099999293685 ], [ 356415.898699999786913, 2841584.788699999451637 ], [ 356398.476300000213087, 2841544.607899999246001 ], [ 356381.478699999861419, 2841505.4068 ], [ 356364.481100000441074, 2841466.205800000578165 ], [ 356344.462299999780953, 2841420.335999999195337 ], [ 356330.893099999986589, 2841389.244300000369549 ], [ 356324.118900000117719, 2841373.722300000488758 ], [ 356307.714900000020862, 2841335.316199999302626 ], [ 356296.679299999959767, 2841309.4792 ], [ 356275.00069999974221, 2841312.932900000363588 ], [ 356183.910600000061095, 2841327.445000000298023 ], [ 356190.172600000165403, 2841353.536100000143051 ], [ 356204.216699999757111, 2841410.104599999263883 ], [ 356211.3277000002563, 2841438.54839999973774 ], [ 356161.115299999713898, 2841446.457699999213219 ], [ 356136.700600000098348, 2841503.248500000685453 ], [ 356140.946600000374019, 2841522.886399999260902 ], [ 356037.980200000107288, 2841574.369599999859929 ], [ 356077.256099999882281, 2841650.2676 ], [ 356091.055700000375509, 2841686.358899999409914 ], [ 356102.20160000026226, 2841730.411599999293685 ], [ 356076.194600000046194, 2841744.211200000718236 ], [ 356087.340400000102818, 2841768.095200000330806 ], [ 356050.879399999976158, 2841786.386099999770522 ], [ 356040.63399999961257, 2841765.972200000658631 ], [ 356003.481100000441074, 2841784.017899999395013 ], [ 356013.034699999727309, 2841805.778799999505281 ], [ 355974.972900000400841, 2841823.606599999591708 ], [ 356007.72719999961555, 2841886.984300000593066 ], [ 355979.058500000275671, 2841901.182299999520183 ], [ 355942.123700000345707, 2841919.473799999803305 ], [ 355912.1705, 2841934.307900000363588 ], [ 355838.676300000399351, 2841970.705199999734759 ], [ 355842.803100000135601, 2842087.64949999935925 ], [ 355829.380300000309944, 2842173.693499999120831 ], [ 355816.990000000223517, 2842250.100700000301003 ], [ 355821.808400000445545, 2842260.426000000908971 ], [ 355838.328900000080466, 2842286.927500000223517 ], [ 355843.14740000013262, 2842293.466900000348687 ], [ 355860.356200000271201, 2842313.084899999201298 ], [ 355879.974200000055134, 2842332.014599999412894 ], [ 355902.519199999980628, 2842340.558199999853969 ], [ 355919.541699999943376, 2842364.719200000166893 ], [ 355955.2341, 2842396.567700000479817 ], [ 355971.158400000073016, 2842417.983200000599027 ], [ 355976.100399999879301, 2842432.260099999606609 ], [ 355988.730000000447035, 2842451.479100000113249 ], [ 356014.53830000013113, 2842476.189099999144673 ], [ 356023.873200000263751, 2842482.7785 ], [ 356028.815299999900162, 2842502.546599999070168 ], [ 356043.64130000025034, 2842528.903999999165535 ], [ 356041.993999999947846, 2842546.475600000470877 ], [ 356046.935999999754131, 2842567.891000000759959 ], [ 356056.5455, 2842573.107599999755621 ], [ 356087.57039999961853, 2842649.98340000025928 ], [ 356108.162100000306964, 2842711.758600000292063 ], [ 356114.751500000245869, 2842723.564600000157952 ], [ 356132.048600000329316, 2842732.075799999758601 ], [ 356165.81900000013411, 2842733.448599999770522 ], [ 356191.078200000338256, 2842746.627299999818206 ], [ 356203.982400000095367, 2842761.453400000929832 ], [ 356211.120900000445545, 2842779.025000000372529 ], [ 356207.739199999719858, 2842792.7489 ], [ 356204.25690000038594, 2842805.931500000879169 ], [ 356209.199000000022352, 2842825.150499999523163 ], [ 356211.944500000216067, 2842838.05460000038147 ], [ 356223.201399999670684, 2842856.998999999836087 ], [ 356199.553899999707937, 2842868.278599999845028 ], [ 356215.940399999730289, 2842905.624600000679493 ], [ 356219.322499999776483, 2842913.332599999383092 ], [ 356233.809500000439584, 2842946.34940000064671 ], [ 356240.976099999621511, 2842963.501900000497699 ], [ 356259.700299999676645, 2843024.420199999585748 ], [ 356276.131000000052154, 2843031.589999999850988 ], [ 356292.56180000025779, 2843038.759700000286102 ], [ 356286.096800000406802, 2843052.246899999678135 ], [ 356237.947800000198185, 2843152.695900000631809 ], [ 356235.578499999828637, 2843157.638599999248981 ], [ 356233.641400000080466, 2843161.6798 ], [ 356226.125500000081956, 2843185.83809999935329 ], [ 356265.29700000025332, 2843169.076400000602007 ] ] ] ] } },
{ "type": "Feature", "properties": { "fid": 80, "ID": 882, "ENTIDAD": 19, "MUNICIPIO": 48, "SECCION": 2035, "TIPO": 2, "CONTROL": 1227 }, "geometry": { "type": "MultiPolygon", "coordinates": [ [ [ [ 353165.920099999755621, 2843185.2248 ], [ 353204.642099999822676, 2843166.96680000051856 ], [ 353240.881400000303984, 2843148.008199999108911 ], [ 353282.901700000278652, 2843126.025399999693036 ], [ 353259.287299999967217, 2843073.154100000858307 ], [ 353242.363099999725819, 2843034.861999999731779 ], [ 353223.268000000156462, 2842996.829199999570847 ], [ 353204.359199999831617, 2842959.167199999094009 ], [ 353185.115199999883771, 2842923.0307 ], [ 353161.59389999974519, 2842878.638599999248981 ], [ 353143.628700000233948, 2842841.3301 ], [ 353124.765700000338256, 2842802.156899999827147 ], [ 353106.888100000098348, 2842765.030200000852346 ], [ 353088.668100000359118, 2842727.192399999126792 ], [ 353078.17989999987185, 2842705.4112 ], [ 352995.300800000317395, 2842747.873800000175834 ], [ 352991.942400000058115, 2842749.593100000172853 ], [ 352943.323900000192225, 2842774.483799999579787 ], [ 352953.3443, 2842794.556099999696016 ], [ 352972.57909999974072, 2842833.085799999535084 ], [ 352991.223799999803305, 2842870.416400000452995 ], [ 353009.990299999713898, 2842907.9825 ], [ 353025.347099999897182, 2842938.716299999505281 ], [ 353050.872700000181794, 2842989.823000000789762 ], [ 353069.152300000190735, 2843026.437599999830127 ], [ 353086.142799999564886, 2843060.403999999165535 ], [ 353088.528400000184774, 2843065.197000000625849 ], [ 353107.168200000189245, 2843102.518300000578165 ], [ 353125.701299999840558, 2843139.619000000879169 ], [ 353151.818599999882281, 2843191.887800000607967 ], [ 353165.920099999755621, 2843185.2248 ] ] ] ] } },
{ "type": "Feature", "properties": { "fid": 81, "ID": 2617, "ENTIDAD": 19, "MUNICIPIO": 48, "SECCION": 2795, "TIPO": 2, "CONTROL": 3424 }, "geometry": { "type": "MultiPolygon", "coordinates": [ [ [ [ 349618.526600000448525, 2843196.363199999555945 ], [ 349835.3909, 2843154.066400000825524 ], [ 350074.039800000376999, 2843105.13990000076592 ], [ 350690.725499999709427, 2842976.663699999451637 ], [ 350974.957100000232458, 2842921.313300000503659 ], [ 351087.417799999937415, 2842896.674000000581145 ], [ 351181.399000000208616, 2842878.3706 ], [ 351271.860299999825656, 2842863.938999999314547 ], [ 351642.505400000140071, 2842793.893100000917912 ], [ 351678.410299999639392, 2842773.668700000271201 ], [ 351721.162700000219047, 2842730.450400000438094 ], [ 351730.361899999901652, 2842722.9945 ], [ 351766.818400000222027, 2842687.8805 ], [ 351783.586500000208616, 2842662.5168999992311 ], [ 351792.837500000372529, 2842646.60219999961555 ], [ 351829.412299999967217, 2842583.89130000025034 ], [ 351867.442499999888241, 2842517.887900000438094 ], [ 351942.762000000104308, 2842407.076199999079108 ], [ 352013.700199999846518, 2842316.716 ], [ 352106.118800000287592, 2842228.977600000798702 ], [ 352126.675300000235438, 2842203.4054000005126 ], [ 352164.047899999655783, 2842171.957699999213219 ], [ 352211.162399999797344, 2842131.83530000038445 ], [ 352260.859400000423193, 2842090.241100000217557 ], [ 352372.43819999974221, 2841999.601099999621511 ], [ 352421.418600000441074, 2841968.9441 ], [ 352442.574599999934435, 2841928.359200000762939 ], [ 352452.936700000427663, 2841905.476299999281764 ], [ 352466.321000000461936, 2841881.729800000786781 ], [ 352460.843999999575317, 2841668.053899999707937 ], [ 352300.259999999776483, 2841666.489700000733137 ], [ 352198.996799999848008, 2841665.503499999642372 ], [ 352091.495699999853969, 2841664.456599999219179 ], [ 352001.08669999986887, 2841663.576099999248981 ], [ 351986.889600000344217, 2841663.437899999320507 ], [ 351757.12569999974221, 2841661.200200000777841 ], [ 351674.955199999734759, 2841660.400000000372529 ], [ 351622.064799999818206, 2841659.8849 ], [ 351563.035799999721348, 2841659.310000000521541 ], [ 351547.371100000105798, 2841659.157500000670552 ], [ 351522.424599999561906, 2841658.9145 ], [ 351504.508399999700487, 2841658.740000000223517 ], [ 351411.02350000012666, 2841657.829600000753999 ], [ 351311.532599999569356, 2841656.8607 ], [ 351294.53139999974519, 2841656.69510000012815 ], [ 351178.269600000232458, 2841655.562899999320507 ], [ 351150.364500000141561, 2841655.29109999909997 ], [ 351062.007799999788404, 2841654.430600000545382 ], [ 350990.898699999786913, 2841653.738099999725819 ], [ 350919.78969999961555, 2841653.0456000007689 ], [ 350739.020800000056624, 2841651.2851 ], [ 350614.448699999600649, 2841657.102600000798702 ], [ 350523.045699999667704, 2841678.365299999713898 ], [ 350498.52419999986887, 2841688.548900000751019 ], [ 350437.539900000207126, 2841713.874600000679493 ], [ 350436.802699999883771, 2841730.2039 ], [ 350447.1705, 2841773.8454 ], [ 350530.310100000351667, 2842206.004000000655651 ], [ 350550.305700000375509, 2842304.956499999389052 ], [ 350552.923200000077486, 2842318.691700000315905 ], [ 350550.548499999567866, 2842324.736300000920892 ], [ 350537.164200000464916, 2842328.406199999153614 ], [ 350544.099200000055134, 2842371.284600000828505 ], [ 350499.139499999582767, 2842379.648700000718236 ], [ 350451.919800000265241, 2842389.418299999088049 ], [ 350413.439699999988079, 2842397.783600000664592 ], [ 350429.674300000071526, 2842492.470899999141693 ], [ 350332.878999999724329, 2842428.120799999684095 ], [ 350309.7955, 2842420.318 ], [ 350282.591300000436604, 2842417.13150000013411 ], [ 350301.588499999605119, 2842537.159099999815226 ], [ 350333.93099999986589, 2842712.051799999549985 ], [ 350338.537899999879301, 2842738.977099999785423 ], [ 350268.55559999961406, 2842753.375399999320507 ], [ 350166.744500000029802, 2842786.568900000303984 ], [ 350177.579699999652803, 2842812.420099999755621 ], [ 350150.611100000329316, 2842828.088199999183416 ], [ 349980.123999999836087, 2842954.485999999567866 ], [ 349880.954800000414252, 2842976.384600000455976 ], [ 349809.627999999560416, 2842999.534499999135733 ], [ 349771.525600000284612, 2843000.840199999511242 ], [ 349684.806200000457466, 2842957.301599999889731 ], [ 349598.463299999944866, 2842888.790300000458956 ], [ 349488.997000000439584, 2842891.66609999909997 ], [ 349463.005099999718368, 2842900.052500000223517 ], [ 349462.362300000153482, 2842900.446900000795722 ], [ 349483.790699999779463, 2843008.497999999672174 ], [ 349521.927500000223517, 2843198.2653 ], [ 349519.287499999627471, 2843215.911699999123812 ], [ 349618.526600000448525, 2843196.363199999555945 ] ] ] ] } },
{ "type": "Feature", "properties": { "fid": 82, "ID": 884, "ENTIDAD": 19, "MUNICIPIO": 48, "SECCION": 2037, "TIPO": 2, "CONTROL": 1230 }, "geometry": { "type": "MultiPolygon", "coordinates": [ [ [ [ 352795.703200000338256, 2843208.613800000399351 ], [ 352834.123599999584258, 2843189.154100000858307 ], [ 352873.830699999816716, 2843169.042700000107288 ], [ 352913.537800000049174, 2843148.93129999935627 ], [ 352952.137400000356138, 2843129.133899999782443 ], [ 352987.861100000329316, 2843110.811699999496341 ], [ 353025.824900000356138, 2843091.340399999171495 ], [ 353063.788800000213087, 2843071.869200000539422 ], [ 353086.142799999564886, 2843060.403999999165535 ], [ 353069.152300000190735, 2843026.437599999830127 ], [ 353050.872700000181794, 2842989.823000000789762 ], [ 353025.347099999897182, 2842938.716299999505281 ], [ 353009.990299999713898, 2842907.9825 ], [ 352991.223799999803305, 2842870.416400000452995 ], [ 352972.57909999974072, 2842833.085799999535084 ], [ 352953.3443, 2842794.556099999696016 ], [ 352943.323900000192225, 2842774.483799999579787 ], [ 352922.354100000113249, 2842786.232300000265241 ], [ 352887.081299999728799, 2842805.994000000879169 ], [ 352849.075100000016391, 2842827.287100000306964 ], [ 352825.049899999983609, 2842840.747300000861287 ], [ 352814.042399999685585, 2842850.716399999335408 ], [ 352782.666699999943376, 2842885.66440000012517 ], [ 352773.213800000026822, 2842907.46030000038445 ], [ 352726.541899999603629, 2843015.072599999606609 ], [ 352705.661299999803305, 2843078.185399999842048 ], [ 352712.736399999819696, 2843092.190700000151992 ], [ 352716.326000000350177, 2843099.295800000429153 ], [ 352774.344800000078976, 2843214.1458 ], [ 352776.446100000292063, 2843218.365299999713898 ], [ 352795.703200000338256, 2843208.613800000399351 ] ] ] ] } },
{ "type": "Feature", "properties": { "fid": 83, "ID": 881, "ENTIDAD": 19, "MUNICIPIO": 48, "SECCION": 2034, "TIPO": 2, "CONTROL": 1225 }, "geometry": { "type": "MultiPolygon", "coordinates": [ [ [ [ 353417.269100000150502, 2843215.909199999645352 ], [ 353457.466599999926984, 2843197.01630000025034 ], [ 353498.840200000442564, 2843177.570599999278784 ], [ 353582.329800000414252, 2843138.330299999564886 ], [ 353495.893699999898672, 2842965.42200000025332 ], [ 353467.306300000287592, 2842906.6327 ], [ 353448.291299999691546, 2842867.528699999675155 ], [ 353430.012799999676645, 2842829.939500000327826 ], [ 353411.28110000025481, 2842791.418199999257922 ], [ 353392.549399999901652, 2842752.8969 ], [ 353372.261699999682605, 2842711.175699999555945 ], [ 353353.779299999587238, 2842673.167199999094009 ], [ 353314.732699999585748, 2842592.86879999935627 ], [ 353222.897499999962747, 2842631.858200000599027 ], [ 353187.524000000208616, 2842650.080600000917912 ], [ 353095.689199999906123, 2842696.576199999079108 ], [ 353078.17989999987185, 2842705.4112 ], [ 353088.668100000359118, 2842727.192399999126792 ], [ 353106.888100000098348, 2842765.030200000852346 ], [ 353124.765700000338256, 2842802.156899999827147 ], [ 353143.628700000233948, 2842841.3301 ], [ 353161.59389999974519, 2842878.638599999248981 ], [ 353185.115199999883771, 2842923.0307 ], [ 353204.359199999831617, 2842959.167199999094009 ], [ 353223.268000000156462, 2842996.829199999570847 ], [ 353242.363099999725819, 2843034.861999999731779 ], [ 353259.287299999967217, 2843073.154100000858307 ], [ 353282.901700000278652, 2843126.025399999693036 ], [ 353319.903099999763072, 2843106.668099999427795 ], [ 353381.745299999602139, 2843234.494899999350309 ], [ 353417.269100000150502, 2843215.909199999645352 ] ] ] ] } },
{ "type": "Feature", "properties": { "fid": 84, "ID": 826, "ENTIDAD": 19, "MUNICIPIO": 48, "SECCION": 2003, "TIPO": 2, "CONTROL": 1162 }, "geometry": { "type": "MultiPolygon", "coordinates": [ [ [ [ 356062.084599999710917, 2843274.18019999936223 ], [ 356226.125500000081956, 2843185.83809999935329 ], [ 356233.641400000080466, 2843161.6798 ], [ 356235.578499999828637, 2843157.638599999248981 ], [ 356237.947800000198185, 2843152.695900000631809 ], [ 356286.096800000406802, 2843052.246899999678135 ], [ 356292.56180000025779, 2843038.759700000286102 ], [ 356276.131000000052154, 2843031.589999999850988 ], [ 356259.700299999676645, 2843024.420199999585748 ], [ 356240.976099999621511, 2842963.501900000497699 ], [ 356233.809500000439584, 2842946.34940000064671 ], [ 356219.322499999776483, 2842913.332599999383092 ], [ 356215.940399999730289, 2842905.624600000679493 ], [ 356199.553899999707937, 2842868.278599999845028 ], [ 356223.201399999670684, 2842856.998999999836087 ], [ 356211.944500000216067, 2842838.05460000038147 ], [ 356209.199000000022352, 2842825.150499999523163 ], [ 356204.25690000038594, 2842805.931500000879169 ], [ 356207.739199999719858, 2842792.7489 ], [ 356211.120900000445545, 2842779.025000000372529 ], [ 356203.982400000095367, 2842761.453400000929832 ], [ 356191.078200000338256, 2842746.627299999818206 ], [ 356165.81900000013411, 2842733.448599999770522 ], [ 356132.048600000329316, 2842732.075799999758601 ], [ 356114.751500000245869, 2842723.564600000157952 ], [ 356108.162100000306964, 2842711.758600000292063 ], [ 356087.57039999961853, 2842649.98340000025928 ], [ 356056.5455, 2842573.107599999755621 ], [ 356046.935999999754131, 2842567.891000000759959 ], [ 356041.993999999947846, 2842546.475600000470877 ], [ 356043.64130000025034, 2842528.903999999165535 ], [ 356028.815299999900162, 2842502.546599999070168 ], [ 356023.873200000263751, 2842482.7785 ], [ 356014.53830000013113, 2842476.189099999144673 ], [ 355988.730000000447035, 2842451.479100000113249 ], [ 355976.100399999879301, 2842432.260099999606609 ], [ 355971.158400000073016, 2842417.983200000599027 ], [ 355955.2341, 2842396.567700000479817 ], [ 355919.541699999943376, 2842364.719200000166893 ], [ 355902.519199999980628, 2842340.558199999853969 ], [ 355879.974200000055134, 2842332.014599999412894 ], [ 355860.356200000271201, 2842313.084899999201298 ], [ 355843.14740000013262, 2842293.466900000348687 ], [ 355838.328900000080466, 2842286.927500000223517 ], [ 355821.808400000445545, 2842260.426000000908971 ], [ 355816.990000000223517, 2842250.100700000301003 ], [ 355829.380300000309944, 2842173.693499999120831 ], [ 355842.803100000135601, 2842087.64949999935925 ], [ 355838.676300000399351, 2841970.705199999734759 ], [ 355822.959400000050664, 2841978.948300000280142 ], [ 355785.701999999582767, 2841998.488900000229478 ], [ 355768.168899999931455, 2842007.684599999338388 ], [ 355772.168100000359118, 2842053.512199999764562 ], [ 355775.946299999952316, 2842096.806199999526143 ], [ 355779.493800000287592, 2842137.457399999722838 ], [ 355783.207200000062585, 2842180.0088 ], [ 355795.287200000137091, 2842215.016000000759959 ], [ 355790.110000000335276, 2842220.193099999800324 ], [ 355766.363199999555945, 2842233.72580000013113 ], [ 355634.303399999625981, 2842302.780500000342727 ], [ 355622.46999999973923, 2842287.495699999853969 ], [ 355607.823200000450015, 2842272.539000000804663 ], [ 355598.574799999594688, 2842270.988600000739098 ], [ 355659.695899999700487, 2842239.6689 ], [ 355643.056800000369549, 2842206.092599999159575 ], [ 355640.605800000019372, 2842201.14670000039041 ], [ 355627.270200000144541, 2842174.236500000581145 ], [ 355610.487900000065565, 2842140.371099999174476 ], [ 355590.914099999703467, 2842100.8728 ], [ 355646.136800000444055, 2842070.79619999974966 ], [ 355642.532300000078976, 2842063.734200000762939 ], [ 355600.167000000365078, 2841980.731000000610948 ], [ 355583.771099999547005, 2841948.607699999585748 ], [ 355566.612999999895692, 2841914.9912 ], [ 355548.933500000275671, 2841880.353000000119209 ], [ 355531.253999999724329, 2841845.714700000360608 ], [ 355382.07010000012815, 2841921.339500000700355 ], [ 355210.765599999576807, 2842008.177799999713898 ], [ 355224.910899999551475, 2842034.31870000064373 ], [ 355245.388100000098348, 2842072.1612 ], [ 355260.310899999924004, 2842099.739 ], [ 355267.559799999929965, 2842113.135099999606609 ], [ 355277.382000000216067, 2842131.28690000064671 ], [ 355295.248700000345707, 2842164.304999999701977 ], [ 355313.115399999544024, 2842197.323100000619888 ], [ 355337.329199999570847, 2842234.376299999654293 ], [ 355350.336400000378489, 2842258.938300000503659 ], [ 355355.738900000229478, 2842269.140000000596046 ], [ 355374.14850000012666, 2842303.903599999845028 ], [ 355394.379399999976158, 2842342.106499999761581 ], [ 355432.053299999795854, 2842413.247600000351667 ], [ 355459.990299999713898, 2842466.0022 ], [ 355484.745199999772012, 2842512.747899999842048 ], [ 355507.647099999710917, 2842555.994400000199676 ], [ 355539.883899999782443, 2842613.129599999636412 ], [ 355542.04619999974966, 2842616.96199999935925 ], [ 355669.496100000105798, 2842846.694700000807643 ], [ 355661.821100000292063, 2842881.685100000351667 ], [ 355662.162200000137091, 2842922.837799999862909 ], [ 355677.100200000219047, 2842998.824300000444055 ], [ 355670.393899999558926, 2843034.792300000786781 ], [ 355682.248200000263751, 2843059.488800000399351 ], [ 355737.240100000053644, 2843097.686799999326468 ], [ 355751.729000000283122, 2843128.31110000051558 ], [ 355760.949199999682605, 2843124.030300000682473 ], [ 355804.086600000038743, 2843218.866599999368191 ], [ 356005.884999999776483, 2843303.714700000360608 ], [ 356062.084599999710917, 2843274.18019999936223 ] ] ] ] } },
{ "type": "Feature", "properties": { "fid": 85, "ID": 883, "ENTIDAD": 19, "MUNICIPIO": 48, "SECCION": 2036, "TIPO": 2, "CONTROL": 1229 }, "geometry": { "type": "MultiPolygon", "coordinates": [ [ [ [ 352924.222099999897182, 2843468.650000000372529 ], [ 352963.225200000219047, 2843448.591299999505281 ], [ 353003.44469999987632, 2843427.906999999657273 ], [ 353044.380400000140071, 2843406.854299999773502 ], [ 353079.700799999758601, 2843388.689500000327826 ], [ 353085.751500000245869, 2843385.5777000002563 ], [ 353100.389000000432134, 2843378.049799999222159 ], [ 353115.762600000016391, 2843370.143500000238419 ], [ 353154.754099999554455, 2843350.090700000524521 ], [ 353193.823400000110269, 2843329.997899999842048 ], [ 353232.88219999987632, 2843309.910499999299645 ], [ 353165.920099999755621, 2843185.2248 ], [ 353151.818599999882281, 2843191.887800000607967 ], [ 353125.701299999840558, 2843139.619000000879169 ], [ 353107.168200000189245, 2843102.518300000578165 ], [ 353088.528400000184774, 2843065.197000000625849 ], [ 353086.142799999564886, 2843060.403999999165535 ], [ 353063.788800000213087, 2843071.869200000539422 ], [ 353025.824900000356138, 2843091.340399999171495 ], [ 352987.861100000329316, 2843110.811699999496341 ], [ 352952.137400000356138, 2843129.133899999782443 ], [ 352913.537800000049174, 2843148.93129999935627 ], [ 352873.830699999816716, 2843169.042700000107288 ], [ 352834.123599999584258, 2843189.154100000858307 ], [ 352795.703200000338256, 2843208.613800000399351 ], [ 352776.446100000292063, 2843218.365299999713898 ], [ 352779.477099999785423, 2843224.505100000649691 ], [ 352903.907200000248849, 2843479.097699999809265 ], [ 352924.222099999897182, 2843468.650000000372529 ] ] ] ] } },
{ "type": "Feature", "properties": { "fid": 86, "ID": 2616, "ENTIDAD": 19, "MUNICIPIO": 48, "SECCION": 2794, "TIPO": 3, "CONTROL": 3423 }, "geometry": { "type": "MultiPolygon", "coordinates": [ [ [ [ 347842.674300000071526, 2843573.652499999850988 ], [ 347891.7829, 2843564.504799999296665 ], [ 347969.958499999716878, 2843550.632799999788404 ], [ 348024.183400000445545, 2843539.469000000506639 ], [ 348057.389299999922514, 2843532.997099999338388 ], [ 348091.105899999849498, 2843525.506799999624491 ], [ 348112.400399999693036, 2843521.497700000181794 ], [ 348146.303700000047684, 2843517.522199999541044 ], [ 348247.097799999639392, 2843496.138000000268221 ], [ 348371.630099999718368, 2843471.162200000137091 ], [ 348551.378299999982119, 2843434.752299999818206 ], [ 348568.250300000421703, 2843432.279799999669194 ], [ 348597.923200000077486, 2843429.2664 ], [ 348665.375500000081956, 2843416.916200000792742 ], [ 348663.958100000396371, 2843400.665100000798702 ], [ 348663.282200000248849, 2843392.07660000026226 ], [ 348662.943699999712408, 2843386.970300000160933 ], [ 348661.309299999848008, 2843377.389599999412894 ], [ 348660.627100000157952, 2843374.918999999761581 ], [ 348658.885900000110269, 2843370.457699999213219 ], [ 348658.153300000354648, 2843364.371200000867248 ], [ 348657.138899999670684, 2843358.679099999368191 ], [ 348654.659199999645352, 2843339.968599999323487 ], [ 348654.151999999769032, 2843336.192600000649691 ], [ 348653.776600000448525, 2843333.027000000700355 ], [ 348653.024799999780953, 2843329.4298 ], [ 348652.292200000025332, 2843323.625 ], [ 348650.545099999755621, 2843313.170800000429153 ], [ 348648.9671, 2843301.279400000348687 ], [ 348642.796000000089407, 2843262.421299999579787 ], [ 348639.752700000070035, 2843242.752599999308586 ], [ 348638.231100000441074, 2843233.87639999948442 ], [ 348633.919800000265241, 2843206.346000000834465 ], [ 348632.946899999864399, 2843197.480499999597669 ], [ 348631.984400000423193, 2843193.344100000336766 ], [ 348660.818799999542534, 2843194.543299999088049 ], [ 348798.029299999587238, 2843194.400100000202656 ], [ 348835.952600000426173, 2843168.905600000172853 ], [ 348867.527099999599159, 2843149.491599999368191 ], [ 348913.556599999777973, 2843129.998700000345707 ], [ 348976.604299999773502, 2843112.468699999153614 ], [ 349089.729500000365078, 2843088.721400000154972 ], [ 349275.293499999679625, 2843022.658099999651313 ], [ 349405.615699999965727, 2843009.773600000888109 ], [ 349466.400899999774992, 2843014.645700000226498 ], [ 349483.790699999779463, 2843008.497999999672174 ], [ 349462.362300000153482, 2842900.446900000795722 ], [ 349462.17989999987185, 2842899.527000000700355 ], [ 349453.634600000455976, 2842887.02170000039041 ], [ 349452.562300000339746, 2842881.673000000417233 ], [ 349446.303299999795854, 2842835.964099999517202 ], [ 349442.826100000180304, 2842836.559100000187755 ], [ 349436.087100000120699, 2842836.552500000223517 ], [ 349394.507000000216067, 2842838.121500000357628 ], [ 349346.944899999536574, 2842840.769300000742078 ], [ 349328.101599999703467, 2842842.142000000923872 ], [ 349321.97620000038296, 2842831.451500000432134 ], [ 349321.215900000184774, 2842814.975700000301003 ], [ 349316.936599999666214, 2842811.93779999949038 ], [ 349276.788499999791384, 2842616.350999999791384 ], [ 349238.874499999918044, 2842618.429400000721216 ], [ 349200.855399999767542, 2842621.023399999365211 ], [ 349199.255499999970198, 2842593.0077 ], [ 349272.3421, 2842584.392899999395013 ], [ 349288.123800000175834, 2842582.233300000429153 ], [ 349298.742300000041723, 2842580.780300000682473 ], [ 349339.870900000445545, 2842574.1108 ], [ 349382.7347999997437, 2842568.174200000241399 ], [ 349397.545699999667704, 2842565.7631 ], [ 349405.732200000435114, 2842526.590500000864267 ], [ 349404.064899999648333, 2842508.80519999936223 ], [ 349396.561700000427663, 2842491.853499999269843 ], [ 349377.247899999842048, 2842477.333499999716878 ], [ 349363.498200000263751, 2842402.701400000602007 ], [ 349355.886500000022352, 2842365.911800000816584 ], [ 349315.557199999690056, 2842189.67200000025332 ], [ 349235.388199999928474, 2842223.402100000530481 ], [ 349132.970800000242889, 2842267.170199999585748 ], [ 349068.618300000205636, 2842294.671299999579787 ], [ 348966.443900000303984, 2842338.33559999987483 ], [ 348862.565700000151992, 2842370.932800000533462 ], [ 348304.618300000205636, 2842546.017799999564886 ], [ 347955.36629999987781, 2842650.337500000372529 ], [ 347954.742999999783933, 2842650.448300000280142 ], [ 347956.057300000451505, 2842656.116699999198318 ], [ 347989.759300000034273, 2842692.105599999427795 ], [ 347974.733900000341237, 2842771.353499999269843 ], [ 347933.728199999779463, 2842990.21059999987483 ], [ 347932.670599999837577, 2842996.337200000882149 ], [ 347913.74129999987781, 2843103.4527000002563 ], [ 347891.856300000101328, 2843229.160599999129772 ], [ 347889.996199999935925, 2843239.799499999731779 ], [ 347873.395100000314415, 2843341.390900000929832 ], [ 347868.475200000219047, 2843371.498800000175834 ], [ 347865.179800000041723, 2843392.153999999165535 ], [ 347856.049800000153482, 2843417.3607 ], [ 347841.663200000301003, 2843483.698699999600649 ], [ 347834.248800000175834, 2843549.098200000822544 ], [ 347830.878600000403821, 2843576.059699999168515 ], [ 347842.674300000071526, 2843573.652499999850988 ] ] ] ] } },
{ "type": "Feature", "properties": { "fid": 87, "ID": 824, "ENTIDAD": 19, "MUNICIPIO": 48, "SECCION": 2001, "TIPO": 2, "CONTROL": 1160 }, "geometry": { "type": "MultiPolygon", "coordinates": [ [ [ [ 353839.94620000012219, 2843576.339199999347329 ], [ 353881.622899999842048, 2843555.418700000271201 ], [ 353923.766400000080466, 2843534.263900000602007 ], [ 353965.105200000107288, 2843512.883500000461936 ], [ 354032.443099999800324, 2843478.829900000244379 ], [ 353975.391499999910593, 2843363.276399999856949 ], [ 353958.322800000198185, 2843328.704900000244379 ], [ 353971.133799999952316, 2843321.824500000104308 ], [ 353895.043499999679625, 2843170.265100000426173 ], [ 353875.514000000432134, 2843132.466499999165535 ], [ 353856.972799999639392, 2843095.070000000298023 ], [ 353838.200500000268221, 2843057.2072 ], [ 353819.428199999965727, 2843019.3443 ], [ 353704.765599999576807, 2843076.985600000247359 ], [ 353685.932300000451505, 2843040.048000000417233 ], [ 353666.757699999958277, 2843002.440999999642372 ], [ 353647.587100000120699, 2842964.841900000348687 ], [ 353629.636599999852479, 2842929.635900000110269 ], [ 353608.696899999864399, 2842888.566999999806285 ], [ 353573.808699999935925, 2842912.337099999189377 ], [ 353538.920400000177324, 2842936.107100000604987 ], [ 353495.893699999898672, 2842965.42200000025332 ], [ 353582.329800000414252, 2843138.330299999564886 ], [ 353602.637900000438094, 2843128.785399999469519 ], [ 353659.950899999588728, 2843254.119000000879169 ], [ 353672.944500000216067, 2843282.533800000324845 ], [ 353685.167500000447035, 2843309.263399999588728 ], [ 353715.12569999974221, 2843374.776900000870228 ], [ 353743.939699999988079, 2843437.788100000470877 ], [ 353725.311499999836087, 2843447.348400000482798 ], [ 353796.904799999669194, 2843597.944700000807643 ], [ 353839.94620000012219, 2843576.339199999347329 ] ] ] ] } },
{ "type": "Feature", "properties": { "fid": 88, "ID": 2604, "ENTIDAD": 19, "MUNICIPIO": 48, "SECCION": 2793, "TIPO": 2, "CONTROL": 3411 }, "geometry": { "type": "MultiPolygon", "coordinates": [ [ [ [ 349333.652900000102818, 2843699.659199999645352 ], [ 349424.798100000247359, 2843682.734999999403954 ], [ 349428.408999999985099, 2843693.567700000479817 ], [ 349440.686200000345707, 2843694.590800000354648 ], [ 349454.648400000296533, 2843690.979900000616908 ], [ 349462.17119999974966, 2843688.933700000867248 ], [ 349465.962700000032783, 2843668.351399999111891 ], [ 349636.951899999752641, 2843532.147900000214577 ], [ 349621.707499999552965, 2843326.1721 ], [ 349619.057000000029802, 2843198.948799999430776 ], [ 349618.526600000448525, 2843196.363199999555945 ], [ 349519.287499999627471, 2843215.911699999123812 ], [ 349521.927500000223517, 2843198.2653 ], [ 349483.790699999779463, 2843008.497999999672174 ], [ 349466.400899999774992, 2843014.645700000226498 ], [ 349405.615699999965727, 2843009.773600000888109 ], [ 349275.293499999679625, 2843022.658099999651313 ], [ 349089.729500000365078, 2843088.721400000154972 ], [ 348976.604299999773502, 2843112.468699999153614 ], [ 348913.556599999777973, 2843129.998700000345707 ], [ 348800.423799999989569, 2843299.633600000292063 ], [ 348796.125900000333786, 2843301.509199999272823 ], [ 348796.897699999623001, 2843311.431099999696016 ], [ 348802.0318, 2843341.602800000458956 ], [ 348807.200899999588728, 2843344.144200000911951 ], [ 348889.991899999789894, 2843325.750099999830127 ], [ 348920.06940000038594, 2843320.852700000628829 ], [ 349027.689399999566376, 2843298.51630000025034 ], [ 349032.30449999962002, 2843316.771500000730157 ], [ 349125.518500000238419, 2843297.88120000064373 ], [ 349133.330400000326335, 2843339.763900000602007 ], [ 349121.340400000102818, 2843342.284900000318885 ], [ 349092.91370000038296, 2843349.120899999514222 ], [ 349104.388700000010431, 2843398.975700000301003 ], [ 349113.559299999848008, 2843440.382200000807643 ], [ 349119.950899999588728, 2843480.399299999698997 ], [ 349128.565700000151992, 2843521.25 ], [ 349240.627199999988079, 2843499.29619999974966 ], [ 349249.24199999962002, 2843539.869000000879169 ], [ 349207.279699999839067, 2843547.372199999168515 ], [ 349215.338700000196695, 2843590.723999999463558 ], [ 349222.841900000348687, 2843629.6294 ], [ 349230.067200000397861, 2843661.587500000372529 ], [ 349238.334599999710917, 2843701.951899999752641 ], [ 349241.964999999850988, 2843717.279500000178814 ], [ 349333.652900000102818, 2843699.659199999645352 ] ] ] ] } },
{ "type": "Feature", "properties": { "fid": 89, "ID": 2607, "ENTIDAD": 19, "MUNICIPIO": 48, "SECCION": 2792, "TIPO": 2, "CONTROL": 3414 }, "geometry": { "type": "MultiPolygon", "coordinates": [ [ [ [ 349188.591199999675155, 2843727.17090000025928 ], [ 349241.964999999850988, 2843717.279500000178814 ], [ 349238.334599999710917, 2843701.951899999752641 ], [ 349230.067200000397861, 2843661.587500000372529 ], [ 349222.841900000348687, 2843629.6294 ], [ 349215.338700000196695, 2843590.723999999463558 ], [ 349207.279699999839067, 2843547.372199999168515 ], [ 349249.24199999962002, 2843539.869000000879169 ], [ 349240.627199999988079, 2843499.29619999974966 ], [ 349128.565700000151992, 2843521.25 ], [ 349119.950899999588728, 2843480.399299999698997 ], [ 349113.559299999848008, 2843440.382200000807643 ], [ 349104.388700000010431, 2843398.975700000301003 ], [ 349092.91370000038296, 2843349.120899999514222 ], [ 349121.340400000102818, 2843342.284900000318885 ], [ 349133.330400000326335, 2843339.763900000602007 ], [ 349125.518500000238419, 2843297.88120000064373 ], [ 349032.30449999962002, 2843316.771500000730157 ], [ 348998.489400000311434, 2843323.93099999986589 ], [ 348872.434299999848008, 2843349.498400000855327 ], [ 348823.08530000038445, 2843360.152599999681115 ], [ 348824.908099999651313, 2843363.740800000727177 ], [ 348833.497200000099838, 2843391.337899999693036 ], [ 348889.064100000075996, 2843566.496600000187755 ], [ 348893.344899999909103, 2843569.900900000706315 ], [ 348895.07799999974668, 2843574.508099999278784 ], [ 349074.624200000427663, 2843727.506300000473857 ], [ 349088.188799999654293, 2843743.2358 ], [ 349188.591199999675155, 2843727.17090000025928 ] ] ] ] } },
{ "type": "Feature", "properties": { "fid": 90, "ID": 825, "ENTIDAD": 19, "MUNICIPIO": 48, "SECCION": 2002, "TIPO": 2, "CONTROL": 1161 }, "geometry": { "type": "MultiPolygon", "coordinates": [ [ [ [ 354387.049499999731779, 2843833.820800000801682 ], [ 354446.683000000193715, 2843768.886499999091029 ], [ 354471.740799999795854, 2843717.681900000199676 ], [ 354951.736899999901652, 2843674.265799999237061 ], [ 355118.542399999685585, 2843659.177999999374151 ], [ 355199.221199999563396, 2843621.07909999974072 ], [ 355392.963200000114739, 2843529.588199999183416 ], [ 355785.776499999687076, 2843344.089700000360608 ], [ 355815.684999999590218, 2843329.980900000780821 ], [ 355838.177500000223517, 2843374.874900000169873 ], [ 356005.884999999776483, 2843303.714700000360608 ], [ 355804.086600000038743, 2843218.866599999368191 ], [ 355760.949199999682605, 2843124.030300000682473 ], [ 355751.729000000283122, 2843128.31110000051558 ], [ 355737.240100000053644, 2843097.686799999326468 ], [ 355682.248200000263751, 2843059.488800000399351 ], [ 355670.393899999558926, 2843034.792300000786781 ], [ 355677.100200000219047, 2842998.824300000444055 ], [ 355662.162200000137091, 2842922.837799999862909 ], [ 355661.821100000292063, 2842881.685100000351667 ], [ 355669.496100000105798, 2842846.694700000807643 ], [ 355542.04619999974966, 2842616.96199999935925 ], [ 355539.883899999782443, 2842613.129599999636412 ], [ 355507.647099999710917, 2842555.994400000199676 ], [ 355484.745199999772012, 2842512.747899999842048 ], [ 355459.990299999713898, 2842466.0022 ], [ 355432.053299999795854, 2842413.247600000351667 ], [ 355394.379399999976158, 2842342.106499999761581 ], [ 355374.14850000012666, 2842303.903599999845028 ], [ 355355.738900000229478, 2842269.140000000596046 ], [ 355350.336400000378489, 2842258.938300000503659 ], [ 355337.329199999570847, 2842234.376299999654293 ], [ 355260.504599999636412, 2842274.37639999948442 ], [ 355228.357699999585748, 2842291.114299999549985 ], [ 355196.210900000296533, 2842307.852099999785423 ], [ 355164.447900000028312, 2842324.390100000426173 ], [ 355133.185899999924004, 2842340.667199999094009 ], [ 355099.038200000301003, 2842358.44679999910295 ], [ 355083.833999999798834, 2842366.363099999725819 ], [ 355068.629900000058115, 2842374.279400000348687 ], [ 355034.136500000022352, 2842392.239 ], [ 355020.022599999792874, 2842399.5877 ], [ 355000.577899999916553, 2842409.711899999529123 ], [ 354967.583200000226498, 2842426.891200000420213 ], [ 354947.353400000371039, 2842437.424200000241399 ], [ 354934.314100000075996, 2842444.213400000706315 ], [ 354898.70990000013262, 2842462.751299999654293 ], [ 354860.639899999834597, 2842482.573200000450015 ], [ 354819.560899999924004, 2842503.96169999986887 ], [ 354813.022699999623001, 2842507.343800000846386 ], [ 354777.047799999825656, 2842525.927699999883771 ], [ 354736.657599999569356, 2842546.738900000229478 ], [ 354697.628200000151992, 2842566.848899999633431 ], [ 354659.890399999916553, 2842586.293400000780821 ], [ 354655.232800000347197, 2842588.693299999460578 ], [ 354611.00069999974221, 2842611.483999999240041 ], [ 354569.865199999883771, 2842632.679199999198318 ], [ 354530.012400000356138, 2842653.213500000536442 ], [ 354488.49280000012368, 2842674.606599999591708 ], [ 354446.973199999891222, 2842695.99970000050962 ], [ 354406.75829999987036, 2842716.720599999651313 ], [ 354364.656899999827147, 2842738.413499999791384 ], [ 354324.596599999815226, 2842759.054700000211596 ], [ 354284.041500000283122, 2842779.950799999758601 ], [ 354240.393799999728799, 2842802.440500000491738 ], [ 354205.786700000055134, 2842820.271800000220537 ], [ 354197.262799999676645, 2842824.663799999281764 ], [ 354155.675499999895692, 2842846.09180000051856 ], [ 354114.934799999929965, 2842867.083599999547005 ], [ 354066.112800000235438, 2842892.239299999549985 ], [ 354055.775700000114739, 2842897.565500000491738 ], [ 354037.142300000414252, 2842907.166500000283122 ], [ 354025.107400000095367, 2842913.36739999987185 ], [ 353999.7972999997437, 2842926.408600000664592 ], [ 353963.09499999973923, 2842945.319599999114871 ], [ 353926.378499999642372, 2842964.237800000235438 ], [ 353919.957399999722838, 2842967.546299999579787 ], [ 353880.503499999642372, 2842987.875099999830127 ], [ 353844.794700000435114, 2843006.27419999986887 ], [ 353819.428199999965727, 2843019.3443 ], [ 353838.200500000268221, 2843057.2072 ], [ 353856.972799999639392, 2843095.070000000298023 ], [ 353875.514000000432134, 2843132.466499999165535 ], [ 353895.043499999679625, 2843170.265100000426173 ], [ 353971.133799999952316, 2843321.824500000104308 ], [ 353992.370799999684095, 2843310.4232 ], [ 354068.349999999627471, 2843460.6327 ], [ 354134.211500000208616, 2843590.839500000700355 ], [ 354144.329300000332296, 2843610.842199999839067 ], [ 354175.541400000452995, 2843672.547900000587106 ], [ 354200.149699999950826, 2843721.198100000619888 ], [ 354223.1568, 2843766.682700000703335 ], [ 354238.315499999560416, 2843791.587300000712276 ], [ 354256.683899999596179, 2843832.247099999338388 ], [ 354260.8909, 2843841.821399999782443 ], [ 354264.054999999701977, 2843848.142799999564886 ], [ 354387.049499999731779, 2843833.820800000801682 ] ] ] ] } },
{ "type": "Feature", "properties": { "fid": 91, "ID": 2606, "ENTIDAD": 19, "MUNICIPIO": 48, "SECCION": 2791, "TIPO": 2, "CONTROL": 3413 }, "geometry": { "type": "MultiPolygon", "coordinates": [ [ [ [ 348467.937300000339746, 2843858.893699999898672 ], [ 348483.125599999912083, 2843826.530500000342727 ], [ 348487.389999999664724, 2843819.432399999350309 ], [ 348478.636300000362098, 2843778.30379999987781 ], [ 348466.269899999722838, 2843737.036299999803305 ], [ 348454.876199999824166, 2843698.269799999892712 ], [ 348450.430399999953806, 2843688.577600000426173 ], [ 348442.787700000219047, 2843657.0022 ], [ 348431.949699999764562, 2843616.846200000494719 ], [ 348421.94550000037998, 2843575.578600000590086 ], [ 348409.996000000275671, 2843536.256400000303984 ], [ 348396.4989, 2843491.93779999949038 ], [ 348378.127299999818206, 2843494.758600000292063 ], [ 348376.860700000077486, 2843492.366100000217557 ], [ 348371.717199999839067, 2843473.4035 ], [ 348371.630099999718368, 2843471.162200000137091 ], [ 348247.097799999639392, 2843496.138000000268221 ], [ 348146.303700000047684, 2843517.522199999541044 ], [ 348112.400399999693036, 2843521.497700000181794 ], [ 348091.105899999849498, 2843525.506799999624491 ], [ 348057.389299999922514, 2843532.997099999338388 ], [ 348024.183400000445545, 2843539.469000000506639 ], [ 347969.958499999716878, 2843550.632799999788404 ], [ 347891.7829, 2843564.504799999296665 ], [ 347842.674300000071526, 2843573.652499999850988 ], [ 347830.878600000403821, 2843576.059699999168515 ], [ 347812.342600000090897, 2843668.25870000012219 ], [ 347825.662200000137091, 2843677.254000000655651 ], [ 347841.837500000372529, 2843690.76659999974072 ], [ 347862.679700000211596, 2843709.107699999585748 ], [ 347915.757799999788404, 2843716.471899999305606 ], [ 347926.595800000242889, 2843722.446699999272823 ], [ 347965.779099999926984, 2843742.594200000166893 ], [ 348004.823499999940395, 2843758.4342 ], [ 348033.127999999560416, 2843770.284800000488758 ], [ 348086.941800000146031, 2843785.668099999427795 ], [ 348108.130800000391901, 2843787.923900000751019 ], [ 348121.122999999672174, 2843780.665899999439716 ], [ 348129.182000000029802, 2843785.668099999427795 ], [ 348136.765100000426173, 2843791.568499999120831 ], [ 348142.520999999716878, 2843806.510299999266863 ], [ 348166.29079999960959, 2843815.341099999845028 ], [ 348223.102699999697506, 2843826.254100000485778 ], [ 348434.728699999861419, 2843863.201099999248981 ], [ 348436.951899999752641, 2843881.681099999696016 ], [ 348467.937300000339746, 2843858.893699999898672 ] ] ] ] } },
{ "type": "Feature", "properties": { "fid": 92, "ID": 2614, "ENTIDAD": 19, "MUNICIPIO": 48, "SECCION": 2790, "TIPO": 2, "CONTROL": 3421 }, "geometry": { "type": "MultiPolygon", "coordinates": [ [ [ [ 349439.723299999721348, 2844017.64809999987483 ], [ 349462.17119999974966, 2843688.933700000867248 ], [ 349454.648400000296533, 2843690.979900000616908 ], [ 349440.686200000345707, 2843694.590800000354648 ], [ 349428.408999999985099, 2843693.567700000479817 ], [ 349424.798100000247359, 2843682.734999999403954 ], [ 349333.652900000102818, 2843699.659199999645352 ], [ 349241.964999999850988, 2843717.279500000178814 ], [ 349188.591199999675155, 2843727.17090000025928 ], [ 349088.188799999654293, 2843743.2358 ], [ 349089.894199999980628, 2843748.91190000064671 ], [ 349090.314299999736249, 2843996.446000000461936 ], [ 349090.257000000216067, 2844000.367200000211596 ], [ 349090.313500000163913, 2844059.693399999290705 ], [ 349087.2489, 2844106.785599999129772 ], [ 349105.226599999703467, 2844107.22550000064075 ], [ 349108.992700000293553, 2844106.99129999987781 ], [ 349112.597199999727309, 2844106.7179000005126 ], [ 349327.122600000351667, 2844122.003799999132752 ], [ 349439.723299999721348, 2844017.64809999987483 ] ] ] ] } },
{ "type": "Feature", "properties": { "fid": 93, "ID": 2613, "ENTIDAD": 19, "MUNICIPIO": 48, "SECCION": 2789, "TIPO": 2, "CONTROL": 3420 }, "geometry": { "type": "MultiPolygon", "coordinates": [ [ [ [ 348364.5784, 2844188.237099999561906 ], [ 348648.988099999725819, 2843888.815199999138713 ], [ 348650.611499999649823, 2843887.106100000441074 ], [ 348677.614699999801815, 2843845.319700000807643 ], [ 348568.250300000421703, 2843432.279799999669194 ], [ 348551.378299999982119, 2843434.752299999818206 ], [ 348371.630099999718368, 2843471.162200000137091 ], [ 348371.717199999839067, 2843473.4035 ], [ 348376.860700000077486, 2843492.366100000217557 ], [ 348378.127299999818206, 2843494.758600000292063 ], [ 348396.4989, 2843491.93779999949038 ], [ 348409.996000000275671, 2843536.256400000303984 ], [ 348421.94550000037998, 2843575.578600000590086 ], [ 348431.949699999764562, 2843616.846200000494719 ], [ 348442.787700000219047, 2843657.0022 ], [ 348450.430399999953806, 2843688.577600000426173 ], [ 348454.876199999824166, 2843698.269799999892712 ], [ 348466.269899999722838, 2843737.036299999803305 ], [ 348478.636300000362098, 2843778.30379999987781 ], [ 348487.389999999664724, 2843819.432399999350309 ], [ 348483.125599999912083, 2843826.530500000342727 ], [ 348467.937300000339746, 2843858.893699999898672 ], [ 348436.951899999752641, 2843881.681099999696016 ], [ 348402.770700000226498, 2843912.1108 ], [ 348373.174700000323355, 2843942.9572 ], [ 348430.004499999806285, 2843997.9112 ], [ 348399.574900000356138, 2844027.090299999341369 ], [ 348371.252399999648333, 2844057.525699999183416 ], [ 348341.494599999859929, 2844086.698999999091029 ], [ 348312.176500000059605, 2844118.240199999883771 ], [ 348318.271399999968708, 2844136.827500000596046 ], [ 348229.919300000183284, 2844093.090600000694394 ], [ 348205.589999999850988, 2844117.567700000479817 ], [ 348360.872399999760091, 2844194.8004 ], [ 348364.5784, 2844188.237099999561906 ] ] ] ] } },
{ "type": "Feature", "properties": { "fid": 94, "ID": 1336, "ENTIDAD": 19, "MUNICIPIO": 48, "SECCION": 2000, "TIPO": 2, "CONTROL": 1740 }, "geometry": { "type": "MultiPolygon", "coordinates": [ [ [ [ 354007.131799999624491, 2844100.438200000673532 ], [ 354051.153400000184774, 2843974.017200000584126 ], [ 354171.93059999961406, 2844002.23619999922812 ], [ 354264.054999999701977, 2843848.142799999564886 ], [ 354260.8909, 2843841.821399999782443 ], [ 354256.683899999596179, 2843832.247099999338388 ], [ 354238.315499999560416, 2843791.587300000712276 ], [ 354223.1568, 2843766.682700000703335 ], [ 354200.149699999950826, 2843721.198100000619888 ], [ 354175.541400000452995, 2843672.547900000587106 ], [ 354144.329300000332296, 2843610.842199999839067 ], [ 354134.211500000208616, 2843590.839500000700355 ], [ 354068.349999999627471, 2843460.6327 ], [ 353992.370799999684095, 2843310.4232 ], [ 353971.133799999952316, 2843321.824500000104308 ], [ 353958.322800000198185, 2843328.704900000244379 ], [ 353975.391499999910593, 2843363.276399999856949 ], [ 354032.443099999800324, 2843478.829900000244379 ], [ 353965.105200000107288, 2843512.883500000461936 ], [ 353923.766400000080466, 2843534.263900000602007 ], [ 353881.622899999842048, 2843555.418700000271201 ], [ 353839.94620000012219, 2843576.339199999347329 ], [ 353796.904799999669194, 2843597.944700000807643 ], [ 353725.311499999836087, 2843447.348400000482798 ], [ 353743.939699999988079, 2843437.788100000470877 ], [ 353715.12569999974221, 2843374.776900000870228 ], [ 353685.167500000447035, 2843309.263399999588728 ], [ 353672.944500000216067, 2843282.533800000324845 ], [ 353659.950899999588728, 2843254.119000000879169 ], [ 353602.637900000438094, 2843128.785399999469519 ], [ 353582.329800000414252, 2843138.330299999564886 ], [ 353498.840200000442564, 2843177.570599999278784 ], [ 353457.466599999926984, 2843197.01630000025034 ], [ 353417.269100000150502, 2843215.909199999645352 ], [ 353506.926699999719858, 2843398.116599999368191 ], [ 353469.650000000372529, 2843416.68129999935627 ], [ 353432.373200000263751, 2843435.245999999344349 ], [ 353394.302199999801815, 2843454.206299999728799 ], [ 353358.384899999946356, 2843472.093900000676513 ], [ 353323.996299999766052, 2843489.220300000160933 ], [ 353359.571800000034273, 2843584.966700000688434 ], [ 353368.692300000227988, 2843629.217599999159575 ], [ 353372.00899999961257, 2843634.176799999549985 ], [ 353399.854600000195205, 2843698.2324 ], [ 353405.427799999713898, 2843708.1765 ], [ 353438.630800000391901, 2843776.232100000604987 ], [ 353440.453200000338256, 2843779.9759 ], [ 353442.281200000084937, 2843783.720499999821186 ], [ 353462.711199999786913, 2843825.543299999088049 ], [ 353466.692400000058115, 2843834.296 ], [ 353511.041899999603629, 2843920.00760000012815 ], [ 353514.03139999974519, 2843925.787499999627471 ], [ 353515.525899999774992, 2843928.675000000745058 ], [ 353517.020499999634922, 2843931.5625 ], [ 353549.108300000429153, 2843994.215600000694394 ], [ 353552.05599999986589, 2843999.971200000494719 ], [ 353555.478000000119209, 2844007.297900000587106 ], [ 353583.177799999713898, 2844066.794800000265241 ], [ 353585.6579, 2844071.359400000423193 ], [ 353587.771200000308454, 2844075.639799999073148 ], [ 353616.809399999678135, 2844135.542199999094009 ], [ 353654.853400000371039, 2844214.02250000089407 ], [ 353667.804299999959767, 2844240.738700000569224 ], [ 353669.060300000011921, 2844243.372099999338388 ], [ 353673.036600000225008, 2844251.709300000220537 ], [ 354007.131799999624491, 2844100.438200000673532 ] ] ] ] } },
{ "type": "Feature", "properties": { "fid": 95, "ID": 823, "ENTIDAD": 19, "MUNICIPIO": 48, "SECCION": 1999, "TIPO": 2, "CONTROL": 1159 }, "geometry": { "type": "MultiPolygon", "coordinates": [ [ [ [ 353626.339100000448525, 2844289.934599999338388 ], [ 353620.400200000032783, 2844270.66330000013113 ], [ 353627.248100000433624, 2844266.481799999251962 ], [ 353632.94469999987632, 2844261.330700000748038 ], [ 353669.060300000011921, 2844243.372099999338388 ], [ 353667.804299999959767, 2844240.738700000569224 ], [ 353654.853400000371039, 2844214.02250000089407 ], [ 353616.809399999678135, 2844135.542199999094009 ], [ 353587.771200000308454, 2844075.639799999073148 ], [ 353585.6579, 2844071.359400000423193 ], [ 353583.177799999713898, 2844066.794800000265241 ], [ 353555.478000000119209, 2844007.297900000587106 ], [ 353552.05599999986589, 2843999.971200000494719 ], [ 353549.108300000429153, 2843994.215600000694394 ], [ 353517.020499999634922, 2843931.5625 ], [ 353515.525899999774992, 2843928.675000000745058 ], [ 353514.03139999974519, 2843925.787499999627471 ], [ 353511.041899999603629, 2843920.00760000012815 ], [ 353466.692400000058115, 2843834.296 ], [ 353462.711199999786913, 2843825.543299999088049 ], [ 353442.281200000084937, 2843783.720499999821186 ], [ 353440.453200000338256, 2843779.9759 ], [ 353438.630800000391901, 2843776.232100000604987 ], [ 353405.427799999713898, 2843708.1765 ], [ 353399.854600000195205, 2843698.2324 ], [ 353372.00899999961257, 2843634.176799999549985 ], [ 353368.692300000227988, 2843629.217599999159575 ], [ 353359.571800000034273, 2843584.966700000688434 ], [ 353323.996299999766052, 2843489.220300000160933 ], [ 353358.384899999946356, 2843472.093900000676513 ], [ 353394.302199999801815, 2843454.206299999728799 ], [ 353432.373200000263751, 2843435.245999999344349 ], [ 353469.650000000372529, 2843416.68129999935627 ], [ 353506.926699999719858, 2843398.116599999368191 ], [ 353417.269100000150502, 2843215.909199999645352 ], [ 353381.745299999602139, 2843234.494899999350309 ], [ 353319.903099999763072, 2843106.668099999427795 ], [ 353282.901700000278652, 2843126.025399999693036 ], [ 353240.881400000303984, 2843148.008199999108911 ], [ 353204.642099999822676, 2843166.96680000051856 ], [ 353165.920099999755621, 2843185.2248 ], [ 353232.88219999987632, 2843309.910499999299645 ], [ 353193.823400000110269, 2843329.997899999842048 ], [ 353154.754099999554455, 2843350.090700000524521 ], [ 353115.762600000016391, 2843370.143500000238419 ], [ 353100.389000000432134, 2843378.049799999222159 ], [ 353085.751500000245869, 2843385.5777000002563 ], [ 353079.700799999758601, 2843388.689500000327826 ], [ 353044.380400000140071, 2843406.854299999773502 ], [ 353003.44469999987632, 2843427.906999999657273 ], [ 352963.225200000219047, 2843448.591299999505281 ], [ 352924.222099999897182, 2843468.650000000372529 ], [ 352903.907200000248849, 2843479.097699999809265 ], [ 353175.260300000198185, 2844024.126299999654293 ], [ 353249.305800000205636, 2844171.36879999935627 ], [ 353252.781499999575317, 2844178.94649999961257 ], [ 353355.744099999777973, 2844385.977099999785423 ], [ 353626.339100000448525, 2844289.934599999338388 ] ] ] ] } },
{ "type": "Feature", "properties": { "fid": 96, "ID": 2612, "ENTIDAD": 19, "MUNICIPIO": 48, "SECCION": 2788, "TIPO": 2, "CONTROL": 3419 }, "geometry": { "type": "MultiPolygon", "coordinates": [ [ [ [ 348745.946600000374019, 2844391.502100000157952 ], [ 348748.127999999560416, 2844388.968900000676513 ], [ 348765.015999999828637, 2844375.3881 ], [ 348818.776300000026822, 2844333.941999999806285 ], [ 348896.531700000166893, 2844273.919099999591708 ], [ 348908.882500000298023, 2844263.315300000831485 ], [ 348922.864599999971688, 2844253.42989999987185 ], [ 349083.169099999591708, 2844180.224199999123812 ], [ 349086.575600000098348, 2844123.939500000327826 ], [ 349087.2489, 2844106.785599999129772 ], [ 349090.313500000163913, 2844059.693399999290705 ], [ 349090.257000000216067, 2844000.367200000211596 ], [ 349090.314299999736249, 2843996.446000000461936 ], [ 349089.894199999980628, 2843748.91190000064671 ], [ 349088.188799999654293, 2843743.2358 ], [ 349074.624200000427663, 2843727.506300000473857 ], [ 348895.07799999974668, 2843574.508099999278784 ], [ 348893.344899999909103, 2843569.900900000706315 ], [ 348889.064100000075996, 2843566.496600000187755 ], [ 348833.497200000099838, 2843391.337899999693036 ], [ 348824.908099999651313, 2843363.740800000727177 ], [ 348823.08530000038445, 2843360.152599999681115 ], [ 348872.434299999848008, 2843349.498400000855327 ], [ 348998.489400000311434, 2843323.93099999986589 ], [ 349032.30449999962002, 2843316.771500000730157 ], [ 349027.689399999566376, 2843298.51630000025034 ], [ 348920.06940000038594, 2843320.852700000628829 ], [ 348889.991899999789894, 2843325.750099999830127 ], [ 348807.200899999588728, 2843344.144200000911951 ], [ 348802.0318, 2843341.602800000458956 ], [ 348796.897699999623001, 2843311.431099999696016 ], [ 348796.125900000333786, 2843301.509199999272823 ], [ 348800.423799999989569, 2843299.633600000292063 ], [ 348913.556599999777973, 2843129.998700000345707 ], [ 348867.527099999599159, 2843149.491599999368191 ], [ 348835.952600000426173, 2843168.905600000172853 ], [ 348798.029299999587238, 2843194.400100000202656 ], [ 348660.818799999542534, 2843194.543299999088049 ], [ 348631.984400000423193, 2843193.344100000336766 ], [ 348632.946899999864399, 2843197.480499999597669 ], [ 348633.919800000265241, 2843206.346000000834465 ], [ 348638.231100000441074, 2843233.87639999948442 ], [ 348639.752700000070035, 2843242.752599999308586 ], [ 348642.796000000089407, 2843262.421299999579787 ], [ 348648.9671, 2843301.279400000348687 ], [ 348650.545099999755621, 2843313.170800000429153 ], [ 348652.292200000025332, 2843323.625 ], [ 348653.024799999780953, 2843329.4298 ], [ 348653.776600000448525, 2843333.027000000700355 ], [ 348654.151999999769032, 2843336.192600000649691 ], [ 348654.659199999645352, 2843339.968599999323487 ], [ 348657.138899999670684, 2843358.679099999368191 ], [ 348658.153300000354648, 2843364.371200000867248 ], [ 348658.885900000110269, 2843370.457699999213219 ], [ 348660.627100000157952, 2843374.918999999761581 ], [ 348661.309299999848008, 2843377.389599999412894 ], [ 348662.943699999712408, 2843386.970300000160933 ], [ 348663.282200000248849, 2843392.07660000026226 ], [ 348663.958100000396371, 2843400.665100000798702 ], [ 348665.375500000081956, 2843416.916200000792742 ], [ 348597.923200000077486, 2843429.2664 ], [ 348607.550499999895692, 2843470.202299999073148 ], [ 348619.067499999888241, 2843510.995400000363588 ], [ 348630.128299999982119, 2843550.4167 ], [ 348641.578999999910593, 2843591.994899999350309 ], [ 348652.668700000271201, 2843635.882099999114871 ], [ 348661.8295, 2843676.39809999987483 ], [ 348672.745699999853969, 2843715.99210000038147 ], [ 348682.640800000168383, 2843755.042600000277162 ], [ 348796.201999999582767, 2843734.535199999809265 ], [ 348802.802000000141561, 2843762.950099999085069 ], [ 348811.06940000038594, 2843748.429999999701977 ], [ 348820.628399999812245, 2843802.354000000283122 ], [ 348828.81319999974221, 2843850.873700000345707 ], [ 348839.097299999557436, 2843902.474999999627471 ], [ 348846.535899999551475, 2843954.9068 ], [ 348850.004200000315905, 2843970.103399999439716 ], [ 348851.294900000095367, 2843981.237400000914931 ], [ 348858.936999999918044, 2844025.735500000417233 ], [ 348867.621299999766052, 2844068.323100000619888 ], [ 348868.417399999685585, 2844076.894899999722838 ], [ 348874.360299999825656, 2844109.104299999773502 ], [ 348876.60219999961555, 2844125.040500000119209 ], [ 348882.280299999751151, 2844150.927699999883771 ], [ 348888.195899999700487, 2844180.389599999412894 ], [ 348876.454699999652803, 2844186.134500000625849 ], [ 348800.252799999900162, 2844259.76039999909699 ], [ 348780.042999999597669, 2844281.080199999734759 ], [ 348693.927500000223517, 2844370.087500000372529 ], [ 348732.945899999700487, 2844388.650399999693036 ], [ 348738.402300000190735, 2844390.008500000461936 ], [ 348743.223799999803305, 2844396.809900000691414 ], [ 348745.946600000374019, 2844391.502100000157952 ] ] ] ] } },
{ "type": "Feature", "properties": { "fid": 97, "ID": 223, "ENTIDAD": 19, "MUNICIPIO": 48, "SECCION": 2049, "TIPO": 3, "CONTROL": 314 }, "geometry": { "type": "MultiPolygon", "coordinates": [ [ [ [ 337297.700100000016391, 2844618.340399999171495 ], [ 337488.181300000287592, 2844506.709699999541044 ], [ 337561.471800000406802, 2844419.239099999889731 ], [ 337651.712299999780953, 2844219.4079 ], [ 337668.520800000056624, 2844089.186899999156594 ], [ 337614.560399999842048, 2844043.846599999815226 ], [ 337565.620099999941885, 2843988.26630000025034 ], [ 337506.429700000211596, 2843927.685900000855327 ], [ 337485.870600000023842, 2843845.531700000166893 ], [ 337482.653500000014901, 2843832.676000000908971 ], [ 337984.545699999667704, 2843784.915899999439716 ], [ 338601.609899999573827, 2843726.196100000292063 ], [ 338893.879999999888241, 2843829.035199999809265 ], [ 339152.976700000464916, 2843837.800200000405312 ], [ 339267.071000000461936, 2843590.543500000610948 ], [ 339457.452200000174344, 2843466.152599999681115 ], [ 339520.256699999794364, 2843275.022600000724196 ], [ 339522.192599999718368, 2843269.131400000303984 ], [ 339547.022699999623001, 2843184.720799999311566 ], [ 340042.98589999973774, 2842980.64949999935925 ], [ 340331.127700000070035, 2842952.1392 ], [ 340598.249400000087917, 2842849.898600000888109 ], [ 340732.720200000330806, 2842754.147900000214577 ], [ 340873.131099999882281, 2842760.3279 ], [ 341008.451999999582767, 2842769.107999999076128 ], [ 341474.794999999925494, 2842687.737400000914931 ], [ 341761.956799999810755, 2842539.39640000090003 ], [ 341866.417500000447035, 2842517.906199999153614 ], [ 342014.038399999961257, 2842470.455900000408292 ], [ 342235.459800000302494, 2842396.745400000363588 ], [ 342342.510499999858439, 2842380.325300000607967 ], [ 342533.091699999757111, 2842281.444599999114871 ], [ 342739.223000000230968, 2842210.4342 ], [ 343108.665400000289083, 2842137.7336 ], [ 343335.47690000012517, 2842099.6634 ], [ 343495.607900000177324, 2842021.492799999192357 ], [ 343739.929399999789894, 2841939.88230000063777 ], [ 343882.540300000458956, 2841902.701999999582767 ], [ 344129.041899999603629, 2841775.17119999974966 ], [ 344467.604100000113249, 2841672.190500000491738 ], [ 344629.335099999792874, 2841476.70920000039041 ], [ 344766.255900000222027, 2841368.17850000038743 ], [ 344863.786600000225008, 2841436.008899999782443 ], [ 345259.529099999926984, 2841459.918999999761581 ], [ 345562.541100000031292, 2841377.708399999886751 ], [ 345791.362499999813735, 2841273.317700000479817 ], [ 346033.034099999815226, 2841178.987099999561906 ], [ 346206.135200000368059, 2841126.186699999496341 ], [ 346340.956000000238419, 2841073.776399999856949 ], [ 346514.147099999710917, 2841031.16609999909997 ], [ 346636.50789999961853, 2841014.585999999195337 ], [ 346771.038800000213087, 2840926.485400000587106 ], [ 347118.140999999828637, 2840930.505400000140071 ], [ 347283.692099999636412, 2840890.525100000202656 ], [ 347441.353099999949336, 2840822.584599999710917 ], [ 347560.95380000025034, 2840780.534299999475479 ], [ 347627.384300000034273, 2840790.034399999305606 ], [ 347647.66370000038296, 2841208.435000000521541 ], [ 347649.850700000301003, 2841253.558000000193715 ], [ 347682.751699999906123, 2841932.364399999380112 ], [ 347701.310300000011921, 2841997.815199999138713 ], [ 347739.146999999880791, 2842095.041200000792742 ], [ 347785.245500000193715, 2842212.742000000551343 ], [ 347831.548000000417233, 2842325.396500000730157 ], [ 347872.290699999779463, 2842432.3191 ], [ 347955.36629999987781, 2842650.337500000372529 ], [ 348304.618300000205636, 2842546.017799999564886 ], [ 348862.565700000151992, 2842370.932800000533462 ], [ 348966.443900000303984, 2842338.33559999987483 ], [ 349068.618300000205636, 2842294.671299999579787 ], [ 349132.970800000242889, 2842267.170199999585748 ], [ 349235.388199999928474, 2842223.402100000530481 ], [ 349315.557199999690056, 2842189.67200000025332 ], [ 349371.247800000011921, 2842165.342399999499321 ], [ 349385.894299999810755, 2842159.083200000226498 ], [ 349408.415400000289083, 2842149.458799999207258 ], [ 349532.145999999716878, 2842096.582499999552965 ], [ 349553.32799999974668, 2842087.520600000396371 ], [ 349620.497999999672174, 2842058.813500000163913 ], [ 349709.27240000013262, 2842020.875700000673532 ], [ 349725.660299999639392, 2842013.872300000861287 ], [ 349810.274400000460446, 2841977.712500000372529 ], [ 349833.353799999691546, 2841967.849500000476837 ], [ 349902.940299999900162, 2841938.111600000411272 ], [ 350008.709800000302494, 2841892.911000000312924 ], [ 349996.358099999837577, 2841864.825500000268221 ], [ 349954.277099999599159, 2841772.909800000488758 ], [ 349922.623599999584258, 2841696.145400000736117 ], [ 349905.884700000286102, 2841660.041799999773502 ], [ 349890.115699999965727, 2841623.866100000217557 ], [ 349875.862099999561906, 2841591.166500000283122 ], [ 349861.247499999590218, 2841557.639000000432134 ], [ 349845.892599999904633, 2841521.676200000569224 ], [ 349831.907100000418723, 2841488.920700000599027 ], [ 349816.658599999733269, 2841453.2072 ], [ 349801.42960000038147, 2841417.539200000464916 ], [ 349786.101400000043213, 2841383.708100000396371 ], [ 349781.819600000046194, 2841374.167199999094009 ], [ 349748.013500000350177, 2841388.6086 ], [ 349721.866899999789894, 2841328.8279 ], [ 349712.508100000210106, 2841307.430299999192357 ], [ 349675.806400000117719, 2841223.516799999400973 ], [ 349643.355600000359118, 2841236.744100000709295 ], [ 349617.103400000371039, 2841252.013299999758601 ], [ 349609.611200000159442, 2841236.067399999126792 ], [ 349580.469399999827147, 2841190.438999999314547 ], [ 349588.654199999757111, 2841187.19620000012219 ], [ 349321.92200000025332, 2840781.079700000584126 ], [ 349201.196100000292063, 2840597.267000000923872 ], [ 349846.0943, 2840286.827500000596046 ], [ 350150.768099999986589, 2840140.8597999997437 ], [ 350671.142400000244379, 2839916.0263 ], [ 350691.314100000075996, 2839912.35869999974966 ], [ 350709.040699999779463, 2839917.86009999923408 ], [ 350721.877199999988079, 2839923.361400000751019 ], [ 350737.770100000314415, 2839926.417700000107288 ], [ 350816.622999999672174, 2839885.46309999935329 ], [ 350864.301599999889731, 2839887.908099999651313 ], [ 350896.698499999940395, 2839911.747400000691414 ], [ 350910.146300000138581, 2839951.479499999433756 ], [ 350932.151800000108778, 2839936.8092 ], [ 350939.491100000217557, 2839950.929500000551343 ], [ 350955.931699999608099, 2839998.914799999445677 ], [ 350956.841500000096858, 2840001.238600000739098 ], [ 350992.887799999676645, 2839985.540500000119209 ], [ 350933.994400000199676, 2839796.999399999156594 ], [ 351242.208800000138581, 2839649.40059999935329 ], [ 351358.646599999628961, 2839595.062999999150634 ], [ 351790.020800000056624, 2839445.357200000435114 ], [ 352382.190000000409782, 2839250.185200000181794 ], [ 352739.968999999575317, 2839346.827299999073148 ], [ 353001.229100000113249, 2839379.506100000813603 ], [ 353070.511900000274181, 2838999.596799999475479 ], [ 353071.79619999974966, 2838992.554500000551343 ], [ 353086.277900000102818, 2838876.454600000753999 ], [ 353139.186200000345707, 2838867.729800000786781 ], [ 353184.050400000065565, 2838737.2785 ], [ 353186.381299999542534, 2838730.5011 ], [ 353192.91260000038892, 2838731.916200000792742 ], [ 353273.510599999688566, 2838749.379100000485778 ], [ 353381.510300000198185, 2838789.125600000843406 ], [ 353698.608, 2838523.402100000530481 ], [ 353755.253299999982119, 2838473.617599999532104 ], [ 353806.238300000317395, 2838360.800100000575185 ], [ 354014.375799999572337, 2838308.475099999457598 ], [ 354071.310200000181794, 2838309.875600000843406 ], [ 354082.235000000335276, 2838293.60249999910593 ], [ 354122.993999999947846, 2838232.889399999752641 ], [ 354135.428399999625981, 2838214.36769999936223 ], [ 354149.056099999696016, 2838188.46000000089407 ], [ 354214.080299999564886, 2838064.842000000178814 ], [ 354157.550900000147521, 2838053.885299999266863 ], [ 354048.545199999585748, 2838032.757400000467896 ], [ 353925.524400000460446, 2837967.746999999508262 ], [ 353719.103099999949336, 2838003.0472999997437 ], [ 353592.012299999594688, 2838065.5777000002563 ], [ 353492.931599999777973, 2838120.157999999821186 ], [ 353343.470700000412762, 2838254.318900000303984 ], [ 353226.269899999722838, 2838278.489099999889731 ], [ 353093.879099999554455, 2838315.579299999400973 ], [ 352948.358099999837577, 2838309.449300000444055 ], [ 352726.106700000353158, 2838281.169199999421835 ], [ 352590.595800000242889, 2838249.438999999314547 ], [ 352389.174499999731779, 2838271.939200000837445 ], [ 352095.762600000016391, 2838280.109300000593066 ], [ 351787.110600000247359, 2838296.0793999992311 ], [ 351483.578700000420213, 2838314.559599999338388 ], [ 351366.197900000028312, 2838315.7796 ], [ 351284.377399999648333, 2838296.239499999210238 ], [ 351227.967000000178814, 2838263.679300000891089 ], [ 350904.544999999925494, 2838346.109899999573827 ], [ 350624.763199999928474, 2838461.230699999257922 ], [ 350571.552799999713898, 2838507.68099999986589 ], [ 350411.251799999736249, 2838565.45130000077188 ], [ 349799.857900000177324, 2838696.792300000786781 ], [ 349603.386599999852479, 2838701.392300000414252 ], [ 349478.72580000013113, 2838748.592700000852346 ], [ 349318.744800000451505, 2838844.613299999386072 ], [ 349145.493700000457466, 2838879.5735 ], [ 348816.631599999964237, 2838921.263900000602007 ], [ 348746.586099999956787, 2838937.293999999761581 ], [ 348676.540699999779463, 2838953.324100000783801 ], [ 348551.809899999760091, 2838992.874299999326468 ], [ 348251.398000000044703, 2839080.164899999275804 ], [ 348070.466799999587238, 2839112.655200000852346 ], [ 347849.015399999916553, 2839181.265699999406934 ], [ 347685.764299999922514, 2839190.625700000673532 ], [ 347538.053399999625981, 2839227.86600000038743 ], [ 347158.951000000350177, 2839366.97690000012517 ], [ 346902.329400000162423, 2839504.807900000363588 ], [ 346622.427600000053644, 2839604.628499999642372 ], [ 346497.846800000406802, 2839662.028899999335408 ], [ 346334.365699999965727, 2839643.3388 ], [ 346168.114599999971688, 2839596.628599999472499 ], [ 345965.673299999907613, 2839494.19789999909699 ], [ 345874.262699999846518, 2839551.248299999162555 ], [ 345755.042000000365078, 2839639.18889999948442 ], [ 345523.500500000081956, 2839723.209499999880791 ], [ 344942.946800000034273, 2839882.270600000396371 ], [ 344606.494599999859929, 2839931.690899999812245 ], [ 344178.681900000199676, 2840043.251700000837445 ], [ 344187.971900000236928, 2839930.960999999195337 ], [ 344153.441700000315905, 2839765.58 ], [ 344077.901200000196695, 2839577.668800000101328 ], [ 344079.691899999976158, 2839485.85840000025928 ], [ 343811.880199999548495, 2839503.958599999547005 ], [ 343732.74129999987781, 2839545.2982 ], [ 343693.958700000308454, 2839437.612999999895692 ], [ 343752.369099999777973, 2839402.5777000002563 ], [ 343927.350200000219047, 2839268.1568 ], [ 344145.89159999974072, 2839153.676100000739098 ], [ 344211.191999999806285, 2839025.495300000533462 ], [ 344144.201500000432134, 2838947.144799999892712 ], [ 343903.45990000013262, 2838842.564200000837445 ], [ 343740.018899999558926, 2838828.974099999293685 ], [ 343647.53830000013113, 2838753.443600000813603 ], [ 343573.007799999788404, 2838690.473200000822544 ], [ 343512.268899999558926, 2838617.795099999755621 ], [ 343444.142699999734759, 2838536.277499999850988 ], [ 343418.017599999904633, 2838462.602 ], [ 343394.227400000207126, 2838360.849899999797344 ], [ 343331.465499999932945, 2838179.992799999192357 ], [ 343251.1864, 2838033.409299999475479 ], [ 343193.866100000217557, 2837888.658299999311566 ], [ 343088.135400000028312, 2837754.617599999532104 ], [ 342845.623700000345707, 2836653.029200000688434 ], [ 342767.753200000151992, 2836648.74070000089705 ], [ 342556.361899999901652, 2836699.401000000536442 ], [ 342465.83629999961704, 2836707.996099999174476 ], [ 342375.310700000263751, 2836716.591199999675155 ], [ 342282.565100000239909, 2836766.011499999091029 ], [ 342189.819600000046194, 2836815.431800000369549 ], [ 342051.928700000047684, 2836804.121799999848008 ], [ 341929.397900000214577, 2836800.301799999549985 ], [ 341780.257000000216067, 2836818.436899999156594 ], [ 341631.116100000217557, 2836836.572000000625849 ], [ 341364.953300000168383, 2836902.895700000226498 ], [ 341300.033999999985099, 2836919.072599999606609 ], [ 340834.297500000335276, 2836825.530500000342727 ], [ 340781.130699999630451, 2836814.852 ], [ 340668.570000000298023, 2836780.331800000742078 ], [ 340439.038599999621511, 2836798.031999999657273 ], [ 340291.367600000463426, 2836840.372300000861287 ], [ 340148.669200000353158, 2836820.260700000450015 ], [ 340005.970900000073016, 2836800.14919999986887 ], [ 339824.717000000178814, 2836774.603700000792742 ], [ 339676.402099999599159, 2836753.7006 ], [ 339567.399600000120699, 2836738.337999999523163 ], [ 339449.522099999710917, 2836721.724600000306964 ], [ 339359.520600000396371, 2836709.040100000798702 ], [ 339297.454699999652803, 2836700.292600000277162 ], [ 339233.599600000306964, 2836685.68129999935627 ], [ 339186.551500000059605, 2836666.723400000482798 ], [ 339134.575299999676645, 2836592.370899999514222 ], [ 339086.830000000074506, 2836526.570499999448657 ], [ 338922.153500000014901, 2836300.466900000348687 ], [ 338851.968500000424683, 2836205.17850000038743 ], [ 338824.802299999631941, 2836141.367900000885129 ], [ 338761.012199999764562, 2835991.531600000336766 ], [ 338711.46750000026077, 2835875.156400000676513 ], [ 338675.097299999557436, 2835796.495899999514222 ], [ 338675.977300000376999, 2835592.4847 ], [ 338687.507299999706447, 2835441.92369999922812 ], [ 338691.987300000153482, 2835365.383199999108911 ], [ 338654.597099999897182, 2835161.7719 ], [ 338602.376699999906123, 2835016.971000000834465 ], [ 338572.75650000013411, 2834828.589800000190735 ], [ 338528.906200000084937, 2834770.39949999935925 ], [ 338409.435399999842048, 2834516.6579 ], [ 338384.330199999734759, 2834411.097200000658631 ], [ 338371.776999999769032, 2834358.312300000339746 ], [ 338359.22510000038892, 2834305.536599999293685 ], [ 338358.59499999973923, 2834229.0461 ], [ 338456.385599999688566, 2834016.37470000050962 ], [ 338587.676400000229478, 2833844.163599999621511 ], [ 338790.927699999883771, 2833732.392899999395013 ], [ 338871.308199999853969, 2833576.001900000497699 ], [ 338929.438500000163913, 2833506.551400000229478 ], [ 338982.268799999728799, 2833414.200799999758601 ], [ 338976.038800000213087, 2833276.570000000298023 ], [ 338941.848799999803305, 2833151.979900000616908 ], [ 338907.658300000242889, 2833027.388399999588728 ], [ 338856.781000000424683, 2832836.613800000399351 ], [ 338817.897699999623001, 2832661.136099999770522 ], [ 338804.117600000463426, 2832536.33530000038445 ], [ 338759.364000000059605, 2832351.616100000217557 ], [ 338748.657200000248849, 2832307.423900000751019 ], [ 338767.2972999997437, 2832090.4825 ], [ 338806.647499999962747, 2831909.021299999207258 ], [ 338919.878999999724329, 2831594.831199999898672 ], [ 338385.784799999557436, 2831622.729599999263883 ], [ 338178.963499999605119, 2831609.589500000700355 ], [ 337878.021599999628961, 2831633.139699999243021 ], [ 337371.14850000012666, 2831750.6305 ], [ 336752.194899999536574, 2831681.217399999499321 ], [ 336308.781700000166893, 2831659.740199999883771 ], [ 336224.973399999551475, 2831709.060399999842048 ], [ 335901.319199999794364, 2831763.440899999812245 ], [ 335702.277900000102818, 2831765.520899999886751 ], [ 335474.25899999961257, 2831762.209799999371171 ], [ 335324.656700000166893, 2831760.037399999797344 ], [ 335293.915300000458956, 2831759.591 ], [ 335189.719800000078976, 2831765.4695999994874 ], [ 335072.003899999894202, 2831772.111099999397993 ], [ 335036.278699999675155, 2831772.486099999397993 ], [ 334531.998200000263751, 2831740.144600000232458 ], [ 334343.549300000071526, 2831631.830299999564886 ], [ 334144.406000000424683, 2831413.705399999395013 ], [ 333954.746799999848008, 2831210.057700000703335 ], [ 333833.065999999642372, 2830997.136399999260902 ], [ 333743.975399999879301, 2830712.474600000306964 ], [ 333689.384999999776483, 2830590.643799999728799 ], [ 333596.834400000050664, 2830507.468299999833107 ], [ 333515.008500000461936, 2830475.720100000500679 ], [ 333253.607200000435114, 2830999.625800000503659 ], [ 332925.276600000448525, 2831657.664899999275804 ], [ 332430.752399999648333, 2832648.788799999281764 ], [ 332156.960699999704957, 2833495.674200000241399 ], [ 331766.268299999646842, 2833631.1086 ], [ 331302.345599999651313, 2833907.55519999936223 ], [ 331280.074799999594688, 2833895.431500000879169 ], [ 331169.054800000041723, 2833834.994799999520183 ], [ 331151.06969999987632, 2833819.884700000286102 ], [ 331133.084499999880791, 2833804.774599999189377 ], [ 331114.94440000038594, 2833771.814400000497699 ], [ 331101.852400000207126, 2833762.549100000411272 ], [ 331088.760300000198185, 2833753.283700000494719 ], [ 330903.7027000002563, 2833631.94480000063777 ], [ 330783.962299999780953, 2833553.4331 ], [ 330682.861600000411272, 2833517.512900000438094 ], [ 330662.580099999904633, 2833505.622400000691414 ], [ 330650.8114, 2833498.722799999639392 ], [ 330652.711400000378489, 2833419.652300000190735 ], [ 330682.631599999964237, 2833332.641699999570847 ], [ 330767.043300000019372, 2833044.894799999892712 ], [ 330733.421900000423193, 2832990.41950000077486 ], [ 330649.61629999987781, 2832884.2039 ], [ 330629.055399999953806, 2832860.231200000271201 ], [ 330607.050999999977648, 2832828.548499999567866 ], [ 330581.335799999535084, 2832804.593399999663234 ], [ 330555.620699999853969, 2832780.6382 ], [ 330520.995500000193715, 2832759.323100000619888 ], [ 330481.880099999718368, 2832724.956700000911951 ], [ 330416.909799999557436, 2832669.887599999085069 ], [ 330334.819199999794364, 2832617.197200000286102 ], [ 330319.239099999889731, 2832584.217000000178814 ], [ 330301.338899999856949, 2832521.534199999645352 ], [ 330286.978900000452995, 2832471.248700000345707 ], [ 330249.588700000196695, 2832493.146500000730157 ], [ 330016.72719999961555, 2832727.618000000715256 ], [ 329994.277099999599159, 2832791.598400000482798 ], [ 329885.486399999819696, 2832907.489199999719858 ], [ 329842.926199999637902, 2833007.379799999296665 ], [ 329787.345800000242889, 2833076.810200000181794 ], [ 329672.47510000038892, 2833072.910199999809265 ], [ 329565.384399999864399, 2833084.2303 ], [ 329376.933199999853969, 2833132.100700000301003 ], [ 329249.452399999834597, 2833146.180800000205636 ], [ 329142.171699999831617, 2833134.550699999555945 ], [ 328920.96030000038445, 2833233.761399999260902 ], [ 328504.775799999944866, 2833131.243000000715256 ], [ 328367.739699999801815, 2833089.507400000467896 ], [ 328287.916299999691546, 2833058.055400000885129 ], [ 328218.437699999660254, 2833038.018100000917912 ], [ 328194.535699999891222, 2833029.710200000554323 ], [ 328038.368900000117719, 2833079.081900000572205 ], [ 328064.425400000065565, 2833253.064999999478459 ], [ 328101.794200000353158, 2833326.094200000166893 ], [ 328115.282800000160933, 2833463.510099999606609 ], [ 328140.753399999812245, 2833573.316700000315905 ], [ 328190.857400000095367, 2833701.249199999496341 ], [ 328216.57909999974072, 2833838.560000000521541 ], [ 328205.434299999848008, 2833957.849999999627471 ], [ 328108.825600000098348, 2834096.211799999698997 ], [ 328072.628800000064075, 2834151.535499999299645 ], [ 328024.031499999575317, 2834188.628200000151992 ], [ 327987.499800000339746, 2834207.2796 ], [ 327964.122000000439584, 2834326.674699999392033 ], [ 327952.223799999803305, 2834363.451999999582767 ], [ 327915.85950000025332, 2834400.439600000157952 ], [ 327854.861700000241399, 2834419.301200000569224 ], [ 327769.481599999591708, 2834447.54109999909997 ], [ 327696.167200000025332, 2834457.339800000190735 ], [ 327610.535899999551475, 2834458.075500000268221 ], [ 327561.603799999691546, 2834458.495899999514222 ], [ 327488.121899999678135, 2834449.958499999716878 ], [ 327414.556300000287592, 2834432.252900000661612 ], [ 327340.906999999657273, 2834405.379300000146031 ], [ 327255.024600000120699, 2834378.61089999973774 ], [ 327181.458999999798834, 2834360.905300000682473 ], [ 327120.377600000239909, 2834370.598899999633431 ], [ 327071.612900000065565, 2834389.355399999767542 ], [ 327011.284799999557436, 2834481.561599999666214 ], [ 326962.771200000308454, 2834527.822300000116229 ], [ 326926.323200000450015, 2834555.641799999400973 ], [ 326901.940899999812245, 2834565.020099999383092 ], [ 326840.691999999806285, 2834556.377599999308586 ], [ 326754.558500000275671, 2834502.104900000616908 ], [ 326606.422799999825656, 2834356.676999999210238 ], [ 326410.610600000247359, 2834349.190600000321865 ], [ 326398.377600000239909, 2834349.295700000599027 ], [ 326386.730499999597669, 2834413.577199999243021 ], [ 326386.897900000214577, 2834431.9134 ], [ 326387.232699999585748, 2834468.58559999987483 ], [ 326277.302799999713898, 2834487.86769999936223 ], [ 326180.275700000114739, 2834580.38910000026226 ], [ 326156.311900000087917, 2834635.607699999585748 ], [ 326132.264299999922514, 2834681.658299999311566 ], [ 325950.945199999958277, 2834921.604499999433756 ], [ 325854.336600000038743, 2835059.966299999505281 ], [ 325793.506299999542534, 2835097.164100000634789 ], [ 325526.639700000174344, 2835347.01410000026226 ], [ 325478.544599999673665, 2835439.115199999883771 ], [ 325381.684899999760091, 2835549.972799999639392 ], [ 325224.41330000013113, 2835743.86849999986589 ], [ 325200.449500000104308, 2835799.087099999189377 ], [ 325214.356700000353158, 2835982.343299999833107 ], [ 325130.315899999812245, 2836157.272299999371171 ], [ 325068.899600000120699, 2836130.293600000441074 ], [ 325007.064799999818206, 2836057.474600000306964 ], [ 324897.02170000039041, 2836075.773499999195337 ], [ 321418.431099999696016, 2836654.223300000652671 ], [ 321846.611100000329316, 2836888.070900000631809 ], [ 321864.424399999901652, 2836911.560699999332428 ], [ 321915.67119999974966, 2836979.137900000438094 ], [ 321980.782399999909103, 2837064.997500000521541 ], [ 322015.645100000314415, 2837110.969699999317527 ], [ 322043.964499999769032, 2837142.059399999678135 ], [ 322200.560800000093877, 2837313.974899999797344 ], [ 322777.256199999712408, 2837832.841 ], [ 323042.645299999974668, 2838072.057900000363588 ], [ 323285.388899999670684, 2838116.894799999892712 ], [ 323412.562400000169873, 2838125.9956 ], [ 323651.746799999848008, 2838123.985600000247359 ], [ 324176.0011, 2838106.961500000208616 ], [ 324656.894100000150502, 2837905.3202 ], [ 325222.887699999846518, 2837598.328099999576807 ], [ 325890.901999999769032, 2837852.519600000232458 ], [ 326808.487900000065565, 2838294.612199999392033 ], [ 327004.021999999880791, 2838394.027499999850988 ], [ 327126.42989999987185, 2838456.2632 ], [ 327762.360000000335276, 2839004.0472999997437 ], [ 327913.051699999719858, 2839087.2697 ], [ 328012.7972999997437, 2839097.5 ], [ 328031.955199999734759, 2839099.464800000190735 ], [ 328711.770200000144541, 2839498.64949999935925 ], [ 328864.811200000345707, 2839883.6418999992311 ], [ 329028.6546, 2839721.010500000789762 ], [ 329120.326100000180304, 2839630.017200000584126 ], [ 329450.952600000426173, 2839794.485400000587106 ], [ 329423.229299999773502, 2839906.636299999430776 ], [ 329381.935999999754131, 2840073.679300000891089 ], [ 331045.055200000293553, 2840684.856599999591708 ], [ 331159.315999999642372, 2840663.1414 ], [ 332100.042100000195205, 2841029.671 ], [ 332529.696100000292063, 2841236.596699999645352 ], [ 332659.584599999710917, 2841533.938699999824166 ], [ 333130.36780000012368, 2841808.460100000724196 ], [ 333297.438900000415742, 2841954.610999999567866 ], [ 333480.490100000053644, 2842182.192399999126792 ], [ 333541.240500000305474, 2842434.004000000655651 ], [ 333691.221499999985099, 2842674.6754 ], [ 333990.793499999679625, 2842796.496200000867248 ], [ 334363.935899999924004, 2842863.996500000357628 ], [ 334678.927899999544024, 2842998.397299999371171 ], [ 335090.590599999763072, 2843096.087899999693036 ], [ 335615.673899999819696, 2843332.849199999123812 ], [ 336506.579699999652803, 2843677.971300000324845 ], [ 337031.603199999779463, 2844218.174599999561906 ], [ 337073.554999999701977, 2844666.584100000560284 ], [ 337297.700100000016391, 2844618.340399999171495 ] ] ] ] } },
{ "type": "Feature", "properties": { "fid": 98, "ID": 2610, "ENTIDAD": 19, "MUNICIPIO": 48, "SECCION": 2787, "TIPO": 3, "CONTROL": 3417 }, "geometry": { "type": "MultiPolygon", "coordinates": [ [ [ [ 347329.735799999907613, 2846352.562699999660254 ], [ 347379.032800000160933, 2846031.877499999478459 ], [ 347392.976800000295043, 2845954.916300000622869 ], [ 347421.013500000350177, 2845803.538899999111891 ], [ 347441.456299999728799, 2845692.92879999987781 ], [ 347475.324799999594688, 2845568.88289999961853 ], [ 347488.628800000064075, 2845500.41579999960959 ], [ 347567.25, 2845023.672499999403954 ], [ 347626.091300000436604, 2844685.0165 ], [ 347663.850899999961257, 2844467.694599999114871 ], [ 347709.181800000369549, 2844238.685000000521541 ], [ 347737.995199999772012, 2844093.121500000357628 ], [ 347743.253600000403821, 2844058.96059999987483 ], [ 347767.307699999772012, 2843913.666600000113249 ], [ 347894.261300000362098, 2843970.022199999541044 ], [ 347971.700100000016391, 2844004.478499999269843 ], [ 348052.070700000040233, 2844041.380000000819564 ], [ 348120.713000000454485, 2844075.10700000077486 ], [ 348205.589999999850988, 2844117.567700000479817 ], [ 348229.919300000183284, 2844093.090600000694394 ], [ 348318.271399999968708, 2844136.827500000596046 ], [ 348312.176500000059605, 2844118.240199999883771 ], [ 348341.494599999859929, 2844086.698999999091029 ], [ 348371.252399999648333, 2844057.525699999183416 ], [ 348399.574900000356138, 2844027.090299999341369 ], [ 348430.004499999806285, 2843997.9112 ], [ 348373.174700000323355, 2843942.9572 ], [ 348402.770700000226498, 2843912.1108 ], [ 348436.951899999752641, 2843881.681099999696016 ], [ 348434.728699999861419, 2843863.201099999248981 ], [ 348223.102699999697506, 2843826.254100000485778 ], [ 348166.29079999960959, 2843815.341099999845028 ], [ 348142.520999999716878, 2843806.510299999266863 ], [ 348136.765100000426173, 2843791.568499999120831 ], [ 348129.182000000029802, 2843785.668099999427795 ], [ 348121.122999999672174, 2843780.665899999439716 ], [ 348108.130800000391901, 2843787.923900000751019 ], [ 348086.941800000146031, 2843785.668099999427795 ], [ 348033.127999999560416, 2843770.284800000488758 ], [ 348004.823499999940395, 2843758.4342 ], [ 347965.779099999926984, 2843742.594200000166893 ], [ 347926.595800000242889, 2843722.446699999272823 ], [ 347915.757799999788404, 2843716.471899999305606 ], [ 347862.679700000211596, 2843709.107699999585748 ], [ 347841.837500000372529, 2843690.76659999974072 ], [ 347825.662200000137091, 2843677.254000000655651 ], [ 347812.342600000090897, 2843668.25870000012219 ], [ 347830.878600000403821, 2843576.059699999168515 ], [ 347834.248800000175834, 2843549.098200000822544 ], [ 347841.663200000301003, 2843483.698699999600649 ], [ 347856.049800000153482, 2843417.3607 ], [ 347865.179800000041723, 2843392.153999999165535 ], [ 347868.475200000219047, 2843371.498800000175834 ], [ 347873.395100000314415, 2843341.390900000929832 ], [ 347889.996199999935925, 2843239.799499999731779 ], [ 347891.856300000101328, 2843229.160599999129772 ], [ 347913.74129999987781, 2843103.4527000002563 ], [ 347932.670599999837577, 2842996.337200000882149 ], [ 347933.728199999779463, 2842990.21059999987483 ], [ 347974.733900000341237, 2842771.353499999269843 ], [ 347989.759300000034273, 2842692.105599999427795 ], [ 347956.057300000451505, 2842656.116699999198318 ], [ 347954.742999999783933, 2842650.448300000280142 ], [ 347955.36629999987781, 2842650.337500000372529 ], [ 347872.290699999779463, 2842432.3191 ], [ 347831.548000000417233, 2842325.396500000730157 ], [ 347785.245500000193715, 2842212.742000000551343 ], [ 347739.146999999880791, 2842095.041200000792742 ], [ 347701.310300000011921, 2841997.815199999138713 ], [ 347682.751699999906123, 2841932.364399999380112 ], [ 347649.850700000301003, 2841253.558000000193715 ], [ 347647.66370000038296, 2841208.435000000521541 ], [ 347627.384300000034273, 2840790.034399999305606 ], [ 347560.95380000025034, 2840780.534299999475479 ], [ 347441.353099999949336, 2840822.584599999710917 ], [ 347283.692099999636412, 2840890.525100000202656 ], [ 347118.140999999828637, 2840930.505400000140071 ], [ 346771.038800000213087, 2840926.485400000587106 ], [ 346636.50789999961853, 2841014.585999999195337 ], [ 346514.147099999710917, 2841031.16609999909997 ], [ 346340.956000000238419, 2841073.776399999856949 ], [ 346206.135200000368059, 2841126.186699999496341 ], [ 346033.034099999815226, 2841178.987099999561906 ], [ 345791.362499999813735, 2841273.317700000479817 ], [ 345562.541100000031292, 2841377.708399999886751 ], [ 345259.529099999926984, 2841459.918999999761581 ], [ 344863.786600000225008, 2841436.008899999782443 ], [ 344766.255900000222027, 2841368.17850000038743 ], [ 344629.335099999792874, 2841476.70920000039041 ], [ 344467.604100000113249, 2841672.190500000491738 ], [ 344129.041899999603629, 2841775.17119999974966 ], [ 343882.540300000458956, 2841902.701999999582767 ], [ 343739.929399999789894, 2841939.88230000063777 ], [ 343495.607900000177324, 2842021.492799999192357 ], [ 343335.47690000012517, 2842099.6634 ], [ 343108.665400000289083, 2842137.7336 ], [ 342739.223000000230968, 2842210.4342 ], [ 342533.091699999757111, 2842281.444599999114871 ], [ 342342.510499999858439, 2842380.325300000607967 ], [ 342235.459800000302494, 2842396.745400000363588 ], [ 342014.038399999961257, 2842470.455900000408292 ], [ 341866.417500000447035, 2842517.906199999153614 ], [ 341761.956799999810755, 2842539.39640000090003 ], [ 341474.794999999925494, 2842687.737400000914931 ], [ 341008.451999999582767, 2842769.107999999076128 ], [ 340873.131099999882281, 2842760.3279 ], [ 340732.720200000330806, 2842754.147900000214577 ], [ 340598.249400000087917, 2842849.898600000888109 ], [ 340331.127700000070035, 2842952.1392 ], [ 340042.98589999973774, 2842980.64949999935925 ], [ 339547.022699999623001, 2843184.720799999311566 ], [ 339522.192599999718368, 2843269.131400000303984 ], [ 339520.256699999794364, 2843275.022600000724196 ], [ 339457.452200000174344, 2843466.152599999681115 ], [ 339267.071000000461936, 2843590.543500000610948 ], [ 339152.976700000464916, 2843837.800200000405312 ], [ 338893.879999999888241, 2843829.035199999809265 ], [ 338601.609899999573827, 2843726.196100000292063 ], [ 337984.545699999667704, 2843784.915899999439716 ], [ 337482.653500000014901, 2843832.676000000908971 ], [ 337485.870600000023842, 2843845.531700000166893 ], [ 337506.429700000211596, 2843927.685900000855327 ], [ 337565.620099999941885, 2843988.26630000025034 ], [ 337614.560399999842048, 2844043.846599999815226 ], [ 337668.520800000056624, 2844089.186899999156594 ], [ 337651.712299999780953, 2844219.4079 ], [ 337561.471800000406802, 2844419.239099999889731 ], [ 337488.181300000287592, 2844506.709699999541044 ], [ 337297.700100000016391, 2844618.340399999171495 ], [ 337073.554999999701977, 2844666.584100000560284 ], [ 337144.137600000016391, 2844874.9419 ], [ 337260.144899999722838, 2845016.458000000566244 ], [ 337333.655399999581277, 2845268.139599999412894 ], [ 337416.965900000184774, 2845468.710799999535084 ], [ 337607.459599999710917, 2845673.325799999758601 ], [ 337729.273000000044703, 2845590.456599999219179 ], [ 337780.175699999555945, 2845457.961400000378489 ], [ 337991.634600000455976, 2845351.084899999201298 ], [ 337970.470999999903142, 2845292.749800000339746 ], [ 338413.653800000436604, 2845307.8498 ], [ 338661.415400000289083, 2845365.9901 ], [ 339598.281299999915063, 2845912.193399999290705 ], [ 339719.702100000344217, 2846221.215399999171495 ], [ 339746.345800000242889, 2846307.49070000089705 ], [ 339879.236600000411272, 2846344.090900000184774 ], [ 340168.10840000025928, 2846246.510199999436736 ], [ 340254.678899999707937, 2846064.799100000411272 ], [ 340523.700699999928474, 2846369.530999999493361 ], [ 340630.301400000229478, 2846528.591900000348687 ], [ 340678.867499999701977, 2846712.211500000208616 ], [ 340780.592400000430644, 2846717.663100000470877 ], [ 340816.061499999836087, 2846699.791400000452995 ], [ 340851.5307, 2846681.919700000435114 ], [ 341059.804100000299513, 2846475.151499999687076 ], [ 341435.736399999819696, 2846231.479900000616908 ], [ 341911.585900000296533, 2845849.152699999511242 ], [ 342211.767699999734759, 2845832.862500000745058 ], [ 342353.782100000418723, 2846159.52930000051856 ], [ 342666.490600000135601, 2845944.533099999651313 ], [ 342928.045699999667704, 2845898.237600000575185 ], [ 342990.048200000077486, 2845908.036000000312924 ], [ 343195.973899999633431, 2845940.802999999374151 ], [ 343436.335400000214577, 2845833.622300000861287 ], [ 343612.466500000096858, 2845867.162499999627471 ], [ 343758.217400000430644, 2845730.561599999666214 ], [ 344051.339300000108778, 2845755.081700000911951 ], [ 344158.78000000026077, 2845791.971899999305606 ], [ 344426.011599999852479, 2845786.261900000274181 ], [ 344677.513199999928474, 2845747.651599999517202 ], [ 344804.258899999782443, 2845754.370699999853969 ], [ 344841.898299999535084, 2845756.36600000038743 ], [ 344873.69440000038594, 2845758.051599999889731 ], [ 344903.452800000086427, 2845775.778699999675155 ], [ 345192.026499999687076, 2845947.682800000533462 ], [ 345888.940000000409782, 2846493.698599999770522 ], [ 346093.713100000284612, 2846414.865299999713898 ], [ 347154.033099999651313, 2847279.761 ], [ 347329.735799999907613, 2846352.562699999660254 ] ] ] ] } },
{ "type": "Feature", "properties": { "fid": 99, "ID": 2608, "ENTIDAD": 19, "MUNICIPIO": 48, "SECCION": 2786, "TIPO": 3, "CONTROL": 3415 }, "geometry": { "type": "MultiPolygon", "coordinates": [ [ [ [ 348886.123800000175834, 2848727.86570000089705 ], [ 349076.66469999961555, 2848567.473600000143051 ], [ 349080.602400000207126, 2848347.20160000026226 ], [ 349030.294400000013411, 2848200.770899999886751 ], [ 349117.714900000020862, 2847967.820299999788404 ], [ 349251.97580000013113, 2847846.569599999114871 ], [ 349514.322399999946356, 2847785.179300000891089 ], [ 350086.910899999551475, 2847590.498099999502301 ], [ 350857.272599999792874, 2847549.29759999923408 ], [ 351487.601099999621511, 2847270.397900000214577 ], [ 351764.141800000332296, 2847037.483999999240041 ], [ 352084.023900000378489, 2846832.692600000649691 ], [ 352582.843299999833107, 2846634.847400000318885 ], [ 352852.498800000175834, 2846562.0208 ], [ 353142.440600000321865, 2846441.689999999478459 ], [ 353511.752999999560416, 2846353.689400000497699 ], [ 354081.546900000423193, 2846073.025399999693036 ], [ 355249.502999999560416, 2845497.723999999463558 ], [ 356118.980700000189245, 2845111.267200000584126 ], [ 357693.341199999675155, 2844411.511199999600649 ], [ 357648.003200000151992, 2843933.149700000882149 ], [ 357638.419999999925494, 2843832.037599999457598 ], [ 357579.661700000055134, 2843765.934499999508262 ], [ 357641.348299999721348, 2843639.364900000393391 ], [ 357566.427299999631941, 2843496.190199999138713 ], [ 357537.718700000084937, 2843285.063200000673532 ], [ 357495.83530000038445, 2843066.966299999505281 ], [ 357413.126199999824166, 2842850.106200000271201 ], [ 357437.622200000099838, 2842754.727099999785423 ], [ 357454.8739, 2842687.554500000551343 ], [ 357469.682300000451505, 2842629.895500000566244 ], [ 357630.372700000181794, 2842445.9857 ], [ 357588.797399999573827, 2842459.340500000864267 ], [ 357556.642599999904633, 2842469.660499999299645 ], [ 357550.554700000211596, 2842466.278400000184774 ], [ 357542.6398, 2842469.347400000318885 ], [ 357517.410000000149012, 2842479.130400000140071 ], [ 357513.460400000214577, 2842486.606499999761581 ], [ 357526.234899999573827, 2842498.351800000295043 ], [ 357486.113499999977648, 2842542.214199999347329 ], [ 357458.14740000013262, 2842560.447300000116229 ], [ 357406.750099999830127, 2842573.356699999421835 ], [ 357350.35190000012517, 2842588.078299999237061 ], [ 357355.46860000025481, 2842610.876000000163913 ], [ 357349.693900000303984, 2842616.4857 ], [ 357303.412700000219047, 2842632.948200000450015 ], [ 357300.526499999687076, 2842633.9748 ], [ 357299.619800000451505, 2842648.510800000280142 ], [ 357315.771200000308454, 2842699.849099999293685 ], [ 357295.582000000402331, 2842733.88230000063777 ], [ 357265.586600000038743, 2842762.147199999541044 ], [ 357098.30460000038147, 2842807.1402000002563 ], [ 357077.852699999697506, 2842812.032700000330806 ], [ 356997.729100000113249, 2842831.199500000104308 ], [ 356974.470499999821186, 2842836.763299999758601 ], [ 356951.211900000460446, 2842842.327099999412894 ], [ 356914.907999999821186, 2842768.350299999117851 ], [ 356908.807199999690056, 2842752.59940000064671 ], [ 356889.213100000284612, 2842762.479699999094009 ], [ 356835.823300000280142, 2842789.460100000724196 ], [ 356786.43819999974221, 2842814.394200000911951 ], [ 356737.816800000146031, 2842838.954199999570847 ], [ 356677.190899999812245, 2842871.801000000908971 ], [ 356685.903099999763072, 2842929.161000000312924 ], [ 356596.150200000032783, 2842990.169199999421835 ], [ 356556.736399999819696, 2842990.5152000002563 ], [ 356549.220800000242889, 2843026.527799999341369 ], [ 356530.446399999782443, 2843048.821399999782443 ], [ 356479.999099999666214, 2843068.177999999374151 ], [ 356430.137099999934435, 2843101.0285 ], [ 356332.1716, 2843147.958100000396371 ], [ 356265.29700000025332, 2843169.076400000602007 ], [ 356226.125500000081956, 2843185.83809999935329 ], [ 356062.084599999710917, 2843274.18019999936223 ], [ 356005.884999999776483, 2843303.714700000360608 ], [ 355838.177500000223517, 2843374.874900000169873 ], [ 355815.684999999590218, 2843329.980900000780821 ], [ 355785.776499999687076, 2843344.089700000360608 ], [ 355392.963200000114739, 2843529.588199999183416 ], [ 355199.221199999563396, 2843621.07909999974072 ], [ 355118.542399999685585, 2843659.177999999374151 ], [ 354951.736899999901652, 2843674.265799999237061 ], [ 354471.740799999795854, 2843717.681900000199676 ], [ 354446.683000000193715, 2843768.886499999091029 ], [ 354387.049499999731779, 2843833.820800000801682 ], [ 354264.054999999701977, 2843848.142799999564886 ], [ 354171.93059999961406, 2844002.23619999922812 ], [ 354051.153400000184774, 2843974.017200000584126 ], [ 354007.131799999624491, 2844100.438200000673532 ], [ 353673.036600000225008, 2844251.709300000220537 ], [ 353669.060300000011921, 2844243.372099999338388 ], [ 353632.94469999987632, 2844261.330700000748038 ], [ 353627.248100000433624, 2844266.481799999251962 ], [ 353620.400200000032783, 2844270.66330000013113 ], [ 353626.339100000448525, 2844289.934599999338388 ], [ 353355.744099999777973, 2844385.977099999785423 ], [ 353252.781499999575317, 2844178.94649999961257 ], [ 353249.305800000205636, 2844171.36879999935627 ], [ 353175.260300000198185, 2844024.126299999654293 ], [ 352903.907200000248849, 2843479.097699999809265 ], [ 352779.477099999785423, 2843224.505100000649691 ], [ 352776.446100000292063, 2843218.365299999713898 ], [ 352774.344800000078976, 2843214.1458 ], [ 352716.326000000350177, 2843099.295800000429153 ], [ 352712.736399999819696, 2843092.190700000151992 ], [ 352705.661299999803305, 2843078.185399999842048 ], [ 352726.541899999603629, 2843015.072599999606609 ], [ 352773.213800000026822, 2842907.46030000038445 ], [ 352782.666699999943376, 2842885.66440000012517 ], [ 352814.042399999685585, 2842850.716399999335408 ], [ 352825.049899999983609, 2842840.747300000861287 ], [ 352819.171400000341237, 2842810.412100000306964 ], [ 352625.208300000056624, 2842774.110400000587106 ], [ 352631.104399999603629, 2842734.671900000423193 ], [ 352640.172500000335276, 2842674.016000000759959 ], [ 352642.036000000312924, 2842661.551100000739098 ], [ 352705.683799999766052, 2842583.979299999773502 ], [ 352586.448300000280142, 2842465.834799999371171 ], [ 352530.359699999913573, 2842082.290699999779463 ], [ 352516.431699999608099, 2841981.011 ], [ 352484.076100000180304, 2841906.2027000002563 ], [ 352473.157200000248849, 2841888.637399999424815 ], [ 352466.321000000461936, 2841881.729800000786781 ], [ 352452.936700000427663, 2841905.476299999281764 ], [ 352442.574599999934435, 2841928.359200000762939 ], [ 352421.418600000441074, 2841968.9441 ], [ 352372.43819999974221, 2841999.601099999621511 ], [ 352260.859400000423193, 2842090.241100000217557 ], [ 352211.162399999797344, 2842131.83530000038445 ], [ 352164.047899999655783, 2842171.957699999213219 ], [ 352126.675300000235438, 2842203.4054000005126 ], [ 352106.118800000287592, 2842228.977600000798702 ], [ 352013.700199999846518, 2842316.716 ], [ 351942.762000000104308, 2842407.076199999079108 ], [ 351867.442499999888241, 2842517.887900000438094 ], [ 351829.412299999967217, 2842583.89130000025034 ], [ 351792.837500000372529, 2842646.60219999961555 ], [ 351783.586500000208616, 2842662.5168999992311 ], [ 351766.818400000222027, 2842687.8805 ], [ 351730.361899999901652, 2842722.9945 ], [ 351721.162700000219047, 2842730.450400000438094 ], [ 351678.410299999639392, 2842773.668700000271201 ], [ 351642.505400000140071, 2842793.893100000917912 ], [ 351271.860299999825656, 2842863.938999999314547 ], [ 351181.399000000208616, 2842878.3706 ], [ 351087.417799999937415, 2842896.674000000581145 ], [ 350974.957100000232458, 2842921.313300000503659 ], [ 350690.725499999709427, 2842976.663699999451637 ], [ 350074.039800000376999, 2843105.13990000076592 ], [ 349835.3909, 2843154.066400000825524 ], [ 349618.526600000448525, 2843196.363199999555945 ], [ 349619.057000000029802, 2843198.948799999430776 ], [ 349621.707499999552965, 2843326.1721 ], [ 349636.951899999752641, 2843532.147900000214577 ], [ 349465.962700000032783, 2843668.351399999111891 ], [ 349462.17119999974966, 2843688.933700000867248 ], [ 349439.723299999721348, 2844017.64809999987483 ], [ 349327.122600000351667, 2844122.003799999132752 ], [ 349112.597199999727309, 2844106.7179000005126 ], [ 349108.992700000293553, 2844106.99129999987781 ], [ 349105.226599999703467, 2844107.22550000064075 ], [ 349087.2489, 2844106.785599999129772 ], [ 349086.575600000098348, 2844123.939500000327826 ], [ 349083.169099999591708, 2844180.224199999123812 ], [ 348922.864599999971688, 2844253.42989999987185 ], [ 348908.882500000298023, 2844263.315300000831485 ], [ 348896.531700000166893, 2844273.919099999591708 ], [ 348818.776300000026822, 2844333.941999999806285 ], [ 348765.015999999828637, 2844375.3881 ], [ 348748.127999999560416, 2844388.968900000676513 ], [ 348745.946600000374019, 2844391.502100000157952 ], [ 348743.223799999803305, 2844396.809900000691414 ], [ 348738.402300000190735, 2844390.008500000461936 ], [ 348732.945899999700487, 2844388.650399999693036 ], [ 348693.927500000223517, 2844370.087500000372529 ], [ 348780.042999999597669, 2844281.080199999734759 ], [ 348800.252799999900162, 2844259.76039999909699 ], [ 348876.454699999652803, 2844186.134500000625849 ], [ 348888.195899999700487, 2844180.389599999412894 ], [ 348882.280299999751151, 2844150.927699999883771 ], [ 348876.60219999961555, 2844125.040500000119209 ], [ 348874.360299999825656, 2844109.104299999773502 ], [ 348868.417399999685585, 2844076.894899999722838 ], [ 348867.621299999766052, 2844068.323100000619888 ], [ 348858.936999999918044, 2844025.735500000417233 ], [ 348851.294900000095367, 2843981.237400000914931 ], [ 348850.004200000315905, 2843970.103399999439716 ], [ 348846.535899999551475, 2843954.9068 ], [ 348839.097299999557436, 2843902.474999999627471 ], [ 348828.81319999974221, 2843850.873700000345707 ], [ 348820.628399999812245, 2843802.354000000283122 ], [ 348811.06940000038594, 2843748.429999999701977 ], [ 348802.802000000141561, 2843762.950099999085069 ], [ 348796.201999999582767, 2843734.535199999809265 ], [ 348682.640800000168383, 2843755.042600000277162 ], [ 348672.745699999853969, 2843715.99210000038147 ], [ 348661.8295, 2843676.39809999987483 ], [ 348652.668700000271201, 2843635.882099999114871 ], [ 348641.578999999910593, 2843591.994899999350309 ], [ 348630.128299999982119, 2843550.4167 ], [ 348619.067499999888241, 2843510.995400000363588 ], [ 348607.550499999895692, 2843470.202299999073148 ], [ 348597.923200000077486, 2843429.2664 ], [ 348568.250300000421703, 2843432.279799999669194 ], [ 348677.614699999801815, 2843845.319700000807643 ], [ 348650.611499999649823, 2843887.106100000441074 ], [ 348648.988099999725819, 2843888.815199999138713 ], [ 348364.5784, 2844188.237099999561906 ], [ 348360.872399999760091, 2844194.8004 ], [ 348205.589999999850988, 2844117.567700000479817 ], [ 348120.713000000454485, 2844075.10700000077486 ], [ 348052.070700000040233, 2844041.380000000819564 ], [ 347971.700100000016391, 2844004.478499999269843 ], [ 347894.261300000362098, 2843970.022199999541044 ], [ 347767.307699999772012, 2843913.666600000113249 ], [ 347743.253600000403821, 2844058.96059999987483 ], [ 347737.995199999772012, 2844093.121500000357628 ], [ 347709.181800000369549, 2844238.685000000521541 ], [ 347663.850899999961257, 2844467.694599999114871 ], [ 347626.091300000436604, 2844685.0165 ], [ 347567.25, 2845023.672499999403954 ], [ 347488.628800000064075, 2845500.41579999960959 ], [ 347475.324799999594688, 2845568.88289999961853 ], [ 347441.456299999728799, 2845692.92879999987781 ], [ 347421.013500000350177, 2845803.538899999111891 ], [ 347392.976800000295043, 2845954.916300000622869 ], [ 347379.032800000160933, 2846031.877499999478459 ], [ 347329.735799999907613, 2846352.562699999660254 ], [ 347154.033099999651313, 2847279.761 ], [ 347909.451100000180304, 2847889.479599999263883 ], [ 348013.216500000096858, 2847972.855900000780821 ], [ 348237.300699999555945, 2848152.914599999785423 ], [ 348306.075100000016391, 2848241.673000000417233 ], [ 348408.007000000216067, 2848527.0142 ], [ 348347.456799999810755, 2848750.8246 ], [ 348534.980399999767542, 2848911.273800000548363 ], [ 348886.123800000175834, 2848727.86570000089705 ] ] ] ] } }
]
}
