{
"type": "FeatureCollection",
"name": "colonias",
"features": [
{ "type": "Feature", "properties": { "fid": 1, "OBJECTID": 58206, "CVE_COL": "19048_0001", "ID_COL": 58206, "COLONIA": "27 de Mayo", "CP": "66373", "CVE_ENT": "19", "NOM_ENT": "Nuevo León", "MUN": "048", "CVE_MUN": "19048", "NOM_MUN": "Santa Catarina", "LOC": "0001", "CVE_LOC": "190480001", "NOM_LOC": "Ciudad Santa Catarina", "SUN_2018": "M19.01", "NOM_SUN": "Monterrey", "POBTOT": 1597.948822, "P6A14NAE": 4.87833, "SBASC": 19.724704, "PSDSS": 19.927258, "OVSDE": 0.0, "OVSEE": 0.0, "OVSAE": 0.0, "OVPT": 0.087987, "OVHAC": 17.664068, "OVSREF": 2.189577, "OVSINT": 20.919339, "OVSCEL": 5.430771, "IM_2020": 151.611658539074, "GM_2020": "Bajo", "IMN_2020": 0.9666153684919, "CLASIF": "Colonia" }, "geometry": { "type": "MultiPolygon", "coordinates": [ [ [ [ 2654516.726499997079372, 1513919.280999999493361 ], [ 2654445.589500002563, 1513922.02250000089407 ], [ 2654443.659699998795986, 1513838.032900001853704 ], [ 2654439.795699998736382, 1513785.324999999254942 ], [ 2654478.399599999189377, 1513776.170200001448393 ], [ 2654478.403499998152256, 1513754.6721 ], [ 2654477.961000002920628, 1513736.28830000013113 ], [ 2654477.994800001382828, 1513706.04450000077486 ], [ 2654477.425499998033047, 1513695.767400000244379 ], [ 2654493.056800000369549, 1513696.158300001174212 ], [ 2654534.323899999260902, 1513695.168000001460314 ], [ 2654574.791799999773502, 1513693.080200001597404 ], [ 2654572.721900001168251, 1513657.076099999248981 ], [ 2654570.510200001299381, 1513618.676899999380112 ], [ 2654521.492499999701977, 1513620.396499998867512 ], [ 2654522.441399998962879, 1513602.06870000064373 ], [ 2654522.706600002944469, 1513594.911499999463558 ], [ 2654484.125399999320507, 1513594.991099998354912 ], [ 2654401.410099998116493, 1513594.164299998432398 ], [ 2654161.428099997341633, 1513596.516600001603365 ], [ 2654160.017800003290176, 1513619.995799999684095 ], [ 2654155.520999997854233, 1513669.550999999046326 ], [ 2654135.348999999463558, 1513667.804000001400709 ], [ 2654122.358599998056889, 1513709.885000001639128 ], [ 2654108.175399996340275, 1513751.891800001263618 ], [ 2654106.527699999511242, 1513756.190699998289347 ], [ 2654099.995899997651577, 1513773.2324 ], [ 2654072.492399998009205, 1513844.028000000864267 ], [ 2654049.805299997329712, 1513904.808699999004602 ], [ 2654092.096799999475479, 1513919.44539999961853 ], [ 2654131.876199997961521, 1513926.348700001835823 ], [ 2654177.070900000631809, 1513929.2346 ], [ 2654253.813500002026558, 1513931.98759999871254 ], [ 2654299.638300001621246, 1513931.864 ], [ 2654344.959700003266335, 1513931.110399998724461 ], [ 2654349.673799999058247, 1513931.071800000965595 ], [ 2654395.748700000345707, 1513930.696899998933077 ], [ 2654395.824299998581409, 1513934.561999998986721 ], [ 2654395.945799998939037, 1513940.753699999302626 ], [ 2654396.174999997019768, 1513952.456900000572205 ], [ 2654518.386500000953674, 1513948.237500000745058 ], [ 2654516.726499997079372, 1513919.280999999493361 ] ] ] ] } },
{ "type": "Feature", "properties": { "fid": 2, "OBJECTID": 58207, "CVE_COL": "19048_0002", "ID_COL": 58207, "COLONIA": "29 de Julio", "CP": "66370", "CVE_ENT": "19", "NOM_ENT": "Nuevo León", "MUN": "048", "CVE_MUN": "19048", "NOM_MUN": "Santa Catarina", "LOC": "0001", "CVE_LOC": "190480001", "NOM_LOC": "Ciudad Santa Catarina", "SUN_2018": "M19.01", "NOM_SUN": "Monterrey", "POBTOT": 111.167549, "P6A14NAE": 6.586826, "SBASC": 17.857142, "PSDSS": 17.224165, "OVSDE": 0.0, "OVSEE": 0.0, "OVSAE": 0.0, "OVPT": 0.701754, "OVHAC": 8.320802, "OVSREF": 0.651629, "OVSINT": 16.040101, "OVSCEL": 10.927319, "IM_2020": 151.53274256460199, "GM_2020": "Bajo", "IMN_2020": 0.96611223176429994, "CLASIF": "Fraccionamiento" }, "geometry": { "type": "MultiPolygon", "coordinates": [ [ [ [ 2653968.251400001347065, 1514552.389800000935793 ], [ 2654045.650600001215935, 1514546.3462999984622 ], [ 2654056.931199997663498, 1514562.934500001370907 ], [ 2654128.487700000405312, 1514540.058400001376867 ], [ 2654135.111900001764297, 1514537.940699998289347 ], [ 2654139.767300002276897, 1514528.476199999451637 ], [ 2654181.294100001454353, 1514495.160399999469519 ], [ 2654208.354900002479553, 1514473.450199998915195 ], [ 2654192.258199997246265, 1514468.755699999630451 ], [ 2654176.375399999320507, 1514456.641699999570847 ], [ 2654145.710699997842312, 1514464.843899998813868 ], [ 2654128.639300003647804, 1514416.803100001066923 ], [ 2654037.964699998497963, 1514417.911499999463558 ], [ 2653995.1941, 1514399.713100001215935 ], [ 2653975.598700001835823, 1514397.120900001376867 ], [ 2653981.617899999022484, 1514446.044399999082088 ], [ 2653954.238099999725819, 1514483.661100000143051 ], [ 2653941.096100002527237, 1514499.928800001740456 ], [ 2653926.114799998700619, 1514518.473200000822544 ], [ 2653933.656499996781349, 1514563.640299998223782 ], [ 2653955.685000002384186, 1514571.520199999213219 ], [ 2653968.251400001347065, 1514552.389800000935793 ] ] ] ] } },
{ "type": "Feature", "properties": { "fid": 3, "OBJECTID": 58208, "CVE_COL": "19048_0003", "ID_COL": 58208, "COLONIA": "Adolfo Lopez Mateos", "CP": "66360", "CVE_ENT": "19", "NOM_ENT": "Nuevo León", "MUN": "048", "CVE_MUN": "19048", "NOM_MUN": "Santa Catarina", "LOC": "0001", "CVE_LOC": "190480001", "NOM_LOC": "Ciudad Santa Catarina", "SUN_2018": "M19.01", "NOM_SUN": "Monterrey", "POBTOT": 9449.409715, "P6A14NAE": 6.170731, "SBASC": 21.92631, "PSDSS": 14.158468, "OVSDE": 0.000137, "OVSEE": 0.046429, "OVSAE": 0.023635, "OVPT": 0.795076, "OVHAC": 8.691103, "OVSREF": 0.312723, "OVSINT": 17.881627, "OVSCEL": 9.308125, "IM_2020": 151.622043331979, "GM_2020": "Bajo", "IMN_2020": 0.96668157778289998, "CLASIF": "Colonia" }, "geometry": { "type": "MultiPolygon", "coordinates": [ [ [ [ 2654538.880000002682209, 1517152.947200000286102 ], [ 2654573.705899998545647, 1517135.952599998563528 ], [ 2654617.629699997603893, 1517114.518300000578165 ], [ 2654658.441200003027916, 1517094.602800000458956 ], [ 2654698.754799999296665, 1517074.93019999936223 ], [ 2654741.122500002384186, 1517054.255199998617172 ], [ 2654781.591600000858307, 1517034.506700001657009 ], [ 2654823.373800002038479, 1517014.117499999701977 ], [ 2654865.155900001525879, 1516993.728199999779463 ], [ 2654905.26070000231266, 1516974.157400000840425 ], [ 2654946.656300000846386, 1516953.956700000911951 ], [ 2654991.167999997735023, 1516932.235399998724461 ], [ 2654995.855099998414516, 1516929.948100000619888 ], [ 2655033.831500001251698, 1516911.416000001132488 ], [ 2655073.107600003480911, 1516892.249499998986721 ], [ 2655081.314000003039837, 1516888.229499999433756 ], [ 2655113.753100000321865, 1516872.414799999445677 ], [ 2655149.956600002944469, 1516854.700800001621246 ], [ 2655156.536399997770786, 1516851.476799998432398 ], [ 2655197.879900000989437, 1516831.082499999552965 ], [ 2655236.195000000298023, 1516812.18189999833703 ], [ 2655272.028499998152256, 1516794.50560000166297 ], [ 2655285.151799999177456, 1516788.032000001519918 ], [ 2655305.511799998581409, 1516777.988600000739098 ], [ 2655338.718999996781349, 1516761.607799999415874 ], [ 2655372.493600003421307, 1516744.947000000625849 ], [ 2655407.209100000560284, 1516727.82209999859333 ], [ 2655422.511100001633167, 1516720.273699998855591 ], [ 2655437.813199996948242, 1516712.725299999117851 ], [ 2655472.180799998342991, 1516695.771999999880791 ], [ 2655503.644000001251698, 1516680.251400001347065 ], [ 2655535.61150000244379, 1516664.48200000077486 ], [ 2655567.965300001204014, 1516648.522100001573563 ], [ 2655600.3191, 1516632.562199998646975 ], [ 2655677.638300001621246, 1516594.420899998396635 ], [ 2655654.344899997115135, 1516557.022599998861551 ], [ 2655637.280500002205372, 1516523.777300000190735 ], [ 2655620.215999998152256, 1516490.5320999994874 ], [ 2655610.834799997508526, 1516472.255399998277426 ], [ 2655603.911399997770786, 1516458.767099998891354 ], [ 2655589.658600002527237, 1516430.999600000679493 ], [ 2655570.100900001823902, 1516392.896800000220537 ], [ 2655556.590700000524521, 1516366.5760000012815 ], [ 2655550.917900003492832, 1516355.2489 ], [ 2655537.729900002479553, 1516328.915800001472235 ], [ 2655532.20380000025034, 1516317.881700001657009 ], [ 2655520.0647, 1516293.643100000917912 ], [ 2655513.755300000309944, 1516281.0449 ], [ 2655503.022699996829033, 1516259.614700000733137 ], [ 2655493.29559999704361, 1516240.192299999296665 ], [ 2655485.547499999403954, 1516224.721400000154972 ], [ 2655468.28999999910593, 1516190.262600000947714 ], [ 2655449.406199999153614, 1516152.556800000369549 ], [ 2655432.328000001609325, 1516118.456000000238419 ], [ 2655416.259900003671646, 1516086.3885000012815 ], [ 2655412.389200001955032, 1516078.675799999386072 ], [ 2655432.38120000064373, 1516044.998599998652935 ], [ 2655265.382399998605251, 1516113.4518 ], [ 2655090.726999998092651, 1516186.685699999332428 ], [ 2655064.065999999642372, 1516197.746800001710653 ], [ 2654975.862499997019768, 1516234.340300001204014 ], [ 2654941.6765, 1516248.523200001567602 ], [ 2654898.176700003445148, 1516266.5702 ], [ 2654858.514399997889996, 1516283.025100000202656 ], [ 2654821.6206, 1516298.331399999558926 ], [ 2654783.321000002324581, 1516314.220899999141693 ], [ 2654745.388999998569489, 1516329.957899998873472 ], [ 2654735.771999999880791, 1516333.947799999266863 ], [ 2654724.643799997866154, 1516338.564500000327826 ], [ 2654718.337499998509884, 1516341.1809 ], [ 2654713.328299999237061, 1516343.25899999961257 ], [ 2654703.822700001299381, 1516347.2027000002563 ], [ 2654680.285700000822544, 1516360.284800000488758 ], [ 2654666.194799996912479, 1516368.116799999028444 ], [ 2654632.585100002586842, 1516387.223700001835823 ], [ 2654613.658500000834465, 1516397.983399998396635 ], [ 2654583.298600003123283, 1516421.855200000107288 ], [ 2654540.261600002646446, 1516455.694899998605251 ], [ 2654508.859700001776218, 1516480.386 ], [ 2654473.283299997448921, 1516508.359400000423193 ], [ 2654453.762199997901917, 1516523.708799999207258 ], [ 2654438.655199997127056, 1516535.58729999884963 ], [ 2654406.946800000965595, 1516560.519299998879433 ], [ 2654373.266800001263618, 1516587.001600001007318 ], [ 2654339.662000000476837, 1516613.424699999392033 ], [ 2654305.731799997389317, 1516640.103700000792742 ], [ 2654271.801700003445148, 1516666.782600000500679 ], [ 2654236.310599997639656, 1516690.016699999570847 ], [ 2654218.622000001370907, 1516701.596599999815226 ], [ 2654201.078299999237061, 1516709.895799998193979 ], [ 2654160.032499998807907, 1516729.312800001353025 ], [ 2654189.067900002002716, 1516787.097899999469519 ], [ 2654207.225199997425079, 1516823.499499998986721 ], [ 2654226.950099997222424, 1516865.479899998754263 ], [ 2654319.81360000371933, 1517057.126899998635054 ], [ 2654365.556800000369549, 1517152.920299999415874 ], [ 2654398.322800002992153, 1517221.537200000137091 ], [ 2654447.453500002622604, 1517197.562100000679493 ], [ 2654488.451899997889996, 1517177.555399999022484 ], [ 2654530.302199997007847, 1517157.133000001311302 ], [ 2654538.880000002682209, 1517152.947200000286102 ] ] ] ] } },
{ "type": "Feature", "properties": { "fid": 4, "OBJECTID": 58209, "CVE_COL": "19048_0004", "ID_COL": 58209, "COLONIA": "Albia Residencial", "CP": "66370", "CVE_ENT": "19", "NOM_ENT": "Nuevo León", "MUN": "048", "CVE_MUN": "19048", "NOM_MUN": "Santa Catarina", "LOC": "0001", "CVE_LOC": "190480001", "NOM_LOC": "Ciudad Santa Catarina", "SUN_2018": "M19.01", "NOM_SUN": "Monterrey", "POBTOT": 35.145354, "P6A14NAE": 6.672012, "SBASC": 17.932766, "PSDSS": 17.316867, "OVSDE": 0.0, "OVSEE": 0.0, "OVSAE": 0.0, "OVPT": 0.691217, "OVHAC": 8.532088, "OVSREF": 0.723713, "OVSINT": 16.20915, "OVSCEL": 10.740532, "IM_2020": 151.50323190084799, "GM_2020": "Bajo", "IMN_2020": 0.96592408356119996, "CLASIF": "Residencial" }, "geometry": { "type": "MultiPolygon", "coordinates": [ [ [ [ 2654128.639300003647804, 1514416.803100001066923 ], [ 2654116.792499996721745, 1514388.277199998497963 ], [ 2654100.757200002670288, 1514392.370799999684095 ], [ 2654079.514799997210503, 1514331.21000000089407 ], [ 2654065.8684, 1514335.809900000691414 ], [ 2654029.843999996781349, 1514348.206799998879433 ], [ 2653970.387999996542931, 1514354.768100000917912 ], [ 2653975.598700001835823, 1514397.120900001376867 ], [ 2653995.1941, 1514399.713100001215935 ], [ 2654037.964699998497963, 1514417.911499999463558 ], [ 2654128.639300003647804, 1514416.803100001066923 ] ] ] ] } },
{ "type": "Feature", "properties": { "fid": 5, "OBJECTID": 58210, "CVE_COL": "19048_0005", "ID_COL": 58210, "COLONIA": "Alfonso Martinez Dominguez", "CP": "66356", "CVE_ENT": "19", "NOM_ENT": "Nuevo León", "MUN": "048", "CVE_MUN": "19048", "NOM_MUN": "Santa Catarina", "LOC": "0001", "CVE_LOC": "190480001", "NOM_LOC": "Ciudad Santa Catarina", "SUN_2018": "M19.01", "NOM_SUN": "Monterrey", "POBTOT": 578.211208, "P6A14NAE": 4.872176, "SBASC": 17.672285, "PSDSS": 19.664161, "OVSDE": 0.0, "OVSEE": 0.0, "OVSAE": 0.080487, "OVPT": 0.112985, "OVHAC": 15.921932, "OVSREF": 2.40061, "OVSINT": 17.754614, "OVSCEL": 4.042271, "IM_2020": 151.941551091002, "GM_2020": "Bajo", "IMN_2020": 0.96871863161630001, "CLASIF": "Colonia" }, "geometry": { "type": "MultiPolygon", "coordinates": [ [ [ [ 2652773.634900003671646, 1514436.556400001049042 ], [ 2652739.7162000015378, 1514339.349700000137091 ], [ 2652740.526600003242493, 1514321.565499998629093 ], [ 2652749.448299996554852, 1514248.915600001811981 ], [ 2652764.373000003397465, 1514149.169599998742342 ], [ 2652768.174199998378754, 1514123.058299999684095 ], [ 2652778.789499998092651, 1514048.159499999135733 ], [ 2652781.696900002658367, 1514027.645399998873472 ], [ 2652783.3596, 1514015.914000000804663 ], [ 2652779.704499997198582, 1514013.971200000494719 ], [ 2652674.435900002717972, 1514006.377000000327826 ], [ 2652667.611900001764297, 1514085.774900000542402 ], [ 2652653.235600002110004, 1514234.1721 ], [ 2652626.969700001180172, 1514421.273400001227856 ], [ 2652626.319200001657009, 1514425.907299999147654 ], [ 2652674.247299998998642, 1514440.882800001651049 ], [ 2652684.295500002801418, 1514444.02250000089407 ], [ 2652756.521999999880791, 1514467.21169999986887 ], [ 2652773.634900003671646, 1514436.556400001049042 ] ] ] ] } },
{ "type": "Feature", "properties": { "fid": 6, "OBJECTID": 58211, "CVE_COL": "19048_0006", "ID_COL": 58211, "COLONIA": "Almena I", "CP": "66168", "CVE_ENT": "19", "NOM_ENT": "Nuevo León", "MUN": "048", "CVE_MUN": "19048", "NOM_MUN": "Santa Catarina", "LOC": "0001", "CVE_LOC": "190480001", "NOM_LOC": "Ciudad Santa Catarina", "SUN_2018": "M19.01", "NOM_SUN": "Monterrey", "POBTOT": 334.519364, "P6A14NAE": 3.244031, "SBASC": 11.938298, "PSDSS": 8.786107, "OVSDE": 0.0, "OVSEE": 0.0, "OVSAE": 0.0, "OVPT": 0.875851, "OVHAC": 6.264191, "OVSREF": 0.0, "OVSINT": 7.131927, "OVSCEL": 2.877795, "IM_2020": 154.05331124816001, "GM_2020": "Muy bajo", "IMN_2020": 0.98218237076509995, "CLASIF": "Fraccionamiento" }, "geometry": { "type": "MultiPolygon", "coordinates": [ [ [ [ 2657393.597900003194809, 1512736.315400000661612 ], [ 2657395.288500003516674, 1512719.078699998557568 ], [ 2657395.900499999523163, 1512712.838100001215935 ], [ 2657424.637500002980232, 1512641.131099998950958 ], [ 2657428.837099999189377, 1512628.811799999326468 ], [ 2657431.399099998176098, 1512623.252599999308586 ], [ 2657435.427199997007847, 1512604.066399998962879 ], [ 2657431.762699998915195, 1512577.709699999541044 ], [ 2657430.268500000238419, 1512573.320700000971556 ], [ 2657429.482199996709824, 1512569.085400000214577 ], [ 2657429.519599996507168, 1512565.686099998652935 ], [ 2657430.883699998259544, 1512558.224199999123812 ], [ 2657431.97410000115633, 1512555.563299998641014 ], [ 2657435.369699999690056, 1512548.660100001841784 ], [ 2657441.1266999989748, 1512542.6941 ], [ 2657451.413099996745586, 1512531.119100000709295 ], [ 2657453.581000000238419, 1512528.370099999010563 ], [ 2657455.190399996936321, 1512525.906899999827147 ], [ 2657456.97240000218153, 1512522.894400000572205 ], [ 2657458.513599999248981, 1512519.052200000733137 ], [ 2657459.376599997282028, 1512516.30519999936223 ], [ 2657459.737899996340275, 1512513.736400000751019 ], [ 2657460.707999996840954, 1512504.372000001370907 ], [ 2657462.763999998569489, 1512480.875300001353025 ], [ 2657464.152800001204014, 1512475.745099999010563 ], [ 2657466.168200001120567, 1512470.438000001013279 ], [ 2657468.927000001072884, 1512465.690400000661612 ], [ 2657474.993100002408028, 1512459.325199998915195 ], [ 2657480.565700002014637, 1512452.403299998492002 ], [ 2657485.161200001835823, 1512443.449200000613928 ], [ 2657488.797899998724461, 1512430.8092 ], [ 2657492.85080000013113, 1512408.01630000025034 ], [ 2657491.684199996292591, 1512361.75 ], [ 2657246.880300000309944, 1512317.082699999213219 ], [ 2657221.7544, 1512287.494800001382828 ], [ 2657158.109300002455711, 1512309.254000000655651 ], [ 2657188.994599997997284, 1512459.188200000673532 ], [ 2657211.119199998676777, 1512516.506999999284744 ], [ 2657191.938699997961521, 1512710.247600000351667 ], [ 2657155.997900001704693, 1512743.325100000947714 ], [ 2657157.69370000064373, 1512750.488499999046326 ], [ 2657159.412100002169609, 1512755.531700000166893 ], [ 2657223.848700001835823, 1512748.011799998581409 ], [ 2657234.779700003564358, 1512752.123799998313189 ], [ 2657250.363799996674061, 1512755.325500000268221 ], [ 2657271.142399996519089, 1512754.320900000631809 ], [ 2657283.008400000631809, 1512748.587499998509884 ], [ 2657372.226599998772144, 1512740.315200001001358 ], [ 2657387.311999998986721, 1512741.553800001740456 ], [ 2657394.781499996781349, 1512741.352299999445677 ], [ 2657393.597900003194809, 1512736.315400000661612 ] ] ] ] } },
{ "type": "Feature", "properties": { "fid": 7, "OBJECTID": 58212, "CVE_COL": "19048_0007", "ID_COL": 58212, "COLONIA": "Almena Ii", "CP": "66168", "CVE_ENT": "19", "NOM_ENT": "Nuevo León", "MUN": "048", "CVE_MUN": "19048", "NOM_MUN": "Santa Catarina", "LOC": "0001", "CVE_LOC": "190480001", "NOM_LOC": "Ciudad Santa Catarina", "SUN_2018": "M19.01", "NOM_SUN": "Monterrey", "POBTOT": 114.976357, "P6A14NAE": 3.225807, "SBASC": 11.946902, "PSDSS": 8.787542, "OVSDE": 0.0, "OVSEE": 0.0, "OVSAE": 0.0, "OVPT": 0.877193, "OVHAC": 6.265664, "OVSREF": 0.0, "OVSINT": 7.142857, "OVSCEL": 2.882205, "IM_2020": 154.05613039063601, "GM_2020": "Muy bajo", "IMN_2020": 0.9822003444913, "CLASIF": "Fraccionamiento" }, "geometry": { "type": "MultiPolygon", "coordinates": [ [ [ [ 2657621.626500003039837, 1512708.076299998909235 ], [ 2657577.795100003480911, 1512347.524700000882149 ], [ 2657542.777199998497963, 1512358.282900001853704 ], [ 2657491.684199996292591, 1512361.75 ], [ 2657492.85080000013113, 1512408.01630000025034 ], [ 2657488.797899998724461, 1512430.8092 ], [ 2657485.161200001835823, 1512443.449200000613928 ], [ 2657480.565700002014637, 1512452.403299998492002 ], [ 2657474.993100002408028, 1512459.325199998915195 ], [ 2657468.927000001072884, 1512465.690400000661612 ], [ 2657466.168200001120567, 1512470.438000001013279 ], [ 2657464.152800001204014, 1512475.745099999010563 ], [ 2657462.763999998569489, 1512480.875300001353025 ], [ 2657460.707999996840954, 1512504.372000001370907 ], [ 2657459.737899996340275, 1512513.736400000751019 ], [ 2657459.376599997282028, 1512516.30519999936223 ], [ 2657458.513599999248981, 1512519.052200000733137 ], [ 2657456.97240000218153, 1512522.894400000572205 ], [ 2657455.190399996936321, 1512525.906899999827147 ], [ 2657453.581000000238419, 1512528.370099999010563 ], [ 2657451.413099996745586, 1512531.119100000709295 ], [ 2657441.1266999989748, 1512542.6941 ], [ 2657435.369699999690056, 1512548.660100001841784 ], [ 2657431.97410000115633, 1512555.563299998641014 ], [ 2657430.883699998259544, 1512558.224199999123812 ], [ 2657429.519599996507168, 1512565.686099998652935 ], [ 2657429.482199996709824, 1512569.085400000214577 ], [ 2657430.268500000238419, 1512573.320700000971556 ], [ 2657431.762699998915195, 1512577.709699999541044 ], [ 2657435.427199997007847, 1512604.066399998962879 ], [ 2657431.399099998176098, 1512623.252599999308586 ], [ 2657428.837099999189377, 1512628.811799999326468 ], [ 2657424.637500002980232, 1512641.131099998950958 ], [ 2657395.900499999523163, 1512712.838100001215935 ], [ 2657395.288500003516674, 1512719.078699998557568 ], [ 2657393.597900003194809, 1512736.315400000661612 ], [ 2657414.774599999189377, 1512735.718299999833107 ], [ 2657430.274499997496605, 1512729.114799998700619 ], [ 2657442.038900002837181, 1512718.358800001442432 ], [ 2657454.691500000655651, 1512703.907400000840425 ], [ 2657465.135799996554852, 1512697.089999999850988 ], [ 2657485.635799996554852, 1512688.865600001066923 ], [ 2657511.651900000870228, 1512686.489700000733137 ], [ 2657545.249600000679493, 1512689.0066 ], [ 2657559.579999998211861, 1512691.386399999260902 ], [ 2657569.276900000870228, 1512697.190400000661612 ], [ 2657575.993699997663498, 1512706.031599998474121 ], [ 2657582.891199998557568, 1512724.068999998271465 ], [ 2657585.223800003528595, 1512709.522399999201298 ], [ 2657589.298799999058247, 1512705.850999999791384 ], [ 2657592.517200000584126, 1512704.662099998444319 ], [ 2657597.031800001859665, 1512704.703200001269579 ], [ 2657601.901900000870228, 1512704.910199999809265 ], [ 2657606.771899998188019, 1512705.117199998348951 ], [ 2657621.626500003039837, 1512708.076299998909235 ] ] ] ] } },
{ "type": "Feature", "properties": { "fid": 8, "OBJECTID": 58213, "CVE_COL": "19048_0008", "ID_COL": 58213, "COLONIA": "Altica", "CP": "66129", "CVE_ENT": "19", "NOM_ENT": "Nuevo León", "MUN": "048", "CVE_MUN": "19048", "NOM_MUN": "Santa Catarina", "LOC": "0001", "CVE_LOC": "190480001", "NOM_LOC": "Ciudad Santa Catarina", "SUN_2018": "M19.01", "NOM_SUN": "Monterrey", "POBTOT": 1205.473433, "P6A14NAE": 3.012311, "SBASC": 9.07738, "PSDSS": 15.900757, "OVSDE": 0.0, "OVSEE": 0.0, "OVSAE": 0.053184, "OVPT": 0.443684, "OVHAC": 15.201755, "OVSREF": 0.376128, "OVSINT": 13.182356, "OVSCEL": 2.014748, "IM_2020": 153.51198815245601, "GM_2020": "Muy bajo", "IMN_2020": 0.97873111095650001, "CLASIF": "Fraccionamiento" }, "geometry": { "type": "MultiPolygon", "coordinates": [ [ [ [ 2656832.796099998056889, 1517107.100600000470877 ], [ 2656803.611900001764297, 1517112.588199999183416 ], [ 2656803.073299996554852, 1517097.107599999755621 ], [ 2656805.840499997138977, 1517037.043600000441074 ], [ 2656806.040799997746944, 1517019.6402000002563 ], [ 2656796.237499997019768, 1516974.3246 ], [ 2656794.066799998283386, 1516964.997900001704693 ], [ 2656795.30629999935627, 1516949.49100000038743 ], [ 2656784.405500002205372, 1516950.278599999845028 ], [ 2656770.090599998831749, 1516951.312800001353025 ], [ 2656764.692800000309944, 1516950.7346 ], [ 2656671.798900000751019, 1516937.777800001204014 ], [ 2656661.737499997019768, 1516935.131700001657009 ], [ 2656642.066200003027916, 1516932.373399998992682 ], [ 2656617.757299996912479, 1516928.964699998497963 ], [ 2656526.8596, 1516915.646499998867512 ], [ 2656512.764200001955032, 1516914.177400000393391 ], [ 2656419.0912000015378, 1516901.107299998402596 ], [ 2656359.962399996817112, 1516876.277800001204014 ], [ 2656374.145499996840954, 1516902.82880000025034 ], [ 2656372.125399999320507, 1516920.279699999839067 ], [ 2656376.57940000295639, 1516941.6985 ], [ 2656386.02929999679327, 1516947.098000001162291 ], [ 2656409.417099997401237, 1517008.615899998694658 ], [ 2656419.2456, 1517036.356899999082088 ], [ 2656437.0287000015378, 1517090.449700001627207 ], [ 2656440.693000003695488, 1517098.087900001555681 ], [ 2656457.721799999475479, 1517106.932799998670816 ], [ 2656491.299099996685982, 1517109.030699998140335 ], [ 2656516.150399997830391, 1517122.693 ], [ 2656528.670800000429153, 1517137.72690000012517 ], [ 2656535.393899999558926, 1517155.368200000375509 ], [ 2656527.980200000107288, 1517181.995700001716614 ], [ 2656532.664499998092651, 1517201.371599998325109 ], [ 2656534.934399999678135, 1517214.129999998956919 ], [ 2656545.726199999451637, 1517233.226599998772144 ], [ 2656582.295699998736382, 1517216.869800001382828 ], [ 2656632.792099997401237, 1517193.503600001335144 ], [ 2656689.649300001561642, 1517167.193999998271465 ], [ 2656832.796099998056889, 1517107.100600000470877 ] ] ] ] } },
{ "type": "Feature", "properties": { "fid": 9, "OBJECTID": 58214, "CVE_COL": "19048_0009", "ID_COL": 58214, "COLONIA": "Andante Privada Rdcial", "CP": "66350", "CVE_ENT": "19", "NOM_ENT": "Nuevo León", "MUN": "048", "CVE_MUN": "19048", "NOM_MUN": "Santa Catarina", "LOC": "0001", "CVE_LOC": "190480001", "NOM_LOC": "Ciudad Santa Catarina", "SUN_2018": "M19.01", "NOM_SUN": "Monterrey", "POBTOT": 54.361251, "P6A14NAE": 2.013367, "SBASC": 9.390337, "PSDSS": 13.329151, "OVSDE": 0.000106, "OVSEE": 0.000106, "OVSAE": 0.000212, "OVPT": 0.124504, "OVHAC": 10.393138, "OVSREF": 0.292657, "OVSINT": 9.431991, "OVSCEL": 1.640692, "IM_2020": 154.17315274092201, "GM_2020": "Muy bajo", "IMN_2020": 0.9829464322482, "CLASIF": "Colonia" }, "geometry": { "type": "MultiPolygon", "coordinates": [ [ [ [ 2652394.339199997484684, 1514531.128499999642372 ], [ 2652361.732299998402596, 1514439.755899999290705 ], [ 2652259.236299999058247, 1514472.002099998295307 ], [ 2652290.034599997103214, 1514566.722199998795986 ], [ 2652294.042000003159046, 1514565.335999999195337 ], [ 2652340.145700000226498, 1514549.611900001764297 ], [ 2652346.696199998259544, 1514547.377700001001358 ], [ 2652394.339199997484684, 1514531.128499999642372 ] ] ] ] } },
{ "type": "Feature", "properties": { "fid": 10, "OBJECTID": 58215, "CVE_COL": "19048_0010", "ID_COL": 58215, "COLONIA": "Apice Dos", "CP": "66365", "CVE_ENT": "19", "NOM_ENT": "Nuevo León", "MUN": "048", "CVE_MUN": "19048", "NOM_MUN": "Santa Catarina", "LOC": "0001", "CVE_LOC": "190480001", "NOM_LOC": "Ciudad Santa Catarina", "SUN_2018": "M19.01", "NOM_SUN": "Monterrey", "POBTOT": 589.154541, "P6A14NAE": 7.379135, "SBASC": 6.088795, "PSDSS": 12.325729, "OVSDE": 0.0, "OVSEE": 0.0, "OVSAE": 0.0, "OVPT": 1.584786, "OVHAC": 12.29794, "OVSREF": 0.855784, "OVSINT": 6.37084, "OVSCEL": 2.916006, "IM_2020": 152.952522221697, "GM_2020": "Muy bajo", "IMN_2020": 0.97516417967939995, "CLASIF": "Fraccionamiento" }, "geometry": { "type": "MultiPolygon", "coordinates": [ [ [ [ 2656367.648100003600121, 1517312.48369999974966 ], [ 2656230.206200003623962, 1517102.256099998950958 ], [ 2656199.5471, 1517116.720899999141693 ], [ 2656131.5253000035882, 1517153.931600000709295 ], [ 2656021.031000003218651, 1517206.0482 ], [ 2655994.924900002777576, 1517210.972199998795986 ], [ 2656003.722699999809265, 1517229.189300000667572 ], [ 2656100.561899997293949, 1517429.707400001585484 ], [ 2656210.129799999296665, 1517380.791400000452995 ], [ 2656303.529600001871586, 1517340.4309 ], [ 2656367.648100003600121, 1517312.48369999974966 ] ] ] ] } },
{ "type": "Feature", "properties": { "fid": 11, "OBJECTID": 58216, "CVE_COL": "19048_0011", "ID_COL": 58216, "COLONIA": "Apice Iv", "CP": "66365", "CVE_ENT": "19", "NOM_ENT": "Nuevo León", "MUN": "048", "CVE_MUN": "19048", "NOM_MUN": "Santa Catarina", "LOC": "0001", "CVE_LOC": "190480001", "NOM_LOC": "Ciudad Santa Catarina", "SUN_2018": "M19.01", "NOM_SUN": "Monterrey", "POBTOT": 642.822079, "P6A14NAE": 7.311339, "SBASC": 6.123622, "PSDSS": 12.370206, "OVSDE": 0.0, "OVSEE": 0.0, "OVSAE": 0.00066, "OVPT": 1.570524, "OVHAC": 12.333784, "OVSREF": 0.849763, "OVSINT": 6.455471, "OVSCEL": 2.904662, "IM_2020": 152.96274000753701, "GM_2020": "Muy bajo", "IMN_2020": 0.9752293242, "CLASIF": "Fraccionamiento" }, "geometry": { "type": "MultiPolygon", "coordinates": [ [ [ [ 2656230.206200003623962, 1517102.256099998950958 ], [ 2656296.075199998915195, 1517069.462400000542402 ], [ 2656351.437299996614456, 1517038.249099999666214 ], [ 2656409.417099997401237, 1517008.615899998694658 ], [ 2656386.02929999679327, 1516947.098000001162291 ], [ 2656376.57940000295639, 1516941.6985 ], [ 2656372.125399999320507, 1516920.279699999839067 ], [ 2656374.145499996840954, 1516902.82880000025034 ], [ 2656359.962399996817112, 1516876.277800001204014 ], [ 2656355.472699999809265, 1516856.4983000010252 ], [ 2656320.192100003361702, 1516824.5515 ], [ 2656309.026000000536442, 1516805.189399998635054 ], [ 2656304.417300000786781, 1516790.874499998986721 ], [ 2656289.034199997782707, 1516769.217700000852346 ], [ 2656254.204899996519089, 1516736.75 ], [ 2656237.788500003516674, 1516712.337099999189377 ], [ 2656157.5945999994874, 1516727.98200000077486 ], [ 2656117.426600001752377, 1516796.574099998921156 ], [ 2656114.563000001013279, 1516867.2051 ], [ 2656117.006399996578693, 1516870.586399998515844 ], [ 2656131.08049999922514, 1516871.564100001007318 ], [ 2656132.032799996435642, 1516894.615699999034405 ], [ 2656192.602700002491474, 1517087.565499998629093 ], [ 2656199.5471, 1517116.720899999141693 ], [ 2656230.206200003623962, 1517102.256099998950958 ] ] ] ] } },
{ "type": "Feature", "properties": { "fid": 12, "OBJECTID": 58217, "CVE_COL": "19048_0012", "ID_COL": 58217, "COLONIA": "Apice Tres", "CP": "66365", "CVE_ENT": "19", "NOM_ENT": "Nuevo León", "MUN": "048", "CVE_MUN": "19048", "NOM_MUN": "Santa Catarina", "LOC": "0001", "CVE_LOC": "190480001", "NOM_LOC": "Ciudad Santa Catarina", "SUN_2018": "M19.01", "NOM_SUN": "Monterrey", "POBTOT": 461.022428, "P6A14NAE": 7.372451, "SBASC": 6.092217, "PSDSS": 12.330102, "OVSDE": 0.0, "OVSEE": 0.0, "OVSAE": 6.5e-05, "OVPT": 1.583384, "OVHAC": 12.301464, "OVSREF": 0.855192, "OVSINT": 6.379161, "OVSCEL": 2.914891, "IM_2020": 152.95353113997299, "GM_2020": "Muy bajo", "IMN_2020": 0.97517061213930001, "CLASIF": "Fraccionamiento" }, "geometry": { "type": "MultiPolygon", "coordinates": [ [ [ [ 2656545.726199999451637, 1517233.226599998772144 ], [ 2656534.934399999678135, 1517214.129999998956919 ], [ 2656532.664499998092651, 1517201.371599998325109 ], [ 2656527.980200000107288, 1517181.995700001716614 ], [ 2656535.393899999558926, 1517155.368200000375509 ], [ 2656528.670800000429153, 1517137.72690000012517 ], [ 2656516.150399997830391, 1517122.693 ], [ 2656491.299099996685982, 1517109.030699998140335 ], [ 2656457.721799999475479, 1517106.932799998670816 ], [ 2656440.693000003695488, 1517098.087900001555681 ], [ 2656437.0287000015378, 1517090.449700001627207 ], [ 2656419.2456, 1517036.356899999082088 ], [ 2656409.417099997401237, 1517008.615899998694658 ], [ 2656351.437299996614456, 1517038.249099999666214 ], [ 2656296.075199998915195, 1517069.462400000542402 ], [ 2656230.206200003623962, 1517102.256099998950958 ], [ 2656367.648100003600121, 1517312.48369999974966 ], [ 2656379.631700001657009, 1517306.782699998468161 ], [ 2656521.744499996304512, 1517244.038699999451637 ], [ 2656545.726199999451637, 1517233.226599998772144 ] ] ] ] } },
{ "type": "Feature", "properties": { "fid": 13, "OBJECTID": 58218, "CVE_COL": "19048_0013", "ID_COL": 58218, "COLONIA": "Apice Uno", "CP": "66365", "CVE_ENT": "19", "NOM_ENT": "Nuevo León", "MUN": "048", "CVE_MUN": "19048", "NOM_MUN": "Santa Catarina", "LOC": "0001", "CVE_LOC": "190480001", "NOM_LOC": "Ciudad Santa Catarina", "SUN_2018": "M19.01", "NOM_SUN": "Monterrey", "POBTOT": 689.136841, "P6A14NAE": 7.379135, "SBASC": 6.088795, "PSDSS": 12.325729, "OVSDE": 0.0, "OVSEE": 0.0, "OVSAE": 0.0, "OVPT": 1.584786, "OVHAC": 12.29794, "OVSREF": 0.855784, "OVSINT": 6.37084, "OVSCEL": 2.916006, "IM_2020": 152.95252235752099, "GM_2020": "Muy bajo", "IMN_2020": 0.97516418054529996, "CLASIF": "Fraccionamiento" }, "geometry": { "type": "MultiPolygon", "coordinates": [ [ [ [ 2656199.5471, 1517116.720899999141693 ], [ 2656192.602700002491474, 1517087.565499998629093 ], [ 2656132.032799996435642, 1516894.615699999034405 ], [ 2655946.259499996900558, 1516877.3695 ], [ 2655880.204599998891354, 1516869.512499999254942 ], [ 2655870.356200002133846, 1516849.147799998521805 ], [ 2655865.362700000405312, 1516848.705200001597404 ], [ 2655863.064000003039837, 1516875.781399998813868 ], [ 2655862.714699998497963, 1516908.183600001037121 ], [ 2655861.353200003504753, 1516943.795099999755621 ], [ 2655859.982199996709824, 1516952.943999998271465 ], [ 2655871.114200003445148, 1516975.352299999445677 ], [ 2655873.071400001645088, 1516979.589800000190735 ], [ 2655984.006999999284744, 1517190.240800000727177 ], [ 2655994.924900002777576, 1517210.972199998795986 ], [ 2656021.031000003218651, 1517206.0482 ], [ 2656131.5253000035882, 1517153.931600000709295 ], [ 2656199.5471, 1517116.720899999141693 ] ] ] ] } },
{ "type": "Feature", "properties": { "fid": 14, "OBJECTID": 58219, "CVE_COL": "19048_0014", "ID_COL": 58219, "COLONIA": "Arboledas de Las Mitras (Carlos Salinas de Gortari)", "CP": "66119", "CVE_ENT": "19", "NOM_ENT": "Nuevo León", "MUN": "048", "CVE_MUN": "19048", "NOM_MUN": "Santa Catarina", "LOC": "0001", "CVE_LOC": "190480001", "NOM_LOC": "Ciudad Santa Catarina", "SUN_2018": "M19.01", "NOM_SUN": "Monterrey", "POBTOT": 2503.783987, "P6A14NAE": 5.230513, "SBASC": 38.154232, "PSDSS": 27.718353, "OVSDE": 0.187388, "OVSEE": 0.283643, "OVSAE": 1.541366, "OVPT": 5.165809, "OVHAC": 34.662438, "OVSREF": 1.765033, "OVSINT": 40.363212, "OVSCEL": 11.558945, "IM_2020": 147.53154064705299, "GM_2020": "Medio", "IMN_2020": 0.94060216675200004, "CLASIF": "Colonia" }, "geometry": { "type": "MultiPolygon", "coordinates": [ [ [ [ 2658211.218299999833107, 1516528.489199999719858 ], [ 2658180.079999998211861, 1516359.834899999201298 ], [ 2658165.510300002992153, 1516267.799499999731779 ], [ 2658153.000399999320507, 1516177.769999999552965 ], [ 2658147.246500000357628, 1516181.522300001233816 ], [ 2658123.863200001418591, 1516188.55519999936223 ], [ 2658088.45889999717474, 1516198.033500000834465 ], [ 2658063.231499999761581, 1516205.164200000464916 ], [ 2658026.39019999653101, 1516214.5515 ], [ 2657985.002499997615814, 1516226.290300000458956 ], [ 2657943.739699997007847, 1516237.993599999696016 ], [ 2657912.56870000064373, 1516246.834600001573563 ], [ 2657903.607299998402596, 1516249.416499998420477 ], [ 2657930.297200001776218, 1516351.986299999058247 ], [ 2657956.311899997293949, 1516451.943500000983477 ], [ 2657982.168200001120567, 1516560.189599998295307 ], [ 2657990.663999997079372, 1516560.602099999785423 ], [ 2657998.184000000357628, 1516560.967300001531839 ], [ 2658004.735699996352196, 1516561.285399999469519 ], [ 2658016.123700000345707, 1516564.638300001621246 ], [ 2658039.518799997866154, 1516570.443300001323223 ], [ 2657991.780000001192093, 1516752.943599998950958 ], [ 2658018.66330000013113, 1516762.648200001567602 ], [ 2658013.045100003480911, 1516791.804200001060963 ], [ 2657954.993600003421307, 1516854.689300000667572 ], [ 2658128.428099997341633, 1516911.460200000554323 ], [ 2658168.663500003516674, 1516822.456399999558926 ], [ 2658235.304499998688698, 1516675.041299998760223 ], [ 2658216.1272, 1516558.397700000554323 ], [ 2658211.218299999833107, 1516528.489199999719858 ] ] ] ] } },
{ "type": "Feature", "properties": { "fid": 15, "OBJECTID": 58220, "CVE_COL": "19048_0015", "ID_COL": 58220, "COLONIA": "Arroyo El Obispo", "CP": "66350", "CVE_ENT": "19", "NOM_ENT": "Nuevo León", "MUN": "048", "CVE_MUN": "19048", "NOM_MUN": "Santa Catarina", "LOC": "0001", "CVE_LOC": "190480001", "NOM_LOC": "Ciudad Santa Catarina", "SUN_2018": "M19.01", "NOM_SUN": "Monterrey", "POBTOT": 400.178205, "P6A14NAE": 2.304336, "SBASC": 13.901394, "PSDSS": 16.793582, "OVSDE": 0.0, "OVSEE": 2.04412, "OVSAE": 4.576583, "OVPT": 2.658131, "OVHAC": 16.496588, "OVSREF": 3.284699, "OVSINT": 17.784203, "OVSCEL": 3.880895, "IM_2020": 150.98466047925899, "GM_2020": "Bajo", "IMN_2020": 0.96261787933779996, "CLASIF": "Colonia" }, "geometry": { "type": "MultiPolygon", "coordinates": [ [ [ [ 2648934.528300002217293, 1517399.228100001811981 ], [ 2648984.924800001084805, 1517407.397999998182058 ], [ 2648984.056800000369549, 1517403.26069999858737 ], [ 2649012.724799998104572, 1517405.080299999564886 ], [ 2649149.270599998533726, 1517407.917399998754263 ], [ 2649187.563000001013279, 1517383.37049999833107 ], [ 2649219.4054000005126, 1517364.736600000411272 ], [ 2649265.634199999272823, 1517346.338100001215935 ], [ 2649328.755800001323223, 1517330.262299999594688 ], [ 2649441.846100002527237, 1517309.086899999529123 ], [ 2649627.941600002348423, 1517247.374099999666214 ], [ 2649757.893700003623962, 1517237.3816 ], [ 2649818.293099999427795, 1517243.549800001084805 ], [ 2649823.543600000441074, 1517242.561900001019239 ], [ 2649869.076999999582767, 1517236.824799999594688 ], [ 2650131.592799998819828, 1517263.476799998432398 ], [ 2650345.984700001776218, 1517218.086899999529123 ], [ 2650592.634099997580051, 1517111.067600000649691 ], [ 2650994.887800000607967, 1517074.156599998474121 ], [ 2651347.807099997997284, 1516920.754799999296665 ], [ 2651639.863399997353554, 1516923.998799998313189 ], [ 2651798.736100003123283, 1516981.357999999076128 ], [ 2652068.261600002646446, 1517009.671999998390675 ], [ 2652077.578000001609325, 1517002.451900001615286 ], [ 2652123.493199996650219, 1516965.884199999272823 ], [ 2652100.815399996936321, 1516956.291400000452995 ], [ 2652087.17849999666214, 1516950.522900000214577 ], [ 2651908.315200001001358, 1516937.885299999266863 ], [ 2651882.34740000218153, 1516915.562399998307228 ], [ 2651741.210400000214577, 1516847.52760000154376 ], [ 2651630.928999997675419, 1516846.02589999884367 ], [ 2651562.794799998402596, 1516845.246199999004602 ], [ 2651492.956600002944469, 1516853.546599999070168 ], [ 2651388.445200003683567, 1516857.270799998193979 ], [ 2651303.679300002753735, 1516823.186799999326468 ], [ 2651226.615900002419949, 1516824.899599999189377 ], [ 2651139.884800001978874, 1516849.814599998295307 ], [ 2651023.563299998641014, 1516909.034499999135733 ], [ 2650961.890299998223782, 1516934.063499998301268 ], [ 2650829.024999998509884, 1516970.691599998623133 ], [ 2650692.171999998390675, 1516988.153900001198053 ], [ 2650622.217600002884865, 1517000.963199999183416 ], [ 2650520.181199997663498, 1517031.785500001162291 ], [ 2650342.166900001466274, 1517066.823800001293421 ], [ 2650271.864399999380112, 1517077.580899998545647 ], [ 2650225.566600002348423, 1517076.445999998599291 ], [ 2650214.22749999910593, 1517076.168000001460314 ], [ 2650166.428800001740456, 1517074.996300000697374 ], [ 2650106.609399996697903, 1517073.529899999499321 ], [ 2650061.529399998486042, 1517072.424699999392033 ], [ 2650039.989200003445148, 1517073.000700000673532 ], [ 2650017.854800000786781, 1517072.453400000929832 ], [ 2649974.998999997973442, 1517070.4831000007689 ], [ 2649934.493000000715256, 1517070.118900001049042 ], [ 2649803.033699996769428, 1517065.320000000298023 ], [ 2649806.267099998891354, 1517105.340799998492002 ], [ 2649792.455799996852875, 1517107.516399998217821 ], [ 2649691.769199997186661, 1517112.391800001263618 ], [ 2649514.619300000369549, 1517115.307599999010563 ], [ 2649269.056999996304512, 1517140.901200000196695 ], [ 2649118.016500003635883, 1517152.156599998474121 ], [ 2648959.111000001430511, 1517181.293000001460314 ], [ 2648944.148000001907349, 1517186.255899999290705 ], [ 2648752.536100000143051, 1517218.361900001764297 ], [ 2648735.467200003564358, 1517123.808200001716614 ], [ 2648640.422700002789497, 1517138.649599999189377 ], [ 2648627.705600000917912, 1517140.32880000025034 ], [ 2648604.620399996638298, 1517144.223499998450279 ], [ 2648626.985500000417233, 1517333.523600000888109 ], [ 2648581.821800000965595, 1517340.614700000733137 ], [ 2648495.935999996960163, 1517366.812699999660254 ], [ 2648372.726800002157688, 1517414.67339999973774 ], [ 2648326.474299997091293, 1517416.714299999177456 ], [ 2648276.278999999165535, 1517413.674899999052286 ], [ 2648269.844899997115135, 1517428.727400001138449 ], [ 2648268.443000003695488, 1517440.091699998825788 ], [ 2648238.058399997651577, 1517563.407999999821186 ], [ 2648236.5371999964118, 1517572.526799999177456 ], [ 2648234.272299997508526, 1517591.461399998515844 ], [ 2648284.064000003039837, 1517600.8607 ], [ 2648364.358300000429153, 1517575.204599998891354 ], [ 2648560.248700000345707, 1517504.729200001806021 ], [ 2648715.774599999189377, 1517457.043699998408556 ], [ 2648800.642200000584126, 1517450.174899999052286 ], [ 2648863.910400003194809, 1517405.459300000220537 ], [ 2648911.610600002110004, 1517389.058299999684095 ], [ 2648934.528300002217293, 1517399.228100001811981 ] ] ] ] } },
{ "type": "Feature", "properties": { "fid": 16, "OBJECTID": 58221, "CVE_COL": "19048_0016", "ID_COL": 58221, "COLONIA": "Arvore", "CP": "66350", "CVE_ENT": "19", "NOM_ENT": "Nuevo León", "MUN": "048", "CVE_MUN": "19048", "NOM_MUN": "Santa Catarina", "LOC": "0001", "CVE_LOC": "190480001", "NOM_LOC": "Ciudad Santa Catarina", "SUN_2018": "M19.01", "NOM_SUN": "Monterrey", "POBTOT": 148.495191, "P6A14NAE": 5.86552, "SBASC": 16.123972, "PSDSS": 19.182817, "OVSDE": 0.0, "OVSEE": 0.0, "OVSAE": 0.0, "OVPT": 0.17371, "OVHAC": 15.077977, "OVSREF": 0.482429, "OVSINT": 20.592663, "OVSCEL": 5.798093, "IM_2020": 151.823150029565, "GM_2020": "Bajo", "IMN_2020": 0.9679637537479, "CLASIF": "Residencial" }, "geometry": { "type": "MultiPolygon", "coordinates": [ [ [ [ 2653414.376500003039837, 1515637.901799999177456 ], [ 2653431.167499996721745, 1515689.574499998241663 ], [ 2653426.029500000178814, 1515710.339299999177456 ], [ 2653411.473499998450279, 1515754.772399999201298 ], [ 2653395.619099996984005, 1515800.722199998795986 ], [ 2653401.053599998354912, 1515799.121500000357628 ], [ 2653569.104400001466274, 1515757.375799998641014 ], [ 2653668.518700003623962, 1515762.980700001120567 ], [ 2653669.655699998140335, 1515561.794100001454353 ], [ 2653669.852899998426437, 1515559.08219999819994 ], [ 2653624.536200001835823, 1515552.922699999064207 ], [ 2653592.494300000369549, 1515532.259799998253584 ], [ 2653581.759999997913837, 1515521.847500000149012 ], [ 2653569.699299998581409, 1515500.445300001651049 ], [ 2653526.567500002682209, 1515566.688099998980761 ], [ 2653503.14469999819994, 1515599.637699998915195 ], [ 2653494.829199999570847, 1515609.982900001108646 ], [ 2653480.111299999058247, 1515616.945300001651049 ], [ 2653414.376500003039837, 1515637.901799999177456 ] ] ] ] } },
{ "type": "Feature", "properties": { "fid": 17, "OBJECTID": 58222, "CVE_COL": "19048_0017", "ID_COL": 58222, "COLONIA": "Aurora", "CP": "66378", "CVE_ENT": "19", "NOM_ENT": "Nuevo León", "MUN": "048", "CVE_MUN": "19048", "NOM_MUN": "Santa Catarina", "LOC": "0001", "CVE_LOC": "190480001", "NOM_LOC": "Ciudad Santa Catarina", "SUN_2018": "M19.01", "NOM_SUN": "Monterrey", "POBTOT": 453.586526, "P6A14NAE": 6.571145, "SBASC": 17.826328, "PSDSS": 17.211331, "OVSDE": 0.000246, "OVSEE": 0.000329, "OVSAE": 0.0, "OVPT": 0.702094, "OVHAC": 8.332775, "OVSREF": 0.653247, "OVSINT": 16.018261, "OVSCEL": 10.895234, "IM_2020": 151.54101920390301, "GM_2020": "Bajo", "IMN_2020": 0.9661650003101, "CLASIF": "Colonia" }, "geometry": { "type": "MultiPolygon", "coordinates": [ [ [ [ 2654615.994199998676777, 1514760.9847999997437 ], [ 2654623.235600002110004, 1514651.502399999648333 ], [ 2654589.987400002777576, 1514542.195500001311302 ], [ 2654573.782600000500679, 1514491.248700000345707 ], [ 2654573.22240000218153, 1514462.560199998319149 ], [ 2654569.463500000536442, 1514463.337600000202656 ], [ 2654372.2346, 1514504.126499999314547 ], [ 2654370.003200002014637, 1514504.609000001102686 ], [ 2654215.755300000309944, 1514529.837400000542402 ], [ 2654185.189900003373623, 1514499.080600000917912 ], [ 2654181.294100001454353, 1514495.160399999469519 ], [ 2654139.767300002276897, 1514528.476199999451637 ], [ 2654135.111900001764297, 1514537.940699998289347 ], [ 2654130.456500001251698, 1514547.405200000852346 ], [ 2654130.425899997353554, 1514553.925700001418591 ], [ 2654130.390900000929832, 1514561.398200001567602 ], [ 2654130.334200002253056, 1514573.487199999392033 ], [ 2654208.650700002908707, 1514736.421900000423193 ], [ 2654211.465000003576279, 1514741.509799998253584 ], [ 2654221.063900001347065, 1514758.863600000739098 ], [ 2654458.305799998342991, 1514761.131099998950958 ], [ 2654486.377300001680851, 1514761.105900000780821 ], [ 2654615.994199998676777, 1514760.9847999997437 ] ] ] ] } },
{ "type": "Feature", "properties": { "fid": 18, "OBJECTID": 58223, "CVE_COL": "19048_0018", "ID_COL": 58223, "COLONIA": "Aurorita", "CP": "66378", "CVE_ENT": "19", "NOM_ENT": "Nuevo León", "MUN": "048", "CVE_MUN": "19048", "NOM_MUN": "Santa Catarina", "LOC": "0001", "CVE_LOC": "190480001", "NOM_LOC": "Ciudad Santa Catarina", "SUN_2018": "M19.01", "NOM_SUN": "Monterrey", "POBTOT": 555.33239, "P6A14NAE": 5.188607, "SBASC": 20.067358, "PSDSS": 20.361674, "OVSDE": 0.0, "OVSEE": 0.0, "OVSAE": 0.0, "OVPT": 0.129042, "OVHAC": 17.685156, "OVSREF": 2.278513, "OVSINT": 21.62973, "OVSCEL": 5.616369, "IM_2020": 151.45519516087299, "GM_2020": "Bajo", "IMN_2020": 0.96561782049699996, "CLASIF": "Fraccionamiento" }, "geometry": { "type": "MultiPolygon", "coordinates": [ [ [ [ 2654810.299500003457069, 1514206.1722999997437 ], [ 2654805.469200000166893, 1514032.721900001168251 ], [ 2654800.688199996948242, 1514032.758200000971556 ], [ 2654653.835699997842312, 1514033.857299998402596 ], [ 2654649.976499997079372, 1514033.885800000280142 ], [ 2654646.212999999523163, 1514079.164000000804663 ], [ 2654646.804499998688698, 1514123.393899999558926 ], [ 2654582.877599999308586, 1514126.731800001114607 ], [ 2654564.122000001370907, 1514128.435600001364946 ], [ 2654532.115199998021126, 1514268.635800000280142 ], [ 2654558.837099999189377, 1514268.179200001060963 ], [ 2654605.074699997901917, 1514267.441599998623133 ], [ 2654677.129900000989437, 1514261.243000000715256 ], [ 2654810.299500003457069, 1514206.1722999997437 ] ] ] ] } },
{ "type": "Feature", "properties": { "fid": 19, "OBJECTID": 58224, "CVE_COL": "19048_0019", "ID_COL": 58224, "COLONIA": "Balcones A La Huasteca", "CP": "66100", "CVE_ENT": "19", "NOM_ENT": "Nuevo León", "MUN": "048", "CVE_MUN": "19048", "NOM_MUN": "Santa Catarina", "LOC": "0001", "CVE_LOC": "190480001", "NOM_LOC": "Ciudad Santa Catarina", "SUN_2018": "M19.01", "NOM_SUN": "Monterrey", "POBTOT": 40.333958, "P6A14NAE": 5.172414, "SBASC": 14.654088, "PSDSS": 15.77708, "OVSDE": 0.0, "OVSEE": 0.0, "OVSAE": 0.0, "OVPT": 0.26178, "OVHAC": 12.415055, "OVSREF": 0.60115, "OVSINT": 12.362781, "OVSCEL": 3.633037, "IM_2020": 152.643817590444, "GM_2020": "Muy bajo", "IMN_2020": 0.97319600227290004, "CLASIF": "Condominio" }, "geometry": { "type": "MultiPolygon", "coordinates": [ [ [ [ 2655916.17960000038147, 1514036.197299998253584 ], [ 2655951.329999998211861, 1514027.336199998855591 ], [ 2655942.165700003504753, 1514014.996899999678135 ], [ 2655919.071699999272823, 1513999.854400001466274 ], [ 2655914.294200003147125, 1513999.123599998652935 ], [ 2655902.339500002563, 1513997.295000001788139 ], [ 2655882.2871999964118, 1513971.882100000977516 ], [ 2655833.6743, 1513967.7018 ], [ 2655854.798100002110004, 1513998.437199998646975 ], [ 2655891.292599998414516, 1514037.349199999123812 ], [ 2655895.177400000393391, 1514041.491700001060963 ], [ 2655916.17960000038147, 1514036.197299998253584 ] ] ] ] } },
{ "type": "Feature", "properties": { "fid": 20, "OBJECTID": 58225, "CVE_COL": "19048_0020", "ID_COL": 58225, "COLONIA": "Balcones de San Humberto", "CP": "66120", "CVE_ENT": "19", "NOM_ENT": "Nuevo León", "MUN": "048", "CVE_MUN": "19048", "NOM_MUN": "Santa Catarina", "LOC": "0001", "CVE_LOC": "190480001", "NOM_LOC": "Ciudad Santa Catarina", "SUN_2018": "M19.01", "NOM_SUN": "Monterrey", "POBTOT": 184.259644, "P6A14NAE": 7.750473, "SBASC": 19.238966, "PSDSS": 20.558739, "OVSDE": 0.0, "OVSEE": 0.047733, "OVSAE": 0.047733, "OVPT": 0.095625, "OVHAC": 12.720764, "OVSREF": 0.57334, "OVSINT": 15.097946, "OVSCEL": 3.770883, "IM_2020": 151.32087302302901, "GM_2020": "Bajo", "IMN_2020": 0.96476143620559995, "CLASIF": "Fraccionamiento" }, "geometry": { "type": "MultiPolygon", "coordinates": [ [ [ [ 2656480.598899997770786, 1516255.146800000220537 ], [ 2656478.5559, 1516250.059099998325109 ], [ 2656452.233000002801418, 1516184.500500001013279 ], [ 2656450.244499996304512, 1516180.17680000141263 ], [ 2656434.118699997663498, 1516146.652899999171495 ], [ 2656397.438100002706051, 1516164.065200001001358 ], [ 2656387.68469999730587, 1516143.528200000524521 ], [ 2656350.320900000631809, 1516160.681400001049042 ], [ 2656359.356700003147125, 1516182.5439000017941 ], [ 2656321.093000002205372, 1516199.460499998182058 ], [ 2656352.31530000269413, 1516263.240800000727177 ], [ 2656364.61710000038147, 1516295.594900000840425 ], [ 2656480.598899997770786, 1516255.146800000220537 ] ] ] ] } },
{ "type": "Feature", "properties": { "fid": 21, "OBJECTID": 58226, "CVE_COL": "19048_0021", "ID_COL": 58226, "COLONIA": "Balcones de Santa Catarina ( Fomerrey 134)", "CP": "66357", "CVE_ENT": "19", "NOM_ENT": "Nuevo León", "MUN": "048", "CVE_MUN": "19048", "NOM_MUN": "Santa Catarina", "LOC": "0001", "CVE_LOC": "190480001", "NOM_LOC": "Ciudad Santa Catarina", "SUN_2018": "M19.01", "NOM_SUN": "Monterrey", "POBTOT": 3532.979386, "P6A14NAE": 4.401526, "SBASC": 35.343382, "PSDSS": 24.923995, "OVSDE": 0.00073, "OVSEE": 0.140807, "OVSAE": 0.085507, "OVPT": 0.710538, "OVHAC": 30.604765, "OVSREF": 2.207238, "OVSINT": 31.358634, "OVSCEL": 8.417785, "IM_2020": 149.360248384725, "GM_2020": "Medio", "IMN_2020": 0.95226127674890004, "CLASIF": "Colonia" }, "geometry": { "type": "MultiPolygon", "coordinates": [ [ [ [ 2651882.844200000166893, 1515142.480599999427795 ], [ 2651976.680600002408028, 1515107.397700000554323 ], [ 2651987.830600000917912, 1515103.241799999028444 ], [ 2652012.859700001776218, 1515093.880100000649691 ], [ 2652064.47860000282526, 1515075.102299999445677 ], [ 2652069.976599998772144, 1515073.2423 ], [ 2652087.339400000870228, 1515067.368599999696016 ], [ 2652069.471500001847744, 1515015.206500001251698 ], [ 2652053.209399998188019, 1514971.20380000025034 ], [ 2652038.348600000143051, 1514929.680399999022484 ], [ 2652023.530900001525879, 1514887.407299999147654 ], [ 2652010.015500001609325, 1514846.288400001823902 ], [ 2651995.333999998867512, 1514801.960700001567602 ], [ 2651980.803000003099442, 1514758.114 ], [ 2651963.945299997925758, 1514715.355200000107288 ], [ 2651947.553099997341633, 1514693.957699999213219 ], [ 2651943.933399997651577, 1514682.520700000226498 ], [ 2651929.18129999935627, 1514652.036899998784065 ], [ 2651914.412799999117851, 1514610.492800001055002 ], [ 2651899.644400000572205, 1514568.948800001293421 ], [ 2651897.149899996817112, 1514562.460700001567602 ], [ 2651881.869300000369549, 1514522.711300000548363 ], [ 2651872.706299997866154, 1514498.8761 ], [ 2651552.353299997746944, 1514625.6097999997437 ], [ 2651543.765100002288818, 1514629.00730000063777 ], [ 2651564.3618, 1514675.2665 ], [ 2651578.95830000191927, 1514708.8772 ], [ 2651592.497500002384186, 1514704.5810999982059 ], [ 2651594.877499997615814, 1514710.503400001674891 ], [ 2651604.8147, 1514735.230200000107288 ], [ 2651624.22860000282526, 1514783.537999998778105 ], [ 2651639.036100000143051, 1514820.3838 ], [ 2651658.444300003349781, 1514868.677499998360872 ], [ 2651675.070600003004074, 1514911.331599999219179 ], [ 2651691.696900002658367, 1514953.985599998384714 ], [ 2651741.10700000077486, 1515080.700800001621246 ], [ 2651758.601199999451637, 1515123.806800000369549 ], [ 2651788.661300003528595, 1515197.875199999660254 ], [ 2651803.015799999237061, 1515186.967099998146296 ], [ 2651810.557099997997284, 1515181.236400000751019 ], [ 2651821.657999999821186, 1515172.800799999386072 ], [ 2651856.63849999755621, 1515152.311599999666214 ], [ 2651882.844200000166893, 1515142.480599999427795 ] ] ] ] } },
{ "type": "Feature", "properties": { "fid": 22, "OBJECTID": 58227, "CVE_COL": "19048_0022", "ID_COL": 58227, "COLONIA": "Benito Juarez 1Ery 2Do Sector", "CP": "66160", "CVE_ENT": "19", "NOM_ENT": "Nuevo León", "MUN": "048", "CVE_MUN": "19048", "NOM_MUN": "Santa Catarina", "LOC": "0001", "CVE_LOC": "190480001", "NOM_LOC": "Ciudad Santa Catarina", "SUN_2018": "M19.01", "NOM_SUN": "Monterrey", "POBTOT": 292.902496, "P6A14NAE": 4.092044, "SBASC": 21.083975, "PSDSS": 17.658148, "OVSDE": 0.019267, "OVSEE": 0.173405, "OVSAE": 0.057802, "OVPT": 0.304469, "OVHAC": 17.057004, "OVSREF": 2.405043, "OVSINT": 22.263782, "OVSCEL": 6.623246, "IM_2020": 151.62990665594899, "GM_2020": "Bajo", "IMN_2020": 0.96673171119519996, "CLASIF": "Colonia" }, "geometry": { "type": "MultiPolygon", "coordinates": [ [ [ [ 2656659.161100000143051, 1513818.155600000172853 ], [ 2656644.191500000655651, 1513802.144900001585484 ], [ 2656622.576300002634525, 1513781.599899999797344 ], [ 2656556.313900001347065, 1513732.744100000709295 ], [ 2656491.69370000064373, 1513701.903400000184774 ], [ 2656482.862400002777576, 1513713.289000000804663 ], [ 2656472.17790000140667, 1513728.438200000673532 ], [ 2656326.444600000977516, 1513658.098000001162291 ], [ 2656319.974600002169609, 1513654.151900000870228 ], [ 2656298.728799998760223, 1513675.581999998539686 ], [ 2656296.49719999730587, 1513682.6809 ], [ 2656434.966700002551079, 1513752.295200001448393 ], [ 2656449.873000003397465, 1513758.468199998140335 ], [ 2656435.06360000371933, 1513772.923500001430511 ], [ 2656420.254199996590614, 1513787.378800000995398 ], [ 2656411.276000000536442, 1513795.488800000399351 ], [ 2656387.225400000810623, 1513817.21339999884367 ], [ 2656336.084499999880791, 1513871.388700000941753 ], [ 2656354.796700000762939, 1513874.728000000119209 ], [ 2656505.383199997246265, 1513883.939899999648333 ], [ 2656524.118299998342991, 1513880.509500000625849 ], [ 2656538.4868, 1513865.607799999415874 ], [ 2656567.274899996817112, 1513838.197200000286102 ], [ 2656597.923199996352196, 1513865.084899999201298 ], [ 2656574.155900001525879, 1513890.8885000012815 ], [ 2656556.7162000015378, 1513939.121599998325109 ], [ 2656610.732900001108646, 1513960.797800000756979 ], [ 2656645.76799999922514, 1513855.506400000303984 ], [ 2656659.161100000143051, 1513818.155600000172853 ] ] ] ] } },
{ "type": "Feature", "properties": { "fid": 23, "OBJECTID": 58229, "CVE_COL": "19048_0023", "ID_COL": 58229, "COLONIA": "Bosques de Santa Catarina", "CP": "66359", "CVE_ENT": "19", "NOM_ENT": "Nuevo León", "MUN": "048", "CVE_MUN": "19048", "NOM_MUN": "Santa Catarina", "LOC": "0001", "CVE_LOC": "190480001", "NOM_LOC": "Ciudad Santa Catarina", "SUN_2018": "M19.01", "NOM_SUN": "Monterrey", "POBTOT": 1904.866565, "P6A14NAE": 0.044948, "SBASC": 4.326264, "PSDSS": 13.526801, "OVSDE": 0.0, "OVSEE": 0.015566, "OVSAE": 0.035785, "OVPT": 0.362852, "OVHAC": 6.453844, "OVSREF": 0.946799, "OVSINT": 8.072295, "OVSCEL": 2.051692, "IM_2020": 155.00347743415301, "GM_2020": "Muy bajo", "IMN_2020": 0.98824025079129996, "CLASIF": "Fraccionamiento" }, "geometry": { "type": "MultiPolygon", "coordinates": [ [ [ [ 2648653.743600003421307, 1516757.1294 ], [ 2648804.148100003600121, 1516713.701200000941753 ], [ 2649003.843400001525879, 1516655.709399998188019 ], [ 2649203.538699999451637, 1516597.717000000178814 ], [ 2649197.340499997138977, 1516584.488000001758337 ], [ 2648951.622100003063679, 1515929.141399998217821 ], [ 2649163.714400000870228, 1515846.917599998414516 ], [ 2649405.405699998140335, 1516455.172600001096725 ], [ 2649438.07769999653101, 1516518.444299999624491 ], [ 2649502.713799998164177, 1516492.474199999123812 ], [ 2649605.582500003278255, 1516451.1426 ], [ 2649661.883500002324581, 1516428.521499998867512 ], [ 2649680.646300002932549, 1516420.982900001108646 ], [ 2649691.825400002300739, 1516416.491300001740456 ], [ 2649742.040899999439716, 1516396.315000001341105 ], [ 2649756.751900002360344, 1516390.404199998825788 ], [ 2649779.37219999730587, 1516381.315600000321865 ], [ 2649910.654100000858307, 1516328.552299998700619 ], [ 2649929.215499997138977, 1516321.053199999034405 ], [ 2649992.389499999582767, 1516295.715300001204014 ], [ 2649989.085100002586842, 1516281.096099998801947 ], [ 2649985.157300002872944, 1516271.074700001627207 ], [ 2649982.872400000691414, 1516265.245000001043081 ], [ 2649839.226000003516674, 1516322.435499999672174 ], [ 2649826.373400002717972, 1516319.924199998378754 ], [ 2649779.432700000703335, 1516189.536499999463558 ], [ 2649732.729800000786781, 1516084.959399998188019 ], [ 2649720.880500003695488, 1516055.049100000411272 ], [ 2649719.930299997329712, 1516052.759700000286102 ], [ 2649646.675700001418591, 1515876.261 ], [ 2649632.25, 1515882.825100000947714 ], [ 2649606.471900001168251, 1515894.554900001734495 ], [ 2649596.4679000005126, 1515898.51630000025034 ], [ 2649541.053300000727177, 1515920.084300000220537 ], [ 2649515.049800001084805, 1515930.756299998611212 ], [ 2649500.294200003147125, 1515936.763599999248981 ], [ 2649471.835299998521805, 1515947.868299998342991 ], [ 2649461.004900000989437, 1515951.801699999719858 ], [ 2649449.446800000965595, 1515955.692699998617172 ], [ 2649429.718800000846386, 1515964.5456000007689 ], [ 2649410.499300003051758, 1515973.3277000002563 ], [ 2649371.636900000274181, 1515987.544799998402596 ], [ 2649328.554899998009205, 1516004.604299999773502 ], [ 2649285.472999997437, 1516021.663899999111891 ], [ 2649266.6404, 1516029.046700000762939 ], [ 2649261.181400001049042, 1516031.282800000160933 ], [ 2649205.751999996602535, 1515906.532999999821186 ], [ 2649157.707500003278255, 1515798.403799999505281 ], [ 2649149.294100001454353, 1515779.467399999499321 ], [ 2649145.915500000119209, 1515771.864700000733137 ], [ 2648648.267499998211861, 1515938.374099999666214 ], [ 2648526.879299998283386, 1515976.062199998646975 ], [ 2648488.185599997639656, 1515986.523600000888109 ], [ 2648443.440600000321865, 1515999.569400001317263 ], [ 2648373.623800002038479, 1516020.065400000661612 ], [ 2648275.360799998044968, 1516053.86939999833703 ], [ 2648233.269799999892712, 1516070.565900001674891 ], [ 2648204.125200003385544, 1516080.372000001370907 ], [ 2648188.569899998605251, 1516087.331300001591444 ], [ 2648066.83330000191927, 1516127.811599999666214 ], [ 2648083.880000002682209, 1516193.3462999984622 ], [ 2648119.420699998736382, 1516290.919599998742342 ], [ 2648162.738300003111362, 1516409.047600001096725 ], [ 2648206.3684, 1516522.158399999141693 ], [ 2648322.528599999845028, 1516848.211199998855591 ], [ 2648653.743600003421307, 1516757.1294 ] ] ] ] } },
{ "type": "Feature", "properties": { "fid": 24, "OBJECTID": 58230, "CVE_COL": "19048_0024", "ID_COL": 58230, "COLONIA": "Bosques del Poniente", "CP": "66350", "CVE_ENT": "19", "NOM_ENT": "Nuevo León", "MUN": "048", "CVE_MUN": "19048", "NOM_MUN": "Santa Catarina", "LOC": "0001", "CVE_LOC": "190480001", "NOM_LOC": "Ciudad Santa Catarina", "SUN_2018": "M19.01", "NOM_SUN": "Monterrey", "POBTOT": 1513.266595, "P6A14NAE": 4.094236, "SBASC": 9.982421, "PSDSS": 14.179403, "OVSDE": 0.057529, "OVSEE": 0.076705, "OVSAE": 0.0, "OVPT": 0.772586, "OVHAC": 11.181254, "OVSREF": 1.034791, "OVSINT": 10.911397, "OVSCEL": 3.336016, "IM_2020": 153.25614391535001, "GM_2020": "Muy bajo", "IMN_2020": 0.9770999503062, "CLASIF": "Fraccionamiento" }, "geometry": { "type": "MultiPolygon", "coordinates": [ [ [ [ 2654762.558600001037121, 1515396.140799999237061 ], [ 2654853.019599996507168, 1515335.768500000238419 ], [ 2654925.728000000119209, 1515287.276099998503923 ], [ 2654934.203900001943111, 1515281.620999999344349 ], [ 2654912.743000000715256, 1515251.563700001686811 ], [ 2654868.77250000089407, 1515191.46059999987483 ], [ 2654850.229599997401237, 1515160.139400001615286 ], [ 2654825.693499997258186, 1515131.078499998897314 ], [ 2654787.371200002729893, 1515093.102200001478195 ], [ 2654767.975299999117851, 1515075.393699999898672 ], [ 2654763.416000001132488, 1515061.029899999499321 ], [ 2654736.766800001263618, 1515038.950199998915195 ], [ 2654717.499899998307228, 1515020.071800000965595 ], [ 2654677.679399996995926, 1514947.355999998748302 ], [ 2654672.696099996566772, 1514948.168600000441074 ], [ 2654594.57940000295639, 1514964.387899998575449 ], [ 2654590.469099998474121, 1514965.254000000655651 ], [ 2654586.486900001764297, 1514945.5152000002563 ], [ 2654490.66950000077486, 1514966.506400000303984 ], [ 2654486.257399998605251, 1514978.111600000411272 ], [ 2654398.87389999628067, 1515002.012800000607967 ], [ 2654352.160300001502037, 1515009.967000000178814 ], [ 2654325.741099998354912, 1515014.465500000864267 ], [ 2654315.94200000166893, 1515014.701400000602007 ], [ 2654269.354900002479553, 1515017.454900000244379 ], [ 2654258.510499998927116, 1514979.1875 ], [ 2654255.149400003254414, 1514939.318599998950958 ], [ 2654252.191799998283386, 1514927.737700000405312 ], [ 2654238.86150000244379, 1514926.567699998617172 ], [ 2654152.877099998295307, 1514940.75 ], [ 2654140.516099996864796, 1514942.638300001621246 ], [ 2654136.511500000953674, 1514939.289099998772144 ], [ 2654082.9221, 1514942.077500000596046 ], [ 2654084.115000002086163, 1514909.013099998235703 ], [ 2654128.465400002896786, 1514903.096099998801947 ], [ 2654131.864600002765656, 1514903.034200001507998 ], [ 2654124.588899999856949, 1514875.149000000208616 ], [ 2654087.835199996829033, 1514883.339600000530481 ], [ 2654078.529100000858307, 1514906.939800001680851 ], [ 2654074.524999998509884, 1514933.170099999755621 ], [ 2654075.358999997377396, 1514947.409600000828505 ], [ 2654057.634400002658367, 1514965.658300001174212 ], [ 2654001.017399996519089, 1515022.578400000929832 ], [ 2653992.799099996685982, 1515047.331700000911951 ], [ 2653993.187200002372265, 1515058.558800000697374 ], [ 2653995.302199997007847, 1515082.970899999141693 ], [ 2653999.722699999809265, 1515096.0777000002563 ], [ 2654009.293200001120567, 1515110.765999998897314 ], [ 2654023.770199999213219, 1515123.967099998146296 ], [ 2654038.148800000548363, 1515134.947599999606609 ], [ 2654076.421099998056889, 1515161.472300000488758 ], [ 2654104.525600001215935, 1515186.73759999871254 ], [ 2654117.852300003170967, 1515200.363899998366833 ], [ 2654138.865500003099442, 1515231.614500001072884 ], [ 2654171.898999996483326, 1515294.440400000661612 ], [ 2654178.608300000429153, 1515305.576400000602007 ], [ 2654210.258000001311302, 1515350.379999998956919 ], [ 2654237.580799996852875, 1515402.400199998170137 ], [ 2654245.25110000371933, 1515452.19310000166297 ], [ 2654245.472699999809265, 1515516.894099999219179 ], [ 2654238.1908999979496, 1515550.771299999207258 ], [ 2654210.349600002169609, 1515569.408300001174212 ], [ 2654194.440600000321865, 1515567.008200000971556 ], [ 2654254.680500000715256, 1515640.959300000220537 ], [ 2654266.214000001549721, 1515727.2939000017941 ], [ 2654762.558600001037121, 1515396.140799999237061 ] ] ] ] } },
{ "type": "Feature", "properties": { "fid": 25, "OBJECTID": 58231, "CVE_COL": "19048_0025", "ID_COL": 58231, "COLONIA": "Bosques La Huasteca", "CP": "66354", "CVE_ENT": "19", "NOM_ENT": "Nuevo León", "MUN": "048", "CVE_MUN": "19048", "NOM_MUN": "Santa Catarina", "LOC": "0001", "CVE_LOC": "190480001", "NOM_LOC": "Ciudad Santa Catarina", "SUN_2018": "M19.01", "NOM_SUN": "Monterrey", "POBTOT": 9102.686123, "P6A14NAE": 2.90608, "SBASC": 7.32702, "PSDSS": 15.050072, "OVSDE": 0.0, "OVSEE": 0.033122, "OVSAE": 0.04408, "OVPT": 0.042255, "OVHAC": 14.051016, "OVSREF": 1.834786, "OVSINT": 22.329196, "OVSCEL": 1.31647, "IM_2020": 153.663232973719, "GM_2020": "Muy bajo", "IMN_2020": 0.97969538751709995, "CLASIF": "Fraccionamiento" }, "geometry": { "type": "MultiPolygon", "coordinates": [ [ [ [ 2649806.884800001978874, 1517893.705899998545647 ], [ 2649801.819300003349781, 1517875.741300001740456 ], [ 2649847.986699998378754, 1517801.116399999707937 ], [ 2649905.609399996697903, 1517707.975299999117851 ], [ 2649909.891099996864796, 1517690.51240000128746 ], [ 2649907.6554000005126, 1517659.899399999529123 ], [ 2649866.55290000140667, 1517444.984999999403954 ], [ 2649856.711300000548363, 1517428.446400001645088 ], [ 2649837.905799999833107, 1517323.052999999374151 ], [ 2649823.543600000441074, 1517242.561900001019239 ], [ 2649818.293099999427795, 1517243.549800001084805 ], [ 2649757.893700003623962, 1517237.3816 ], [ 2649627.941600002348423, 1517247.374099999666214 ], [ 2649441.846100002527237, 1517309.086899999529123 ], [ 2649328.755800001323223, 1517330.262299999594688 ], [ 2649265.634199999272823, 1517346.338100001215935 ], [ 2649149.3684, 1517512.6908 ], [ 2649145.050599999725819, 1517514.463899999856949 ], [ 2649145.603200003504753, 1517524.354400001466274 ], [ 2649150.057099997997284, 1517554.490800000727177 ], [ 2649155.460900001227856, 1517561.739100001752377 ], [ 2649159.043399997055531, 1517574.983300000429153 ], [ 2649160.424099996685982, 1517580.087099999189377 ], [ 2649163.882399998605251, 1517595.010000001639128 ], [ 2649180.289399996399879, 1517604.667100001126528 ], [ 2649231.782300002872944, 1517780.180399999022484 ], [ 2649235.968299999833107, 1517783.661100000143051 ], [ 2649237.593000002205372, 1517788.283599998801947 ], [ 2649412.943599998950958, 1517944.436700001358986 ], [ 2649416.634900003671646, 1517949.857599999755621 ], [ 2649424.092000000178814, 1517960.808699999004602 ], [ 2649427.674500003457069, 1517966.06980000063777 ], [ 2649422.717100001871586, 1518212.409600000828505 ], [ 2649422.57490000128746, 1518216.310600001364946 ], [ 2649421.181199997663498, 1518277.206900000572205 ], [ 2649417.270400002598763, 1518322.14640000090003 ], [ 2649435.15089999884367, 1518322.969000000506639 ], [ 2649442.531199999153614, 1518322.536499999463558 ], [ 2649655.008699998259544, 1518342.057100001722574 ], [ 2649766.913900002837181, 1518241.621599998325109 ], [ 2649797.494699999690056, 1517919.493099998682737 ], [ 2649806.884800001978874, 1517893.705899998545647 ] ] ] ] } },
{ "type": "Feature", "properties": { "fid": 26, "OBJECTID": 58233, "CVE_COL": "19048_0026", "ID_COL": 58233, "COLONIA": "Cantizal", "CP": "66168", "CVE_ENT": "19", "NOM_ENT": "Nuevo León", "MUN": "048", "CVE_MUN": "19048", "NOM_MUN": "Santa Catarina", "LOC": "0001", "CVE_LOC": "190480001", "NOM_LOC": "Ciudad Santa Catarina", "SUN_2018": "M19.01", "NOM_SUN": "Monterrey", "POBTOT": 438.217113, "P6A14NAE": 3.799516, "SBASC": 7.849221, "PSDSS": 8.998801, "OVSDE": 0.0, "OVSEE": 0.0, "OVSAE": 0.000988, "OVPT": 0.288334, "OVHAC": 3.356117, "OVSREF": 0.1462, "OVSINT": 3.302514, "OVSCEL": 1.238939, "IM_2020": 154.50348264731599, "GM_2020": "Muy bajo", "IMN_2020": 0.98505248377, "CLASIF": "Residencial" }, "geometry": { "type": "MultiPolygon", "coordinates": [ [ [ [ 2656978.4331, 1512551.23030000180006 ], [ 2656972.507399998605251, 1512545.402899999171495 ], [ 2656968.42230000346899, 1512525.2635000012815 ], [ 2656964.505900003015995, 1512516.885400000959635 ], [ 2656951.560699999332428, 1512521.538899999111891 ], [ 2656933.210799999535084, 1512531.576900001615286 ], [ 2656929.175800003111362, 1512534.146999999880791 ], [ 2656864.998999997973442, 1512529.204100001603365 ], [ 2656865.379000000655651, 1512541.786899998784065 ], [ 2656851.76969999819994, 1512559.399500001221895 ], [ 2656855.281700000166893, 1512573.897799998521805 ], [ 2656848.321000002324581, 1512590.884100001305342 ], [ 2656836.892499998211861, 1512621.439100001007318 ], [ 2656838.996100001037121, 1512639.522199999541044 ], [ 2656838.37950000166893, 1512663.692400000989437 ], [ 2656836.519400000572205, 1512693.91440000012517 ], [ 2656835.938900001347065, 1512710.946800000965595 ], [ 2656835.672399997711182, 1512713.614900000393391 ], [ 2656807.320000000298023, 1512956.566100001335144 ], [ 2656805.746100001037121, 1512962.985399998724461 ], [ 2656801.689099997282028, 1512995.643800001591444 ], [ 2656918.310099996626377, 1513018.7379 ], [ 2657003.435999996960163, 1513039.234299998730421 ], [ 2657057.627400003373623, 1513075.311299998313189 ], [ 2657066.1875, 1513033.429000001400709 ], [ 2657097.284500002861023, 1512766.40989999845624 ], [ 2657093.725000001490116, 1512752.177400000393391 ], [ 2657082.000500001013279, 1512749.313200000673532 ], [ 2657072.683600001037121, 1512738.150400001555681 ], [ 2657071.651600003242493, 1512713.560600001364946 ], [ 2657073.202600002288818, 1512697.638399999588728 ], [ 2657077.090300001204014, 1512677.829199999570847 ], [ 2657080.152000002563, 1512664.355000000447035 ], [ 2657082.629699997603893, 1512642.700899999588728 ], [ 2657076.869099996984005, 1512608.832600001245737 ], [ 2657071.013400003314018, 1512595.864199999719858 ], [ 2657067.874200001358986, 1512577.782699998468161 ], [ 2657059.728900000452995, 1512571.706599999219179 ], [ 2657049.491700001060963, 1512566.811299998313189 ], [ 2657042.842500001192093, 1512567.571100000292063 ], [ 2657017.89019999653101, 1512564.314800001680851 ], [ 2657007.356499999761581, 1512562.510600000619888 ], [ 2656986.741300001740456, 1512558.334600001573563 ], [ 2656978.4331, 1512551.23030000180006 ] ] ] ] } },
{ "type": "Feature", "properties": { "fid": 27, "OBJECTID": 58234, "CVE_COL": "19048_0027", "ID_COL": 58234, "COLONIA": "Cantizal Ii", "CP": "66168", "CVE_ENT": "19", "NOM_ENT": "Nuevo León", "MUN": "048", "CVE_MUN": "19048", "NOM_MUN": "Santa Catarina", "LOC": null, "CVE_LOC": null, "NOM_LOC": null, "SUN_2018": "M19.01", "NOM_SUN": "Monterrey", "POBTOT": 250.020119, "P6A14NAE": 5.16796, "SBASC": 22.176864, "PSDSS": 16.35985, "OVSDE": 0.0, "OVSEE": 0.0, "OVSAE": 0.014915, "OVPT": 0.489406, "OVHAC": 18.382943, "OVSREF": 2.207403, "OVSINT": 18.588965, "OVSCEL": 6.086775, "IM_2020": 151.54868855013399, "GM_2020": "Bajo", "IMN_2020": 0.96621389699780003, "CLASIF": "Residencial" }, "geometry": { "type": "MultiPolygon", "coordinates": [ [ [ [ 2657439.259300000965595, 1513098.053100001066923 ], [ 2657478.517700001597404, 1513107.898800000548363 ], [ 2657504.523900002241135, 1513112.745200000703335 ], [ 2657543.124099999666214, 1513114.227099999785423 ], [ 2657583.273100003600121, 1513113.388300001621246 ], [ 2657686.504000000655651, 1513118.460099998861551 ], [ 2657625.326899997889996, 1512705.726399999111891 ], [ 2657621.626500003039837, 1512708.076299998909235 ], [ 2657606.771899998188019, 1512705.117199998348951 ], [ 2657601.901900000870228, 1512704.910199999809265 ], [ 2657597.031800001859665, 1512704.703200001269579 ], [ 2657592.517200000584126, 1512704.662099998444319 ], [ 2657589.298799999058247, 1512705.850999999791384 ], [ 2657585.223800003528595, 1512709.522399999201298 ], [ 2657582.891199998557568, 1512724.068999998271465 ], [ 2657575.993699997663498, 1512706.031599998474121 ], [ 2657569.276900000870228, 1512697.190400000661612 ], [ 2657559.579999998211861, 1512691.386399999260902 ], [ 2657545.249600000679493, 1512689.0066 ], [ 2657511.651900000870228, 1512686.489700000733137 ], [ 2657485.635799996554852, 1512688.865600001066923 ], [ 2657465.135799996554852, 1512697.089999999850988 ], [ 2657454.691500000655651, 1512703.907400000840425 ], [ 2657442.038900002837181, 1512718.358800001442432 ], [ 2657430.274499997496605, 1512729.114799998700619 ], [ 2657414.774599999189377, 1512735.718299999833107 ], [ 2657393.597900003194809, 1512736.315400000661612 ], [ 2657394.781499996781349, 1512741.352299999445677 ], [ 2657387.311999998986721, 1512741.553800001740456 ], [ 2657372.226599998772144, 1512740.315200001001358 ], [ 2657283.008400000631809, 1512748.587499998509884 ], [ 2657271.142399996519089, 1512754.320900000631809 ], [ 2657250.363799996674061, 1512755.325500000268221 ], [ 2657234.779700003564358, 1512752.123799998313189 ], [ 2657223.848700001835823, 1512748.011799998581409 ], [ 2657159.412100002169609, 1512755.531700000166893 ], [ 2657157.69370000064373, 1512750.488499999046326 ], [ 2657155.997900001704693, 1512743.325100000947714 ], [ 2657191.938699997961521, 1512710.247600000351667 ], [ 2657211.119199998676777, 1512516.506999999284744 ], [ 2657188.994599997997284, 1512459.188200000673532 ], [ 2656978.4331, 1512551.23030000180006 ], [ 2656986.741300001740456, 1512558.334600001573563 ], [ 2657007.356499999761581, 1512562.510600000619888 ], [ 2657017.89019999653101, 1512564.314800001680851 ], [ 2657042.842500001192093, 1512567.571100000292063 ], [ 2657049.491700001060963, 1512566.811299998313189 ], [ 2657059.728900000452995, 1512571.706599999219179 ], [ 2657067.874200001358986, 1512577.782699998468161 ], [ 2657071.013400003314018, 1512595.864199999719858 ], [ 2657076.869099996984005, 1512608.832600001245737 ], [ 2657082.629699997603893, 1512642.700899999588728 ], [ 2657080.152000002563, 1512664.355000000447035 ], [ 2657077.090300001204014, 1512677.829199999570847 ], [ 2657073.202600002288818, 1512697.638399999588728 ], [ 2657071.651600003242493, 1512713.560600001364946 ], [ 2657072.683600001037121, 1512738.150400001555681 ], [ 2657082.000500001013279, 1512749.313200000673532 ], [ 2657093.725000001490116, 1512752.177400000393391 ], [ 2657097.284500002861023, 1512766.40989999845624 ], [ 2657066.1875, 1513033.429000001400709 ], [ 2657057.627400003373623, 1513075.311299998313189 ], [ 2657130.467600002884865, 1513150.59180000051856 ], [ 2657186.015900000929832, 1513194.750599998980761 ], [ 2657268.399700000882149, 1513209.450599998235703 ], [ 2657316.161899998784065, 1513211.445900000631809 ], [ 2657342.837700001895428, 1513193.860199999064207 ], [ 2657417.542300000786781, 1513104.823399998247623 ], [ 2657439.259300000965595, 1513098.053100001066923 ] ] ] ] } },
{ "type": "Feature", "properties": { "fid": 28, "OBJECTID": 58235, "CVE_COL": "19048_0028", "ID_COL": 58235, "COLONIA": "Cantizal Iii", "CP": "66168", "CVE_ENT": "19", "NOM_ENT": "Nuevo León", "MUN": "048", "CVE_MUN": "19048", "NOM_MUN": "Santa Catarina", "LOC": "0001", "CVE_LOC": "190480001", "NOM_LOC": "Ciudad Santa Catarina", "SUN_2018": "M19.01", "NOM_SUN": "Monterrey", "POBTOT": 111.040916, "P6A14NAE": 3.225806, "SBASC": 11.946902, "PSDSS": 8.787542, "OVSDE": 0.0, "OVSEE": 0.0, "OVSAE": 0.0, "OVPT": 0.877193, "OVHAC": 6.265664, "OVSREF": 0.0, "OVSINT": 7.142857, "OVSCEL": 2.882206, "IM_2020": 154.05613039227899, "GM_2020": "Muy bajo", "IMN_2020": 0.98220034450180005, "CLASIF": "Residencial" }, "geometry": { "type": "MultiPolygon", "coordinates": [ [ [ [ 2657188.994599997997284, 1512459.188200000673532 ], [ 2657158.109300002455711, 1512309.254000000655651 ], [ 2657109.789300002157688, 1512334.995999999344349 ], [ 2656927.881499998271465, 1512431.904899999499321 ], [ 2656948.108599998056889, 1512463.127900000661612 ], [ 2656960.668999999761581, 1512501.503100000321865 ], [ 2656962.277199998497963, 1512504.735500000417233 ], [ 2656964.745399996638298, 1512506.946600001305342 ], [ 2656966.8015, 1512507.32880000025034 ], [ 2656965.6537000015378, 1512512.107099998742342 ], [ 2656964.505900003015995, 1512516.885400000959635 ], [ 2656968.42230000346899, 1512525.2635000012815 ], [ 2656972.507399998605251, 1512545.402899999171495 ], [ 2656978.4331, 1512551.23030000180006 ], [ 2657188.994599997997284, 1512459.188200000673532 ] ] ] ] } },
{ "type": "Feature", "properties": { "fid": 29, "OBJECTID": 58236, "CVE_COL": "19048_0029", "ID_COL": 58236, "COLONIA": "Centro de Santa Catarina", "CP": "66350", "CVE_ENT": "19", "NOM_ENT": "Nuevo León", "MUN": "048", "CVE_MUN": "19048", "NOM_MUN": "Santa Catarina", "LOC": "0001", "CVE_LOC": "190480001", "NOM_LOC": "Ciudad Santa Catarina", "SUN_2018": "M19.01", "NOM_SUN": "Monterrey", "POBTOT": 9606.74858, "P6A14NAE": 4.453763, "SBASC": 19.297151, "PSDSS": 17.595139, "OVSDE": 0.002171, "OVSEE": 0.009267, "OVSAE": 0.008174, "OVPT": 0.194674, "OVHAC": 14.626283, "OVSREF": 1.199185, "OVSINT": 18.719165, "OVSCEL": 6.777021, "IM_2020": 151.96593328441801, "GM_2020": "Bajo", "IMN_2020": 0.96887408274130005, "CLASIF": "Colonia" }, "geometry": { "type": "MultiPolygon", "coordinates": [ [ [ [ 2653471.159800000488758, 1515922.020599998533726 ], [ 2653512.024400003254414, 1515913.2982 ], [ 2653682.2820999994874, 1515876.973400000482798 ], [ 2653895.894100002944469, 1515826.283599998801947 ], [ 2654109.532899998128414, 1515775.587099999189377 ], [ 2654266.214000001549721, 1515727.2939000017941 ], [ 2654254.680500000715256, 1515640.959300000220537 ], [ 2654194.440600000321865, 1515567.008200000971556 ], [ 2654210.349600002169609, 1515569.408300001174212 ], [ 2654238.1908999979496, 1515550.771299999207258 ], [ 2654245.472699999809265, 1515516.894099999219179 ], [ 2654245.25110000371933, 1515452.19310000166297 ], [ 2654239.793300002813339, 1515453.161400001496077 ], [ 2654214.645000003278255, 1515451.266800001263618 ], [ 2654215.11370000243187, 1515458.55460000038147 ], [ 2654215.082800000905991, 1515512.256400000303984 ], [ 2654089.228100001811981, 1515513.317600000649691 ], [ 2654090.954800002276897, 1515451.33219999819994 ], [ 2653913.010300002992153, 1515449.151799999177456 ], [ 2653914.940700002014637, 1515472.843299999833107 ], [ 2653918.604000002145767, 1515541.764699999243021 ], [ 2653922.1300999969244, 1515545.239500001072884 ], [ 2653924.08500000089407, 1515549.087699998170137 ], [ 2653923.412799999117851, 1515554.985399998724461 ], [ 2653919.472999997437, 1515558.025699999183416 ], [ 2653914.775700002908707, 1515558.399000000208616 ], [ 2653909.511500000953674, 1515556.7212999984622 ], [ 2653908.234999999403954, 1515553.26240000128746 ], [ 2653895.307099997997284, 1515550.148800000548363 ], [ 2653844.336499996483326, 1515537.878800000995398 ], [ 2653817.563400000333786, 1515494.370200000703335 ], [ 2653817.336099997162819, 1515492.326499998569489 ], [ 2653827.909100003540516, 1515487.393100000917912 ], [ 2653865.109399996697903, 1515476.78660000115633 ], [ 2653908.127300001680851, 1515473.646299999207258 ], [ 2653905.412299998104572, 1515429.82209999859333 ], [ 2653860.420699998736382, 1515439.605799999088049 ], [ 2653856.719300001859665, 1515447.04109999909997 ], [ 2653839.183399997651577, 1515449.569699998944998 ], [ 2653831.087399996817112, 1515439.217500001192093 ], [ 2653833.876999996602535, 1515425.611999999731779 ], [ 2653832.991800002753735, 1515413.398200001567602 ], [ 2653686.955899998545647, 1515443.920800000429153 ], [ 2653692.461199998855591, 1515420.461599998176098 ], [ 2653690.883100003004074, 1515371.496300000697374 ], [ 2653679.282999999821186, 1515329.2162000015378 ], [ 2653670.265799999237061, 1515312.817600000649691 ], [ 2653697.548100002110004, 1515197.312399998307228 ], [ 2653708.695699997246265, 1515119.363299999386072 ], [ 2653725.808899998664856, 1515008.096099998801947 ], [ 2653726.4358000010252, 1515003.892200000584126 ], [ 2653762.179899998009205, 1515008.925500001758337 ], [ 2653777.280699998140335, 1514959.135400000959635 ], [ 2653789.167099997401237, 1514940.591299999505281 ], [ 2653801.411499999463558, 1514940.042599998414516 ], [ 2653810.940600000321865, 1514933.114599999040365 ], [ 2653874.390699997544289, 1514931.030900001525879 ], [ 2653971.411200001835823, 1514922.746800001710653 ], [ 2654074.462200000882149, 1514906.033900000154972 ], [ 2654078.529100000858307, 1514906.939800001680851 ], [ 2654077.197800002992153, 1514896.453400000929832 ], [ 2654053.794399999082088, 1514882.526299998164177 ], [ 2654040.2449000030756, 1514843.1554000005126 ], [ 2654022.014300003647804, 1514806.536699999123812 ], [ 2654103.832099996507168, 1514796.171399999409914 ], [ 2654106.726300001144409, 1514795.894600000232458 ], [ 2654109.855400003492832, 1514810.964499998837709 ], [ 2654115.383100003004074, 1514810.3213 ], [ 2654200.820699997246265, 1514807.835099998861551 ], [ 2654214.320100001990795, 1514863.002099998295307 ], [ 2654214.998199999332428, 1514865.086500000208616 ], [ 2654164.734399996697903, 1514870.530799999833107 ], [ 2654138.160999998450279, 1514873.409600000828505 ], [ 2654138.7434, 1514876.691500000655651 ], [ 2654151.964400000870228, 1514937.624299999326468 ], [ 2654152.877099998295307, 1514940.75 ], [ 2654238.86150000244379, 1514926.567699998617172 ], [ 2654253.081799998879433, 1514922.664000000804663 ], [ 2654338.282700002193451, 1514902.822799999266863 ], [ 2654351.471000000834465, 1515006.423700001090765 ], [ 2654352.160300001502037, 1515009.967000000178814 ], [ 2654398.87389999628067, 1515002.012800000607967 ], [ 2654486.257399998605251, 1514978.111600000411272 ], [ 2654490.66950000077486, 1514966.506400000303984 ], [ 2654586.486900001764297, 1514945.5152000002563 ], [ 2654590.469099998474121, 1514965.254000000655651 ], [ 2654594.57940000295639, 1514964.387899998575449 ], [ 2654672.696099996566772, 1514948.168600000441074 ], [ 2654677.679399996995926, 1514947.355999998748302 ], [ 2654637.523199997842312, 1514872.578000001609325 ], [ 2654615.994199998676777, 1514760.9847999997437 ], [ 2654486.377300001680851, 1514761.105900000780821 ], [ 2654458.305799998342991, 1514761.131099998950958 ], [ 2654221.063900001347065, 1514758.863600000739098 ], [ 2654211.465000003576279, 1514741.509799998253584 ], [ 2654208.650700002908707, 1514736.421900000423193 ], [ 2654130.334200002253056, 1514573.487199999392033 ], [ 2654126.467100001871586, 1514574.951200000941753 ], [ 2654072.898199997842312, 1514595.234200000762939 ], [ 2654104.491499997675419, 1514647.597199998795986 ], [ 2654018.953100003302097, 1514661.019099999219179 ], [ 2653968.251400001347065, 1514552.389800000935793 ], [ 2653955.685000002384186, 1514571.520199999213219 ], [ 2653933.656499996781349, 1514563.640299998223782 ], [ 2653926.114799998700619, 1514518.473200000822544 ], [ 2653941.096100002527237, 1514499.928800001740456 ], [ 2653954.238099999725819, 1514483.661100000143051 ], [ 2653981.617899999022484, 1514446.044399999082088 ], [ 2653975.598700001835823, 1514397.120900001376867 ], [ 2653970.387999996542931, 1514354.768100000917912 ], [ 2653942.078599996864796, 1514266.929400000721216 ], [ 2653933.571099996566772, 1514233.187899999320507 ], [ 2653943.084700003266335, 1514196.448600001633167 ], [ 2653960.243500001728535, 1514170.945700000971556 ], [ 2653975.172600001096725, 1514154.277100000530481 ], [ 2653996.175399996340275, 1514119.551600001752377 ], [ 2654002.17790000140667, 1514104.037200000137091 ], [ 2654016.280900001525879, 1514015.858399998396635 ], [ 2654029.602899998426437, 1513947.105099998414516 ], [ 2654049.805299997329712, 1513904.808699999004602 ], [ 2653912.105599999427795, 1513879.502700001001358 ], [ 2653833.185099996626377, 1513864.65819999948144 ], [ 2653814.874399997293949, 1513983.713300000876188 ], [ 2653809.772100001573563, 1514018.514899998903275 ], [ 2653812.426299996674061, 1514018.956599999219179 ], [ 2653885.194799996912479, 1514031.380300000309944 ], [ 2653888.988200001418591, 1514031.225999999791384 ], [ 2653885.440999999642372, 1514052.704500000923872 ], [ 2653883.772900000214577, 1514064.03830000013113 ], [ 2653879.386399999260902, 1514091.420499999076128 ], [ 2653875.57150000333786, 1514114.314399998635054 ], [ 2653872.282600000500679, 1514113.058400001376867 ], [ 2653801.270000003278255, 1514103.495700001716614 ], [ 2653797.125699996948242, 1514102.941199999302626 ], [ 2653801.717500001192093, 1514073.452399998903275 ], [ 2653755.785400003194809, 1514067.519000001251698 ], [ 2653722.316500000655651, 1514062.4375 ], [ 2653685.381399996578693, 1514056.829599998891354 ], [ 2653679.493600003421307, 1514106.289599999785423 ], [ 2653674.326499998569489, 1514134.993099998682737 ], [ 2653670.793499998748302, 1514157.7412 ], [ 2653556.8838, 1514151.678899999707937 ], [ 2653446.28999999910593, 1514149.733399998396635 ], [ 2653426.160599999129772, 1514143.169100001454353 ], [ 2653319.094700001180172, 1514126.453000001609325 ], [ 2653309.299500003457069, 1514185.833799999207258 ], [ 2653301.179999999701977, 1514243.217999998480082 ], [ 2653294.980899997055531, 1514288.563200000673532 ], [ 2653289.447499997913837, 1514331.390599999576807 ], [ 2653283.862899996340275, 1514375.991399999707937 ], [ 2653275.556100003421307, 1514437.751800000667572 ], [ 2653165.337399996817112, 1514422.188400000333786 ], [ 2653061.875100001692772, 1514409.870799999684095 ], [ 2653057.397900000214577, 1514410.08390000090003 ], [ 2652950.52080000191927, 1514418.385800000280142 ], [ 2652950.468500003218651, 1514437.7314000017941 ], [ 2652942.285999998450279, 1514474.828200001269579 ], [ 2652953.888400003314018, 1514498.2533 ], [ 2652974.657499998807907, 1514511.871899999678135 ], [ 2652994.682300001382828, 1514535.479699999094009 ], [ 2653015.375399999320507, 1514568.433699999004602 ], [ 2653016.83219999819994, 1514570.754000000655651 ], [ 2653032.455300003290176, 1514563.55629999935627 ], [ 2653031.264700002968311, 1514579.54280000180006 ], [ 2653022.2753000035882, 1514580.844300001859665 ], [ 2652997.092600002884865, 1514591.316199999302626 ], [ 2652980.451499998569489, 1514587.660100001841784 ], [ 2652967.865000002086163, 1514578.138799998909235 ], [ 2652956.535400003194809, 1514565.055599998682737 ], [ 2652857.221699997782707, 1514596.260499998927116 ], [ 2652946.444200001657009, 1514776.412300001829863 ], [ 2653039.695200003683567, 1514744.872499998658895 ], [ 2653060.358999997377396, 1514737.835400000214577 ], [ 2653123.642700001597404, 1514716.388099998235703 ], [ 2653243.865699999034405, 1514675.625500001013279 ], [ 2653354.055600002408028, 1514681.594799999147654 ], [ 2653339.493299998342991, 1514778.527800001204014 ], [ 2653328.090700000524521, 1514854.4287 ], [ 2653314.647100001573563, 1514943.914599999785423 ], [ 2653305.834799997508526, 1515002.572700001299381 ], [ 2653292.897799998521805, 1515079.325300000607967 ], [ 2653285.774800002574921, 1515121.584100000560284 ], [ 2653278.579000003635883, 1515164.274999998509884 ], [ 2653276.880999997258186, 1515174.574299998581409 ], [ 2653272.803900003433228, 1515204.358899999409914 ], [ 2653267.274899996817112, 1515244.750700000673532 ], [ 2653263.424699999392033, 1515272.878100000321865 ], [ 2653255.8926, 1515327.990200001746416 ], [ 2653255.39919999986887, 1515331.781500000506639 ], [ 2653254.982799999415874, 1515335.806000001728535 ], [ 2653248.023599997162819, 1515397.706900000572205 ], [ 2653244.831000000238419, 1515419.192400000989437 ], [ 2653241.5033999979496, 1515441.585999999195337 ], [ 2653240.54559999704361, 1515448.032000001519918 ], [ 2653239.996399998664856, 1515451.739399999380112 ], [ 2653234.450499996542931, 1515489.050500001758337 ], [ 2653228.715899996459484, 1515527.642799999564886 ], [ 2653222.299900002777576, 1515570.820700000971556 ], [ 2653215.928300000727177, 1515613.6996 ], [ 2653211.597099997103214, 1515642.847199998795986 ], [ 2653266.157399997115135, 1515643.843499999493361 ], [ 2653300.943800002336502, 1515644.331799998879433 ], [ 2653322.266999997198582, 1515643.717399999499321 ], [ 2653361.953500002622604, 1515642.154500000178814 ], [ 2653414.376500003039837, 1515637.901799999177456 ], [ 2653480.111299999058247, 1515616.945300001651049 ], [ 2653494.829199999570847, 1515609.982900001108646 ], [ 2653503.14469999819994, 1515599.637699998915195 ], [ 2653526.567500002682209, 1515566.688099998980761 ], [ 2653569.699299998581409, 1515500.445300001651049 ], [ 2653581.759999997913837, 1515521.847500000149012 ], [ 2653592.494300000369549, 1515532.259799998253584 ], [ 2653624.536200001835823, 1515552.922699999064207 ], [ 2653669.852899998426437, 1515559.08219999819994 ], [ 2653669.655699998140335, 1515561.794100001454353 ], [ 2653668.518700003623962, 1515762.980700001120567 ], [ 2653569.104400001466274, 1515757.375799998641014 ], [ 2653401.053599998354912, 1515799.121500000357628 ], [ 2653395.619099996984005, 1515800.722199998795986 ], [ 2653358.857799999415874, 1515927.183200001716614 ], [ 2653404.116800002753735, 1515936.147300001233816 ], [ 2653471.159800000488758, 1515922.020599998533726 ] ] ] ] } },
{ "type": "Feature", "properties": { "fid": 30, "OBJECTID": 58237, "CVE_COL": "19048_0030", "ID_COL": 58237, "COLONIA": "Cerradas de Valle Plus", "CP": "66350", "CVE_ENT": "19", "NOM_ENT": "Nuevo León", "MUN": "048", "CVE_MUN": "19048", "NOM_MUN": "Santa Catarina", "LOC": "0001", "CVE_LOC": "190480001", "NOM_LOC": "Ciudad Santa Catarina", "SUN_2018": "M19.01", "NOM_SUN": "Monterrey", "POBTOT": 189.603891, "P6A14NAE": 2.138665, "SBASC": 10.745115, "PSDSS": 14.20355, "OVSDE": 0.001265, "OVSEE": 0.001265, "OVSAE": 0.00253, "OVPT": 0.121207, "OVHAC": 11.280924, "OVSREF": 0.420366, "OVSINT": 10.72794, "OVSCEL": 2.352331, "IM_2020": 153.887211166009, "GM_2020": "Muy bajo", "IMN_2020": 0.98112338299549995, "CLASIF": "Fraccionamiento" }, "geometry": { "type": "MultiPolygon", "coordinates": [ [ [ [ 2652782.123000003397465, 1514832.020500000566244 ], [ 2652852.882600001990795, 1514808.0962999984622 ], [ 2652847.887999996542931, 1514794.425000000745058 ], [ 2652811.467399999499321, 1514694.745299998670816 ], [ 2652722.841300003230572, 1514722.484900001436472 ], [ 2652698.803199999034405, 1514656.312600001692772 ], [ 2652696.439300000667572, 1514649.805100001394749 ], [ 2652654.5669, 1514664.115699999034405 ], [ 2652607.462200000882149, 1514680.229200001806021 ], [ 2652592.840700000524521, 1514689.745900001376867 ], [ 2652588.468199998140335, 1514694.041299998760223 ], [ 2652583.776500001549721, 1514698.650199998170137 ], [ 2652597.650700002908707, 1514740.391100000590086 ], [ 2652611.706900000572205, 1514782.679400000721216 ], [ 2652625.018799997866154, 1514822.728399999439716 ], [ 2652643.772399999201298, 1514878.910999998450279 ], [ 2652654.053800001740456, 1514875.429400000721216 ], [ 2652782.123000003397465, 1514832.020500000566244 ] ] ] ] } },
{ "type": "Feature", "properties": { "fid": 31, "OBJECTID": 58238, "CVE_COL": "19048_0031", "ID_COL": 58238, "COLONIA": "Cerradas del Valle", "CP": "66350", "CVE_ENT": "19", "NOM_ENT": "Nuevo León", "MUN": "048", "CVE_MUN": "19048", "NOM_MUN": "Santa Catarina", "LOC": "0001", "CVE_LOC": "190480001", "NOM_LOC": "Ciudad Santa Catarina", "SUN_2018": "M19.01", "NOM_SUN": "Monterrey", "POBTOT": 39.992905, "P6A14NAE": 2.002002, "SBASC": 9.266488, "PSDSS": 13.249308, "OVSDE": 0.0, "OVSEE": 0.0, "OVSAE": 0.0, "OVPT": 0.124805, "OVHAC": 10.312012, "OVSREF": 0.280987, "OVSINT": 9.313572, "OVSCEL": 1.575663, "IM_2020": 154.199261731034, "GM_2020": "Muy bajo", "IMN_2020": 0.98311289273909996, "CLASIF": "Fraccionamiento" }, "geometry": { "type": "MultiPolygon", "coordinates": [ [ [ [ 2652811.467399999499321, 1514694.745299998670816 ], [ 2652818.167400002479553, 1514693.882599998265505 ], [ 2652816.422899998724461, 1514688.187199998646975 ], [ 2652814.456600002944469, 1514681.137499999254942 ], [ 2652794.934199996292591, 1514623.877700001001358 ], [ 2652791.478100001811981, 1514617.324000000953674 ], [ 2652784.101000003516674, 1514619.845300000160933 ], [ 2652770.735100001096725, 1514625.528499998152256 ], [ 2652728.3733000010252, 1514638.891100000590086 ], [ 2652696.439300000667572, 1514649.805100001394749 ], [ 2652698.803199999034405, 1514656.312600001692772 ], [ 2652722.841300003230572, 1514722.484900001436472 ], [ 2652811.467399999499321, 1514694.745299998670816 ] ] ] ] } },
{ "type": "Feature", "properties": { "fid": 32, "OBJECTID": 58239, "CVE_COL": "19048_0032", "ID_COL": 58239, "COLONIA": "Cerro de Las Mitras (Raul Salinas Lozano)", "CP": "66114", "CVE_ENT": "19", "NOM_ENT": "Nuevo León", "MUN": "048", "CVE_MUN": "19048", "NOM_MUN": "Santa Catarina", "LOC": "0001", "CVE_LOC": "190480001", "NOM_LOC": "Ciudad Santa Catarina", "SUN_2018": "M19.01", "NOM_SUN": "Monterrey", "POBTOT": 1578.232879, "P6A14NAE": 6.463263, "SBASC": 35.849588, "PSDSS": 32.343188, "OVSDE": 0.032371, "OVSEE": 0.032389, "OVSAE": 0.957681, "OVPT": 1.8878, "OVHAC": 27.809703, "OVSREF": 2.221763, "OVSINT": 34.403763, "OVSCEL": 12.014942, "IM_2020": 147.95772393454399, "GM_2020": "Medio", "IMN_2020": 0.94331934113990001, "CLASIF": "Colonia" }, "geometry": { "type": "MultiPolygon", "coordinates": [ [ [ [ 2657498.848800003528595, 1516718.7331000007689 ], [ 2657496.412799999117851, 1516713.454799998551607 ], [ 2657480.559799998998642, 1516679.105200000107288 ], [ 2657466.881099998950958, 1516647.65089999884367 ], [ 2657460.700599998235703, 1516633.438900001347065 ], [ 2657442.002099998295307, 1516588.427700001746416 ], [ 2657422.815700002014637, 1516542.241900000721216 ], [ 2657405.470899999141693, 1516500.489500001072884 ], [ 2657286.61370000243187, 1516554.3838 ], [ 2657203.915600001811981, 1516589.673500001430511 ], [ 2657199.755900003015995, 1516590.005899999290705 ], [ 2657168.980700001120567, 1516604.677999999374151 ], [ 2657153.492399998009205, 1516612.062100000679493 ], [ 2657131.579899996519089, 1516622.5088 ], [ 2657124.57150000333786, 1516625.850499998778105 ], [ 2657048.108400002121925, 1516660.42339999973774 ], [ 2657064.6118, 1516700.999000001698732 ], [ 2657083.381999999284744, 1516747.148299999535084 ], [ 2657102.251800000667572, 1516793.542300000786781 ], [ 2657120.331500001251698, 1516837.993599999696016 ], [ 2657139.101700000464916, 1516884.14299999922514 ], [ 2657180.336599998176098, 1516866.105500001460314 ], [ 2657232.215899996459484, 1516840.852299999445677 ], [ 2657235.145000003278255, 1516839.318599998950958 ], [ 2657248.531400002539158, 1516832.310199998319149 ], [ 2657299.491400003433228, 1516808.531300000846386 ], [ 2657303.823299996554852, 1516807.175000000745058 ], [ 2657357.505800001323223, 1516784.10080000013113 ], [ 2657414.184600003063679, 1516757.933699999004602 ], [ 2657468.789899997413158, 1516733.53770000115037 ], [ 2657498.848800003528595, 1516718.7331000007689 ] ] ] ] } },
{ "type": "Feature", "properties": { "fid": 33, "OBJECTID": 58240, "CVE_COL": "19048_0033", "ID_COL": 58240, "COLONIA": "Cimas de Las Mitras (Ampl Raul Salinas Lozano)", "CP": "66114", "CVE_ENT": "19", "NOM_ENT": "Nuevo León", "MUN": "048", "CVE_MUN": "19048", "NOM_MUN": "Santa Catarina", "LOC": "0001", "CVE_LOC": "190480001", "NOM_LOC": "Ciudad Santa Catarina", "SUN_2018": "M19.01", "NOM_SUN": "Monterrey", "POBTOT": 1880.033718, "P6A14NAE": 4.341492, "SBASC": 32.277125, "PSDSS": 33.381385, "OVSDE": 0.061364, "OVSEE": 0.016326, "OVSAE": 0.699385, "OVPT": 7.86089, "OVHAC": 33.921851, "OVSREF": 2.94059, "OVSINT": 45.5664, "OVSCEL": 12.659127, "IM_2020": 147.56302976181701, "GM_2020": "Medio", "IMN_2020": 0.94080292876839999, "CLASIF": "Colonia" }, "geometry": { "type": "MultiPolygon", "coordinates": [ [ [ [ 2657498.848800003528595, 1516718.7331000007689 ], [ 2657468.789899997413158, 1516733.53770000115037 ], [ 2657414.184600003063679, 1516757.933699999004602 ], [ 2657357.505800001323223, 1516784.10080000013113 ], [ 2657303.823299996554852, 1516807.175000000745058 ], [ 2657299.491400003433228, 1516808.531300000846386 ], [ 2657248.531400002539158, 1516832.310199998319149 ], [ 2657235.145000003278255, 1516839.318599998950958 ], [ 2657232.215899996459484, 1516840.852299999445677 ], [ 2657180.336599998176098, 1516866.105500001460314 ], [ 2657139.101700000464916, 1516884.14299999922514 ], [ 2657157.461400002241135, 1516929.282800000160933 ], [ 2657163.670699998736382, 1516948.135299999266863 ], [ 2657166.707500003278255, 1516957.3581000007689 ], [ 2657173.626199997961521, 1516983.377999998629093 ], [ 2657178.73200000077486, 1517004.978900000452995 ], [ 2657185.937299996614456, 1517029.5132 ], [ 2657197.265600003302097, 1517058.798000000417233 ], [ 2657211.618699997663498, 1517095.902100000530481 ], [ 2657231.152099996805191, 1517087.8293999992311 ], [ 2657260.156400002539158, 1517075.842700000852346 ], [ 2657344.164899997413158, 1517040.123799998313189 ], [ 2657432.64360000193119, 1517008.749600000679493 ], [ 2657462.030599996447563, 1516997.793800000101328 ], [ 2657506.635200001299381, 1516977.561200000345707 ], [ 2657520.450000002980232, 1516969.368900001049042 ], [ 2657585.351499997079372, 1516938.887299999594688 ], [ 2657582.530100002884865, 1516931.420800000429153 ], [ 2657572.180399999022484, 1516904.031300000846386 ], [ 2657567.4551, 1516891.526200000196695 ], [ 2657552.318099997937679, 1516855.515999998897314 ], [ 2657543.8496999964118, 1516836.491599999368191 ], [ 2657534.928400002419949, 1516816.4496 ], [ 2657519.890900000929832, 1516779.785000000149012 ], [ 2657517.869999997317791, 1516774.857500001788139 ], [ 2657513.123099997639656, 1516758.829 ], [ 2657498.848800003528595, 1516718.7331000007689 ] ] ] ] } },
{ "type": "Feature", "properties": { "fid": 34, "OBJECTID": 58241, "CVE_COL": "19048_0034", "ID_COL": 58241, "COLONIA": "Cimas del Poniente", "CP": "66110", "CVE_ENT": "19", "NOM_ENT": "Nuevo León", "MUN": "048", "CVE_MUN": "19048", "NOM_MUN": "Santa Catarina", "LOC": "0001", "CVE_LOC": "190480001", "NOM_LOC": "Ciudad Santa Catarina", "SUN_2018": "M19.01", "NOM_SUN": "Monterrey", "POBTOT": 860.177191, "P6A14NAE": 6.84218, "SBASC": 36.876979, "PSDSS": 26.264837, "OVSDE": 0.004202, "OVSEE": 0.028342, "OVSAE": 1.329865, "OVPT": 1.766623, "OVHAC": 29.803839, "OVSREF": 1.748926, "OVSINT": 31.399585, "OVSCEL": 8.246799, "IM_2020": 148.49248211616401, "GM_2020": "Medio", "IMN_2020": 0.94672874567880005, "CLASIF": "Colonia" }, "geometry": { "type": "MultiPolygon", "coordinates": [ [ [ [ 2657317.100500002503395, 1516291.196600001305342 ], [ 2657304.568300001323223, 1516263.452300000935793 ], [ 2657294.932800002396107, 1516241.949200000613928 ], [ 2657285.550499998033047, 1516221.011199999600649 ], [ 2657278.877300001680851, 1516206.118999999016523 ], [ 2657266.439999997615814, 1516180.171799998730421 ], [ 2657262.852899998426437, 1516170.653000000864267 ], [ 2657244.479599997401237, 1516131.611000001430511 ], [ 2657180.021999999880791, 1516193.074799999594688 ], [ 2657155.413999997079372, 1516216.539900001138449 ], [ 2657146.092500001192093, 1516225.665300000458956 ], [ 2657107.893399998545647, 1516263.373799998313189 ], [ 2657082.758100003004074, 1516288.186200000345707 ], [ 2657074.399400003254414, 1516296.4375 ], [ 2657037.82880000025034, 1516332.538400001823902 ], [ 2656990.210900001227856, 1516352.742800001055002 ], [ 2656980.527400001883507, 1516356.851500000804663 ], [ 2656932.862800002098083, 1516377.075800001621246 ], [ 2656942.179700002074242, 1516399.982799999415874 ], [ 2656956.529600001871586, 1516435.263999998569489 ], [ 2657010.559600003063679, 1516412.211800001561642 ], [ 2657016.201800003647804, 1516409.90430000051856 ], [ 2657039.221600003540516, 1516400.488899998366833 ], [ 2657046.750399999320507, 1516397.719399999827147 ], [ 2657059.898800000548363, 1516389.6754 ], [ 2657086.037100002169609, 1516380.468600001186132 ], [ 2657116.4221, 1516366.880100000649691 ], [ 2657122.800399996340275, 1516381.648800000548363 ], [ 2657196.636699996888638, 1516347.919100001454353 ], [ 2657317.100500002503395, 1516291.196600001305342 ] ] ] ] } },
{ "type": "Feature", "properties": { "fid": 35, "OBJECTID": 58242, "CVE_COL": "19048_0035", "ID_COL": 58242, "COLONIA": "Colinas de Santa Catarina", "CP": "66360", "CVE_ENT": "19", "NOM_ENT": "Nuevo León", "MUN": "048", "CVE_MUN": "19048", "NOM_MUN": "Santa Catarina", "LOC": "0001", "CVE_LOC": "190480001", "NOM_LOC": "Ciudad Santa Catarina", "SUN_2018": "M19.01", "NOM_SUN": "Monterrey", "POBTOT": 665.853098, "P6A14NAE": 1.110257, "SBASC": 6.368123, "PSDSS": 14.440916, "OVSDE": 0.0, "OVSEE": 0.0, "OVSAE": 0.0, "OVPT": 0.174384, "OVHAC": 5.287139, "OVSREF": 0.324451, "OVSINT": 6.152496, "OVSCEL": 1.981404, "IM_2020": 154.67729887939001, "GM_2020": "Muy bajo", "IMN_2020": 0.98616066662900004, "CLASIF": "Colonia" }, "geometry": { "type": "MultiPolygon", "coordinates": [ [ [ [ 2655436.701700001955032, 1516972.35700000077486 ], [ 2655452.081000000238419, 1516951.410399999469519 ], [ 2655458.018500000238419, 1516943.3235 ], [ 2655496.052400000393391, 1516925.4901 ], [ 2655499.765500001609325, 1516923.768399998545647 ], [ 2655521.246200002729893, 1516914.355000000447035 ], [ 2655518.150799997150898, 1516908.269900001585484 ], [ 2655427.212399996817112, 1516728.351500000804663 ], [ 2655422.511100001633167, 1516720.273699998855591 ], [ 2655407.209100000560284, 1516727.82209999859333 ], [ 2655372.493600003421307, 1516744.947000000625849 ], [ 2655338.718999996781349, 1516761.607799999415874 ], [ 2655305.511799998581409, 1516777.988600000739098 ], [ 2655285.151799999177456, 1516788.032000001519918 ], [ 2655272.028499998152256, 1516794.50560000166297 ], [ 2655236.195000000298023, 1516812.18189999833703 ], [ 2655197.879900000989437, 1516831.082499999552965 ], [ 2655156.536399997770786, 1516851.476799998432398 ], [ 2655149.956600002944469, 1516854.700800001621246 ], [ 2655154.029899999499321, 1516862.990299999713898 ], [ 2655174.446999996900558, 1516904.906100001186132 ], [ 2655175.992600001394749, 1516907.688200000673532 ], [ 2655196.54730000346899, 1516897.556800000369549 ], [ 2655214.741400003433228, 1516934.639800000935793 ], [ 2655233.836000002920628, 1516973.558299999684095 ], [ 2655260.897299997508526, 1517028.714499998837709 ], [ 2655264.126000002026558, 1517034.763799998909235 ], [ 2655266.521999999880791, 1517043.592399999499321 ], [ 2655267.533399999141693, 1517046.717099998146296 ], [ 2655278.382500000298023, 1517041.785000000149012 ], [ 2655283.2246999964118, 1517039.583399999886751 ], [ 2655327.243299998342991, 1517020.302099999040365 ], [ 2655335.232199996709824, 1517016.802799999713898 ], [ 2655436.701700001955032, 1516972.35700000077486 ] ] ] ] } },
{ "type": "Feature", "properties": { "fid": 36, "OBJECTID": 58243, "CVE_COL": "19048_0036", "ID_COL": 58243, "COLONIA": "Cooperativa La Union", "CP": "66129", "CVE_ENT": "19", "NOM_ENT": "Nuevo León", "MUN": "048", "CVE_MUN": "19048", "NOM_MUN": "Santa Catarina", "LOC": "0001", "CVE_LOC": "190480001", "NOM_LOC": "Ciudad Santa Catarina", "SUN_2018": "M19.01", "NOM_SUN": "Monterrey", "POBTOT": 760.582997, "P6A14NAE": 7.771, "SBASC": 19.401464, "PSDSS": 20.649934, "OVSDE": 0.0, "OVSEE": 0.04736, "OVSAE": 0.047768, "OVPT": 0.099977, "OVHAC": 12.856882, "OVSREF": 0.588032, "OVSINT": 15.247831, "OVSCEL": 3.842445, "IM_2020": 151.28628835182201, "GM_2020": "Bajo", "IMN_2020": 0.96454093815789999, "CLASIF": "Colonia" }, "geometry": { "type": "MultiPolygon", "coordinates": [ [ [ [ 2656807.020000003278255, 1516091.17960000038147 ], [ 2656793.305799998342991, 1516053.159699998795986 ], [ 2656783.024800002574921, 1516022.927000001072884 ], [ 2656778.919299997389317, 1516010.854200001806021 ], [ 2656769.731499999761581, 1515983.836199998855591 ], [ 2656765.056000001728535, 1515971.353399999439716 ], [ 2656748.588500000536442, 1515930.989900000393391 ], [ 2656732.522600002586842, 1515891.610599998384714 ], [ 2656716.456699997186661, 1515852.2314000017941 ], [ 2656697.5287000015378, 1515806.150199998170137 ], [ 2656659.874200001358986, 1515810.661499999463558 ], [ 2656564.645000003278255, 1515821.390000000596046 ], [ 2656573.159500002861023, 1515868.705200001597404 ], [ 2656581.90259999781847, 1515909.163499999791384 ], [ 2656590.645700000226498, 1515949.621800001710653 ], [ 2656599.411499999463558, 1515990.185600001364946 ], [ 2656608.288000002503395, 1516031.260899998247623 ], [ 2656617.053800001740456, 1516071.8246 ], [ 2656625.462899997830391, 1516111.308699999004602 ], [ 2656634.8882, 1516155.564800001680851 ], [ 2656644.112300001084805, 1516198.875900000333786 ], [ 2656760.072599999606609, 1516183.873799998313189 ], [ 2656784.569600000977516, 1516138.105000000447035 ], [ 2656807.020000003278255, 1516091.17960000038147 ] ] ] ] } },
{ "type": "Feature", "properties": { "fid": 37, "OBJECTID": 58244, "CVE_COL": "19048_0037", "ID_COL": 58244, "COLONIA": "Cooperativa Union del Noroeste", "CP": "66364", "CVE_ENT": "19", "NOM_ENT": "Nuevo León", "MUN": "048", "CVE_MUN": "19048", "NOM_MUN": "Santa Catarina", "LOC": "0001", "CVE_LOC": "190480001", "NOM_LOC": "Ciudad Santa Catarina", "SUN_2018": "M19.01", "NOM_SUN": "Monterrey", "POBTOT": 1223.976253, "P6A14NAE": 5.169461, "SBASC": 20.733542, "PSDSS": 16.331557, "OVSDE": 0.00218, "OVSEE": 0.03301, "OVSAE": 0.389298, "OVPT": 0.406314, "OVHAC": 14.466546, "OVSREF": 1.310708, "OVSINT": 14.970416, "OVSCEL": 7.429195, "IM_2020": 151.719823595397, "GM_2020": "Bajo", "IMN_2020": 0.96730498568080003, "CLASIF": "Colonia" }, "geometry": { "type": "MultiPolygon", "coordinates": [ [ [ [ 2654632.585100002586842, 1516387.223700001835823 ], [ 2654621.807099997997284, 1516363.062600001692772 ], [ 2654515.986400000751019, 1516121.418299999088049 ], [ 2654511.155500002205372, 1516111.512600000947714 ], [ 2654507.085299998521805, 1516097.073699999600649 ], [ 2654490.0996999964118, 1516108.263599999248981 ], [ 2654456.968699999153614, 1516128.668499998748302 ], [ 2654420.105200000107288, 1516137.432199999690056 ], [ 2654377.696800000965595, 1516132.120999999344349 ], [ 2654332.649599999189377, 1516146.83500000089407 ], [ 2654302.029600001871586, 1516152.336500000208616 ], [ 2654279.181599996984005, 1516151.444499999284744 ], [ 2654250.831900000572205, 1516157.287500001490116 ], [ 2654213.438500002026558, 1516164.994300000369549 ], [ 2654131.333200000226498, 1516167.116599999368191 ], [ 2654131.656700000166893, 1516171.716600000858307 ], [ 2654132.164300002157688, 1516178.942200001329184 ], [ 2654132.250900000333786, 1516180.182700000703335 ], [ 2654134.062799997627735, 1516192.918999999761581 ], [ 2654045.891500003635883, 1516225.442200001329184 ], [ 2654063.520499996840954, 1516275.229400001466274 ], [ 2654107.199500001966953, 1516257.568599998950958 ], [ 2654114.968500003218651, 1516304.346500001847744 ], [ 2654091.899899996817112, 1516313.344799999147654 ], [ 2654092.8838, 1516320.878400001674891 ], [ 2654152.644500002264977, 1516518.304000001400709 ], [ 2654154.065099999308586, 1516523.606499999761581 ], [ 2654155.73759999871254, 1516529.848799999803305 ], [ 2654166.395199999213219, 1516562.0962999984622 ], [ 2654168.251599997282028, 1516571.869800001382828 ], [ 2654179.146600000560284, 1516604.464800000190735 ], [ 2654183.409299999475479, 1516613.020500000566244 ], [ 2654207.55629999935627, 1516686.158900000154972 ], [ 2654218.622000001370907, 1516701.596599999815226 ], [ 2654236.310599997639656, 1516690.016699999570847 ], [ 2654271.801700003445148, 1516666.782600000500679 ], [ 2654305.731799997389317, 1516640.103700000792742 ], [ 2654339.662000000476837, 1516613.424699999392033 ], [ 2654373.266800001263618, 1516587.001600001007318 ], [ 2654406.946800000965595, 1516560.519299998879433 ], [ 2654438.655199997127056, 1516535.58729999884963 ], [ 2654453.762199997901917, 1516523.708799999207258 ], [ 2654473.283299997448921, 1516508.359400000423193 ], [ 2654508.859700001776218, 1516480.386 ], [ 2654540.261600002646446, 1516455.694899998605251 ], [ 2654583.298600003123283, 1516421.855200000107288 ], [ 2654613.658500000834465, 1516397.983399998396635 ], [ 2654632.585100002586842, 1516387.223700001835823 ] ] ] ] } },
{ "type": "Feature", "properties": { "fid": 38, "OBJECTID": 58245, "CVE_COL": "19048_0038", "ID_COL": 58245, "COLONIA": "Cordilleras del Virrey", "CP": "66358", "CVE_ENT": "19", "NOM_ENT": "Nuevo León", "MUN": "048", "CVE_MUN": "19048", "NOM_MUN": "Santa Catarina", "LOC": "0001", "CVE_LOC": "190480001", "NOM_LOC": "Ciudad Santa Catarina", "SUN_2018": "M19.01", "NOM_SUN": "Monterrey", "POBTOT": 2610.224388, "P6A14NAE": 2.17513, "SBASC": 9.983963, "PSDSS": 14.88971, "OVSDE": 0.0, "OVSEE": 0.0, "OVSAE": 0.0, "OVPT": 0.182291, "OVHAC": 10.90332, "OVSREF": 0.213332, "OVSINT": 11.452366, "OVSCEL": 2.635457, "IM_2020": 153.87032825513799, "GM_2020": "Muy bajo", "IMN_2020": 0.9810157443002, "CLASIF": "Fraccionamiento" }, "geometry": { "type": "MultiPolygon", "coordinates": [ [ [ [ 2650980.478000000119209, 1515127.798599999397993 ], [ 2651086.997000001370907, 1515087.828400000929832 ], [ 2651104.683700002729893, 1515082.350400000810623 ], [ 2651120.788699999451637, 1515077.559000000357628 ], [ 2651159.42119999974966, 1515063.707800000905991 ], [ 2651202.549999997019768, 1515048.737300001084805 ], [ 2651267.211099997162819, 1515026.521099999547005 ], [ 2651264.916599996387959, 1515005.930599998682737 ], [ 2651261.043399997055531, 1514995.735599998384714 ], [ 2651246.243600003421307, 1514956.779399998486042 ], [ 2651228.382100000977516, 1514912.344999998807907 ], [ 2651199.35980000346899, 1514840.639400001615286 ], [ 2651194.784999996423721, 1514829.339299999177456 ], [ 2651189.506999999284744, 1514816.302000001072884 ], [ 2651175.13120000064373, 1514780.792300000786781 ], [ 2651158.00789999961853, 1514738.495999999344349 ], [ 2651145.080300003290176, 1514706.563400000333786 ], [ 2651139.824799999594688, 1514693.581700000911951 ], [ 2651132.131999999284744, 1514695.30629999935627 ], [ 2650958.804399996995926, 1514763.070900000631809 ], [ 2650648.844700001180172, 1514884.25279999896884 ], [ 2650658.068599998950958, 1514942.425000000745058 ], [ 2650687.327799998223782, 1514998.211399998515844 ], [ 2650749.615699999034405, 1515145.646699998527765 ], [ 2650754.126800000667572, 1515154.25 ], [ 2650763.189400002360344, 1515171.531100001186132 ], [ 2650770.203500002622604, 1515167.135400000959635 ], [ 2650783.917499996721745, 1515203.746199999004602 ], [ 2650851.709200002253056, 1515178.245700001716614 ], [ 2650894.770300000905991, 1515162.047800000756979 ], [ 2650942.189900003373623, 1515144.210400000214577 ], [ 2650980.478000000119209, 1515127.798599999397993 ] ] ] ] } },
{ "type": "Feature", "properties": { "fid": 39, "OBJECTID": 58246, "CVE_COL": "19048_0039", "ID_COL": 58246, "COLONIA": "Cuauhtemoc", "CP": "66350", "CVE_ENT": "19", "NOM_ENT": "Nuevo León", "MUN": "048", "CVE_MUN": "19048", "NOM_MUN": "Santa Catarina", "LOC": "0001", "CVE_LOC": "190480001", "NOM_LOC": "Ciudad Santa Catarina", "SUN_2018": "M19.01", "NOM_SUN": "Monterrey", "POBTOT": 1262.760799, "P6A14NAE": 3.93381, "SBASC": 11.877553, "PSDSS": 13.927108, "OVSDE": 0.04876, "OVSEE": 0.094921, "OVSAE": 0.002491, "OVPT": 0.718602, "OVHAC": 11.150677, "OVSREF": 0.925779, "OVSINT": 11.010577, "OVSCEL": 3.542492, "IM_2020": 153.168592882235, "GM_2020": "Muy bajo", "IMN_2020": 0.97654175989430003, "CLASIF": "Conjunto habitacional" }, "geometry": { "type": "MultiPolygon", "coordinates": [ [ [ [ 2654507.085299998521805, 1516097.073699999600649 ], [ 2654520.182099997997284, 1516081.41440000012517 ], [ 2654539.056599996984005, 1516056.712799999862909 ], [ 2654556.354599997401237, 1516031.17960000038147 ], [ 2654571.400200001895428, 1516017.555799998342991 ], [ 2654610.040500000119209, 1515982.123500000685453 ], [ 2654645.250299997627735, 1515957.777699999511242 ], [ 2654695.912000000476837, 1515937.754599999636412 ], [ 2654744.338600002229214, 1515928.844099998474121 ], [ 2654829.3684, 1515923.122499998658895 ], [ 2654890.804200001060963, 1515920.873100001364946 ], [ 2654948.723600000143051, 1515915.358199998736382 ], [ 2655051.873700000345707, 1515899.012800000607967 ], [ 2655061.788900002837181, 1515884.617800001055002 ], [ 2655112.753700003027916, 1515860.641399998217821 ], [ 2655198.338699996471405, 1515812.646999999880791 ], [ 2655229.837999999523163, 1515790.6743 ], [ 2655311.688000001013279, 1515710.993500001728535 ], [ 2655387.694300003349781, 1515652.441399998962879 ], [ 2655380.048000000417233, 1515557.108399998396635 ], [ 2655361.530799999833107, 1515441.253899998962879 ], [ 2655349.155599996447563, 1515340.638999998569489 ], [ 2655307.012999996542931, 1515343.4978 ], [ 2655317.067800000309944, 1515426.79839999973774 ], [ 2655311.124499998986721, 1515427.208500001579523 ], [ 2655168.802100002765656, 1515485.351700000464916 ], [ 2655164.404700003564358, 1515488.336800001561642 ], [ 2655157.088100001215935, 1515489.540100000798702 ], [ 2655153.148999996483326, 1515497.138999998569489 ], [ 2655144.332400001585484, 1515530.395399998873472 ], [ 2654990.932700000703335, 1515593.641199998557568 ], [ 2654824.732299998402596, 1515664.49100000038743 ], [ 2654798.720499999821186, 1515681.20380000025034 ], [ 2654743.366800002753735, 1515719.021600000560284 ], [ 2654560.365000002086163, 1515770.527699999511242 ], [ 2654340.326200000941753, 1515795.612399999052286 ], [ 2654304.2544, 1515798.883200000971556 ], [ 2654281.971199996769428, 1515800.903599999845028 ], [ 2654290.836999997496605, 1515821.034600000828505 ], [ 2654372.751500003039837, 1516074.770700000226498 ], [ 2654375.22410000115633, 1516103.445799998939037 ], [ 2654377.696800000965595, 1516132.120999999344349 ], [ 2654420.105200000107288, 1516137.432199999690056 ], [ 2654456.968699999153614, 1516128.668499998748302 ], [ 2654490.0996999964118, 1516108.263599999248981 ], [ 2654507.085299998521805, 1516097.073699999600649 ] ] ] ] } },
{ "type": "Feature", "properties": { "fid": 40, "OBJECTID": 58247, "CVE_COL": "19048_0040", "ID_COL": 58247, "COLONIA": "Cumbres de Santa Catarina 1Er Sector", "CP": "66358", "CVE_ENT": "19", "NOM_ENT": "Nuevo León", "MUN": "048", "CVE_MUN": "19048", "NOM_MUN": "Santa Catarina", "LOC": "0001", "CVE_LOC": "190480001", "NOM_LOC": "Ciudad Santa Catarina", "SUN_2018": "M19.01", "NOM_SUN": "Monterrey", "POBTOT": 1088.974869, "P6A14NAE": 2.372924, "SBASC": 10.846385, "PSDSS": 14.177302, "OVSDE": 0.0, "OVSEE": 0.0, "OVSAE": 0.0, "OVPT": 0.003568, "OVHAC": 11.431075, "OVSREF": 0.395334, "OVSINT": 11.731935, "OVSCEL": 2.726923, "IM_2020": 153.803323978984, "GM_2020": "Muy bajo", "IMN_2020": 0.98058855180259996, "CLASIF": "Fraccionamiento" }, "geometry": { "type": "MultiPolygon", "coordinates": [ [ [ [ 2651198.464000001549721, 1515709.404699999839067 ], [ 2651193.566100001335144, 1515696.284200001507998 ], [ 2651190.007399998605251, 1515685.776799999177456 ], [ 2651178.32599999755621, 1515650.060400001704693 ], [ 2651164.045000001788139, 1515612.785000000149012 ], [ 2651149.530000001192093, 1515572.116099998354912 ], [ 2651135.015000000596046, 1515531.447299998253584 ], [ 2651122.02080000191927, 1515491.0320999994874 ], [ 2651165.21169999986887, 1515474.503400001674891 ], [ 2651177.158299997448921, 1515469.622299998998642 ], [ 2651163.964400000870228, 1515432.2533 ], [ 2651148.709600001573563, 1515392.981600001454353 ], [ 2651132.018100000917912, 1515350.137499999254942 ], [ 2651070.001500003039837, 1515373.4206000007689 ], [ 2651003.144599996507168, 1515398.520899999886751 ], [ 2650879.695000000298023, 1515444.867800001055002 ], [ 2650896.0304000005126, 1515486.808499999344349 ], [ 2650911.810400001704693, 1515525.964699998497963 ], [ 2650929.136600002646446, 1515564.846599999815226 ], [ 2650944.602099999785423, 1515604.304000001400709 ], [ 2650960.716899998486042, 1515642.235500000417233 ], [ 2650977.273599997162819, 1515682.083299998193979 ], [ 2650992.6184, 1515719.015299998223782 ], [ 2651007.043200001120567, 1515756.755899999290705 ], [ 2651038.859099999070168, 1515841.729499999433756 ], [ 2651074.544600002467632, 1515812.942800000309944 ], [ 2651083.026600003242493, 1515806.1338 ], [ 2651090.118500001728535, 1515800.158300001174212 ], [ 2651097.005999997258186, 1515794.427499998360872 ], [ 2651198.464000001549721, 1515709.404699999839067 ] ] ] ] } },
{ "type": "Feature", "properties": { "fid": 41, "OBJECTID": 58248, "CVE_COL": "19048_0041", "ID_COL": 58248, "COLONIA": "Cumbres de Santa Catarina 2Do Sector", "CP": "66358", "CVE_ENT": "19", "NOM_ENT": "Nuevo León", "MUN": "048", "CVE_MUN": "19048", "NOM_MUN": "Santa Catarina", "LOC": "0001", "CVE_LOC": "190480001", "NOM_LOC": "Ciudad Santa Catarina", "SUN_2018": "M19.01", "NOM_SUN": "Monterrey", "POBTOT": 906.911896, "P6A14NAE": 5.405454, "SBASC": 11.092357, "PSDSS": 13.050961, "OVSDE": 0.0, "OVSEE": 0.0, "OVSAE": 0.0, "OVPT": 0.02035, "OVHAC": 12.433725, "OVSREF": 0.612263, "OVSINT": 11.481296, "OVSCEL": 2.721546, "IM_2020": 153.138644337968, "GM_2020": "Muy bajo", "IMN_2020": 0.97635081993999995, "CLASIF": "Fraccionamiento" }, "geometry": { "type": "MultiPolygon", "coordinates": [ [ [ [ 2651449.090400002896786, 1515494.412500001490116 ], [ 2651437.240099996328354, 1515466.199700001627207 ], [ 2651421.982199996709824, 1515427.69310000166297 ], [ 2651406.936200000345707, 1515389.475900001823902 ], [ 2651392.588100001215935, 1515348.94029999896884 ], [ 2651377.876400001347065, 1515308.103900000452995 ], [ 2651360.833499997854233, 1515264.232299998402596 ], [ 2651250.356899999082088, 1515305.709100000560284 ], [ 2651132.018100000917912, 1515350.137499999254942 ], [ 2651148.709600001573563, 1515392.981600001454353 ], [ 2651163.964400000870228, 1515432.2533 ], [ 2651177.158299997448921, 1515469.622299998998642 ], [ 2651165.21169999986887, 1515474.503400001674891 ], [ 2651122.02080000191927, 1515491.0320999994874 ], [ 2651135.015000000596046, 1515531.447299998253584 ], [ 2651149.530000001192093, 1515572.116099998354912 ], [ 2651164.045000001788139, 1515612.785000000149012 ], [ 2651178.32599999755621, 1515650.060400001704693 ], [ 2651190.007399998605251, 1515685.776799999177456 ], [ 2651193.566100001335144, 1515696.284200001507998 ], [ 2651198.464000001549721, 1515709.404699999839067 ], [ 2651214.290799997746944, 1515696.147399999201298 ], [ 2651278.064499996602535, 1515641.796999998390675 ], [ 2651428.864799998700619, 1515511.842300001531839 ], [ 2651449.090400002896786, 1515494.412500001490116 ] ] ] ] } },
{ "type": "Feature", "properties": { "fid": 42, "OBJECTID": 58249, "CVE_COL": "19048_0042", "ID_COL": 58249, "COLONIA": "Cumbres de Santa Catarina 3Er Sector", "CP": "66358", "CVE_ENT": "19", "NOM_ENT": "Nuevo León", "MUN": "048", "CVE_MUN": "19048", "NOM_MUN": "Santa Catarina", "LOC": "0001", "CVE_LOC": "190480001", "NOM_LOC": "Ciudad Santa Catarina", "SUN_2018": "M19.01", "NOM_SUN": "Monterrey", "POBTOT": 850.380306, "P6A14NAE": 5.379215, "SBASC": 11.090367, "PSDSS": 13.06027, "OVSDE": 0.0, "OVSEE": 0.0, "OVSAE": 0.0, "OVPT": 0.020212, "OVHAC": 12.425447, "OVSREF": 0.610472, "OVSINT": 11.483366, "OVSCEL": 2.721591, "IM_2020": 153.14440188625801, "GM_2020": "Muy bajo", "IMN_2020": 0.97638752776790005, "CLASIF": "Fraccionamiento" }, "geometry": { "type": "MultiPolygon", "coordinates": [ [ [ [ 2651132.018100000917912, 1515350.137499999254942 ], [ 2651250.356899999082088, 1515305.709100000560284 ], [ 2651360.833499997854233, 1515264.232299998402596 ], [ 2651357.717399999499321, 1515256.7820999994874 ], [ 2651342.732299998402596, 1515220.953699998557568 ], [ 2651328.268899999558926, 1515180.791400000452995 ], [ 2651312.210100002586842, 1515142.625100001692772 ], [ 2651296.76240000128746, 1515103.24040000140667 ], [ 2651282.011500000953674, 1515063.8871 ], [ 2651267.211099997162819, 1515026.521099999547005 ], [ 2651202.549999997019768, 1515048.737300001084805 ], [ 2651159.42119999974966, 1515063.707800000905991 ], [ 2651120.788699999451637, 1515077.559000000357628 ], [ 2651104.683700002729893, 1515082.350400000810623 ], [ 2651086.997000001370907, 1515087.828400000929832 ], [ 2650980.478000000119209, 1515127.798599999397993 ], [ 2650997.820299997925758, 1515170.540100000798702 ], [ 2651010.681100003421307, 1515210.198800001293421 ], [ 2651023.605099998414516, 1515247.413400001823902 ], [ 2651039.003100000321865, 1515286.93189999833703 ], [ 2651052.909000001847744, 1515327.279399998486042 ], [ 2651070.001500003039837, 1515373.4206000007689 ], [ 2651132.018100000917912, 1515350.137499999254942 ] ] ] ] } },
{ "type": "Feature", "properties": { "fid": 43, "OBJECTID": 58250, "CVE_COL": "19048_0043", "ID_COL": 58250, "COLONIA": "Cumbres de Santa Catarina 4To Sector", "CP": "66358", "CVE_ENT": "19", "NOM_ENT": "Nuevo León", "MUN": "048", "CVE_MUN": "19048", "NOM_MUN": "Santa Catarina", "LOC": "0001", "CVE_LOC": "190480001", "NOM_LOC": "Ciudad Santa Catarina", "SUN_2018": "M19.01", "NOM_SUN": "Monterrey", "POBTOT": 694.219549, "P6A14NAE": 1.783357, "SBASC": 10.794524, "PSDSS": 14.408772, "OVSDE": 0.0, "OVSEE": 0.0, "OVSAE": 0.0, "OVPT": 0.000116, "OVHAC": 11.224766, "OVSREF": 0.350698, "OVSINT": 11.783508, "OVSCEL": 2.728029, "IM_2020": 153.93236981219201, "GM_2020": "Muy bajo", "IMN_2020": 0.98141129648339998, "CLASIF": "Fraccionamiento" }, "geometry": { "type": "MultiPolygon", "coordinates": [ [ [ [ 2651070.001500003039837, 1515373.4206000007689 ], [ 2651052.909000001847744, 1515327.279399998486042 ], [ 2651039.003100000321865, 1515286.93189999833703 ], [ 2651023.605099998414516, 1515247.413400001823902 ], [ 2651010.681100003421307, 1515210.198800001293421 ], [ 2650997.820299997925758, 1515170.540100000798702 ], [ 2650980.478000000119209, 1515127.798599999397993 ], [ 2650942.189900003373623, 1515144.210400000214577 ], [ 2650894.770300000905991, 1515162.047800000756979 ], [ 2650851.709200002253056, 1515178.245700001716614 ], [ 2650783.917499996721745, 1515203.746199999004602 ], [ 2650799.200199998915195, 1515242.902100000530481 ], [ 2650813.422200001776218, 1515281.310199998319149 ], [ 2650828.821400001645088, 1515319.929400000721216 ], [ 2650845.20380000025034, 1515359.714800000190735 ], [ 2650862.201899997889996, 1515399.513599999248981 ], [ 2650876.570500001311302, 1515436.767000000923872 ], [ 2650879.695000000298023, 1515444.867800001055002 ], [ 2651003.144599996507168, 1515398.520899999886751 ], [ 2651070.001500003039837, 1515373.4206000007689 ] ] ] ] } },
{ "type": "Feature", "properties": { "fid": 44, "OBJECTID": 58252, "CVE_COL": "19048_0044", "ID_COL": 58252, "COLONIA": "Efimec", "CP": "66169", "CVE_ENT": "19", "NOM_ENT": "Nuevo León", "MUN": "048", "CVE_MUN": "19048", "NOM_MUN": "Santa Catarina", "LOC": "0001", "CVE_LOC": "190480001", "NOM_LOC": "Ciudad Santa Catarina", "SUN_2018": "M19.01", "NOM_SUN": "Monterrey", "POBTOT": 202.496567, "P6A14NAE": 3.713528, "SBASC": 23.588253, "PSDSS": 18.381963, "OVSDE": 0.026752, "OVSEE": 0.24077, "OVSAE": 0.080257, "OVPT": 0.321027, "OVHAC": 18.860353, "OVSREF": 3.106588, "OVSINT": 26.110219, "OVSCEL": 7.784912, "IM_2020": 151.22668188611499, "GM_2020": "Bajo", "IMN_2020": 0.96416091114439995, "CLASIF": "Fraccionamiento" }, "geometry": { "type": "MultiPolygon", "coordinates": [ [ [ [ 2656743.095399998128414, 1514052.433299999684095 ], [ 2656697.733900003135204, 1514060.6570999994874 ], [ 2656697.763700000941753, 1514072.947700001299381 ], [ 2656721.723499998450279, 1514104.963300000876188 ], [ 2656758.476899996399879, 1514162.951699998229742 ], [ 2656784.505900003015995, 1514200.94649999961257 ], [ 2656795.970899999141693, 1514217.540800001472235 ], [ 2656735.716499999165535, 1514246.980399999767542 ], [ 2656724.974200002849102, 1514250.995099999010563 ], [ 2656767.927100002765656, 1514303.855900000780821 ], [ 2656784.657799996435642, 1514306.321199998259544 ], [ 2656804.538400001823902, 1514312.69709999859333 ], [ 2656861.691399998962879, 1514325.495299998670816 ], [ 2656893.225100003182888, 1514333.392499998211861 ], [ 2656925.246399998664856, 1514350.2018 ], [ 2656926.279600001871586, 1514345.844999998807907 ], [ 2656829.953199997544289, 1514056.545499999076128 ], [ 2656828.58110000193119, 1514052.424699999392033 ], [ 2656793.110799998044968, 1514052.428300000727177 ], [ 2656750.9375, 1514052.432500001043081 ], [ 2656743.095399998128414, 1514052.433299999684095 ] ] ] ] } },
{ "type": "Feature", "properties": { "fid": 45, "OBJECTID": 58253, "CVE_COL": "19048_0045", "ID_COL": 58253, "COLONIA": "El Aguacatal", "CP": "66187", "CVE_ENT": "19", "NOM_ENT": "Nuevo León", "MUN": "048", "CVE_MUN": "19048", "NOM_MUN": "Santa Catarina", "LOC": "0001", "CVE_LOC": "190480001", "NOM_LOC": "Ciudad Santa Catarina", "SUN_2018": "M19.01", "NOM_SUN": "Monterrey", "POBTOT": 141.948806, "P6A14NAE": 6.451677, "SBASC": 7.78832, "PSDSS": 11.097567, "OVSDE": 0.0, "OVSEE": 0.073904, "OVSAE": 0.073906, "OVPT": 0.812956, "OVHAC": 6.136303, "OVSREF": 0.222036, "OVSINT": 8.279489, "OVSCEL": 1.922202, "IM_2020": 153.44331226198801, "GM_2020": "Muy bajo", "IMN_2020": 0.97829326091369995, "CLASIF": "Fraccionamiento" }, "geometry": { "type": "MultiPolygon", "coordinates": [ [ [ [ 2655849.980700001120567, 1513469.16780000180006 ], [ 2655848.108599998056889, 1513461.0702 ], [ 2655829.898000001907349, 1513413.059999998658895 ], [ 2655836.473499998450279, 1513346.236299999058247 ], [ 2655835.326800003647804, 1513335.575399998575449 ], [ 2655858.939900003373623, 1513098.374200001358986 ], [ 2655857.543999999761581, 1513087.530900001525879 ], [ 2655850.687399998307228, 1513087.193599998950958 ], [ 2655810.589699998497963, 1513085.222300000488758 ], [ 2655760.928900003433228, 1513082.397300001233816 ], [ 2655747.063100002706051, 1513079.8651 ], [ 2655746.513899996876717, 1513085.9527000002563 ], [ 2655745.483599998056889, 1513116.535700000822544 ], [ 2655727.429899998009205, 1513275.050000000745058 ], [ 2655699.994699999690056, 1513381.197599999606609 ], [ 2655703.052199997007847, 1513406.932399999350309 ], [ 2655713.2412, 1513454.983399998396635 ], [ 2655717.6316, 1513520.500300001353025 ], [ 2655718.206600002944469, 1513526.021899998188019 ], [ 2655849.980700001120567, 1513469.16780000180006 ] ] ] ] } },
{ "type": "Feature", "properties": { "fid": 46, "OBJECTID": 58254, "CVE_COL": "19048_0046", "ID_COL": 58254, "COLONIA": "El Blanqueo", "CP": "66100", "CVE_ENT": "19", "NOM_ENT": "Nuevo León", "MUN": "048", "CVE_MUN": "19048", "NOM_MUN": "Santa Catarina", "LOC": "0001", "CVE_LOC": "190480001", "NOM_LOC": "Ciudad Santa Catarina", "SUN_2018": "M19.01", "NOM_SUN": "Monterrey", "POBTOT": 111.831359, "P6A14NAE": 5.172122, "SBASC": 14.65407, "PSDSS": 15.777261, "OVSDE": 6.0000000000000002e-06, "OVSEE": 0.0, "OVSAE": 0.0, "OVPT": 0.26181, "OVHAC": 12.414934, "OVSREF": 0.601123, "OVSINT": 12.3633, "OVSCEL": 3.633018, "IM_2020": 152.64386621913599, "GM_2020": "Muy bajo", "IMN_2020": 0.97319631231000003, "CLASIF": "Barrio" }, "geometry": { "type": "MultiPolygon", "coordinates": [ [ [ [ 2655895.177400000393391, 1514041.491700001060963 ], [ 2655891.292599998414516, 1514037.349199999123812 ], [ 2655854.798100002110004, 1513998.437199998646975 ], [ 2655833.6743, 1513967.7018 ], [ 2655785.481700003147125, 1513972.896800000220537 ], [ 2655750.965199999511242, 1513980.887200001627207 ], [ 2655727.9265, 1514006.610800001770258 ], [ 2655721.025499999523163, 1514016.4199 ], [ 2655717.845100000500679, 1514020.940000001341105 ], [ 2655749.594999998807907, 1514040.203400000929832 ], [ 2655780.462499998509884, 1514058.416600000113249 ], [ 2655801.94539999961853, 1514065.636799998581409 ], [ 2655856.841899998486042, 1514051.155699998140335 ], [ 2655895.177400000393391, 1514041.491700001060963 ] ] ] ] } },
{ "type": "Feature", "properties": { "fid": 47, "OBJECTID": 58256, "CVE_COL": "19048_0047", "ID_COL": 58256, "COLONIA": "El Castillo", "CP": "66350", "CVE_ENT": "19", "NOM_ENT": "Nuevo León", "MUN": "048", "CVE_MUN": "19048", "NOM_MUN": "Santa Catarina", "LOC": "0001", "CVE_LOC": "190480001", "NOM_LOC": "Ciudad Santa Catarina", "SUN_2018": "M19.01", "NOM_SUN": "Monterrey", "POBTOT": 524.123657, "P6A14NAE": 5.045872, "SBASC": 18.048781, "PSDSS": 19.972067, "OVSDE": 0.0, "OVSEE": 0.0, "OVSAE": 0.084317, "OVPT": 0.112423, "OVHAC": 16.188871, "OVSREF": 2.501405, "OVSINT": 18.156268, "OVSCEL": 4.15964, "IM_2020": 151.82712061174001, "GM_2020": "Bajo", "IMN_2020": 0.96798906859360001, "CLASIF": "Colonia" }, "geometry": { "type": "MultiPolygon", "coordinates": [ [ [ [ 2652950.52080000191927, 1514418.385800000280142 ], [ 2653057.397900000214577, 1514410.08390000090003 ], [ 2653061.875100001692772, 1514409.870799999684095 ], [ 2653066.859899997711182, 1514364.741900000721216 ], [ 2652967.355899997055531, 1514357.271000001579523 ], [ 2652968.375299997627735, 1514353.541799999773502 ], [ 2652987.909100003540516, 1514282.101399999111891 ], [ 2652988.920400001108646, 1514278.404599998146296 ], [ 2652912.835299998521805, 1514269.257199998944998 ], [ 2652796.267899997532368, 1514254.933299999684095 ], [ 2652749.448299996554852, 1514248.915600001811981 ], [ 2652740.526600003242493, 1514321.565499998629093 ], [ 2652739.7162000015378, 1514339.349700000137091 ], [ 2652773.634900003671646, 1514436.556400001049042 ], [ 2652812.009700000286102, 1514414.403900001198053 ], [ 2652858.153499998152256, 1514394.041000001132488 ], [ 2652872.711499996483326, 1514439.639400001615286 ], [ 2652875.8429000005126, 1514437.782900001853704 ], [ 2652910.579899996519089, 1514417.190999999642372 ], [ 2652950.52080000191927, 1514418.385800000280142 ] ] ] ] } },
{ "type": "Feature", "properties": { "fid": 48, "OBJECTID": 58257, "CVE_COL": "19048_0048", "ID_COL": 58257, "COLONIA": "El Escorial", "CP": "66363", "CVE_ENT": "19", "NOM_ENT": "Nuevo León", "MUN": "048", "CVE_MUN": "19048", "NOM_MUN": "Santa Catarina", "LOC": "0001", "CVE_LOC": "190480001", "NOM_LOC": "Ciudad Santa Catarina", "SUN_2018": "M19.01", "NOM_SUN": "Monterrey", "POBTOT": 414.689697, "P6A14NAE": 6.52819, "SBASC": 23.938617, "PSDSS": 21.523437, "OVSDE": 0.156128, "OVSEE": 0.039032, "OVSAE": 2.068696, "OVPT": 3.395784, "OVHAC": 21.194379, "OVSREF": 4.332552, "OVSINT": 34.426229, "OVSCEL": 6.518345, "IM_2020": 149.728445661677, "GM_2020": "Medio", "IMN_2020": 0.95460875549799995, "CLASIF": "Fraccionamiento" }, "geometry": { "type": "MultiPolygon", "coordinates": [ [ [ [ 2653854.707500003278255, 1516836.332899998873472 ], [ 2653839.696199998259544, 1516790.301600001752377 ], [ 2653806.039800003170967, 1516678.811900001019239 ], [ 2653792.436499997973442, 1516633.749800000339746 ], [ 2653783.532600000500679, 1516586.869300000369549 ], [ 2653773.476300001144409, 1516542.509799998253584 ], [ 2653757.211599998176098, 1516468.292700000107288 ], [ 2653734.824100002646446, 1516379.212900001555681 ], [ 2653733.748599998652935, 1516374.342700000852346 ], [ 2653728.539800003170967, 1516378.732500001788139 ], [ 2653722.050999999046326, 1516376.540300000458956 ], [ 2653624.256099998950958, 1516446.9518 ], [ 2653627.293600000441074, 1516456.125300001353025 ], [ 2653645.710400000214577, 1516560.138000000268221 ], [ 2653652.576700001955032, 1516597.00730000063777 ], [ 2653654.106200002133846, 1516604.046900000423193 ], [ 2653670.166299998760223, 1516595.213500000536442 ], [ 2653724.528099998831749, 1516829.774000000208616 ], [ 2653725.798000000417233, 1516834.839800000190735 ], [ 2653730.381700001657009, 1516832.973799999803305 ], [ 2653741.376400001347065, 1516877.043800000101328 ], [ 2653776.2478, 1516864.517299998551607 ], [ 2653854.707500003278255, 1516836.332899998873472 ] ] ] ] } },
{ "type": "Feature", "properties": { "fid": 49, "OBJECTID": 58258, "CVE_COL": "19048_0049", "ID_COL": 58258, "COLONIA": "El Frutal", "CP": "66367", "CVE_ENT": "19", "NOM_ENT": "Nuevo León", "MUN": "048", "CVE_MUN": "19048", "NOM_MUN": "Santa Catarina", "LOC": "0001", "CVE_LOC": "190480001", "NOM_LOC": "Ciudad Santa Catarina", "SUN_2018": "M19.01", "NOM_SUN": "Monterrey", "POBTOT": 227.182487, "P6A14NAE": 5.988282, "SBASC": 16.213063, "PSDSS": 19.313047, "OVSDE": 0.000303, "OVSEE": 0.000152, "OVSAE": 0.001136, "OVPT": 0.176363, "OVHAC": 15.208134, "OVSREF": 0.474847, "OVSINT": 20.817131, "OVSCEL": 5.809451, "IM_2020": 151.771658672401, "GM_2020": "Bajo", "IMN_2020": 0.96763546542449996, "CLASIF": "Fraccionamiento" }, "geometry": { "type": "MultiPolygon", "coordinates": [ [ [ [ 2653233.304300002753735, 1516449.610100001096725 ], [ 2653230.137299999594688, 1516437.310499999672174 ], [ 2653217.747100003063679, 1516394.080800000578165 ], [ 2653211.056400001049042, 1516370.736900001764297 ], [ 2653205.409100003540516, 1516370.800799999386072 ], [ 2653065.075800001621246, 1516372.385899998247623 ], [ 2653058.715000003576279, 1516372.457600001245737 ], [ 2653054.849899999797344, 1516372.678100001066923 ], [ 2652895.0669, 1516381.78830000013113 ], [ 2652887.587700001895428, 1516382.214899998158216 ], [ 2652935.08500000089407, 1516765.112500000745058 ], [ 2653054.432899996638298, 1516632.825599998235703 ], [ 2653233.304300002753735, 1516449.610100001096725 ] ] ] ] } },
{ "type": "Feature", "properties": { "fid": 50, "OBJECTID": 58259, "CVE_COL": "19048_0050", "ID_COL": 58259, "COLONIA": "El Horreo", "CP": "66354", "CVE_ENT": "19", "NOM_ENT": "Nuevo León", "MUN": "048", "CVE_MUN": "19048", "NOM_MUN": "Santa Catarina", "LOC": "0001", "CVE_LOC": "190480001", "NOM_LOC": "Ciudad Santa Catarina", "SUN_2018": "M19.01", "NOM_SUN": "Monterrey", "POBTOT": 65.056707, "P6A14NAE": 4.511123, "SBASC": 20.005023, "PSDSS": 15.868134, "OVSDE": 0.0, "OVSEE": 0.0, "OVSAE": 0.16139, "OVPT": 0.575728, "OVHAC": 12.381559, "OVSREF": 0.668643, "OVSINT": 15.079185, "OVSCEL": 5.929675, "IM_2020": 152.17530960310401, "GM_2020": "Bajo", "IMN_2020": 0.97020898250679999, "CLASIF": "Colonia" }, "geometry": { "type": "MultiPolygon", "coordinates": [ [ [ [ 2654697.766099996864796, 1512578.372600000351667 ], [ 2654603.933700002729893, 1512526.204999998211861 ], [ 2654594.267800003290176, 1512521.609900001436472 ], [ 2654576.738600000739098, 1512553.216499999165535 ], [ 2654569.201399996876717, 1512567.150499999523163 ], [ 2654568.689300000667572, 1512567.9391999989748 ], [ 2654573.540899999439716, 1512576.406700000166893 ], [ 2654659.68299999833107, 1512629.462200000882149 ], [ 2654697.766099996864796, 1512578.372600000351667 ] ] ] ] } },
{ "type": "Feature", "properties": { "fid": 51, "OBJECTID": 58260, "CVE_COL": "19048_0051", "ID_COL": 58260, "COLONIA": "El Lechugal", "CP": "66350", "CVE_ENT": "19", "NOM_ENT": "Nuevo León", "MUN": "048", "CVE_MUN": "19048", "NOM_MUN": "Santa Catarina", "LOC": "0001", "CVE_LOC": "190480001", "NOM_LOC": "Ciudad Santa Catarina", "SUN_2018": "M19.01", "NOM_SUN": "Monterrey", "POBTOT": 1296.950096, "P6A14NAE": 3.109932, "SBASC": 12.624917, "PSDSS": 18.597386, "OVSDE": 0.054453, "OVSEE": 0.037596, "OVSAE": 0.030708, "OVPT": 0.526122, "OVHAC": 10.947897, "OVSREF": 0.480827, "OVSINT": 15.603271, "OVSCEL": 3.397476, "IM_2020": 152.996902714393, "GM_2020": "Muy bajo", "IMN_2020": 0.97544713197150001, "CLASIF": "Colonia" }, "geometry": { "type": "MultiPolygon", "coordinates": [ [ [ [ 2656158.005500003695488, 1514921.766399998217821 ], [ 2656186.080300003290176, 1514921.53940000012517 ], [ 2656304.675499998033047, 1514920.580299999564886 ], [ 2656304.714000001549721, 1514918.245400000363588 ], [ 2656304.79389999806881, 1514913.394999999552965 ], [ 2656304.87389999628067, 1514908.544599998742342 ], [ 2656262.527500003576279, 1514826.284499999135733 ], [ 2656284.13459999859333, 1514789.553599998354912 ], [ 2656263.631499998271465, 1514788.337699998170137 ], [ 2656146.825199998915195, 1514781.534299999475479 ], [ 2656136.535700000822544, 1514765.969900000840425 ], [ 2656128.218299999833107, 1514754.920400001108646 ], [ 2655936.360500000417233, 1514459.1996 ], [ 2655925.76969999819994, 1514443.272599998861551 ], [ 2655886.356799997389317, 1514384.001299999654293 ], [ 2655853.139799997210503, 1514348.907600000500679 ], [ 2655770.0574000030756, 1514266.913499999791384 ], [ 2655768.442699998617172, 1514129.330899998545647 ], [ 2655760.413699999451637, 1514089.488299999386072 ], [ 2655781.646300002932549, 1514080.644400000572205 ], [ 2655801.94539999961853, 1514065.636799998581409 ], [ 2655780.462499998509884, 1514058.416600000113249 ], [ 2655749.594999998807907, 1514040.203400000929832 ], [ 2655717.845100000500679, 1514020.940000001341105 ], [ 2655707.268899999558926, 1514023.276900000870228 ], [ 2655685.435900002717972, 1514035.637299999594688 ], [ 2655680.961900003254414, 1514046.578600000590086 ], [ 2655678.014399997889996, 1514053.786899998784065 ], [ 2655667.412600003182888, 1514054.2599 ], [ 2655605.416000001132488, 1514030.242400001734495 ], [ 2655550.076899997889996, 1514002.713599998503923 ], [ 2655524.147200003266335, 1513984.599800001829863 ], [ 2655507.864600002765656, 1513972.276200000196695 ], [ 2655343.422899998724461, 1513888.578699998557568 ], [ 2655012.027199998497963, 1513755.85190000012517 ], [ 2654723.132200002670288, 1513341.741399999707937 ], [ 2654723.459299996495247, 1513357.318999998271465 ], [ 2654726.690700002014637, 1513379.701200000941753 ], [ 2654729.569300003349781, 1513418.832600001245737 ], [ 2654733.831600002944469, 1513486.899900000542402 ], [ 2654741.429300002753735, 1513530.194200001657009 ], [ 2654751.712999999523163, 1513573.366900000721216 ], [ 2654762.885899998247623, 1513614.303800001740456 ], [ 2654774.307199999690056, 1513654.086300000548363 ], [ 2654785.728500001132488, 1513693.868700001388788 ], [ 2654793.565800003707409, 1513720.523699998855591 ], [ 2654795.314099997282028, 1513766.376899998635054 ], [ 2654805.469200000166893, 1514032.721900001168251 ], [ 2654810.299500003457069, 1514206.1722999997437 ], [ 2654920.119400002062321, 1514424.386100001633167 ], [ 2654931.862800002098083, 1514447.720300000160933 ], [ 2655099.988300003111362, 1514770.364399999380112 ], [ 2655236.700000002980232, 1514770.5135000012815 ], [ 2655381.178099997341633, 1514770.671 ], [ 2655372.173900000751019, 1514879.937899999320507 ], [ 2655422.697400003671646, 1514957.903799999505281 ], [ 2655437.159599997103214, 1514974.034400001168251 ], [ 2655530.516099996864796, 1514937.585900001227856 ], [ 2655596.285499997437, 1514924.136900000274181 ], [ 2655599.465300001204014, 1514923.486699998378754 ], [ 2655629.657300002872944, 1514922.063999999314547 ], [ 2655645.4054000005126, 1514922.055100001394749 ], [ 2655905.221400000154972, 1514921.909000001847744 ], [ 2656158.005500003695488, 1514921.766399998217821 ] ] ] ] } },
{ "type": "Feature", "properties": { "fid": 52, "OBJECTID": 58261, "CVE_COL": "19048_0052", "ID_COL": 58261, "COLONIA": "El Molino", "CP": "66362", "CVE_ENT": "19", "NOM_ENT": "Nuevo León", "MUN": "048", "CVE_MUN": "19048", "NOM_MUN": "Santa Catarina", "LOC": "0001", "CVE_LOC": "190480001", "NOM_LOC": "Ciudad Santa Catarina", "SUN_2018": "M19.01", "NOM_SUN": "Monterrey", "POBTOT": 311.102023, "P6A14NAE": 4.196304, "SBASC": 14.99581, "PSDSS": 18.447027, "OVSDE": 0.0, "OVSEE": 0.0, "OVSAE": 0.0, "OVPT": 0.172582, "OVHAC": 14.159629, "OVSREF": 0.546138, "OVSINT": 18.605183, "OVSCEL": 4.855579, "IM_2020": 152.44891668257, "GM_2020": "Muy bajo", "IMN_2020": 0.97195339194399999, "CLASIF": "Fraccionamiento" }, "geometry": { "type": "MultiPolygon", "coordinates": [ [ [ [ 2653305.735100001096725, 1515955.295699998736382 ], [ 2653404.116800002753735, 1515936.147300001233816 ], [ 2653358.857799999415874, 1515927.183200001716614 ], [ 2653395.619099996984005, 1515800.722199998795986 ], [ 2653411.473499998450279, 1515754.772399999201298 ], [ 2653426.029500000178814, 1515710.339299999177456 ], [ 2653431.167499996721745, 1515689.574499998241663 ], [ 2653414.376500003039837, 1515637.901799999177456 ], [ 2653361.953500002622604, 1515642.154500000178814 ], [ 2653322.266999997198582, 1515643.717399999499321 ], [ 2653300.943800002336502, 1515644.331799998879433 ], [ 2653266.157399997115135, 1515643.843499999493361 ], [ 2653211.597099997103214, 1515642.847199998795986 ], [ 2653209.102700002491474, 1515659.633499998599291 ], [ 2653203.8141999989748, 1515695.223499998450279 ], [ 2653202.772399999201298, 1515702.234299998730421 ], [ 2653200.865099996328354, 1515715.070000000298023 ], [ 2653206.451899997889996, 1515715.435199998319149 ], [ 2653243.79730000346899, 1515717.876299999654293 ], [ 2653223.5337999984622, 1515790.30689999833703 ], [ 2653195.207599997520447, 1515785.302299998700619 ], [ 2653190.550899997353554, 1515784.481100000441074 ], [ 2653189.343299999833107, 1515792.607900001108646 ], [ 2653184.541500002145767, 1515815.41440000012517 ], [ 2653179.056199997663498, 1515814.937199998646975 ], [ 2653116.819799996912479, 1515809.525199998170137 ], [ 2653082.467799998819828, 1515931.721599999815226 ], [ 2653112.658699996769428, 1515961.40089999884367 ], [ 2653150.028399996459484, 1515979.337099999189377 ], [ 2653175.393399998545647, 1515980.23759999871254 ], [ 2653231.977399997413158, 1515969.409800000488758 ], [ 2653266.523900002241135, 1515962.7993 ], [ 2653305.735100001096725, 1515955.295699998736382 ] ] ] ] } },
{ "type": "Feature", "properties": { "fid": 53, "OBJECTID": 58262, "CVE_COL": "19048_0053", "ID_COL": 58262, "COLONIA": "El Obispo", "CP": "66350", "CVE_ENT": "19", "NOM_ENT": "Nuevo León", "MUN": "048", "CVE_MUN": "19048", "NOM_MUN": "Santa Catarina", "LOC": "0001", "CVE_LOC": "190480001", "NOM_LOC": "Ciudad Santa Catarina", "SUN_2018": "M19.01", "NOM_SUN": "Monterrey", "POBTOT": 353.670654, "P6A14NAE": 2.732335, "SBASC": 10.534356, "PSDSS": 12.824395, "OVSDE": 0.0, "OVSEE": 2.511477, "OVSAE": 4.604375, "OVPT": 3.139347, "OVHAC": 7.505807, "OVSREF": 2.930057, "OVSINT": 9.562351, "OVSCEL": 2.092898, "IM_2020": 151.585813461089, "GM_2020": "Bajo", "IMN_2020": 0.96645059059930005, "CLASIF": "Parque industrial" }, "geometry": { "type": "MultiPolygon", "coordinates": [ [ [ [ 2649514.619300000369549, 1517115.307599999010563 ], [ 2649509.208999998867512, 1517080.545800000429153 ], [ 2649505.351099997758865, 1517074.400100000202656 ], [ 2649488.167700000107288, 1517047.027300000190735 ], [ 2649433.27929999679327, 1516841.967099998146296 ], [ 2649458.872000001370907, 1516740.023800000548363 ], [ 2649438.07769999653101, 1516518.444299999624491 ], [ 2649335.453000001609325, 1516559.6776 ], [ 2649298.114200003445148, 1516570.506000000983477 ], [ 2649202.144900001585484, 1516598.343499999493361 ], [ 2649003.843400001525879, 1516655.709399998188019 ], [ 2648804.148100003600121, 1516713.701200000941753 ], [ 2648653.743600003421307, 1516757.1294 ], [ 2648688.846000000834465, 1516911.585099998861551 ], [ 2648601.042700000107288, 1516926.022999998182058 ], [ 2648527.127400003373623, 1516938.177200000733137 ], [ 2648548.634400002658367, 1517159.220499999821186 ], [ 2648567.692199997603893, 1517148.289599999785423 ], [ 2648604.620399996638298, 1517144.223499998450279 ], [ 2648627.705600000917912, 1517140.32880000025034 ], [ 2648640.422700002789497, 1517138.649599999189377 ], [ 2648735.467200003564358, 1517123.808200001716614 ], [ 2648752.536100000143051, 1517218.361900001764297 ], [ 2648944.148000001907349, 1517186.255899999290705 ], [ 2648959.111000001430511, 1517181.293000001460314 ], [ 2649118.016500003635883, 1517152.156599998474121 ], [ 2649269.056999996304512, 1517140.901200000196695 ], [ 2649514.619300000369549, 1517115.307599999010563 ] ] ] ] } },
{ "type": "Feature", "properties": { "fid": 54, "OBJECTID": 58264, "CVE_COL": "19048_0054", "ID_COL": 58264, "COLONIA": "Enrique Rangel", "CP": "66154", "CVE_ENT": "19", "NOM_ENT": "Nuevo León", "MUN": "048", "CVE_MUN": "19048", "NOM_MUN": "Santa Catarina", "LOC": "0001", "CVE_LOC": "190480001", "NOM_LOC": "Ciudad Santa Catarina", "SUN_2018": "M19.01", "NOM_SUN": "Monterrey", "POBTOT": 2362.842561, "P6A14NAE": 3.771555, "SBASC": 16.00426, "PSDSS": 14.66818, "OVSDE": 0.0, "OVSEE": 0.0, "OVSAE": 0.000901, "OVPT": 0.063506, "OVHAC": 12.483434, "OVSREF": 0.999362, "OVSINT": 12.251655, "OVSCEL": 5.734182, "IM_2020": 152.80988676376501, "GM_2020": "Muy bajo", "IMN_2020": 0.97425479298009998, "CLASIF": "Unidad habitacional" }, "geometry": { "type": "MultiPolygon", "coordinates": [ [ [ [ 2653977.749799996614456, 1513648.4206000007689 ], [ 2653989.570299997925758, 1513642.741999998688698 ], [ 2654002.832900002598763, 1513613.413199998438358 ], [ 2654008.863099999725819, 1513592.909299999475479 ], [ 2654027.749899998307228, 1513539.426199998706579 ], [ 2654030.614600002765656, 1513530.50620000064373 ], [ 2654048.505500003695488, 1513477.940499998629093 ], [ 2654165.755999997258186, 1513488.335499998182058 ], [ 2654164.427500002086163, 1513531.363099999725819 ], [ 2654162.638099998235703, 1513576.370999999344349 ], [ 2654161.428099997341633, 1513596.516600001603365 ], [ 2654401.410099998116493, 1513594.164299998432398 ], [ 2654484.125399999320507, 1513594.991099998354912 ], [ 2654522.706600002944469, 1513594.911499999463558 ], [ 2654522.441399998962879, 1513602.06870000064373 ], [ 2654521.492499999701977, 1513620.396499998867512 ], [ 2654570.510200001299381, 1513618.676899999380112 ], [ 2654652.075099997222424, 1513615.22580000013113 ], [ 2654762.885899998247623, 1513614.303800001740456 ], [ 2654751.712999999523163, 1513573.366900000721216 ], [ 2654741.429300002753735, 1513530.194200001657009 ], [ 2654733.831600002944469, 1513486.899900000542402 ], [ 2654729.569300003349781, 1513418.832600001245737 ], [ 2654726.690700002014637, 1513379.701200000941753 ], [ 2654651.181100003421307, 1513372.019900001585484 ], [ 2654607.85249999910593, 1513368.107999999076128 ], [ 2654559.371899999678135, 1513362.228700000792742 ], [ 2654517.546599999070168, 1513358.885600000619888 ], [ 2654469.267099998891354, 1513354.293099999427795 ], [ 2654470.819499999284744, 1513311.377900000661612 ], [ 2654419.45440000295639, 1513307.065699998289347 ], [ 2654374.9054000005126, 1513303.325599998235703 ], [ 2654333.24040000140667, 1513299.692200001329184 ], [ 2654283.272200003266335, 1513294.644400000572205 ], [ 2654235.601700000464916, 1513291.044199999421835 ], [ 2654186.556500002741814, 1513286.394999999552965 ], [ 2654184.833800002932549, 1513311.671999998390675 ], [ 2654384.4463, 1513331.313000001013279 ], [ 2654383.155799999833107, 1513424.021999999880791 ], [ 2654114.589599996805191, 1513419.8445999994874 ], [ 2654035.456900000572205, 1513404.271499998867512 ], [ 2654021.758000001311302, 1513427.8607 ], [ 2654004.968800000846386, 1513456.771299999207258 ], [ 2653977.93129999935627, 1513503.329199999570847 ], [ 2653956.023699998855591, 1513541.053599998354912 ], [ 2653951.22070000320673, 1513567.025199998170137 ], [ 2653943.600699998438358, 1513610.215399999171495 ], [ 2653938.468900002539158, 1513646.836399998515844 ], [ 2653933.124499998986721, 1513684.974399998784065 ], [ 2653931.043600000441074, 1513699.823800001293421 ], [ 2653950.383299998939037, 1513703.149999998509884 ], [ 2653977.749799996614456, 1513648.4206000007689 ] ] ] ] } },
{ "type": "Feature", "properties": { "fid": 55, "OBJECTID": 58265, "CVE_COL": "19048_0055", "ID_COL": 58265, "COLONIA": "Estacion La Leona", "CP": "66210", "CVE_ENT": "19", "NOM_ENT": "Nuevo León", "MUN": "048", "CVE_MUN": "19048", "NOM_MUN": "Santa Catarina", "LOC": "0001", "CVE_LOC": "190480001", "NOM_LOC": "Ciudad Santa Catarina", "SUN_2018": "M19.01", "NOM_SUN": "Monterrey", "POBTOT": 2165.724315, "P6A14NAE": 6.3842, "SBASC": 29.871114, "PSDSS": 17.691285, "OVSDE": 0.0001, "OVSEE": 0.0003, "OVSAE": 0.189303, "OVPT": 0.6492, "OVHAC": 26.530806, "OVSREF": 1.773507, "OVSINT": 27.961146, "OVSCEL": 9.404624, "IM_2020": 150.03095059109401, "GM_2020": "Bajo", "IMN_2020": 0.95653740608219995, "CLASIF": "Colonia" }, "geometry": { "type": "MultiPolygon", "coordinates": [ [ [ [ 2658009.040299996733665, 1515214.803199999034405 ], [ 2657950.511500000953674, 1515137.316399998962879 ], [ 2657926.396099999547005, 1515103.599800001829863 ], [ 2657916.610200002789497, 1514994.0044 ], [ 2657908.583999998867512, 1514918.305500000715256 ], [ 2657890.92960000038147, 1514905.939300000667572 ], [ 2657888.418499998748302, 1514902.24379999935627 ], [ 2657882.901500001549721, 1514894.124699998646975 ], [ 2657836.170900002121925, 1514825.353399999439716 ], [ 2657792.554899998009205, 1514824.424499999731779 ], [ 2657481.530599996447563, 1514817.800700001418591 ], [ 2657293.388999998569489, 1514805.465700000524521 ], [ 2657095.260099999606609, 1514803.6118 ], [ 2657045.295900002121925, 1514803.144200000911951 ], [ 2656987.484099999070168, 1514809.89469999819994 ], [ 2656992.568400003015995, 1514911.503499999642372 ], [ 2656993.037799999117851, 1514920.884500000625849 ], [ 2656993.781599998474121, 1514935.748399998992682 ], [ 2656998.704999998211861, 1514963.492199998348951 ], [ 2657054.852200001478195, 1515119.594000000506639 ], [ 2657089.582999996840954, 1515220.731800001114607 ], [ 2657091.384300000965595, 1515230.318199999630451 ], [ 2657089.516800001263618, 1515246.859499998390675 ], [ 2657081.897600002586842, 1515261.544599998742342 ], [ 2657249.071199998259544, 1515327.838599998503923 ], [ 2657413.933899998664856, 1515270.660199999809265 ], [ 2657462.964900001883507, 1515247.024999998509884 ], [ 2657510.449100002646446, 1515240.6798 ], [ 2657547.899099998176098, 1515243.339499998837709 ], [ 2657645.926399998366833, 1515259.615200001746416 ], [ 2657669.86879999935627, 1515261.36600000038743 ], [ 2657736.926299996674061, 1515259.750900000333786 ], [ 2657836.658699996769428, 1515241.944299999624491 ], [ 2657894.0591000020504, 1515235.658700000494719 ], [ 2657942.504199996590614, 1515225.410799998790026 ], [ 2658009.040299996733665, 1515214.803199999034405 ] ] ] ] } },
{ "type": "Feature", "properties": { "fid": 56, "OBJECTID": 58266, "CVE_COL": "19048_0056", "ID_COL": 58266, "COLONIA": "Eugenio Canavati", "CP": "66118", "CVE_ENT": "19", "NOM_ENT": "Nuevo León", "MUN": "048", "CVE_MUN": "19048", "NOM_MUN": "Santa Catarina", "LOC": "0001", "CVE_LOC": "190480001", "NOM_LOC": "Ciudad Santa Catarina", "SUN_2018": "M19.01", "NOM_SUN": "Monterrey", "POBTOT": 1629.536617, "P6A14NAE": 6.6375, "SBASC": 36.406819, "PSDSS": 30.181633, "OVSDE": 0.023405, "OVSEE": 0.033136, "OVSAE": 1.112603, "OVPT": 1.600458, "OVHAC": 28.569591, "OVSREF": 2.067076, "OVSINT": 33.293074, "OVSCEL": 10.467701, "IM_2020": 148.16148559691601, "GM_2020": "Medio", "IMN_2020": 0.9446184440998, "CLASIF": "Colonia" }, "geometry": { "type": "MultiPolygon", "coordinates": [ [ [ [ 2657405.470899999141693, 1516500.489500001072884 ], [ 2657396.869400002062321, 1516479.783900000154972 ], [ 2657390.127899996936321, 1516463.555599998682737 ], [ 2657387.825300000607967, 1516458.012699998915195 ], [ 2657374.784800000488758, 1516426.6217 ], [ 2657364.246100001037121, 1516396.631900001317263 ], [ 2657360.201300002634525, 1516387.60530000180006 ], [ 2657344.689000003039837, 1516352.987500000745058 ], [ 2657342.165799997746944, 1516347.356499999761581 ], [ 2657327.677400000393391, 1516315.023600000888109 ], [ 2657323.054999999701977, 1516304.708000000566244 ], [ 2657317.100500002503395, 1516291.196600001305342 ], [ 2657196.636699996888638, 1516347.919100001454353 ], [ 2657122.800399996340275, 1516381.648800000548363 ], [ 2657116.4221, 1516366.880100000649691 ], [ 2657086.037100002169609, 1516380.468600001186132 ], [ 2657059.898800000548363, 1516389.6754 ], [ 2657046.750399999320507, 1516397.719399999827147 ], [ 2657039.221600003540516, 1516400.488899998366833 ], [ 2657016.201800003647804, 1516409.90430000051856 ], [ 2657010.559600003063679, 1516412.211800001561642 ], [ 2656956.529600001871586, 1516435.263999998569489 ], [ 2656971.276199996471405, 1516471.520599998533726 ], [ 2656987.322200000286102, 1516510.971900001168251 ], [ 2657002.27250000089407, 1516547.729200001806021 ], [ 2657016.961400002241135, 1516583.843800000846386 ], [ 2657031.351700000464916, 1516619.224399998784065 ], [ 2657048.108400002121925, 1516660.42339999973774 ], [ 2657124.57150000333786, 1516625.850499998778105 ], [ 2657131.579899996519089, 1516622.5088 ], [ 2657153.492399998009205, 1516612.062100000679493 ], [ 2657168.980700001120567, 1516604.677999999374151 ], [ 2657199.755900003015995, 1516590.005899999290705 ], [ 2657203.915600001811981, 1516589.673500001430511 ], [ 2657286.61370000243187, 1516554.3838 ], [ 2657405.470899999141693, 1516500.489500001072884 ] ] ] ] } },
{ "type": "Feature", "properties": { "fid": 57, "OBJECTID": 58267, "CVE_COL": "19048_0057", "ID_COL": 58267, "COLONIA": "Fama Ii", "CP": "66116", "CVE_ENT": "19", "NOM_ENT": "Nuevo León", "MUN": "048", "CVE_MUN": "19048", "NOM_MUN": "Santa Catarina", "LOC": "0001", "CVE_LOC": "190480001", "NOM_LOC": "Ciudad Santa Catarina", "SUN_2018": "M19.01", "NOM_SUN": "Monterrey", "POBTOT": 2474.632151, "P6A14NAE": 11.707573, "SBASC": 17.479289, "PSDSS": 18.486305, "OVSDE": 0.0, "OVSEE": 0.001059, "OVSAE": 0.001512, "OVPT": 0.239189, "OVHAC": 15.712957, "OVSREF": 0.542288, "OVSINT": 13.934569, "OVSCEL": 3.651734, "IM_2020": 150.63994860110699, "GM_2020": "Bajo", "IMN_2020": 0.96042013410939997, "CLASIF": "Colonia" }, "geometry": { "type": "MultiPolygon", "coordinates": [ [ [ [ 2658118.839699998497963, 1515937.049400001764297 ], [ 2658108.914099998772144, 1515878.184900000691414 ], [ 2658104.17790000140667, 1515827.187699999660254 ], [ 2658102.028599999845028, 1515804.017200000584126 ], [ 2658099.488399997353554, 1515776.63230000063777 ], [ 2658094.730400003492832, 1515725.339800000190735 ], [ 2658089.953199997544289, 1515673.839400000870228 ], [ 2658085.225000001490116, 1515622.86769999936223 ], [ 2658078.099399998784065, 1515546.0515 ], [ 2657980.610699996352196, 1515566.257199998944998 ], [ 2657945.443000003695488, 1515573.546100001782179 ], [ 2657848.9934, 1515593.536400001496077 ], [ 2657809.136399999260902, 1515601.797200001776218 ], [ 2657755.259499996900558, 1515612.963700000196695 ], [ 2657695.515100002288818, 1515625.3462999984622 ], [ 2657596.495899997651577, 1515645.868999999016523 ], [ 2657602.23480000346899, 1515706.322900000959635 ], [ 2657607.181500002741814, 1515758.432399999350309 ], [ 2657610.000500001013279, 1515788.127500001341105 ], [ 2657590.722699999809265, 1515823.545400001108646 ], [ 2657568.906499996781349, 1515863.627099998295307 ], [ 2657548.91499999910593, 1515900.356499999761581 ], [ 2657531.239200003445148, 1515932.831199999898672 ], [ 2657529.247599996626377, 1515936.4901 ], [ 2657507.98650000244379, 1515975.55180000141263 ], [ 2657468.82320000231266, 1516056.942299999296665 ], [ 2657516.711000002920628, 1516047.746100001037121 ], [ 2657562.366999998688698, 1516039.3445999994874 ], [ 2657588.790100000798702, 1516034.482299998402596 ], [ 2657608.725500002503395, 1516030.813799999654293 ], [ 2657657.155299998819828, 1516021.908399999141693 ], [ 2657675.403599999845028, 1516018.55290000140667 ], [ 2657683.95830000191927, 1516016.979800000786781 ], [ 2657703.968699999153614, 1516013.300299998372793 ], [ 2657747.132700003683567, 1516005.363200001418591 ], [ 2657794.01240000128746, 1515996.742800001055002 ], [ 2657811.335100002586842, 1515993.557500001043081 ], [ 2657838.192100003361702, 1515990.0581 ], [ 2657867.437700003385544, 1515984.840599998831749 ], [ 2657885.010099999606609, 1515981.705699998885393 ], [ 2657918.8091000020504, 1515975.675900001078844 ], [ 2657929.777699999511242, 1515973.719099998474121 ], [ 2657976.61710000038147, 1515965.362799998372793 ], [ 2658020.282300002872944, 1515957.572900000959635 ], [ 2658030.541199997067451, 1515955.436599999666214 ], [ 2658056.322899997234344, 1515950.067800000309944 ], [ 2658118.839699998497963, 1515937.049400001764297 ] ] ] ] } },
{ "type": "Feature", "properties": { "fid": 58, "OBJECTID": 58268, "CVE_COL": "19048_0058", "ID_COL": 58268, "COLONIA": "Fama Iii", "CP": "66118", "CVE_ENT": "19", "NOM_ENT": "Nuevo León", "MUN": "048", "CVE_MUN": "19048", "NOM_MUN": "Santa Catarina", "LOC": "0001", "CVE_LOC": "190480001", "NOM_LOC": "Ciudad Santa Catarina", "SUN_2018": "M19.01", "NOM_SUN": "Monterrey", "POBTOT": 5031.193221, "P6A14NAE": 6.333306, "SBASC": 36.394219, "PSDSS": 29.775083, "OVSDE": 1.9999999999999999e-06, "OVSEE": 0.147563, "OVSAE": 0.73827, "OVPT": 1.793876, "OVHAC": 32.628937, "OVSREF": 2.181244, "OVSINT": 32.523939, "OVSCEL": 8.890576, "IM_2020": 148.19479512745301, "GM_2020": "Medio", "IMN_2020": 0.94483081235989996, "CLASIF": "Colonia" }, "geometry": { "type": "MultiPolygon", "coordinates": [ [ [ [ 2657508.907200001180172, 1516358.592999998480082 ], [ 2657526.293499998748302, 1516353.806699998676777 ], [ 2657686.626400001347065, 1516309.668000001460314 ], [ 2657697.664899997413158, 1516306.629200000315905 ], [ 2657734.672799997031689, 1516296.441100001335144 ], [ 2657862.706299997866154, 1516260.115200001746416 ], [ 2657903.607299998402596, 1516249.416499998420477 ], [ 2657912.56870000064373, 1516246.834600001573563 ], [ 2657943.739699997007847, 1516237.993599999696016 ], [ 2657985.002499997615814, 1516226.290300000458956 ], [ 2658026.39019999653101, 1516214.5515 ], [ 2658063.231499999761581, 1516205.164200000464916 ], [ 2658088.45889999717474, 1516198.033500000834465 ], [ 2658123.863200001418591, 1516188.55519999936223 ], [ 2658147.246500000357628, 1516181.522300001233816 ], [ 2658153.000399999320507, 1516177.769999999552965 ], [ 2658139.406199999153614, 1516099.22410000115633 ], [ 2658118.839699998497963, 1515937.049400001764297 ], [ 2658056.322899997234344, 1515950.067800000309944 ], [ 2658030.541199997067451, 1515955.436599999666214 ], [ 2658020.282300002872944, 1515957.572900000959635 ], [ 2657976.61710000038147, 1515965.362799998372793 ], [ 2657929.777699999511242, 1515973.719099998474121 ], [ 2657918.8091000020504, 1515975.675900001078844 ], [ 2657885.010099999606609, 1515981.705699998885393 ], [ 2657867.437700003385544, 1515984.840599998831749 ], [ 2657838.192100003361702, 1515990.0581 ], [ 2657811.335100002586842, 1515993.557500001043081 ], [ 2657794.01240000128746, 1515996.742800001055002 ], [ 2657747.132700003683567, 1516005.363200001418591 ], [ 2657703.968699999153614, 1516013.300299998372793 ], [ 2657683.95830000191927, 1516016.979800000786781 ], [ 2657675.403599999845028, 1516018.55290000140667 ], [ 2657657.155299998819828, 1516021.908399999141693 ], [ 2657608.725500002503395, 1516030.813799999654293 ], [ 2657588.790100000798702, 1516034.482299998402596 ], [ 2657562.366999998688698, 1516039.3445999994874 ], [ 2657516.711000002920628, 1516047.746100001037121 ], [ 2657468.82320000231266, 1516056.942299999296665 ], [ 2657459.627300001680851, 1516059.521699998527765 ], [ 2657420.904500000178814, 1516071.563999999314547 ], [ 2657330.222800001502037, 1516102.171300001442432 ], [ 2657244.479599997401237, 1516131.611000001430511 ], [ 2657262.852899998426437, 1516170.653000000864267 ], [ 2657266.439999997615814, 1516180.171799998730421 ], [ 2657278.877300001680851, 1516206.118999999016523 ], [ 2657285.550499998033047, 1516221.011199999600649 ], [ 2657294.932800002396107, 1516241.949200000613928 ], [ 2657304.568300001323223, 1516263.452300000935793 ], [ 2657317.100500002503395, 1516291.196600001305342 ], [ 2657323.054999999701977, 1516304.708000000566244 ], [ 2657327.677400000393391, 1516315.023600000888109 ], [ 2657342.165799997746944, 1516347.356499999761581 ], [ 2657344.689000003039837, 1516352.987500000745058 ], [ 2657360.201300002634525, 1516387.60530000180006 ], [ 2657364.246100001037121, 1516396.631900001317263 ], [ 2657418.923299998044968, 1516378.578099999576807 ], [ 2657419.161100000143051, 1516393.713300000876188 ], [ 2657428.121899999678135, 1516405.0337999984622 ], [ 2657442.409000001847744, 1516221.955299999564886 ], [ 2657458.822599999606609, 1516219.826999999582767 ], [ 2657492.056100003421307, 1516215.766100000590086 ], [ 2657500.174099996685982, 1516217.270799998193979 ], [ 2657516.465499997138977, 1516217.219700001180172 ], [ 2657518.818000003695488, 1516255.951699998229742 ], [ 2657514.663999997079372, 1516304.028000000864267 ], [ 2657508.907200001180172, 1516358.592999998480082 ] ] ] ] } },
{ "type": "Feature", "properties": { "fid": 59, "OBJECTID": 58269, "CVE_COL": "19048_0059", "ID_COL": 58269, "COLONIA": "Fama Iv", "CP": "66115", "CVE_ENT": "19", "NOM_ENT": "Nuevo León", "MUN": "048", "CVE_MUN": "19048", "NOM_MUN": "Santa Catarina", "LOC": "0001", "CVE_LOC": "190480001", "NOM_LOC": "Ciudad Santa Catarina", "SUN_2018": "M19.01", "NOM_SUN": "Monterrey", "POBTOT": 1283.689854, "P6A14NAE": 9.126947, "SBASC": 24.169644, "PSDSS": 20.109232, "OVSDE": 0.0, "OVSEE": 0.0, "OVSAE": 0.142714, "OVPT": 0.341675, "OVHAC": 19.633988, "OVSREF": 1.132278, "OVSINT": 19.871517, "OVSCEL": 6.609565, "IM_2020": 150.19627285333101, "GM_2020": "Bajo", "IMN_2020": 0.95759143478279996, "CLASIF": "Colonia" }, "geometry": { "type": "MultiPolygon", "coordinates": [ [ [ [ 2657596.495899997651577, 1515645.868999999016523 ], [ 2657695.515100002288818, 1515625.3462999984622 ], [ 2657755.259499996900558, 1515612.963700000196695 ], [ 2657809.136399999260902, 1515601.797200001776218 ], [ 2657848.9934, 1515593.536400001496077 ], [ 2657945.443000003695488, 1515573.546100001782179 ], [ 2657980.610699996352196, 1515566.257199998944998 ], [ 2658078.099399998784065, 1515546.0515 ], [ 2658068.83219999819994, 1515472.278000000864267 ], [ 2658012.731299996376038, 1515480.461899999529123 ], [ 2657981.987999998033047, 1515484.299699999392033 ], [ 2657946.90820000320673, 1515491.25450000166893 ], [ 2657914.331600002944469, 1515498.171900000423193 ], [ 2657912.024700000882149, 1515494.599199999123812 ], [ 2657910.083700001239777, 1515415.177200000733137 ], [ 2657912.752999998629093, 1515409.424499999731779 ], [ 2657885.862999998033047, 1515411.414700001478195 ], [ 2657842.889300003647804, 1515414.103500001132488 ], [ 2657745.867899999022484, 1515420.953200001269579 ], [ 2657635.735699996352196, 1515429.209800001233816 ], [ 2657590.404100000858307, 1515431.968800000846386 ], [ 2657565.598300002515316, 1515433.478500001132488 ], [ 2657558.181400001049042, 1515436.773600000888109 ], [ 2657461.559000000357628, 1515489.488099999725819 ], [ 2657404.70269999653101, 1515526.655000001192093 ], [ 2657326.692500002682209, 1515543.153000000864267 ], [ 2657255.239200003445148, 1515557.398600000888109 ], [ 2657198.131099998950958, 1515557.921500001102686 ], [ 2657129.172499999403954, 1515545.811599999666214 ], [ 2657137.536899998784065, 1515573.751400001347065 ], [ 2657146.74379999935627, 1515614.0088 ], [ 2657153.307700000703335, 1515642.709600001573563 ], [ 2657163.796700000762939, 1515670.220199998468161 ], [ 2657174.781900003552437, 1515699.032400000840425 ], [ 2657188.866400003433228, 1515733.341600000858307 ], [ 2657304.892700001597404, 1515709.473999999463558 ], [ 2657317.410999998450279, 1515706.969200000166893 ], [ 2657385.10869999974966, 1515692.910599999129772 ], [ 2657393.83219999819994, 1515691.274900000542402 ], [ 2657451.205700002610683, 1515679.499699998646975 ], [ 2657523.980800002813339, 1515664.563400000333786 ], [ 2657596.495899997651577, 1515645.868999999016523 ] ] ] ] } },
{ "type": "Feature", "properties": { "fid": 60, "OBJECTID": 58271, "CVE_COL": "19048_0061", "ID_COL": 58271, "COLONIA": "Francisco Naranjo", "CP": "66350", "CVE_ENT": "19", "NOM_ENT": "Nuevo León", "MUN": "048", "CVE_MUN": "19048", "NOM_MUN": "Santa Catarina", "LOC": "0001", "CVE_LOC": "190480001", "NOM_LOC": "Ciudad Santa Catarina", "SUN_2018": "M19.01", "NOM_SUN": "Monterrey", "POBTOT": 273.8032, "P6A14NAE": 4.701772, "SBASC": 19.165921, "PSDSS": 22.329079, "OVSDE": 0.00143, "OVSEE": 0.00143, "OVSAE": 0.165057, "OVPT": 0.273629, "OVHAC": 16.949422, "OVSREF": 0.990526, "OVSINT": 21.24432, "OVSCEL": 5.493353, "IM_2020": 151.54573635263799, "GM_2020": "Bajo", "IMN_2020": 0.96619507496599999, "CLASIF": "Colonia" }, "geometry": { "type": "MultiPolygon", "coordinates": [ [ [ [ 2652697.423600003123283, 1515189.762499999254942 ], [ 2652691.707999996840954, 1515179.03830000013113 ], [ 2652695.142499998211861, 1515170.252599999308586 ], [ 2652692.5929000005126, 1515161.932599999010563 ], [ 2652679.115199998021126, 1515121.3629 ], [ 2652666.764799997210503, 1515084.374499998986721 ], [ 2652652.725400000810623, 1515042.328099999576807 ], [ 2652720.024700000882149, 1515019.554200001060963 ], [ 2652741.342699997127056, 1515001.789500001817942 ], [ 2652747.711400002241135, 1514994.787200000137091 ], [ 2652744.151000000536442, 1514985.488899998366833 ], [ 2652733.899899996817112, 1514958.716699998825788 ], [ 2652733.046300001442432, 1514956.487500000745058 ], [ 2652731.278599999845028, 1514951.870999999344349 ], [ 2652791.048900000751019, 1514928.653499998152256 ], [ 2652813.3662, 1514928.959699999541044 ], [ 2652803.316399998962879, 1514899.222199998795986 ], [ 2652785.644500002264977, 1514841.079300001263618 ], [ 2652782.123000003397465, 1514832.020500000566244 ], [ 2652654.053800001740456, 1514875.429400000721216 ], [ 2652643.772399999201298, 1514878.910999998450279 ], [ 2652602.916400000452995, 1514892.719500001519918 ], [ 2652536.388400003314018, 1514915.2804000005126 ], [ 2652514.992799997329712, 1514922.479299999773502 ], [ 2652542.8158999979496, 1515010.202100001275539 ], [ 2652549.821400001645088, 1515028.58500000089407 ], [ 2652559.555100001394749, 1515057.107799999415874 ], [ 2652576.300800003111362, 1515106.178100001066923 ], [ 2652579.006399996578693, 1515114.1064000017941 ], [ 2652593.027400001883507, 1515156.6570999994874 ], [ 2652610.307800002396107, 1515209.153499998152256 ], [ 2652683.113300003111362, 1515185.497999999672174 ], [ 2652697.423600003123283, 1515189.762499999254942 ] ] ] ] } },
{ "type": "Feature", "properties": { "fid": 61, "OBJECTID": 58272, "CVE_COL": "19048_0062", "ID_COL": 58272, "COLONIA": "Hacienda El Palmar", "CP": "66367", "CVE_ENT": "19", "NOM_ENT": "Nuevo León", "MUN": "048", "CVE_MUN": "19048", "NOM_MUN": "Santa Catarina", "LOC": "0001", "CVE_LOC": "190480001", "NOM_LOC": "Ciudad Santa Catarina", "SUN_2018": "M19.01", "NOM_SUN": "Monterrey", "POBTOT": 7559.726603, "P6A14NAE": 1.318336, "SBASC": 13.209993, "PSDSS": 15.594254, "OVSDE": 0.0, "OVSEE": 0.00931, "OVSAE": 0.05343, "OVPT": 0.054499, "OVHAC": 26.0739, "OVSREF": 1.520179, "OVSINT": 23.675567, "OVSCEL": 1.801142, "IM_2020": 153.166970962249, "GM_2020": "Muy bajo", "IMN_2020": 0.97653141918039998, "CLASIF": "Fraccionamiento" }, "geometry": { "type": "MultiPolygon", "coordinates": [ [ [ [ 2649063.9679000005126, 1518596.416400000452995 ], [ 2649079.107699997723103, 1518598.375999998301268 ], [ 2649236.797600001096725, 1518472.319400001317263 ], [ 2649248.383299998939037, 1518464.621399998664856 ], [ 2649410.345600001513958, 1518394.666600000113249 ], [ 2649417.270400002598763, 1518322.14640000090003 ], [ 2649421.181199997663498, 1518277.206900000572205 ], [ 2649422.57490000128746, 1518216.310600001364946 ], [ 2649422.717100001871586, 1518212.409600000828505 ], [ 2649427.674500003457069, 1517966.06980000063777 ], [ 2649424.092000000178814, 1517960.808699999004602 ], [ 2649416.634900003671646, 1517949.857599999755621 ], [ 2649412.943599998950958, 1517944.436700001358986 ], [ 2649237.593000002205372, 1517788.283599998801947 ], [ 2649235.968299999833107, 1517783.661100000143051 ], [ 2649231.782300002872944, 1517780.180399999022484 ], [ 2649180.289399996399879, 1517604.667100001126528 ], [ 2649163.882399998605251, 1517595.010000001639128 ], [ 2649160.424099996685982, 1517580.087099999189377 ], [ 2649159.043399997055531, 1517574.983300000429153 ], [ 2649155.460900001227856, 1517561.739100001752377 ], [ 2649150.057099997997284, 1517554.490800000727177 ], [ 2649145.603200003504753, 1517524.354400001466274 ], [ 2649145.050599999725819, 1517514.463899999856949 ], [ 2649149.3684, 1517512.6908 ], [ 2649265.634199999272823, 1517346.338100001215935 ], [ 2649219.4054000005126, 1517364.736600000411272 ], [ 2649187.563000001013279, 1517383.37049999833107 ], [ 2649149.270599998533726, 1517407.917399998754263 ], [ 2649012.724799998104572, 1517405.080299999564886 ], [ 2648984.056800000369549, 1517403.26069999858737 ], [ 2648984.924800001084805, 1517407.397999998182058 ], [ 2648934.528300002217293, 1517399.228100001811981 ], [ 2648966.884099997580051, 1517615.574499998241663 ], [ 2648905.173000000417233, 1517625.512899998575449 ], [ 2648915.443999998271465, 1517639.649599999189377 ], [ 2648916.14750000089407, 1517642.561799999326468 ], [ 2649015.306000001728535, 1518053.055399999022484 ], [ 2648987.526600003242493, 1518094.052200000733137 ], [ 2648985.873999997973442, 1518095.717700000852346 ], [ 2648696.343800000846386, 1518387.506299998611212 ], [ 2648668.505500003695488, 1518409.807199999690056 ], [ 2648807.531700000166893, 1518479.540899999439716 ], [ 2648847.121799997985363, 1518499.398699998855591 ], [ 2648857.659500002861023, 1518504.6842 ], [ 2648897.372400000691414, 1518524.603700000792742 ], [ 2648935.4331, 1518543.694400001317263 ], [ 2648973.950599998235703, 1518563.014199998229742 ], [ 2649013.892700001597404, 1518583.048599999397993 ], [ 2649032.227700002491474, 1518592.245099999010563 ], [ 2649045.219499997794628, 1518598.761599998921156 ], [ 2649063.9679000005126, 1518596.416400000452995 ] ] ] ] } },
{ "type": "Feature", "properties": { "fid": 62, "OBJECTID": 58273, "CVE_COL": "19048_0063", "ID_COL": 58273, "COLONIA": "Hacienda Los Portales", "CP": "66147", "CVE_ENT": "19", "NOM_ENT": "Nuevo León", "MUN": "048", "CVE_MUN": "19048", "NOM_MUN": "Santa Catarina", "LOC": "0001", "CVE_LOC": "190480001", "NOM_LOC": "Ciudad Santa Catarina", "SUN_2018": "M19.01", "NOM_SUN": "Monterrey", "POBTOT": 3678.411297, "P6A14NAE": 6.228634, "SBASC": 12.453265, "PSDSS": 17.610526, "OVSDE": 0.023352, "OVSEE": 0.000359, "OVSAE": 0.023713, "OVPT": 0.351594, "OVHAC": 11.539092, "OVSREF": 0.403724, "OVSINT": 11.641633, "OVSCEL": 3.761754, "IM_2020": 152.434260594481, "GM_2020": "Muy bajo", "IMN_2020": 0.97185995058120001, "CLASIF": "Conjunto habitacional" }, "geometry": { "type": "MultiPolygon", "coordinates": [ [ [ [ 2656162.28999999910593, 1515866.238499999046326 ], [ 2656514.504699997603893, 1515828.173099998384714 ], [ 2656564.645000003278255, 1515821.390000000596046 ], [ 2656558.18469999730587, 1515792.929999999701977 ], [ 2656545.434299997985363, 1515736.331500001251698 ], [ 2656539.767899997532368, 1515710.231300000101328 ], [ 2656530.76240000128746, 1515668.750900000333786 ], [ 2656523.287699997425079, 1515634.166700001806021 ], [ 2656515.07039999961853, 1515596.146099999547005 ], [ 2656551.282499998807907, 1515583.67509999871254 ], [ 2656516.624099999666214, 1515490.877700001001358 ], [ 2656426.820100001990795, 1515250.4287 ], [ 2656424.421999998390675, 1515244.00789999961853 ], [ 2656412.555699996650219, 1515212.678399998694658 ], [ 2656396.556199997663498, 1515170.436700001358986 ], [ 2656387.104900002479553, 1515145.473299998790026 ], [ 2656304.675499998033047, 1514920.580299999564886 ], [ 2656186.080300003290176, 1514921.53940000012517 ], [ 2656158.005500003695488, 1514921.766399998217821 ], [ 2656117.851899996399879, 1515030.604400001466274 ], [ 2656078.147200003266335, 1515097.268199998885393 ], [ 2655940.352600000798702, 1515299.051100000739098 ], [ 2655850.406300000846386, 1515430.24269999936223 ], [ 2655828.021300002932549, 1515462.892400000244379 ], [ 2655822.082999996840954, 1515471.5537 ], [ 2655807.384300000965595, 1515494.645199999213219 ], [ 2655801.304099999368191, 1515504.197200000286102 ], [ 2655722.319700002670288, 1515617.063499998301268 ], [ 2655705.588899999856949, 1515641.4662000015378 ], [ 2655749.061099998652935, 1515672.63740000128746 ], [ 2655881.832400001585484, 1515652.598000001162291 ], [ 2655989.279100000858307, 1515638.486600000411272 ], [ 2655996.133299998939037, 1515680.820000000298023 ], [ 2656001.872299998998642, 1515720.796300001442432 ], [ 2656008.38570000231266, 1515763.396099999547005 ], [ 2656011.288000002503395, 1515788.33559999987483 ], [ 2656024.749700002372265, 1515881.43189999833703 ], [ 2656109.391000002622604, 1515872.081999998539686 ], [ 2656162.28999999910593, 1515866.238499999046326 ] ] ] ] } },
{ "type": "Feature", "properties": { "fid": 63, "OBJECTID": 58274, "CVE_COL": "19048_0064", "ID_COL": 58274, "COLONIA": "Hacienda San Jose", "CP": "66144", "CVE_ENT": "19", "NOM_ENT": "Nuevo León", "MUN": "048", "CVE_MUN": "19048", "NOM_MUN": "Santa Catarina", "LOC": "0001", "CVE_LOC": "190480001", "NOM_LOC": "Ciudad Santa Catarina", "SUN_2018": "M19.01", "NOM_SUN": "Monterrey", "POBTOT": 999.395935, "P6A14NAE": 2.761341, "SBASC": 21.475176, "PSDSS": 12.620027, "OVSDE": 0.0, "OVSEE": 0.183108, "OVSAE": 0.0, "OVPT": 0.411994, "OVHAC": 10.91783, "OVSREF": 0.343328, "OVSINT": 11.757965, "OVSCEL": 4.692149, "IM_2020": 152.81309432016201, "GM_2020": "Muy bajo", "IMN_2020": 0.97427524307830005, "CLASIF": "Colonia" }, "geometry": { "type": "MultiPolygon", "coordinates": [ [ [ [ 2655064.065999999642372, 1516197.746800001710653 ], [ 2655058.011100001633167, 1516179.812699999660254 ], [ 2655035.399899996817112, 1516140.476599998772144 ], [ 2655009.740299999713898, 1516099.59569999948144 ], [ 2654983.723999999463558, 1516055.599800001829863 ], [ 2654968.439400002360344, 1516031.928800001740456 ], [ 2654972.267499998211861, 1515989.171100001782179 ], [ 2654988.780900001525879, 1515947.271899998188019 ], [ 2654948.723600000143051, 1515915.358199998736382 ], [ 2654890.804200001060963, 1515920.873100001364946 ], [ 2654829.3684, 1515923.122499998658895 ], [ 2654744.338600002229214, 1515928.844099998474121 ], [ 2654695.912000000476837, 1515937.754599999636412 ], [ 2654645.250299997627735, 1515957.777699999511242 ], [ 2654610.040500000119209, 1515982.123500000685453 ], [ 2654571.400200001895428, 1516017.555799998342991 ], [ 2654556.354599997401237, 1516031.17960000038147 ], [ 2654539.056599996984005, 1516056.712799999862909 ], [ 2654550.4287, 1516065.331500001251698 ], [ 2654563.774400003254414, 1516078.282400000840425 ], [ 2654693.010200001299381, 1516064.643100000917912 ], [ 2654699.454199999570847, 1516076.564800001680851 ], [ 2654718.516500003635883, 1516107.279100000858307 ], [ 2654747.117399998009205, 1516156.456399999558926 ], [ 2654797.03999999910593, 1516242.244300000369549 ], [ 2654810.1853, 1516272.790800001472235 ], [ 2654821.6206, 1516298.331399999558926 ], [ 2654858.514399997889996, 1516283.025100000202656 ], [ 2654898.176700003445148, 1516266.5702 ], [ 2654941.6765, 1516248.523200001567602 ], [ 2654975.862499997019768, 1516234.340300001204014 ], [ 2655064.065999999642372, 1516197.746800001710653 ] ] ] ] } },
{ "type": "Feature", "properties": { "fid": 64, "OBJECTID": 58275, "CVE_COL": "19048_0065", "ID_COL": 58275, "COLONIA": "Hacienda Santa Catarina (Fomerrey 29)", "CP": "66357", "CVE_ENT": "19", "NOM_ENT": "Nuevo León", "MUN": "048", "CVE_MUN": "19048", "NOM_MUN": "Santa Catarina", "LOC": "0001", "CVE_LOC": "190480001", "NOM_LOC": "Ciudad Santa Catarina", "SUN_2018": "M19.01", "NOM_SUN": "Monterrey", "POBTOT": 3697.554225, "P6A14NAE": 5.250729, "SBASC": 39.128113, "PSDSS": 32.952464, "OVSDE": 0.025752, "OVSEE": 0.025752, "OVSAE": 0.051504, "OVPT": 0.051575, "OVHAC": 30.032513, "OVSREF": 3.116131, "OVSINT": 38.121709, "OVSCEL": 17.383374, "IM_2020": 147.73708715276101, "GM_2020": "Medio", "IMN_2020": 0.94191264915999995, "CLASIF": "Colonia" }, "geometry": { "type": "MultiPolygon", "coordinates": [ [ [ [ 2652514.992799997329712, 1514922.479299999773502 ], [ 2652536.388400003314018, 1514915.2804000005126 ], [ 2652602.916400000452995, 1514892.719500001519918 ], [ 2652643.772399999201298, 1514878.910999998450279 ], [ 2652625.018799997866154, 1514822.728399999439716 ], [ 2652611.706900000572205, 1514782.679400000721216 ], [ 2652597.650700002908707, 1514740.391100000590086 ], [ 2652583.776500001549721, 1514698.650199998170137 ], [ 2652570.187700003385544, 1514657.768100000917912 ], [ 2652555.465700000524521, 1514613.476799998432398 ], [ 2652541.885499998927116, 1514572.620299998670816 ], [ 2652536.538599997758865, 1514556.534200001507998 ], [ 2652528.180200003087521, 1514531.387600000947714 ], [ 2652514.474799998104572, 1514490.154899999499321 ], [ 2652411.577299997210503, 1514525.249299999326468 ], [ 2652404.258400000631809, 1514527.74549999833107 ], [ 2652394.339199997484684, 1514531.128499999642372 ], [ 2652346.696199998259544, 1514547.377700001001358 ], [ 2652340.145700000226498, 1514549.611900001764297 ], [ 2652294.042000003159046, 1514565.335999999195337 ], [ 2652290.034599997103214, 1514566.722199998795986 ], [ 2652186.358800001442432, 1514602.583500001579523 ], [ 2652095.269799999892712, 1514631.851500000804663 ], [ 2652048.324100002646446, 1514647.561000000685453 ], [ 2651943.933399997651577, 1514682.520700000226498 ], [ 2651947.553099997341633, 1514693.957699999213219 ], [ 2651963.945299997925758, 1514715.355200000107288 ], [ 2651980.803000003099442, 1514758.114 ], [ 2651995.333999998867512, 1514801.960700001567602 ], [ 2652010.015500001609325, 1514846.288400001823902 ], [ 2652023.530900001525879, 1514887.407299999147654 ], [ 2652038.348600000143051, 1514929.680399999022484 ], [ 2652053.209399998188019, 1514971.20380000025034 ], [ 2652069.471500001847744, 1515015.206500001251698 ], [ 2652087.339400000870228, 1515067.368599999696016 ], [ 2652156.395300000905991, 1515043.965599998831749 ], [ 2652207.689099997282028, 1515026.5929000005126 ], [ 2652245.172200001776218, 1515013.876200001686811 ], [ 2652318.093299999833107, 1514989.21680000051856 ], [ 2652330.442500002682209, 1514985.037200000137091 ], [ 2652428.49210000038147, 1514951.8279 ], [ 2652487.399499997496605, 1514931.873599998652935 ], [ 2652514.992799997329712, 1514922.479299999773502 ] ] ] ] } },
{ "type": "Feature", "properties": { "fid": 65, "OBJECTID": 58276, "CVE_COL": "19048_0066", "ID_COL": 58276, "COLONIA": "Huasteca del Valle I", "CP": "66166", "CVE_ENT": "19", "NOM_ENT": "Nuevo León", "MUN": "048", "CVE_MUN": "19048", "NOM_MUN": "Santa Catarina", "LOC": "0001", "CVE_LOC": "190480001", "NOM_LOC": "Ciudad Santa Catarina", "SUN_2018": "M19.01", "NOM_SUN": "Monterrey", "POBTOT": 79.329941, "P6A14NAE": 3.713528, "SBASC": 23.588256, "PSDSS": 18.381963, "OVSDE": 0.026752, "OVSEE": 0.24077, "OVSAE": 0.080257, "OVPT": 0.321027, "OVHAC": 18.860354, "OVSREF": 3.106588, "OVSINT": 26.11022, "OVSCEL": 7.784912, "IM_2020": 151.22668156294901, "GM_2020": "Bajo", "IMN_2020": 0.96416090908399998, "CLASIF": "Fraccionamiento" }, "geometry": { "type": "MultiPolygon", "coordinates": [ [ [ [ 2656544.714100003242493, 1514067.14469999819994 ], [ 2656530.0033999979496, 1514065.891800001263618 ], [ 2656511.022600002586842, 1514058.83049999922514 ], [ 2656505.080600000917912, 1514056.647199999541044 ], [ 2656470.333200000226498, 1514043.879599999636412 ], [ 2656469.094700001180172, 1514048.72520000115037 ], [ 2656438.706200003623962, 1514173.391199998557568 ], [ 2656440.784199997782707, 1514181.618200000375509 ], [ 2656517.648299999535084, 1514246.120000001043081 ], [ 2656520.558899998664856, 1514226.80350000038743 ], [ 2656521.955700002610683, 1514218.730200000107288 ], [ 2656543.792099997401237, 1514072.612199999392033 ], [ 2656544.714100003242493, 1514067.14469999819994 ] ] ] ] } },
{ "type": "Feature", "properties": { "fid": 66, "OBJECTID": 58277, "CVE_COL": "19048_0067", "ID_COL": 58277, "COLONIA": "Huasteca del Valle Ii", "CP": "66166", "CVE_ENT": "19", "NOM_ENT": "Nuevo León", "MUN": "048", "CVE_MUN": "19048", "NOM_MUN": "Santa Catarina", "LOC": "0001", "CVE_LOC": "190480001", "NOM_LOC": "Ciudad Santa Catarina", "SUN_2018": "M19.01", "NOM_SUN": "Monterrey", "POBTOT": 37.789009, "P6A14NAE": 3.713528, "SBASC": 23.588255, "PSDSS": 18.381963, "OVSDE": 0.026752, "OVSEE": 0.24077, "OVSAE": 0.080257, "OVPT": 0.321027, "OVHAC": 18.860354, "OVSREF": 3.106588, "OVSINT": 26.11022, "OVSCEL": 7.784912, "IM_2020": 151.22668171126301, "GM_2020": "Bajo", "IMN_2020": 0.96416091002960003, "CLASIF": "Fraccionamiento" }, "geometry": { "type": "MultiPolygon", "coordinates": [ [ [ [ 2656374.979999996721745, 1513961.043099999427795 ], [ 2656370.606899999082088, 1514003.470499999821186 ], [ 2656370.663999997079372, 1514007.610100001096725 ], [ 2656386.650700002908707, 1514019.388300001621246 ], [ 2656424.986299999058247, 1514030.782400000840425 ], [ 2656446.165700003504753, 1514037.077399998903275 ], [ 2656491.702799998223782, 1513964.141600001603365 ], [ 2656486.834600001573563, 1513964.012299999594688 ], [ 2656374.979999996721745, 1513961.043099999427795 ] ] ] ] } },
{ "type": "Feature", "properties": { "fid": 67, "OBJECTID": 58278, "CVE_COL": "19048_0068", "ID_COL": 58278, "COLONIA": "Huasteca Real I", "CP": "66197", "CVE_ENT": "19", "NOM_ENT": "Nuevo León", "MUN": "048", "CVE_MUN": "19048", "NOM_MUN": "Santa Catarina", "LOC": "0001", "CVE_LOC": "190480001", "NOM_LOC": "Ciudad Santa Catarina", "SUN_2018": "M19.01", "NOM_SUN": "Monterrey", "POBTOT": 31.132544, "P6A14NAE": 7.454753, "SBASC": 30.987434, "PSDSS": 23.275838, "OVSDE": 0.0, "OVSEE": 0.000466, "OVSAE": 0.027705, "OVPT": 0.168559, "OVHAC": 28.395071, "OVSREF": 4.032858, "OVSINT": 28.054461, "OVSCEL": 8.728779, "IM_2020": 149.24802099678001, "GM_2020": "Medio", "IMN_2020": 0.95154575975629996, "CLASIF": "Fraccionamiento" }, "geometry": { "type": "MultiPolygon", "coordinates": [ [ [ [ 2656250.443400003015995, 1513008.992499999701977 ], [ 2656219.270499996840954, 1513002.577500000596046 ], [ 2656216.557300001382828, 1513002.066300000995398 ], [ 2656158.725100003182888, 1512991.220899999141693 ], [ 2656156.190600000321865, 1512990.528200000524521 ], [ 2656142.1919, 1513047.988400001078844 ], [ 2656130.289700001478195, 1513111.629299998283386 ], [ 2656193.8059, 1513121.935400001704693 ], [ 2656210.99040000140667, 1513123.105900000780821 ], [ 2656232.247000001370907, 1513125.5929000005126 ], [ 2656232.545699998736382, 1513122.850600000470877 ], [ 2656250.443400003015995, 1513008.992499999701977 ] ] ] ] } },
{ "type": "Feature", "properties": { "fid": 68, "OBJECTID": 58279, "CVE_COL": "19048_0069", "ID_COL": 58279, "COLONIA": "Huasteca Real Ii", "CP": "66197", "CVE_ENT": "19", "NOM_ENT": "Nuevo León", "MUN": "048", "CVE_MUN": "19048", "NOM_MUN": "Santa Catarina", "LOC": "0001", "CVE_LOC": "190480001", "NOM_LOC": "Ciudad Santa Catarina", "SUN_2018": "M19.01", "NOM_SUN": "Monterrey", "POBTOT": 26.853958, "P6A14NAE": 7.462687, "SBASC": 31.140351, "PSDSS": 23.361977, "OVSDE": 0.0, "OVSEE": 0.0, "OVSAE": 0.027412, "OVPT": 0.164474, "OVHAC": 28.536184, "OVSREF": 4.057017, "OVSINT": 28.179825, "OVSCEL": 8.77193, "IM_2020": 149.219999080712, "GM_2020": "Medio", "IMN_2020": 0.95136710321380002, "CLASIF": "Fraccionamiento" }, "geometry": { "type": "MultiPolygon", "coordinates": [ [ [ [ 2656270.987300001084805, 1512924.701900001615286 ], [ 2656250.443400003015995, 1513008.992499999701977 ], [ 2656232.545699998736382, 1513122.850600000470877 ], [ 2656232.247000001370907, 1513125.5929000005126 ], [ 2656239.040500000119209, 1513126.457699999213219 ], [ 2656245.909599997103214, 1513126.621599998325109 ], [ 2656266.881099998950958, 1513132.953400000929832 ], [ 2656332.919200003147125, 1513177.984700001776218 ], [ 2656324.073700003325939, 1513143.597699999809265 ], [ 2656321.239399999380112, 1513132.579199999570847 ], [ 2656306.263599999248981, 1513081.861299999058247 ], [ 2656293.254000000655651, 1513029.559099998325109 ], [ 2656281.181100003421307, 1512996.880399998277426 ], [ 2656278.734999999403954, 1512930.11430000141263 ], [ 2656278.796400003135204, 1512927.292100001126528 ], [ 2656276.202200002968311, 1512926.025600001215935 ], [ 2656270.987300001084805, 1512924.701900001615286 ] ] ] ] } },
{ "type": "Feature", "properties": { "fid": 69, "OBJECTID": 58280, "CVE_COL": "19048_0070", "ID_COL": 58280, "COLONIA": "Idelfonso Vazquez", "CP": "66199", "CVE_ENT": "19", "NOM_ENT": "Nuevo León", "MUN": "048", "CVE_MUN": "19048", "NOM_MUN": "Santa Catarina", "LOC": "0001", "CVE_LOC": "190480001", "NOM_LOC": "Ciudad Santa Catarina", "SUN_2018": "M19.01", "NOM_SUN": "Monterrey", "POBTOT": 580.161316, "P6A14NAE": 7.462686, "SBASC": 31.140352, "PSDSS": 23.361978, "OVSDE": 0.0, "OVSEE": 0.0, "OVSAE": 0.027412, "OVPT": 0.164474, "OVHAC": 28.536185, "OVSREF": 4.057017, "OVSINT": 28.179825, "OVSCEL": 8.77193, "IM_2020": 149.219998950838, "GM_2020": "Medio", "IMN_2020": 0.95136710238580002, "CLASIF": "Colonia" }, "geometry": { "type": "MultiPolygon", "coordinates": [ [ [ [ 2656896.522600002586842, 1513349.625100001692772 ], [ 2656892.988499999046326, 1513293.243700001388788 ], [ 2657353.345299996435642, 1513264.476399999111891 ], [ 2657387.162399999797344, 1513253.472800001502037 ], [ 2657389.453900001943111, 1513205.831500001251698 ], [ 2657393.199400000274181, 1513187.505699999630451 ], [ 2657410.202600002288818, 1513152.899599999189377 ], [ 2657437.248999997973442, 1513102.636700000613928 ], [ 2657439.259300000965595, 1513098.053100001066923 ], [ 2657417.542300000786781, 1513104.823399998247623 ], [ 2657342.837700001895428, 1513193.860199999064207 ], [ 2657316.161899998784065, 1513211.445900000631809 ], [ 2657268.399700000882149, 1513209.450599998235703 ], [ 2657186.015900000929832, 1513194.750599998980761 ], [ 2657130.467600002884865, 1513150.59180000051856 ], [ 2657057.627400003373623, 1513075.311299998313189 ], [ 2657003.435999996960163, 1513039.234299998730421 ], [ 2656918.310099996626377, 1513018.7379 ], [ 2656801.689099997282028, 1512995.643800001591444 ], [ 2656753.7195999994874, 1512981.215300001204014 ], [ 2656689.566200003027916, 1512963.565499998629093 ], [ 2656590.812200002372265, 1512932.254599999636412 ], [ 2656439.492700003087521, 1512893.765299998223782 ], [ 2656428.738499999046326, 1512962.910300001502037 ], [ 2656426.030699998140335, 1512979.947599999606609 ], [ 2656456.159299999475479, 1513122.640999998897314 ], [ 2656469.623199999332428, 1513215.258200000971556 ], [ 2656571.068899996578693, 1513195.240499999374151 ], [ 2656602.938199996948242, 1513187.966499999165535 ], [ 2656629.160199999809265, 1513330.360199999064207 ], [ 2656633.518899999558926, 1513357.066799998283386 ], [ 2656647.265000000596046, 1513422.815000001341105 ], [ 2656648.572400003671646, 1513430.536899998784065 ], [ 2656672.609099999070168, 1513439.02760000154376 ], [ 2656694.898900002241135, 1513374.019000001251698 ], [ 2656706.318099997937679, 1513336.0608000010252 ], [ 2656896.522600002586842, 1513349.625100001692772 ] ] ] ] } },
{ "type": "Feature", "properties": { "fid": 70, "OBJECTID": 58281, "CVE_COL": "19048_0071", "ID_COL": 58281, "COLONIA": "Indeco La Fama 1", "CP": "66130", "CVE_ENT": "19", "NOM_ENT": "Nuevo León", "MUN": "048", "CVE_MUN": "19048", "NOM_MUN": "Santa Catarina", "LOC": "0001", "CVE_LOC": "190480001", "NOM_LOC": "Ciudad Santa Catarina", "SUN_2018": "M19.01", "NOM_SUN": "Monterrey", "POBTOT": 1668.380962, "P6A14NAE": 8.149521, "SBASC": 29.002814, "PSDSS": 26.183097, "OVSDE": 0.0, "OVSEE": 0.0, "OVSAE": 0.336119, "OVPT": 0.145753, "OVHAC": 18.000856, "OVSREF": 1.397109, "OVSINT": 20.35133, "OVSCEL": 8.381845, "IM_2020": 149.55138420518401, "GM_2020": "Medio", "IMN_2020": 0.95347988238449999, "CLASIF": "Colonia" }, "geometry": { "type": "MultiPolygon", "coordinates": [ [ [ [ 2657468.82320000231266, 1516056.942299999296665 ], [ 2657507.98650000244379, 1515975.55180000141263 ], [ 2657529.247599996626377, 1515936.4901 ], [ 2657531.239200003445148, 1515932.831199999898672 ], [ 2657548.91499999910593, 1515900.356499999761581 ], [ 2657568.906499996781349, 1515863.627099998295307 ], [ 2657590.722699999809265, 1515823.545400001108646 ], [ 2657610.000500001013279, 1515788.127500001341105 ], [ 2657607.181500002741814, 1515758.432399999350309 ], [ 2657602.23480000346899, 1515706.322900000959635 ], [ 2657596.495899997651577, 1515645.868999999016523 ], [ 2657523.980800002813339, 1515664.563400000333786 ], [ 2657451.205700002610683, 1515679.499699998646975 ], [ 2657393.83219999819994, 1515691.274900000542402 ], [ 2657385.10869999974966, 1515692.910599999129772 ], [ 2657317.410999998450279, 1515706.969200000166893 ], [ 2657304.892700001597404, 1515709.473999999463558 ], [ 2657188.866400003433228, 1515733.341600000858307 ], [ 2657086.791400000452995, 1515754.6393 ], [ 2657081.729599997401237, 1515755.69539999961853 ], [ 2657105.491999998688698, 1515809.015999998897314 ], [ 2657125.574299998581409, 1515854.07880000025034 ], [ 2657145.656499996781349, 1515899.141600001603365 ], [ 2657162.648400001227856, 1515937.690000001341105 ], [ 2657179.392499998211861, 1515975.831999998539686 ], [ 2657184.342299997806549, 1515987.678800001740456 ], [ 2657200.309600003063679, 1516030.401099998503923 ], [ 2657219.663900002837181, 1516076.124899998307228 ], [ 2657240.764899998903275, 1516122.720300000160933 ], [ 2657244.479599997401237, 1516131.611000001430511 ], [ 2657330.222800001502037, 1516102.171300001442432 ], [ 2657420.904500000178814, 1516071.563999999314547 ], [ 2657459.627300001680851, 1516059.521699998527765 ], [ 2657468.82320000231266, 1516056.942299999296665 ] ] ] ] } },
{ "type": "Feature", "properties": { "fid": 71, "OBJECTID": 58282, "CVE_COL": "19048_0072", "ID_COL": 58282, "COLONIA": "Industrial Gossler Perk", "CP": "66350", "CVE_ENT": "19", "NOM_ENT": "Nuevo León", "MUN": "048", "CVE_MUN": "19048", "NOM_MUN": "Santa Catarina", "LOC": "0001", "CVE_LOC": "190480001", "NOM_LOC": "Ciudad Santa Catarina", "SUN_2018": "M19.01", "NOM_SUN": "Monterrey", "POBTOT": 114.093964, "P6A14NAE": 4.134763, "SBASC": 9.895834, "PSDSS": 14.154269, "OVSDE": 0.058697, "OVSEE": 0.078263, "OVSAE": 0.0, "OVPT": 0.782626, "OVHAC": 11.171982, "OVSREF": 1.036979, "OVSINT": 10.839366, "OVSCEL": 3.287028, "IM_2020": 153.25649758674999, "GM_2020": "Muy bajo", "IMN_2020": 0.97710220517379998, "CLASIF": "Fraccionamiento" }, "geometry": { "type": "MultiPolygon", "coordinates": [ [ [ [ 2654853.019599996507168, 1515335.768500000238419 ], [ 2654762.558600001037121, 1515396.140799999237061 ], [ 2654694.833800002932549, 1515441.368700001388788 ], [ 2654793.250799998641014, 1515559.067299999296665 ], [ 2654957.81700000166893, 1515480.807300001382828 ], [ 2654853.019599996507168, 1515335.768500000238419 ] ] ] ] } },
{ "type": "Feature", "properties": { "fid": 72, "OBJECTID": 58283, "CVE_COL": "19048_0073", "ID_COL": 58283, "COLONIA": "Industrial Monte de Los Olivos", "CP": "66360", "CVE_ENT": "19", "NOM_ENT": "Nuevo León", "MUN": "048", "CVE_MUN": "19048", "NOM_MUN": "Santa Catarina", "LOC": "0001", "CVE_LOC": "190480001", "NOM_LOC": "Ciudad Santa Catarina", "SUN_2018": "M19.01", "NOM_SUN": "Monterrey", "POBTOT": 620.453987, "P6A14NAE": 4.135566, "SBASC": 9.901102, "PSDSS": 14.15646, "OVSDE": 0.058663, "OVSEE": 0.078217, "OVSAE": 0.000134, "OVPT": 0.782289, "OVHAC": 11.174191, "OVSREF": 1.036956, "OVSINT": 10.843213, "OVSCEL": 3.2892, "IM_2020": 153.255595140645, "GM_2020": "Muy bajo", "IMN_2020": 0.97709645153799995, "CLASIF": "Fraccionamiento" }, "geometry": { "type": "MultiPolygon", "coordinates": [ [ [ [ 2655153.148999996483326, 1515497.138999998569489 ], [ 2655146.655000001192093, 1515492.160700000822544 ], [ 2654945.027999997138977, 1515292.348000001162291 ], [ 2654934.203900001943111, 1515281.620999999344349 ], [ 2654925.728000000119209, 1515287.276099998503923 ], [ 2654853.019599996507168, 1515335.768500000238419 ], [ 2654957.81700000166893, 1515480.807300001382828 ], [ 2654793.250799998641014, 1515559.067299999296665 ], [ 2654694.833800002932549, 1515441.368700001388788 ], [ 2654762.558600001037121, 1515396.140799999237061 ], [ 2654266.214000001549721, 1515727.2939000017941 ], [ 2654267.903800003230572, 1515764.4037000015378 ], [ 2654281.971199996769428, 1515800.903599999845028 ], [ 2654304.2544, 1515798.883200000971556 ], [ 2654340.326200000941753, 1515795.612399999052286 ], [ 2654560.365000002086163, 1515770.527699999511242 ], [ 2654743.366800002753735, 1515719.021600000560284 ], [ 2654798.720499999821186, 1515681.20380000025034 ], [ 2654824.732299998402596, 1515664.49100000038743 ], [ 2654990.932700000703335, 1515593.641199998557568 ], [ 2655144.332400001585484, 1515530.395399998873472 ], [ 2655153.148999996483326, 1515497.138999998569489 ] ] ] ] } },
{ "type": "Feature", "properties": { "fid": 73, "OBJECTID": 58284, "CVE_COL": "19048_0074", "ID_COL": 58284, "COLONIA": "Industrial Unidad Nacional", "CP": "66350", "CVE_ENT": "19", "NOM_ENT": "Nuevo León", "MUN": "048", "CVE_MUN": "19048", "NOM_MUN": "Santa Catarina", "LOC": "0001", "CVE_LOC": "190480001", "NOM_LOC": "Ciudad Santa Catarina", "SUN_2018": "M19.01", "NOM_SUN": "Monterrey", "POBTOT": 1533.293096, "P6A14NAE": 2.602062, "SBASC": 7.226301, "PSDSS": 21.246779, "OVSDE": 0.012561, "OVSEE": 0.143504, "OVSAE": 0.126348, "OVPT": 0.294742, "OVHAC": 9.574771, "OVSREF": 0.559599, "OVSINT": 7.989274, "OVSCEL": 2.65119, "IM_2020": 153.44076552389001, "GM_2020": "Muy bajo", "IMN_2020": 0.97827702392899996, "CLASIF": "Fraccionamiento" }, "geometry": { "type": "MultiPolygon", "coordinates": [ [ [ [ 2655722.319700002670288, 1515617.063499998301268 ], [ 2655801.304099999368191, 1515504.197200000286102 ], [ 2655807.384300000965595, 1515494.645199999213219 ], [ 2655822.082999996840954, 1515471.5537 ], [ 2655828.021300002932549, 1515462.892400000244379 ], [ 2655850.406300000846386, 1515430.24269999936223 ], [ 2655940.352600000798702, 1515299.051100000739098 ], [ 2656078.147200003266335, 1515097.268199998885393 ], [ 2656117.851899996399879, 1515030.604400001466274 ], [ 2656158.005500003695488, 1514921.766399998217821 ], [ 2655905.221400000154972, 1514921.909000001847744 ], [ 2655645.4054000005126, 1514922.055100001394749 ], [ 2655629.657300002872944, 1514922.063999999314547 ], [ 2655599.465300001204014, 1514923.486699998378754 ], [ 2655596.285499997437, 1514924.136900000274181 ], [ 2655530.516099996864796, 1514937.585900001227856 ], [ 2655437.159599997103214, 1514974.034400001168251 ], [ 2655422.697400003671646, 1514957.903799999505281 ], [ 2655371.238499999046326, 1514992.3596 ], [ 2655282.817400000989437, 1515049.41270000115037 ], [ 2655206.07769999653101, 1515098.928399998694658 ], [ 2655039.212700001895428, 1515211.057799998670816 ], [ 2654934.203900001943111, 1515281.620999999344349 ], [ 2654945.027999997138977, 1515292.348000001162291 ], [ 2655146.655000001192093, 1515492.160700000822544 ], [ 2655153.148999996483326, 1515497.138999998569489 ], [ 2655157.088100001215935, 1515489.540100000798702 ], [ 2655164.404700003564358, 1515488.336800001561642 ], [ 2655168.802100002765656, 1515485.351700000464916 ], [ 2655311.124499998986721, 1515427.208500001579523 ], [ 2655317.067800000309944, 1515426.79839999973774 ], [ 2655307.012999996542931, 1515343.4978 ], [ 2655349.155599996447563, 1515340.638999998569489 ], [ 2655361.530799999833107, 1515441.253899998962879 ], [ 2655380.048000000417233, 1515557.108399998396635 ], [ 2655387.694300003349781, 1515652.441399998962879 ], [ 2655409.335699997842312, 1515649.784600000828505 ], [ 2655465.83219999819994, 1515626.6162 ], [ 2655565.441299997270107, 1515605.950599998235703 ], [ 2655618.416400000452995, 1515600.848099999129772 ], [ 2655678.298299998044968, 1515591.41440000012517 ], [ 2655722.319700002670288, 1515617.063499998301268 ] ] ] ] } },
{ "type": "Feature", "properties": { "fid": 74, "OBJECTID": 58285, "CVE_COL": "19048_0075", "ID_COL": 58285, "COLONIA": "Industrias del Poniente", "CP": "66370", "CVE_ENT": "19", "NOM_ENT": "Nuevo León", "MUN": "048", "CVE_MUN": "19048", "NOM_MUN": "Santa Catarina", "LOC": "0001", "CVE_LOC": "190480001", "NOM_LOC": "Ciudad Santa Catarina", "SUN_2018": "M19.01", "NOM_SUN": "Monterrey", "POBTOT": 2273.005305, "P6A14NAE": 5.440697, "SBASC": 14.800545, "PSDSS": 16.148292, "OVSDE": 0.025026, "OVSEE": 0.033321, "OVSAE": 0.0, "OVPT": 0.708282, "OVHAC": 10.075201, "OVSREF": 0.985019, "OVSINT": 14.241129, "OVSCEL": 7.221794, "IM_2020": 152.25391727261101, "GM_2020": "Bajo", "IMN_2020": 0.97071015360510005, "CLASIF": "Colonia" }, "geometry": { "type": "MultiPolygon", "coordinates": [ [ [ [ 2655422.697400003671646, 1514957.903799999505281 ], [ 2655372.173900000751019, 1514879.937899999320507 ], [ 2655381.178099997341633, 1514770.671 ], [ 2655236.700000002980232, 1514770.5135000012815 ], [ 2655099.988300003111362, 1514770.364399999380112 ], [ 2654931.862800002098083, 1514447.720300000160933 ], [ 2654920.119400002062321, 1514424.386100001633167 ], [ 2654810.299500003457069, 1514206.1722999997437 ], [ 2654677.129900000989437, 1514261.243000000715256 ], [ 2654605.074699997901917, 1514267.441599998623133 ], [ 2654558.837099999189377, 1514268.179200001060963 ], [ 2654532.115199998021126, 1514268.635800000280142 ], [ 2654508.608300000429153, 1514268.997699998319149 ], [ 2654467.348800003528595, 1514273.757500000298023 ], [ 2654326.383699998259544, 1514290.019099999219179 ], [ 2654260.468900002539158, 1514297.486999999731779 ], [ 2654135.580399997532368, 1514312.151599999517202 ], [ 2654126.672399997711182, 1514315.205600000917912 ], [ 2654136.039099998772144, 1514351.108199998736382 ], [ 2654151.707800000905991, 1514397.427499998360872 ], [ 2654176.375399999320507, 1514456.641699999570847 ], [ 2654192.258199997246265, 1514468.755699999630451 ], [ 2654208.354900002479553, 1514473.450199998915195 ], [ 2654181.294100001454353, 1514495.160399999469519 ], [ 2654185.189900003373623, 1514499.080600000917912 ], [ 2654215.755300000309944, 1514529.837400000542402 ], [ 2654370.003200002014637, 1514504.609000001102686 ], [ 2654372.2346, 1514504.126499999314547 ], [ 2654569.463500000536442, 1514463.337600000202656 ], [ 2654573.22240000218153, 1514462.560199998319149 ], [ 2654573.782600000500679, 1514491.248700000345707 ], [ 2654589.987400002777576, 1514542.195500001311302 ], [ 2654623.235600002110004, 1514651.502399999648333 ], [ 2654615.994199998676777, 1514760.9847999997437 ], [ 2654637.523199997842312, 1514872.578000001609325 ], [ 2654677.679399996995926, 1514947.355999998748302 ], [ 2654717.499899998307228, 1515020.071800000965595 ], [ 2654736.766800001263618, 1515038.950199998915195 ], [ 2654763.416000001132488, 1515061.029899999499321 ], [ 2654767.975299999117851, 1515075.393699999898672 ], [ 2654787.371200002729893, 1515093.102200001478195 ], [ 2654825.693499997258186, 1515131.078499998897314 ], [ 2654850.229599997401237, 1515160.139400001615286 ], [ 2654868.77250000089407, 1515191.46059999987483 ], [ 2654912.743000000715256, 1515251.563700001686811 ], [ 2654934.203900001943111, 1515281.620999999344349 ], [ 2655039.212700001895428, 1515211.057799998670816 ], [ 2655206.07769999653101, 1515098.928399998694658 ], [ 2655282.817400000989437, 1515049.41270000115037 ], [ 2655371.238499999046326, 1514992.3596 ], [ 2655422.697400003671646, 1514957.903799999505281 ] ] ] ] } },
{ "type": "Feature", "properties": { "fid": 75, "OBJECTID": 58286, "CVE_COL": "19048_0076", "ID_COL": 58286, "COLONIA": "Jardin de Las Mitras (Fomerrey 17)", "CP": "66138", "CVE_ENT": "19", "NOM_ENT": "Nuevo León", "MUN": "048", "CVE_MUN": "19048", "NOM_MUN": "Santa Catarina", "LOC": "0001", "CVE_LOC": "190480001", "NOM_LOC": "Ciudad Santa Catarina", "SUN_2018": "M19.01", "NOM_SUN": "Monterrey", "POBTOT": 541.495198, "P6A14NAE": 8.955596, "SBASC": 35.506423, "PSDSS": 26.764827, "OVSDE": 0.0, "OVSEE": 0.0, "OVSAE": 0.110239, "OVPT": 0.611749, "OVHAC": 27.077895, "OVSREF": 3.204399, "OVSINT": 32.667901, "OVSCEL": 10.582354, "IM_2020": 148.179087992272, "GM_2020": "Medio", "IMN_2020": 0.94473066994069999, "CLASIF": "Colonia" }, "geometry": { "type": "MultiPolygon", "coordinates": [ [ [ [ 2657081.729599997401237, 1515755.69539999961853 ], [ 2657086.791400000452995, 1515754.6393 ], [ 2657188.866400003433228, 1515733.341600000858307 ], [ 2657174.781900003552437, 1515699.032400000840425 ], [ 2657163.796700000762939, 1515670.220199998468161 ], [ 2657153.307700000703335, 1515642.709600001573563 ], [ 2657146.74379999935627, 1515614.0088 ], [ 2657137.536899998784065, 1515573.751400001347065 ], [ 2657129.172499999403954, 1515545.811599999666214 ], [ 2657020.50789999961853, 1515541.206599999219179 ], [ 2657002.211800001561642, 1515541.040500000119209 ], [ 2656892.693499997258186, 1515540.046100001782179 ], [ 2656851.691699996590614, 1515540.085900001227856 ], [ 2656875.906000003218651, 1515659.23759999871254 ], [ 2656918.767800003290176, 1515652.198399998247623 ], [ 2656923.07769999653101, 1515678.52930000051856 ], [ 2656929.770999997854233, 1515719.421 ], [ 2656933.975500002503395, 1515745.107700001448393 ], [ 2656934.830899998545647, 1515750.333399999886751 ], [ 2656939.348399996757507, 1515777.932300001382828 ], [ 2657081.729599997401237, 1515755.69539999961853 ] ] ] ] } },
{ "type": "Feature", "properties": { "fid": 76, "OBJECTID": 58287, "CVE_COL": "19048_0077", "ID_COL": 58287, "COLONIA": "Jardines de La Fama", "CP": "66166", "CVE_ENT": "19", "NOM_ENT": "Nuevo León", "MUN": "048", "CVE_MUN": "19048", "NOM_MUN": "Santa Catarina", "LOC": "0001", "CVE_LOC": "190480001", "NOM_LOC": "Ciudad Santa Catarina", "SUN_2018": "M19.01", "NOM_SUN": "Monterrey", "POBTOT": 168.642671, "P6A14NAE": 5.161243, "SBASC": 14.653432, "PSDSS": 15.784006, "OVSDE": 0.000239, "OVSEE": 0.0, "OVSAE": 0.0, "OVPT": 0.262939, "OVHAC": 12.410402, "OVSREF": 0.600126, "OVSINT": 12.382658, "OVSCEL": 3.632313, "IM_2020": 152.64567302834001, "GM_2020": "Muy bajo", "IMN_2020": 0.97320783180369996, "CLASIF": "Colonia" }, "geometry": { "type": "MultiPolygon", "coordinates": [ [ [ [ 2656255.221900001168251, 1513974.282400000840425 ], [ 2656176.8015, 1513988.501600001007318 ], [ 2656110.47410000115633, 1514000.528000000864267 ], [ 2656148.388599999248981, 1514051.9232 ], [ 2656196.1809, 1514119.527699999511242 ], [ 2656203.440499998629093, 1514129.796399999409914 ], [ 2656216.726099997758865, 1514148.588500000536442 ], [ 2656221.529899999499321, 1514145.549699999392033 ], [ 2656287.766599997878075, 1514103.648400001227856 ], [ 2656243.746500000357628, 1514039.342300001531839 ], [ 2656277.815099999308586, 1514013.216400001198053 ], [ 2656264.619699999690056, 1513990.47690000012517 ], [ 2656262.890699997544289, 1513987.497699998319149 ], [ 2656255.221900001168251, 1513974.282400000840425 ] ] ] ] } },
{ "type": "Feature", "properties": { "fid": 77, "OBJECTID": 58288, "CVE_COL": "19048_0078", "ID_COL": 58288, "COLONIA": "Jardines de Santa Catarina", "CP": "66362", "CVE_ENT": "19", "NOM_ENT": "Nuevo León", "MUN": "048", "CVE_MUN": "19048", "NOM_MUN": "Santa Catarina", "LOC": "0001", "CVE_LOC": "190480001", "NOM_LOC": "Ciudad Santa Catarina", "SUN_2018": "M19.01", "NOM_SUN": "Monterrey", "POBTOT": 1559.05776, "P6A14NAE": 1.268776, "SBASC": 13.575114, "PSDSS": 17.598721, "OVSDE": 0.0, "OVSEE": 0.0, "OVSAE": 0.014624, "OVPT": 0.15459, "OVHAC": 12.978732, "OVSREF": 0.680023, "OVSINT": 15.643167, "OVSCEL": 3.538591, "IM_2020": 153.431772655, "GM_2020": "Muy bajo", "IMN_2020": 0.97821968898949996, "CLASIF": "Fraccionamiento" }, "geometry": { "type": "MultiPolygon", "coordinates": [ [ [ [ 2653190.550899997353554, 1515784.481100000441074 ], [ 2653193.5675999969244, 1515764.179900001734495 ], [ 2653196.584299996495247, 1515743.878600001335144 ], [ 2653198.7246999964118, 1515729.474300000816584 ], [ 2653200.865099996328354, 1515715.070000000298023 ], [ 2653202.772399999201298, 1515702.234299998730421 ], [ 2653203.8141999989748, 1515695.223499998450279 ], [ 2653209.102700002491474, 1515659.633499998599291 ], [ 2653211.597099997103214, 1515642.847199998795986 ], [ 2653215.928300000727177, 1515613.6996 ], [ 2653222.299900002777576, 1515570.820700000971556 ], [ 2653228.715899996459484, 1515527.642799999564886 ], [ 2653234.450499996542931, 1515489.050500001758337 ], [ 2653239.996399998664856, 1515451.739399999380112 ], [ 2653240.54559999704361, 1515448.032000001519918 ], [ 2653241.5033999979496, 1515441.585999999195337 ], [ 2653244.831000000238419, 1515419.192400000989437 ], [ 2653248.023599997162819, 1515397.706900000572205 ], [ 2653254.982799999415874, 1515335.806000001728535 ], [ 2653255.39919999986887, 1515331.781500000506639 ], [ 2653255.8926, 1515327.990200001746416 ], [ 2653263.424699999392033, 1515272.878100000321865 ], [ 2653267.274899996817112, 1515244.750700000673532 ], [ 2653272.803900003433228, 1515204.358899999409914 ], [ 2653276.880999997258186, 1515174.574299998581409 ], [ 2653278.579000003635883, 1515164.274999998509884 ], [ 2653285.774800002574921, 1515121.584100000560284 ], [ 2653292.897799998521805, 1515079.325300000607967 ], [ 2653305.834799997508526, 1515002.572700001299381 ], [ 2653271.807499997317791, 1515002.016100000590086 ], [ 2653112.914899997413158, 1515054.891100000590086 ], [ 2653106.675999999046326, 1515097.842399999499321 ], [ 2653101.210100002586842, 1515117.199700001627207 ], [ 2653056.050399996340275, 1515132.571199998259544 ], [ 2653051.144000001251698, 1515178.418999999761581 ], [ 2653037.254299998283386, 1515278.340900000184774 ], [ 2653056.678099997341633, 1515286.239999998360872 ], [ 2653050.908299997448921, 1515328.44310000166297 ], [ 2653043.791299998760223, 1515374.57880000025034 ], [ 2653036.424500003457069, 1515421.9560999982059 ], [ 2653032.1919, 1515472.589000001549721 ], [ 2653045.676100000739098, 1515516.85190000012517 ], [ 2653057.214299999177456, 1515547.260000001639128 ], [ 2653071.696199998259544, 1515596.545899998396635 ], [ 2653033.831500001251698, 1515607.875500001013279 ], [ 2653028.601499997079372, 1515634.9397 ], [ 2653021.728799998760223, 1515676.551600001752377 ], [ 2653014.539200000464916, 1515717.493599999696016 ], [ 2653008.249600000679493, 1515762.76410000026226 ], [ 2653005.267200000584126, 1515777.94539999961853 ], [ 2653002.689800001680851, 1515781.380100000649691 ], [ 2653001.546899996697903, 1515790.829900000244379 ], [ 2653116.819799996912479, 1515809.525199998170137 ], [ 2653179.056199997663498, 1515814.937199998646975 ], [ 2653184.541500002145767, 1515815.41440000012517 ], [ 2653189.343299999833107, 1515792.607900001108646 ], [ 2653190.550899997353554, 1515784.481100000441074 ] ] ] ] } },
{ "type": "Feature", "properties": { "fid": 78, "OBJECTID": 58289, "CVE_COL": "19048_0079", "ID_COL": 58289, "COLONIA": "Jesus M Garza", "CP": "66180", "CVE_ENT": "19", "NOM_ENT": "Nuevo León", "MUN": "048", "CVE_MUN": "19048", "NOM_MUN": "Santa Catarina", "LOC": "0001", "CVE_LOC": "190480001", "NOM_LOC": "Ciudad Santa Catarina", "SUN_2018": "M19.01", "NOM_SUN": "Monterrey", "POBTOT": 203.244506, "P6A14NAE": 6.727148, "SBASC": 29.49654, "PSDSS": 22.599507, "OVSDE": 0.0, "OVSEE": 0.0, "OVSAE": 0.053446, "OVPT": 0.23531, "OVHAC": 27.532172, "OVSREF": 3.643448, "OVSINT": 26.998348, "OVSCEL": 8.265354, "IM_2020": 149.64671267237199, "GM_2020": "Medio", "IMN_2020": 0.95408765860919997, "CLASIF": "Colonia" }, "geometry": { "type": "MultiPolygon", "coordinates": [ [ [ [ 2657950.511699996888638, 1513859.902499999850988 ], [ 2657929.200000002980232, 1513854.712799999862909 ], [ 2657872.08500000089407, 1513840.811299998313189 ], [ 2657762.165700003504753, 1513815.874699998646975 ], [ 2657758.114500001072884, 1513814.955699998885393 ], [ 2657723.492499999701977, 1513810.8794 ], [ 2657705.196699999272823, 1513808.6118 ], [ 2657644.300800003111362, 1513800.701699998229742 ], [ 2657634.984300002455711, 1513801.151799999177456 ], [ 2657595.309600003063679, 1513803.087900001555681 ], [ 2657546.318499997258186, 1513805.47410000115633 ], [ 2657540.77589999884367, 1513830.892099998891354 ], [ 2657471.188400000333786, 1513988.604600001126528 ], [ 2657504.644500002264977, 1513996.289099998772144 ], [ 2657935.54450000077486, 1514014.939800001680851 ], [ 2657950.511699996888638, 1513859.902499999850988 ] ] ] ] } },
{ "type": "Feature", "properties": { "fid": 79, "OBJECTID": 58290, "CVE_COL": "19048_0080", "ID_COL": 58290, "COLONIA": "Jose Lopez Portillo", "CP": "66140", "CVE_ENT": "19", "NOM_ENT": "Nuevo León", "MUN": "048", "CVE_MUN": "19048", "NOM_MUN": "Santa Catarina", "LOC": "0001", "CVE_LOC": "190480001", "NOM_LOC": "Ciudad Santa Catarina", "SUN_2018": "M19.01", "NOM_SUN": "Monterrey", "POBTOT": 589.796942, "P6A14NAE": 7.723709, "SBASC": 34.168888, "PSDSS": 21.349842, "OVSDE": 4.7e-05, "OVSEE": 0.0, "OVSAE": 0.053747, "OVPT": 0.806198, "OVHAC": 28.457004, "OVSREF": 4.914337, "OVSINT": 37.26398, "OVSCEL": 9.216997, "IM_2020": 148.85563301743699, "GM_2020": "Medio", "IMN_2020": 0.94904405075260001, "CLASIF": "Colonia" }, "geometry": { "type": "MultiPolygon", "coordinates": [ [ [ [ 2656603.396200001239777, 1515569.027199998497963 ], [ 2656641.704599998891354, 1515561.888900000602007 ], [ 2656766.584399998188019, 1515548.019600000232458 ], [ 2656808.870099999010563, 1515543.32319999858737 ], [ 2656838.15820000320673, 1515541.109099999070168 ], [ 2656836.4824, 1515537.692600000649691 ], [ 2656778.446400001645088, 1515419.3882 ], [ 2656777.168099999427795, 1515416.783300001174212 ], [ 2656775.233000002801418, 1515412.646699998527765 ], [ 2656757.067400000989437, 1515373.820300001651049 ], [ 2656754.086599998176098, 1515367.449499998241663 ], [ 2656751.532200001180172, 1515361.729299999773502 ], [ 2656718.136600002646446, 1515286.951499998569489 ], [ 2656716.056900002062321, 1515282.295499999076128 ], [ 2656692.685900002717972, 1515281.386799998581409 ], [ 2656648.049199998378754, 1515280.234400000423193 ], [ 2656618.727099999785423, 1515279.507399998605251 ], [ 2656612.921999998390675, 1515279.342500001192093 ], [ 2656609.947700001299381, 1515271.825500000268221 ], [ 2656593.415899999439716, 1515230.045000001788139 ], [ 2656582.598099999129772, 1515203.275600001215935 ], [ 2656580.767800003290176, 1515196.355099998414516 ], [ 2656515.082400001585484, 1515200.618200000375509 ], [ 2656447.353500001132488, 1515227.356800001114607 ], [ 2656424.421999998390675, 1515244.00789999961853 ], [ 2656426.820100001990795, 1515250.4287 ], [ 2656516.624099999666214, 1515490.877700001001358 ], [ 2656551.282499998807907, 1515583.67509999871254 ], [ 2656603.396200001239777, 1515569.027199998497963 ] ] ] ] } },
{ "type": "Feature", "properties": { "fid": 80, "OBJECTID": 58291, "CVE_COL": "19048_0081", "ID_COL": 58291, "COLONIA": "Jose Maria Morelos", "CP": "66140", "CVE_ENT": "19", "NOM_ENT": "Nuevo León", "MUN": "048", "CVE_MUN": "19048", "NOM_MUN": "Santa Catarina", "LOC": "0001", "CVE_LOC": "190480001", "NOM_LOC": "Ciudad Santa Catarina", "SUN_2018": "M19.01", "NOM_SUN": "Monterrey", "POBTOT": 2450.226837, "P6A14NAE": 5.991363, "SBASC": 21.241102, "PSDSS": 18.42734, "OVSDE": 0.012079, "OVSEE": 0.047775, "OVSAE": 0.078574, "OVPT": 0.461103, "OVHAC": 18.450117, "OVSREF": 2.171166, "OVSINT": 20.654412, "OVSCEL": 6.1255, "IM_2020": 151.209843018962, "GM_2020": "Bajo", "IMN_2020": 0.96405355325429998, "CLASIF": "Colonia" }, "geometry": { "type": "MultiPolygon", "coordinates": [ [ [ [ 2657471.188400000333786, 1513988.604600001126528 ], [ 2657540.77589999884367, 1513830.892099998891354 ], [ 2657546.318499997258186, 1513805.47410000115633 ], [ 2657506.130199998617172, 1513804.599700000137091 ], [ 2657332.853200003504753, 1513781.488099999725819 ], [ 2657232.914399996399879, 1513762.102400001138449 ], [ 2657136.03999999910593, 1513735.927000001072884 ], [ 2657098.8662, 1513725.882599998265505 ], [ 2656979.599299997091293, 1513700.949999999254942 ], [ 2656814.078500002622604, 1513675.934000000357628 ], [ 2656645.865299999713898, 1513640.077300000935793 ], [ 2656602.690099999308586, 1513623.408500000834465 ], [ 2656566.580899998545647, 1513608.997499998658895 ], [ 2656537.215999998152256, 1513643.214800000190735 ], [ 2656410.87389999628067, 1513600.644900001585484 ], [ 2656390.814499996602535, 1513592.9265 ], [ 2656374.52759999781847, 1513586.659600000828505 ], [ 2656309.246500000357628, 1513561.540800001472235 ], [ 2656188.838899999856949, 1513497.433200001716614 ], [ 2656172.085199996829033, 1513420.424199998378754 ], [ 2656168.244400002062321, 1513402.76969999819994 ], [ 2656063.544699996709824, 1513403.008699998259544 ], [ 2656033.842100001871586, 1513402.261199999600649 ], [ 2655982.396799996495247, 1513414.106800001114607 ], [ 2655901.142399996519089, 1513446.247299998998642 ], [ 2655849.980700001120567, 1513469.16780000180006 ], [ 2655718.206600002944469, 1513526.021899998188019 ], [ 2655675.775799997150898, 1513545.63740000128746 ], [ 2655613.257700003683567, 1513577.03489999845624 ], [ 2655548.583400003612041, 1513591.359400000423193 ], [ 2655479.304099999368191, 1513596.103300001472235 ], [ 2655445.845600001513958, 1513595.173300001770258 ], [ 2655393.232600003480911, 1513584.750599998980761 ], [ 2655358.8103, 1513572.50560000166297 ], [ 2655318.656300000846386, 1513554.892200000584126 ], [ 2655292.864900000393391, 1513540.427799999713898 ], [ 2655253.273500002920628, 1513514.468100000172853 ], [ 2655200.945200003683567, 1513464.208799999207258 ], [ 2655138.730800002813339, 1513406.9222999997437 ], [ 2655032.407300002872944, 1513300.630899999290705 ], [ 2654995.898299999535084, 1513240.13910000026226 ], [ 2654978.051100000739098, 1513203.538100000470877 ], [ 2654966.56870000064373, 1513171.019600000232458 ], [ 2654941.917999997735023, 1513084.612799998372793 ], [ 2654923.098399996757507, 1513002.097600001841784 ], [ 2654922.67790000140667, 1512873.193799998611212 ], [ 2654920.889399997889996, 1512765.951900001615286 ], [ 2654924.748400002717972, 1512556.013999998569489 ], [ 2654920.257299996912479, 1512548.036800000816584 ], [ 2654796.167400002479553, 1512407.682100001722574 ], [ 2654782.731899999082088, 1512374.879099998623133 ], [ 2654778.040200002491474, 1512363.424600001424551 ], [ 2654765.074299998581409, 1512485.695500001311302 ], [ 2654762.704300001263618, 1512564.349800001829863 ], [ 2654770.785099998116493, 1512671.513300001621246 ], [ 2654766.865699999034405, 1512690.280299998819828 ], [ 2654749.614200003445148, 1512772.887299999594688 ], [ 2654747.534000001847744, 1512797.944699998944998 ], [ 2654735.722099997103214, 1512832.930500000715256 ], [ 2654740.326099999248981, 1512890.175000000745058 ], [ 2654751.585600003600121, 1512988.191300000995398 ], [ 2654757.3091000020504, 1513076.587799999862909 ], [ 2654761.308499999344349, 1513216.005899999290705 ], [ 2654771.594200000166893, 1513260.172899998724461 ], [ 2654765.609200000762939, 1513308.80290000140667 ], [ 2654734.553000003099442, 1513321.365499999374151 ], [ 2654723.132200002670288, 1513341.741399999707937 ], [ 2655012.027199998497963, 1513755.85190000012517 ], [ 2655343.422899998724461, 1513888.578699998557568 ], [ 2655507.864600002765656, 1513972.276200000196695 ], [ 2655507.152800001204014, 1513961.22239999845624 ], [ 2655484.852200001478195, 1513886.90089999884367 ], [ 2655447.857699997723103, 1513804.161100000143051 ], [ 2655446.052799999713898, 1513800.177099999040365 ], [ 2655496.911799997091293, 1513791.344799999147654 ], [ 2655549.831399999558926, 1513782.372000001370907 ], [ 2655598.257399998605251, 1513774.922899998724461 ], [ 2655650.020300000905991, 1513766.402100000530481 ], [ 2655665.033299997448921, 1513758.565600000321865 ], [ 2655659.71509999781847, 1513731.037799999117851 ], [ 2655658.456299997866154, 1513724.71169999986887 ], [ 2655693.04389999806881, 1513693.447200000286102 ], [ 2655758.962999999523163, 1513657.51410000026226 ], [ 2655829.307300001382828, 1513607.2787000015378 ], [ 2655909.305399999022484, 1513570.280699998140335 ], [ 2655999.150799997150898, 1513553.380899999290705 ], [ 2656143.278399996459484, 1513546.918800000101328 ], [ 2656187.930399999022484, 1513551.013000000268221 ], [ 2656187.560999996960163, 1513572.798599999397993 ], [ 2656186.813100002706051, 1513616.908399999141693 ], [ 2656183.770599998533726, 1513654.548500001430511 ], [ 2656276.948299996554852, 1513670.619800001382828 ], [ 2656296.49719999730587, 1513682.6809 ], [ 2656298.728799998760223, 1513675.581999998539686 ], [ 2656319.974600002169609, 1513654.151900000870228 ], [ 2656326.444600000977516, 1513658.098000001162291 ], [ 2656472.17790000140667, 1513728.438200000673532 ], [ 2656482.862400002777576, 1513713.289000000804663 ], [ 2656491.69370000064373, 1513701.903400000184774 ], [ 2656556.313900001347065, 1513732.744100000709295 ], [ 2656622.576300002634525, 1513781.599899999797344 ], [ 2656644.191500000655651, 1513802.144900001585484 ], [ 2656659.161100000143051, 1513818.155600000172853 ], [ 2656702.925599999725819, 1513850.720400001853704 ], [ 2656761.638599999248981, 1513884.351300001144409 ], [ 2656790.234099999070168, 1513900.730900000780821 ], [ 2656849.840499997138977, 1513958.602899998426437 ], [ 2656919.211300000548363, 1513984.339899998158216 ], [ 2656987.333700001239777, 1513992.914900001138449 ], [ 2656996.055600002408028, 1513994.012800000607967 ], [ 2657039.957900002598763, 1514018.127500001341105 ], [ 2657068.618699997663498, 1514021.3268 ], [ 2657083.34570000320673, 1514023.118500001728535 ], [ 2657109.503200002014637, 1514031.681699998676777 ], [ 2657124.667900003492832, 1514034.014800000935793 ], [ 2657151.249600000679493, 1514042.169599998742342 ], [ 2657163.137599997222424, 1514047.747900001704693 ], [ 2657199.035499997437, 1514049.453299999237061 ], [ 2657228.402999997138977, 1514049.750799998641014 ], [ 2657316.115699999034405, 1514046.0304000005126 ], [ 2657340.37610000371933, 1514039.938799999654293 ], [ 2657396.052599996328354, 1514049.875300001353025 ], [ 2657436.179399996995926, 1514064.209100000560284 ], [ 2657471.188400000333786, 1513988.604600001126528 ] ] ] ] } },
{ "type": "Feature", "properties": { "fid": 81, "OBJECTID": 58292, "CVE_COL": "19048_0082", "ID_COL": 58292, "COLONIA": "La Banda", "CP": "66196", "CVE_ENT": "19", "NOM_ENT": "Nuevo León", "MUN": "048", "CVE_MUN": "19048", "NOM_MUN": "Santa Catarina", "LOC": "0001", "CVE_LOC": "190480001", "NOM_LOC": "Ciudad Santa Catarina", "SUN_2018": "M19.01", "NOM_SUN": "Monterrey", "POBTOT": 337.0625, "P6A14NAE": 6.451613, "SBASC": 7.786527, "PSDSS": 11.096692, "OVSDE": 0.0, "OVSEE": 0.07391, "OVSAE": 0.07391, "OVPT": 0.813008, "OVHAC": 6.134516, "OVSREF": 0.22173, "OVSINT": 8.277901, "OVSCEL": 1.921656, "IM_2020": 153.44363288557699, "GM_2020": "Muy bajo", "IMN_2020": 0.97829530508170004, "CLASIF": "Colonia" }, "geometry": { "type": "MultiPolygon", "coordinates": [ [ [ [ 2655201.508299998939037, 1512814.769499998539686 ], [ 2655154.517800003290176, 1512781.230000000447035 ], [ 2655115.549199998378754, 1512752.641100000590086 ], [ 2655102.696199998259544, 1512741.322599999606609 ], [ 2655104.175800003111362, 1512738.279599998146296 ], [ 2655175.66160000115633, 1512618.063400000333786 ], [ 2655106.88910000026226, 1512576.4543999992311 ], [ 2655062.627300001680851, 1512546.702799998223782 ], [ 2655036.315399996936321, 1512522.799800001084805 ], [ 2655022.269400000572205, 1512496.308800000697374 ], [ 2654941.610600002110004, 1512468.314800001680851 ], [ 2654941.252999998629093, 1512468.211500000208616 ], [ 2654936.610799998044968, 1512466.870799999684095 ], [ 2654924.748400002717972, 1512556.013999998569489 ], [ 2654920.889399997889996, 1512765.951900001615286 ], [ 2654922.67790000140667, 1512873.193799998611212 ], [ 2654923.098399996757507, 1513002.097600001841784 ], [ 2654941.917999997735023, 1513084.612799998372793 ], [ 2654966.56870000064373, 1513171.019600000232458 ], [ 2654972.271700002253056, 1513164.331700000911951 ], [ 2655197.70269999653101, 1512820.533100001513958 ], [ 2655201.508299998939037, 1512814.769499998539686 ] ] ] ] } },
{ "type": "Feature", "properties": { "fid": 82, "OBJECTID": 58293, "CVE_COL": "19048_0083", "ID_COL": 58293, "COLONIA": "La Barrica", "CP": "66189", "CVE_ENT": "19", "NOM_ENT": "Nuevo León", "MUN": "048", "CVE_MUN": "19048", "NOM_MUN": "Santa Catarina", "LOC": "0001", "CVE_LOC": "190480001", "NOM_LOC": "Ciudad Santa Catarina", "SUN_2018": "M19.01", "NOM_SUN": "Monterrey", "POBTOT": 625.442505, "P6A14NAE": 7.462687, "SBASC": 31.140352, "PSDSS": 23.361977, "OVSDE": 0.0, "OVSEE": 0.0, "OVSAE": 0.027412, "OVPT": 0.164474, "OVHAC": 28.536184, "OVSREF": 4.057018, "OVSINT": 28.179825, "OVSCEL": 8.77193, "IM_2020": 149.219998983685, "GM_2020": "Medio", "IMN_2020": 0.95136710259519996, "CLASIF": "Colonia" }, "geometry": { "type": "MultiPolygon", "coordinates": [ [ [ [ 2657763.379799999296665, 1513742.616900000721216 ], [ 2657757.422899998724461, 1513691.263700000941753 ], [ 2657751.465999998152256, 1513639.910500001162291 ], [ 2657730.561800003051758, 1513463.713899999856949 ], [ 2657709.109099999070168, 1513301.833500001579523 ], [ 2657700.927000001072884, 1513240.090599998831749 ], [ 2657686.504000000655651, 1513118.460099998861551 ], [ 2657583.273100003600121, 1513113.388300001621246 ], [ 2657543.124099999666214, 1513114.227099999785423 ], [ 2657504.523900002241135, 1513112.745200000703335 ], [ 2657478.517700001597404, 1513107.898800000548363 ], [ 2657439.259300000965595, 1513098.053100001066923 ], [ 2657437.248999997973442, 1513102.636700000613928 ], [ 2657410.202600002288818, 1513152.899599999189377 ], [ 2657393.199400000274181, 1513187.505699999630451 ], [ 2657389.453900001943111, 1513205.831500001251698 ], [ 2657387.162399999797344, 1513253.472800001502037 ], [ 2657374.761399999260902, 1513404.899599999189377 ], [ 2657373.124499998986721, 1513424.887299999594688 ], [ 2657344.365000002086163, 1513718.203200001269579 ], [ 2657337.219700001180172, 1513759.701900001615286 ], [ 2657334.108800001442432, 1513775.223900001496077 ], [ 2657332.853200003504753, 1513781.488099999725819 ], [ 2657506.130199998617172, 1513804.599700000137091 ], [ 2657546.318499997258186, 1513805.47410000115633 ], [ 2657595.309600003063679, 1513803.087900001555681 ], [ 2657634.984300002455711, 1513801.151799999177456 ], [ 2657644.300800003111362, 1513800.701699998229742 ], [ 2657705.196699999272823, 1513808.6118 ], [ 2657723.492499999701977, 1513810.8794 ], [ 2657758.114500001072884, 1513814.955699998885393 ], [ 2657762.165700003504753, 1513815.874699998646975 ], [ 2657762.333400003612041, 1513796.608199998736382 ], [ 2657762.521200001239777, 1513786.947700001299381 ], [ 2657762.69370000064373, 1513777.989799998700619 ], [ 2657763.379799999296665, 1513742.616900000721216 ] ] ] ] } },
{ "type": "Feature", "properties": { "fid": 83, "OBJECTID": 58294, "CVE_COL": "19048_0084", "ID_COL": 58294, "COLONIA": "La Campania 1Er Y 2Do Sector", "CP": "66166", "CVE_ENT": "19", "NOM_ENT": "Nuevo León", "MUN": "048", "CVE_MUN": "19048", "NOM_MUN": "Santa Catarina", "LOC": "0001", "CVE_LOC": "190480001", "NOM_LOC": "Ciudad Santa Catarina", "SUN_2018": "M19.01", "NOM_SUN": "Monterrey", "POBTOT": 797.014573, "P6A14NAE": 5.11901, "SBASC": 14.949207, "PSDSS": 15.864157, "OVSDE": 0.000887, "OVSEE": 0.007973, "OVSAE": 0.002658, "OVPT": 0.263748, "OVHAC": 12.62847, "OVSREF": 0.684026, "OVSINT": 12.818062, "OVSCEL": 3.770519, "IM_2020": 152.598043019123, "GM_2020": "Muy bajo", "IMN_2020": 0.9729041618923, "CLASIF": "Fraccionamiento" }, "geometry": { "type": "MultiPolygon", "coordinates": [ [ [ [ 2656446.165700003504753, 1514037.077399998903275 ], [ 2656424.986299999058247, 1514030.782400000840425 ], [ 2656386.650700002908707, 1514019.388300001621246 ], [ 2656370.663999997079372, 1514007.610100001096725 ], [ 2656370.606899999082088, 1514003.470499999821186 ], [ 2656374.979999996721745, 1513961.043099999427795 ], [ 2656378.25959999859333, 1513925.660599999129772 ], [ 2656378.577500000596046, 1513922.236099999397993 ], [ 2656346.999300003051758, 1513921.9978 ], [ 2656313.657999999821186, 1513908.25279999896884 ], [ 2656336.084499999880791, 1513871.388700000941753 ], [ 2656387.225400000810623, 1513817.21339999884367 ], [ 2656411.276000000536442, 1513795.488800000399351 ], [ 2656420.254199996590614, 1513787.378800000995398 ], [ 2656435.06360000371933, 1513772.923500001430511 ], [ 2656449.873000003397465, 1513758.468199998140335 ], [ 2656434.966700002551079, 1513752.295200001448393 ], [ 2656296.49719999730587, 1513682.6809 ], [ 2656276.948299996554852, 1513670.619800001382828 ], [ 2656308.713600002229214, 1513715.99040000140667 ], [ 2656321.210100002586842, 1513732.686700001358986 ], [ 2656318.552500002086163, 1513734.049899999052286 ], [ 2656230.156099997460842, 1513779.386799998581409 ], [ 2656226.686999998986721, 1513781.166400000452995 ], [ 2656204.29169999808073, 1513796.608399998396635 ], [ 2656260.24549999833107, 1513903.277300000190735 ], [ 2656280.377099998295307, 1513884.285799998790026 ], [ 2656293.71169999986887, 1513871.486200001090765 ], [ 2656301.35809999704361, 1513882.08390000090003 ], [ 2656294.122100003063679, 1513899.041299998760223 ], [ 2656285.5691, 1513935.827599998563528 ], [ 2656290.453699998557568, 1513948.882399998605251 ], [ 2656255.221900001168251, 1513974.282400000840425 ], [ 2656262.890699997544289, 1513987.497699998319149 ], [ 2656264.619699999690056, 1513990.47690000012517 ], [ 2656277.815099999308586, 1514013.216400001198053 ], [ 2656243.746500000357628, 1514039.342300001531839 ], [ 2656287.766599997878075, 1514103.648400001227856 ], [ 2656221.529899999499321, 1514145.549699999392033 ], [ 2656216.726099997758865, 1514148.588500000536442 ], [ 2656244.362400002777576, 1514186.865800000727177 ], [ 2656348.997599996626377, 1514307.735100001096725 ], [ 2656373.503300003707409, 1514333.735199999064207 ], [ 2656375.6272, 1514323.0625 ], [ 2656410.896499998867512, 1514180.069899998605251 ], [ 2656446.165700003504753, 1514037.077399998903275 ] ] ] ] } },
{ "type": "Feature", "properties": { "fid": 84, "OBJECTID": 58295, "CVE_COL": "19048_0085", "ID_COL": 58295, "COLONIA": "La Concordia", "CP": "66168", "CVE_ENT": "19", "NOM_ENT": "Nuevo León", "MUN": "048", "CVE_MUN": "19048", "NOM_MUN": "Santa Catarina", "LOC": "0001", "CVE_LOC": "190480001", "NOM_LOC": "Ciudad Santa Catarina", "SUN_2018": "M19.01", "NOM_SUN": "Monterrey", "POBTOT": 560.660419, "P6A14NAE": 3.738631, "SBASC": 23.415989, "PSDSS": 18.332544, "OVSDE": 0.026246, "OVSEE": 0.236138, "OVSAE": 0.078713, "OVPT": 0.319927, "OVHAC": 18.736199, "OVSREF": 3.058302, "OVSINT": 25.846394, "OVSCEL": 7.705011, "IM_2020": 151.25459023995501, "GM_2020": "Bajo", "IMN_2020": 0.96433884365959999, "CLASIF": "Colonia" }, "geometry": { "type": "MultiPolygon", "coordinates": [ [ [ [ 2656659.688400000333786, 1514370.41780000180006 ], [ 2656659.222300000488758, 1514365.068 ], [ 2656657.721699997782707, 1514347.83559999987483 ], [ 2656663.354800000786781, 1514218.88289999961853 ], [ 2656687.761399999260902, 1514221.164700001478195 ], [ 2656743.110799998044968, 1514297.232200000435114 ], [ 2656742.100599996745586, 1514300.178399998694658 ], [ 2656767.927100002765656, 1514303.855900000780821 ], [ 2656724.974200002849102, 1514250.995099999010563 ], [ 2656735.716499999165535, 1514246.980399999767542 ], [ 2656795.970899999141693, 1514217.540800001472235 ], [ 2656784.505900003015995, 1514200.94649999961257 ], [ 2656758.476899996399879, 1514162.951699998229742 ], [ 2656721.723499998450279, 1514104.963300000876188 ], [ 2656697.763700000941753, 1514072.947700001299381 ], [ 2656697.733900003135204, 1514060.6570999994874 ], [ 2656669.437100000679493, 1514064.842199999839067 ], [ 2656657.607600003480911, 1514064.612199999392033 ], [ 2656602.574299998581409, 1514063.541999999433756 ], [ 2656556.45160000026226, 1514067.653000000864267 ], [ 2656544.714100003242493, 1514067.14469999819994 ], [ 2656543.792099997401237, 1514072.612199999392033 ], [ 2656521.955700002610683, 1514218.730200000107288 ], [ 2656520.558899998664856, 1514226.80350000038743 ], [ 2656517.648299999535084, 1514246.120000001043081 ], [ 2656440.784199997782707, 1514181.618200000375509 ], [ 2656438.706200003623962, 1514173.391199998557568 ], [ 2656469.094700001180172, 1514048.72520000115037 ], [ 2656470.333200000226498, 1514043.879599999636412 ], [ 2656446.165700003504753, 1514037.077399998903275 ], [ 2656410.896499998867512, 1514180.069899998605251 ], [ 2656375.6272, 1514323.0625 ], [ 2656373.503300003707409, 1514333.735199999064207 ], [ 2656535.082299999892712, 1514533.160300001502037 ], [ 2656544.581799998879433, 1514466.765799999237061 ], [ 2656558.279399998486042, 1514360.781100001186132 ], [ 2656593.252599999308586, 1514353.128800000995398 ], [ 2656659.688400000333786, 1514370.41780000180006 ] ] ] ] } },
{ "type": "Feature", "properties": { "fid": 85, "OBJECTID": 58296, "CVE_COL": "19048_0086", "ID_COL": 58296, "COLONIA": "La Conquista", "CP": "66360", "CVE_ENT": "19", "NOM_ENT": "Nuevo León", "MUN": "048", "CVE_MUN": "19048", "NOM_MUN": "Santa Catarina", "LOC": "0001", "CVE_LOC": "190480001", "NOM_LOC": "Ciudad Santa Catarina", "SUN_2018": "M19.01", "NOM_SUN": "Monterrey", "POBTOT": 890.659483, "P6A14NAE": 3.022364, "SBASC": 4.249228, "PSDSS": 11.578771, "OVSDE": 0.0, "OVSEE": 0.0, "OVSAE": 0.000244, "OVPT": 0.08157, "OVHAC": 8.684458, "OVSREF": 0.386727, "OVSINT": 7.974129, "OVSCEL": 0.849547, "IM_2020": 154.55714314990701, "GM_2020": "Muy bajo", "IMN_2020": 0.9853946016981, "CLASIF": "Fraccionamiento" }, "geometry": { "type": "MultiPolygon", "coordinates": [ [ [ [ 2654784.087099999189377, 1518051.776099998503923 ], [ 2654782.929499998688698, 1518047.970899999141693 ], [ 2654736.270499996840954, 1517946.116599999368191 ], [ 2654678.510300002992153, 1517828.069299999624491 ], [ 2654662.571999996900558, 1517836.501299999654293 ], [ 2654658.85530000180006, 1517838.491799999028444 ], [ 2654622.325499996542931, 1517855.640999998897314 ], [ 2654574.07599999755621, 1517878.148600000888109 ], [ 2654460.577799998223782, 1517938.353999998420477 ], [ 2654441.874300003051758, 1517947.256499998271465 ], [ 2654445.805299997329712, 1517955.016699999570847 ], [ 2654458.999399997293949, 1517949.783500000834465 ], [ 2654543.75280000269413, 1518122.179499998688698 ], [ 2654534.591300003230572, 1518126.673500001430511 ], [ 2654537.664599999785423, 1518134.185499999672174 ], [ 2654547.321999996900558, 1518129.21680000051856 ], [ 2654567.015799999237061, 1518174.427400000393391 ], [ 2654574.57769999653101, 1518177.102299999445677 ], [ 2654697.287299998104572, 1518165.51630000025034 ], [ 2654758.040200002491474, 1518102.189500000327826 ], [ 2654784.087099999189377, 1518051.776099998503923 ] ] ] ] } },
{ "type": "Feature", "properties": { "fid": 86, "OBJECTID": 58297, "CVE_COL": "19048_0087", "ID_COL": 58297, "COLONIA": "La Ermita", "CP": "66129", "CVE_ENT": "19", "NOM_ENT": "Nuevo León", "MUN": "048", "CVE_MUN": "19048", "NOM_MUN": "Santa Catarina", "LOC": "0001", "CVE_LOC": "190480001", "NOM_LOC": "Ciudad Santa Catarina", "SUN_2018": "M19.01", "NOM_SUN": "Monterrey", "POBTOT": 5084.218212, "P6A14NAE": 5.435447, "SBASC": 22.520417, "PSDSS": 19.608395, "OVSDE": 0.000196, "OVSEE": 4.9e-05, "OVSAE": 0.174469, "OVPT": 0.819027, "OVHAC": 27.278528, "OVSREF": 1.321588, "OVSINT": 25.602728, "OVSCEL": 4.678761, "IM_2020": 150.945622027658, "GM_2020": "Bajo", "IMN_2020": 0.96236898576569996, "CLASIF": "Colonia" }, "geometry": { "type": "MultiPolygon", "coordinates": [ [ [ [ 2657230.276500001549721, 1517144.188099998980761 ], [ 2657215.919600002467632, 1517107.824499998241663 ], [ 2657211.618699997663498, 1517095.902100000530481 ], [ 2657197.265600003302097, 1517058.798000000417233 ], [ 2657185.937299996614456, 1517029.5132 ], [ 2657178.73200000077486, 1517004.978900000452995 ], [ 2657173.626199997961521, 1516983.377999998629093 ], [ 2657166.707500003278255, 1516957.3581000007689 ], [ 2657102.758100003004074, 1516984.960799999535084 ], [ 2657051.790399998426437, 1517009.059599999338388 ], [ 2656990.42400000244379, 1517035.724599998444319 ], [ 2656949.535899996757507, 1517055.0077 ], [ 2656832.796099998056889, 1517107.100600000470877 ], [ 2656689.649300001561642, 1517167.193999998271465 ], [ 2656632.792099997401237, 1517193.503600001335144 ], [ 2656582.295699998736382, 1517216.869800001382828 ], [ 2656545.726199999451637, 1517233.226599998772144 ], [ 2656521.744499996304512, 1517244.038699999451637 ], [ 2656379.631700001657009, 1517306.782699998468161 ], [ 2656367.648100003600121, 1517312.48369999974966 ], [ 2656303.529600001871586, 1517340.4309 ], [ 2656210.129799999296665, 1517380.791400000452995 ], [ 2656100.561899997293949, 1517429.707400001585484 ], [ 2656003.722699999809265, 1517229.189300000667572 ], [ 2655994.924900002777576, 1517210.972199998795986 ], [ 2655986.528599999845028, 1517245.626800000667572 ], [ 2655985.976099997758865, 1517286.587600000202656 ], [ 2655999.194899998605251, 1517362.530000001192093 ], [ 2655991.741499997675419, 1517398.17850000038743 ], [ 2656003.003100000321865, 1517423.01240000128746 ], [ 2655985.556999996304512, 1517431.621500000357628 ], [ 2656097.61370000243187, 1517704.766199998557568 ], [ 2656099.861699998378754, 1517708.479899998754263 ], [ 2656129.93129999935627, 1517695.092000000178814 ], [ 2656151.342600002884865, 1517740.247699998319149 ], [ 2656319.780299998819828, 1517673.070700000971556 ], [ 2656376.348099999129772, 1517644.897300001233816 ], [ 2656541.509900003671646, 1517560.53770000115037 ], [ 2656580.855099998414516, 1517544.706000000238419 ], [ 2656647.863899998366833, 1517525.13910000026226 ], [ 2656746.372400000691414, 1517480.559599999338388 ], [ 2656796.7051, 1517448.948600001633167 ], [ 2656847.327799998223782, 1517430.7787000015378 ], [ 2656866.494400002062321, 1517408.999800000339746 ], [ 2656874.754000000655651, 1517373.324299998581409 ], [ 2656913.9846, 1517373.833999998867512 ], [ 2657004.625299997627735, 1517315.0658 ], [ 2656997.198100000619888, 1517257.794599998742342 ], [ 2657058.242399998009205, 1517226.420299999415874 ], [ 2657107.160700000822544, 1517203.032600000500679 ], [ 2657156.847099997103214, 1517179.289099998772144 ], [ 2657210.563100002706051, 1517153.596000000834465 ], [ 2657230.276500001549721, 1517144.188099998980761 ] ] ] ] } },
{ "type": "Feature", "properties": { "fid": 87, "OBJECTID": 58298, "CVE_COL": "19048_0088", "ID_COL": 58298, "COLONIA": "La Ermita", "CP": "66100", "CVE_ENT": "19", "NOM_ENT": "Nuevo León", "MUN": "048", "CVE_MUN": "19048", "NOM_MUN": "Santa Catarina", "LOC": "0001", "CVE_LOC": "190480001", "NOM_LOC": "Ciudad Santa Catarina", "SUN_2018": "M19.01", "NOM_SUN": "Monterrey", "POBTOT": 139.306656, "P6A14NAE": 3.713528, "SBASC": 23.588255, "PSDSS": 18.381963, "OVSDE": 0.026752, "OVSEE": 0.24077, "OVSAE": 0.080257, "OVPT": 0.321027, "OVHAC": 18.860353, "OVSREF": 3.106588, "OVSINT": 26.11022, "OVSCEL": 7.784911, "IM_2020": 151.22668181066501, "GM_2020": "Bajo", "IMN_2020": 0.96416091066340004, "CLASIF": "Conjunto habitacional" }, "geometry": { "type": "MultiPolygon", "coordinates": [ [ [ [ 2656893.225100003182888, 1514333.392499998211861 ], [ 2656861.691399998962879, 1514325.495299998670816 ], [ 2656804.538400001823902, 1514312.69709999859333 ], [ 2656784.657799996435642, 1514306.321199998259544 ], [ 2656767.927100002765656, 1514303.855900000780821 ], [ 2656742.100599996745586, 1514300.178399998694658 ], [ 2656737.483300000429153, 1514302.70160000026226 ], [ 2656735.146600000560284, 1514306.518800001591444 ], [ 2656734.579000003635883, 1514351.121800001710653 ], [ 2656702.078100003302097, 1514349.833599999547005 ], [ 2656684.117399998009205, 1514363.754000000655651 ], [ 2656675.814599998295307, 1514370.189599998295307 ], [ 2656680.756700001657009, 1514374.041999999433756 ], [ 2656692.635799996554852, 1514381.267499998211861 ], [ 2656727.043200001120567, 1514397.22580000013113 ], [ 2656786.115900002419949, 1514433.351199999451637 ], [ 2656868.710299998521805, 1514475.813299998641014 ], [ 2656901.796999998390675, 1514493.424800001084805 ], [ 2656893.51630000025034, 1514336.896299999207258 ], [ 2656893.225100003182888, 1514333.392499998211861 ] ] ] ] } },
{ "type": "Feature", "properties": { "fid": 88, "OBJECTID": 58299, "CVE_COL": "19048_0089", "ID_COL": 58299, "COLONIA": "La Española", "CP": "66167", "CVE_ENT": "19", "NOM_ENT": "Nuevo León", "MUN": "048", "CVE_MUN": "19048", "NOM_MUN": "Santa Catarina", "LOC": "0001", "CVE_LOC": "190480001", "NOM_LOC": "Ciudad Santa Catarina", "SUN_2018": "M19.01", "NOM_SUN": "Monterrey", "POBTOT": 384.329704, "P6A14NAE": 3.732, "SBASC": 23.462684, "PSDSS": 18.345786, "OVSDE": 0.026377, "OVSEE": 0.237395, "OVSAE": 0.079132, "OVPT": 0.320198, "OVHAC": 18.769989, "OVSREF": 3.071425, "OVSINT": 25.917479, "OVSCEL": 7.726702, "IM_2020": 151.24699902087801, "GM_2020": "Bajo", "IMN_2020": 0.96429044507929995, "CLASIF": "Colonia" }, "geometry": { "type": "MultiPolygon", "coordinates": [ [ [ [ 2656697.733900003135204, 1514060.6570999994874 ], [ 2656743.095399998128414, 1514052.433299999684095 ], [ 2656747.724600002169609, 1514020.28999999910593 ], [ 2656790.234099999070168, 1513900.730900000780821 ], [ 2656761.638599999248981, 1513884.351300001144409 ], [ 2656702.925599999725819, 1513850.720400001853704 ], [ 2656659.161100000143051, 1513818.155600000172853 ], [ 2656645.76799999922514, 1513855.506400000303984 ], [ 2656610.732900001108646, 1513960.797800000756979 ], [ 2656556.7162000015378, 1513939.121599998325109 ], [ 2656574.155900001525879, 1513890.8885000012815 ], [ 2656597.923199996352196, 1513865.084899999201298 ], [ 2656567.274899996817112, 1513838.197200000286102 ], [ 2656538.4868, 1513865.607799999415874 ], [ 2656524.118299998342991, 1513880.509500000625849 ], [ 2656505.383199997246265, 1513883.939899999648333 ], [ 2656354.796700000762939, 1513874.728000000119209 ], [ 2656336.084499999880791, 1513871.388700000941753 ], [ 2656313.657999999821186, 1513908.25279999896884 ], [ 2656346.999300003051758, 1513921.9978 ], [ 2656378.577500000596046, 1513922.236099999397993 ], [ 2656378.25959999859333, 1513925.660599999129772 ], [ 2656374.979999996721745, 1513961.043099999427795 ], [ 2656486.834600001573563, 1513964.012299999594688 ], [ 2656491.702799998223782, 1513964.141600001603365 ], [ 2656446.165700003504753, 1514037.077399998903275 ], [ 2656470.333200000226498, 1514043.879599999636412 ], [ 2656505.080600000917912, 1514056.647199999541044 ], [ 2656511.022600002586842, 1514058.83049999922514 ], [ 2656530.0033999979496, 1514065.891800001263618 ], [ 2656544.714100003242493, 1514067.14469999819994 ], [ 2656556.45160000026226, 1514067.653000000864267 ], [ 2656602.574299998581409, 1514063.541999999433756 ], [ 2656657.607600003480911, 1514064.612199999392033 ], [ 2656669.437100000679493, 1514064.842199999839067 ], [ 2656697.733900003135204, 1514060.6570999994874 ] ] ] ] } },
{ "type": "Feature", "properties": { "fid": 89, "OBJECTID": 58300, "CVE_COL": "19048_0090", "ID_COL": 58300, "COLONIA": "La Fama", "CP": "66100", "CVE_ENT": "19", "NOM_ENT": "Nuevo León", "MUN": "048", "CVE_MUN": "19048", "NOM_MUN": "Santa Catarina", "LOC": "0001", "CVE_LOC": "190480001", "NOM_LOC": "Ciudad Santa Catarina", "SUN_2018": "M19.01", "NOM_SUN": "Monterrey", "POBTOT": 4480.120314, "P6A14NAE": 6.246832, "SBASC": 22.515233, "PSDSS": 19.762375, "OVSDE": 0.029054, "OVSEE": 0.150519, "OVSAE": 0.162885, "OVPT": 0.633595, "OVHAC": 21.320215, "OVSREF": 3.029217, "OVSINT": 25.930333, "OVSCEL": 7.246839, "IM_2020": 150.59884280275, "GM_2020": "Bajo", "IMN_2020": 0.96015805996019998, "CLASIF": "Colonia" }, "geometry": { "type": "MultiPolygon", "coordinates": [ [ [ [ 2657921.769500002264977, 1514130.568 ], [ 2657935.54450000077486, 1514014.939800001680851 ], [ 2657504.644500002264977, 1513996.289099998772144 ], [ 2657471.188400000333786, 1513988.604600001126528 ], [ 2657436.179399996995926, 1514064.209100000560284 ], [ 2657396.052599996328354, 1514049.875300001353025 ], [ 2657340.37610000371933, 1514039.938799999654293 ], [ 2657316.115699999034405, 1514046.0304000005126 ], [ 2657228.402999997138977, 1514049.750799998641014 ], [ 2657199.035499997437, 1514049.453299999237061 ], [ 2657163.137599997222424, 1514047.747900001704693 ], [ 2657151.249600000679493, 1514042.169599998742342 ], [ 2657124.667900003492832, 1514034.014800000935793 ], [ 2657109.503200002014637, 1514031.681699998676777 ], [ 2657083.34570000320673, 1514023.118500001728535 ], [ 2657068.618699997663498, 1514021.3268 ], [ 2657039.957900002598763, 1514018.127500001341105 ], [ 2656996.055600002408028, 1513994.012800000607967 ], [ 2656987.333700001239777, 1513992.914900001138449 ], [ 2656919.211300000548363, 1513984.339899998158216 ], [ 2656849.840499997138977, 1513958.602899998426437 ], [ 2656790.234099999070168, 1513900.730900000780821 ], [ 2656747.724600002169609, 1514020.28999999910593 ], [ 2656743.095399998128414, 1514052.433299999684095 ], [ 2656750.9375, 1514052.432500001043081 ], [ 2656793.110799998044968, 1514052.428300000727177 ], [ 2656828.58110000193119, 1514052.424699999392033 ], [ 2656829.953199997544289, 1514056.545499999076128 ], [ 2656926.279600001871586, 1514345.844999998807907 ], [ 2656925.246399998664856, 1514350.2018 ], [ 2656974.991999998688698, 1514378.498399998992682 ], [ 2657008.071900002658367, 1514396.422499999403954 ], [ 2657026.230899997055531, 1514405.370200000703335 ], [ 2657065.675200000405312, 1514424.806099999696016 ], [ 2657063.361000001430511, 1514426.879900000989437 ], [ 2656986.512100003659725, 1514539.061099998652935 ], [ 2656901.796999998390675, 1514493.424800001084805 ], [ 2656868.710299998521805, 1514475.813299998641014 ], [ 2656786.115900002419949, 1514433.351199999451637 ], [ 2656727.043200001120567, 1514397.22580000013113 ], [ 2656692.635799996554852, 1514381.267499998211861 ], [ 2656680.756700001657009, 1514374.041999999433756 ], [ 2656675.814599998295307, 1514370.189599998295307 ], [ 2656659.688400000333786, 1514370.41780000180006 ], [ 2656593.252599999308586, 1514353.128800000995398 ], [ 2656558.279399998486042, 1514360.781100001186132 ], [ 2656544.581799998879433, 1514466.765799999237061 ], [ 2656535.082299999892712, 1514533.160300001502037 ], [ 2656700.218400001525879, 1514740.609700001776218 ], [ 2656831.713500000536442, 1514780.88740000128746 ], [ 2657045.295900002121925, 1514803.144200000911951 ], [ 2657095.260099999606609, 1514803.6118 ], [ 2657293.388999998569489, 1514805.465700000524521 ], [ 2657481.530599996447563, 1514817.800700001418591 ], [ 2657792.554899998009205, 1514824.424499999731779 ], [ 2657836.170900002121925, 1514825.353399999439716 ], [ 2657821.590800002217293, 1514796.910999998450279 ], [ 2657828.801899999380112, 1514788.562100000679493 ], [ 2657837.704800002276897, 1514778.269799999892712 ], [ 2657857.159800000488758, 1514768.938299998641014 ], [ 2657919.957999996840954, 1514793.010400000959635 ], [ 2657919.976599998772144, 1514782.121500000357628 ], [ 2657850.386500000953674, 1514442.905699998140335 ], [ 2657867.026500001549721, 1514449.291600000113249 ], [ 2657875.541900001466274, 1514444.198600001633167 ], [ 2657888.03490000218153, 1514304.703499998897314 ], [ 2657893.47919999808073, 1514278.065999999642372 ], [ 2657900.784699998795986, 1514200.945500001311302 ], [ 2657917.9746999964118, 1514152.041900001466274 ], [ 2657921.769500002264977, 1514130.568 ] ], [ [ 2657536.518700003623962, 1514150.911100000143051 ], [ 2657550.336199998855591, 1514155.926300000399351 ], [ 2657510.578199997544289, 1514241.925599999725819 ], [ 2657476.475400000810623, 1514226.760099999606609 ], [ 2657516.910599999129772, 1514143.713500000536442 ], [ 2657536.518700003623962, 1514150.911100000143051 ] ], [ [ 2657798.438299998641014, 1514274.004799999296665 ], [ 2657796.46000000089407, 1514295.111600000411272 ], [ 2657788.695100001990795, 1514362.950899999588728 ], [ 2657787.22410000115633, 1514375.014800000935793 ], [ 2657694.36599999666214, 1514333.11600000038743 ], [ 2657722.138099998235703, 1514242.886500000953674 ], [ 2657798.438299998641014, 1514274.004799999296665 ] ], [ [ 2657610.178599998354912, 1514335.142400000244379 ], [ 2657633.0779, 1514344.778900001198053 ], [ 2657705.550899997353554, 1514375.268199998885393 ], [ 2657782.794699996709824, 1514411.340700000524521 ], [ 2657695.915500000119209, 1514611.000900000333786 ], [ 2657543.429399996995926, 1514470.561000000685453 ], [ 2657469.731499999761581, 1514406.19990000128746 ], [ 2657494.155199997127056, 1514362.181400001049042 ], [ 2657499.467600002884865, 1514352.60700000077486 ], [ 2657528.277000002563, 1514300.684099998325109 ], [ 2657610.178599998354912, 1514335.142400000244379 ] ] ] ] } },
{ "type": "Feature", "properties": { "fid": 90, "OBJECTID": 58301, "CVE_COL": "19048_0091", "ID_COL": 58301, "COLONIA": "La Fortaleza", "CP": "66198", "CVE_ENT": "19", "NOM_ENT": "Nuevo León", "MUN": "048", "CVE_MUN": "19048", "NOM_MUN": "Santa Catarina", "LOC": "0001", "CVE_LOC": "190480001", "NOM_LOC": "Ciudad Santa Catarina", "SUN_2018": "M19.01", "NOM_SUN": "Monterrey", "POBTOT": 162.94577, "P6A14NAE": 7.462687, "SBASC": 31.140352, "PSDSS": 23.361975, "OVSDE": 0.0, "OVSEE": 0.0, "OVSAE": 0.027412, "OVPT": 0.164474, "OVHAC": 28.536185, "OVSREF": 4.057018, "OVSINT": 28.179826, "OVSCEL": 8.77193, "IM_2020": 149.21999899145499, "GM_2020": "Medio", "IMN_2020": 0.95136710264470004, "CLASIF": "Colonia" }, "geometry": { "type": "MultiPolygon", "coordinates": [ [ [ [ 2656469.623199999332428, 1513215.258200000971556 ], [ 2656456.159299999475479, 1513122.640999998897314 ], [ 2656426.030699998140335, 1512979.947599999606609 ], [ 2656428.738499999046326, 1512962.910300001502037 ], [ 2656439.492700003087521, 1512893.765299998223782 ], [ 2656313.012599997222424, 1512871.4956 ], [ 2656251.029200002551079, 1512858.848700001835823 ], [ 2656253.52080000191927, 1512866.244800001382828 ], [ 2656266.3618, 1512904.369600001722574 ], [ 2656270.987300001084805, 1512924.701900001615286 ], [ 2656276.202200002968311, 1512926.025600001215935 ], [ 2656278.796400003135204, 1512927.292100001126528 ], [ 2656278.734999999403954, 1512930.11430000141263 ], [ 2656281.181100003421307, 1512996.880399998277426 ], [ 2656293.254000000655651, 1513029.559099998325109 ], [ 2656306.263599999248981, 1513081.861299999058247 ], [ 2656321.239399999380112, 1513132.579199999570847 ], [ 2656324.073700003325939, 1513143.597699999809265 ], [ 2656332.919200003147125, 1513177.984700001776218 ], [ 2656331.582099996507168, 1513182.841400001198053 ], [ 2656301.679799996316433, 1513291.412599999457598 ], [ 2656333.833999998867512, 1513307.196100000292063 ], [ 2656337.613300003111362, 1513309.051600001752377 ], [ 2656337.735200002789497, 1513311.245900001376867 ], [ 2656340.278399996459484, 1513356.0581 ], [ 2656340.36599999666214, 1513358.599599998444319 ], [ 2656382.797200001776218, 1513334.751299999654293 ], [ 2656384.969499997794628, 1513334.243000000715256 ], [ 2656407.518299996852875, 1513328.788100000470877 ], [ 2656412.332800000905991, 1513327.7347999997437 ], [ 2656417.699400000274181, 1513280.420299999415874 ], [ 2656421.400499999523163, 1513259.714999999850988 ], [ 2656466.822899997234344, 1513260.79450000077486 ], [ 2656469.623199999332428, 1513215.258200000971556 ] ] ] ] } },
{ "type": "Feature", "properties": { "fid": 91, "OBJECTID": 58302, "CVE_COL": "19048_0092", "ID_COL": 58302, "COLONIA": "La Fraternidad (Jesus M Garza)", "CP": "66188", "CVE_ENT": "19", "NOM_ENT": "Nuevo León", "MUN": "048", "CVE_MUN": "19048", "NOM_MUN": "Santa Catarina", "LOC": "0001", "CVE_LOC": "190480001", "NOM_LOC": "Ciudad Santa Catarina", "SUN_2018": "M19.01", "NOM_SUN": "Monterrey", "POBTOT": 549.170715, "P6A14NAE": 7.462687, "SBASC": 31.14035, "PSDSS": 23.361976, "OVSDE": 0.0, "OVSEE": 0.0, "OVSAE": 0.027412, "OVPT": 0.164474, "OVHAC": 28.536185, "OVSREF": 4.057017, "OVSINT": 28.179824, "OVSCEL": 8.771929, "IM_2020": 149.219999147903, "GM_2020": "Medio", "IMN_2020": 0.95136710364220001, "CLASIF": "Colonia" }, "geometry": { "type": "MultiPolygon", "coordinates": [ [ [ [ 2657387.162399999797344, 1513253.472800001502037 ], [ 2657353.345299996435642, 1513264.476399999111891 ], [ 2656892.988499999046326, 1513293.243700001388788 ], [ 2656896.522600002586842, 1513349.625100001692772 ], [ 2656909.525799997150898, 1513637.315499998629093 ], [ 2656903.583599999547005, 1513640.390599999576807 ], [ 2656819.572200000286102, 1513631.217300001531839 ], [ 2656814.374799996614456, 1513635.725499998778105 ], [ 2656811.33049999922514, 1513665.776799999177456 ], [ 2656814.078500002622604, 1513675.934000000357628 ], [ 2656979.599299997091293, 1513700.949999999254942 ], [ 2657098.8662, 1513725.882599998265505 ], [ 2657136.03999999910593, 1513735.927000001072884 ], [ 2657232.914399996399879, 1513762.102400001138449 ], [ 2657332.853200003504753, 1513781.488099999725819 ], [ 2657334.108800001442432, 1513775.223900001496077 ], [ 2657337.219700001180172, 1513759.701900001615286 ], [ 2657344.365000002086163, 1513718.203200001269579 ], [ 2657373.124499998986721, 1513424.887299999594688 ], [ 2657374.761399999260902, 1513404.899599999189377 ], [ 2657387.162399999797344, 1513253.472800001502037 ] ] ] ] } },
{ "type": "Feature", "properties": { "fid": 92, "OBJECTID": 58303, "CVE_COL": "19048_0093", "ID_COL": 58303, "COLONIA": "La Huasteca", "CP": "66354", "CVE_ENT": "19", "NOM_ENT": "Nuevo León", "MUN": "048", "CVE_MUN": "19048", "NOM_MUN": "Santa Catarina", "LOC": "0001", "CVE_LOC": "190480001", "NOM_LOC": "Ciudad Santa Catarina", "SUN_2018": "M19.01", "NOM_SUN": "Monterrey", "POBTOT": 5879.768907, "P6A14NAE": 4.493445, "SBASC": 26.399518, "PSDSS": 15.58666, "OVSDE": 0.0, "OVSEE": 0.001738, "OVSAE": 0.018127, "OVPT": 0.301707, "OVHAC": 12.801081, "OVSREF": 0.758263, "OVSINT": 25.10549, "OVSCEL": 11.836135, "IM_2020": 151.26527279131699, "GM_2020": "Bajo", "IMN_2020": 0.96440695133950005, "CLASIF": "Unidad habitacional" }, "geometry": { "type": "MultiPolygon", "coordinates": [ [ [ [ 2653929.940999999642372, 1513749.014400001615286 ], [ 2653930.9956, 1513741.729299999773502 ], [ 2653927.7550999969244, 1513723.291299998760223 ], [ 2653931.043600000441074, 1513699.823800001293421 ], [ 2653933.124499998986721, 1513684.974399998784065 ], [ 2653938.468900002539158, 1513646.836399998515844 ], [ 2653943.600699998438358, 1513610.215399999171495 ], [ 2653951.22070000320673, 1513567.025199998170137 ], [ 2653956.023699998855591, 1513541.053599998354912 ], [ 2653977.93129999935627, 1513503.329199999570847 ], [ 2654004.968800000846386, 1513456.771299999207258 ], [ 2654021.758000001311302, 1513427.8607 ], [ 2654035.456900000572205, 1513404.271499998867512 ], [ 2654054.130199998617172, 1513372.116599999368191 ], [ 2654073.334100000560284, 1513339.044599998742342 ], [ 2654088.920400001108646, 1513312.208700001239777 ], [ 2654108.799500003457069, 1513278.0669 ], [ 2654122.857199996709824, 1513255.488299999386072 ], [ 2654140.179999999701977, 1513227.665699999779463 ], [ 2654160.253100000321865, 1513194.980700001120567 ], [ 2654174.975900001823902, 1513169.8293999992311 ], [ 2654187.034699998795986, 1513149.20890000090003 ], [ 2654202.8596, 1513122.194699998944998 ], [ 2654234.507799997925758, 1513068.437300000339746 ], [ 2654244.733199998736382, 1513069.48030000180006 ], [ 2654256.189099997282028, 1513052.234400000423193 ], [ 2654310.462999999523163, 1513073.937899999320507 ], [ 2654350.496100001037121, 1513088.969200000166893 ], [ 2654428.056999996304512, 1513118.0912000015378 ], [ 2654435.890100002288818, 1513121.050200000405312 ], [ 2654468.212999999523163, 1513132.4912 ], [ 2654479.711000002920628, 1513136.567400000989437 ], [ 2654511.651399999856949, 1513148.038899999111891 ], [ 2654524.473499998450279, 1513152.436200000345707 ], [ 2654551.974799998104572, 1513162.141699999570847 ], [ 2654591.359999999403954, 1513176.146200001239777 ], [ 2654600.977099999785423, 1513179.576999999582767 ], [ 2654647.843500003218651, 1513191.245799999684095 ], [ 2654697.232900001108646, 1513203.624899998307228 ], [ 2654743.93639999628067, 1513212.660500001162291 ], [ 2654761.308499999344349, 1513216.005899999290705 ], [ 2654757.3091000020504, 1513076.587799999862909 ], [ 2654751.585600003600121, 1512988.191300000995398 ], [ 2654706.531999997794628, 1512997.407800000160933 ], [ 2654702.2993, 1513052.764499999582767 ], [ 2654699.434600003063679, 1513100.184099998325109 ], [ 2654648.215499997138977, 1513088.871399998664856 ], [ 2654623.956200003623962, 1513083.403799999505281 ], [ 2654583.366999998688698, 1513072.7357 ], [ 2654540.89580000191927, 1513063.590500000864267 ], [ 2654517.26799999922514, 1513050.386 ], [ 2654504.7522, 1513030.307599999010563 ], [ 2654467.468699999153614, 1513012.317699998617172 ], [ 2654411.052699998021126, 1512983.082600001245737 ], [ 2654427.76690000295639, 1512951.377500001341105 ], [ 2654433.351499997079372, 1512941.934500001370907 ], [ 2654451.895400002598763, 1512910.443399999290705 ], [ 2654462.0591000020504, 1512891.941599998623133 ], [ 2654416.114799998700619, 1512866.347100000828505 ], [ 2654379.531400002539158, 1512845.771000001579523 ], [ 2654325.519599996507168, 1512938.8260000012815 ], [ 2654283.144299998879433, 1512873.840199999511242 ], [ 2654249.105400003492832, 1512859.054400000721216 ], [ 2654222.347199998795986, 1512882.3614999987185 ], [ 2654192.830899998545647, 1512908.8125 ], [ 2654167.0735, 1512932.45549999922514 ], [ 2654138.906400002539158, 1512957.60530000180006 ], [ 2654114.100100003182888, 1512979.584199998527765 ], [ 2654089.501500003039837, 1513001.380199998617172 ], [ 2654055.9287, 1513031.125199999660254 ], [ 2654029.78830000013113, 1513054.286100000143051 ], [ 2653982.250299997627735, 1513096.405699998140335 ], [ 2653953.972599998116493, 1513121.208500001579523 ], [ 2653929.108199998736382, 1513142.417199999094009 ], [ 2653905.737700000405312, 1513162.339600000530481 ], [ 2653879.526699997484684, 1513197.490299999713898 ], [ 2653849.955300003290176, 1513223.773899998515844 ], [ 2653824.677299998700619, 1513243.140299998223782 ], [ 2653792.5022, 1513271.916600000113249 ], [ 2653762.155299998819828, 1513297.227299999445677 ], [ 2653735.170100003480911, 1513321.814599998295307 ], [ 2653702.475599996745586, 1513352.491599999368191 ], [ 2653650.503100000321865, 1513397.726199999451637 ], [ 2653592.118600003421307, 1513444.733199998736382 ], [ 2653542.95380000025034, 1513492.737700000405312 ], [ 2653525.963799998164177, 1513519.295299999415874 ], [ 2653521.760300002992153, 1513529.401200000196695 ], [ 2653517.14019999653101, 1513565.947700001299381 ], [ 2653515.571599997580051, 1513572.127599999308586 ], [ 2653510.097099997103214, 1513609.874800000339746 ], [ 2653504.762800000607967, 1513635.758099999278784 ], [ 2653493.401299998164177, 1513684.25 ], [ 2653489.572300001978874, 1513713.794199999421835 ], [ 2653483.534199997782707, 1513747.385800000280142 ], [ 2653493.7368, 1513748.598099999129772 ], [ 2653759.444399997591972, 1513779.870299998670816 ], [ 2653761.731100000441074, 1513780.769799999892712 ], [ 2653758.116599999368191, 1513807.395500000566244 ], [ 2653756.462700001895428, 1513810.879599999636412 ], [ 2653747.309299997985363, 1513842.231199998408556 ], [ 2653746.688199996948242, 1513848.790899999439716 ], [ 2653788.594400003552437, 1513856.459800001233816 ], [ 2653833.185099996626377, 1513864.65819999948144 ], [ 2653912.105599999427795, 1513879.502700001001358 ], [ 2653923.272399999201298, 1513795.917399998754263 ], [ 2653924.267300002276897, 1513788.470400001853704 ], [ 2653929.940999999642372, 1513749.014400001615286 ] ] ] ] } },
{ "type": "Feature", "properties": { "fid": 93, "OBJECTID": 58304, "CVE_COL": "19048_0094", "ID_COL": 58304, "COLONIA": "La Joya", "CP": "66144", "CVE_ENT": "19", "NOM_ENT": "Nuevo León", "MUN": "048", "CVE_MUN": "19048", "NOM_MUN": "Santa Catarina", "LOC": "0001", "CVE_LOC": "190480001", "NOM_LOC": "Ciudad Santa Catarina", "SUN_2018": "M19.01", "NOM_SUN": "Monterrey", "POBTOT": 550.182495, "P6A14NAE": 2.761341, "SBASC": 21.475179, "PSDSS": 12.620027, "OVSDE": 0.0, "OVSEE": 0.183108, "OVSAE": 0.0, "OVPT": 0.411994, "OVHAC": 10.91783, "OVSREF": 0.343328, "OVSINT": 11.757965, "OVSCEL": 4.692149, "IM_2020": 152.81309418659399, "GM_2020": "Muy bajo", "IMN_2020": 0.97427524222670003, "CLASIF": "Fraccionamiento" }, "geometry": { "type": "MultiPolygon", "coordinates": [ [ [ [ 2654821.6206, 1516298.331399999558926 ], [ 2654810.1853, 1516272.790800001472235 ], [ 2654797.03999999910593, 1516242.244300000369549 ], [ 2654747.117399998009205, 1516156.456399999558926 ], [ 2654718.516500003635883, 1516107.279100000858307 ], [ 2654699.454199999570847, 1516076.564800001680851 ], [ 2654693.010200001299381, 1516064.643100000917912 ], [ 2654563.774400003254414, 1516078.282400000840425 ], [ 2654550.4287, 1516065.331500001251698 ], [ 2654539.056599996984005, 1516056.712799999862909 ], [ 2654520.182099997997284, 1516081.41440000012517 ], [ 2654507.085299998521805, 1516097.073699999600649 ], [ 2654511.155500002205372, 1516111.512600000947714 ], [ 2654515.986400000751019, 1516121.418299999088049 ], [ 2654621.807099997997284, 1516363.062600001692772 ], [ 2654632.585100002586842, 1516387.223700001835823 ], [ 2654666.194799996912479, 1516368.116799999028444 ], [ 2654680.285700000822544, 1516360.284800000488758 ], [ 2654703.822700001299381, 1516347.2027000002563 ], [ 2654713.328299999237061, 1516343.25899999961257 ], [ 2654718.337499998509884, 1516341.1809 ], [ 2654724.643799997866154, 1516338.564500000327826 ], [ 2654735.771999999880791, 1516333.947799999266863 ], [ 2654745.388999998569489, 1516329.957899998873472 ], [ 2654783.321000002324581, 1516314.220899999141693 ], [ 2654821.6206, 1516298.331399999558926 ] ] ] ] } },
{ "type": "Feature", "properties": { "fid": 94, "OBJECTID": 58305, "CVE_COL": "19048_0095", "ID_COL": 58305, "COLONIA": "La Puerta", "CP": "66350", "CVE_ENT": "19", "NOM_ENT": "Nuevo León", "MUN": "048", "CVE_MUN": "19048", "NOM_MUN": "Santa Catarina", "LOC": "0001", "CVE_LOC": "190480001", "NOM_LOC": "Ciudad Santa Catarina", "SUN_2018": "M19.01", "NOM_SUN": "Monterrey", "POBTOT": 2427.161893, "P6A14NAE": 2.932555, "SBASC": 10.17079, "PSDSS": 15.990447, "OVSDE": 0.0, "OVSEE": 0.0, "OVSAE": 1.336512, "OVPT": 0.179532, "OVHAC": 15.889115, "OVSREF": 1.09649, "OVSINT": 12.781631, "OVSCEL": 2.59171, "IM_2020": 153.26986107803, "GM_2020": "Muy bajo", "IMN_2020": 0.97718740545570004, "CLASIF": "Parque industrial" }, "geometry": { "type": "MultiPolygon", "coordinates": [ [ [ [ 2650904.713600002229214, 1516626.711199998855591 ], [ 2650898.742799997329712, 1516583.890700001269579 ], [ 2650912.141699999570847, 1516580.529100000858307 ], [ 2650914.636, 1516574.565499998629093 ], [ 2650912.329300001263618, 1516560.840300001204014 ], [ 2650894.578400000929832, 1516461.9353 ], [ 2650821.221500001847744, 1516030.075800001621246 ], [ 2650820.920299999415874, 1515994.606100000441074 ], [ 2650834.329199999570847, 1515980.928199999034405 ], [ 2650867.337499998509884, 1515948.975499998778105 ], [ 2650836.665299996733665, 1515960.936000000685453 ], [ 2650812.9391999989748, 1515970.187899999320507 ], [ 2650742.85360000282526, 1515997.517400000244379 ], [ 2650730.277300000190735, 1516002.421500001102686 ], [ 2650647.686599999666214, 1516034.6272 ], [ 2650557.461199998855591, 1516069.187300000339746 ], [ 2650465.3794, 1516105.716699998825788 ], [ 2650382.311700001358986, 1516139.046500001102686 ], [ 2650276.076300002634525, 1516181.731499999761581 ], [ 2650206.1831, 1516209.814300000667572 ], [ 2650215.032899998128414, 1516254.176699999719858 ], [ 2650248.795400001108646, 1516425.561099998652935 ], [ 2650254.795000001788139, 1516538.695300001651049 ], [ 2650266.30349999666214, 1516617.072799999266863 ], [ 2650282.852899998426437, 1516708.279899999499321 ], [ 2650328.229900002479553, 1516705.691700000315905 ], [ 2650375.027000002563, 1516703.6114999987185 ], [ 2650418.13740000128746, 1516698.325300000607967 ], [ 2650463.446000002324581, 1516691.9543999992311 ], [ 2650505.9529, 1516685.97749999910593 ], [ 2650551.501900002360344, 1516679.572799999266863 ], [ 2650597.672700002789497, 1516673.080600000917912 ], [ 2650643.482900001108646, 1516666.659600000828505 ], [ 2650670.485600002110004, 1516670.421 ], [ 2650677.533399999141693, 1516666.366700001060963 ], [ 2650771.038099996745586, 1516650.877000000327826 ], [ 2650774.114699997007847, 1516650.2456 ], [ 2650812.589100003242493, 1516642.756099998950958 ], [ 2650859.79110000282526, 1516634.058800000697374 ], [ 2650904.713600002229214, 1516626.711199998855591 ] ] ] ] } },
{ "type": "Feature", "properties": { "fid": 95, "OBJECTID": 58306, "CVE_COL": "19048_0096", "ID_COL": 58306, "COLONIA": "La Puerta de La Huasteca", "CP": "66359", "CVE_ENT": "19", "NOM_ENT": "Nuevo León", "MUN": "048", "CVE_MUN": "19048", "NOM_MUN": "Santa Catarina", "LOC": "0001", "CVE_LOC": "190480001", "NOM_LOC": "Ciudad Santa Catarina", "SUN_2018": "M19.01", "NOM_SUN": "Monterrey", "POBTOT": 766.748229, "P6A14NAE": 1.601811, "SBASC": 7.006407, "PSDSS": 8.660527, "OVSDE": 0.0, "OVSEE": 0.0, "OVSAE": 0.0, "OVPT": 0.00012, "OVHAC": 13.47371, "OVSREF": 0.308645, "OVSINT": 10.65888, "OVSCEL": 0.619025, "IM_2020": 154.74854229151899, "GM_2020": "Muy bajo", "IMN_2020": 0.98661488616420001, "CLASIF": "Fraccionamiento" }, "geometry": { "type": "MultiPolygon", "coordinates": [ [ [ [ 2650032.978100001811981, 1515478.147199999541044 ], [ 2650065.557800002396107, 1515465.688700001686811 ], [ 2650099.660899996757507, 1515443.882199998944998 ], [ 2650231.376000002026558, 1515389.3574 ], [ 2650267.863200001418591, 1515346.977600000798702 ], [ 2650188.053000003099442, 1515152.453600000590086 ], [ 2650130.696800000965595, 1515011.717799998819828 ], [ 2650126.208400003612041, 1515002.764199998229742 ], [ 2650089.921300001442432, 1514934.487100001424551 ], [ 2650079.109200000762939, 1514930.7445 ], [ 2649723.00110000371933, 1515017.728999998420477 ], [ 2649979.618699997663498, 1515427.653799999505281 ], [ 2649971.403399996459484, 1515430.703099999576807 ], [ 2649999.412900000810623, 1515476.741500001400709 ], [ 2650006.52250000089407, 1515492.772300001233816 ], [ 2650032.978100001811981, 1515478.147199999541044 ] ] ] ] } },
{ "type": "Feature", "properties": { "fid": 96, "OBJECTID": 58307, "CVE_COL": "19048_0097", "ID_COL": 58307, "COLONIA": "Labores Nuevas", "CP": "66351", "CVE_ENT": "19", "NOM_ENT": "Nuevo León", "MUN": "048", "CVE_MUN": "19048", "NOM_MUN": "Santa Catarina", "LOC": "0001", "CVE_LOC": "190480001", "NOM_LOC": "Ciudad Santa Catarina", "SUN_2018": "M19.01", "NOM_SUN": "Monterrey", "POBTOT": 714.734192, "P6A14NAE": 6.52819, "SBASC": 23.938619, "PSDSS": 21.523439, "OVSDE": 0.156128, "OVSEE": 0.039032, "OVSAE": 2.068696, "OVPT": 3.395785, "OVHAC": 21.194379, "OVSREF": 4.332553, "OVSINT": 34.426229, "OVSCEL": 6.518345, "IM_2020": 149.72844539270201, "GM_2020": "Medio", "IMN_2020": 0.95460875378309995, "CLASIF": "Colonia" }, "geometry": { "type": "MultiPolygon", "coordinates": [ [ [ [ 2653741.376400001347065, 1516877.043800000101328 ], [ 2653730.381700001657009, 1516832.973799999803305 ], [ 2653725.798000000417233, 1516834.839800000190735 ], [ 2653724.528099998831749, 1516829.774000000208616 ], [ 2653670.166299998760223, 1516595.213500000536442 ], [ 2653654.106200002133846, 1516604.046900000423193 ], [ 2653652.576700001955032, 1516597.00730000063777 ], [ 2653645.710400000214577, 1516560.138000000268221 ], [ 2653627.293600000441074, 1516456.125300001353025 ], [ 2653624.256099998950958, 1516446.9518 ], [ 2653722.050999999046326, 1516376.540300000458956 ], [ 2653728.539800003170967, 1516378.732500001788139 ], [ 2653733.748599998652935, 1516374.342700000852346 ], [ 2653724.535899996757507, 1516332.623799998313189 ], [ 2653720.276399999856949, 1516313.33500000089407 ], [ 2653707.697300001978874, 1516325.297499999403954 ], [ 2653703.755699999630451, 1516359.75450000166893 ], [ 2653615.748499996960163, 1516394.572999998927116 ], [ 2653604.513899996876717, 1516383.307300001382828 ], [ 2653546.360600002110004, 1516417.857999999076128 ], [ 2653504.070000000298023, 1516459.864100001752377 ], [ 2653464.869199998676777, 1516498.801300000399351 ], [ 2653459.2544, 1516509.287999998778105 ], [ 2653448.091899998486042, 1516522.660900000482798 ], [ 2653556.614200003445148, 1516913.990800000727177 ], [ 2653558.051399998366833, 1516919.174199998378754 ], [ 2653564.843800000846386, 1516944.1338 ], [ 2653657.078900001943111, 1516907.325199998915195 ], [ 2653741.376400001347065, 1516877.043800000101328 ] ] ] ] } },
{ "type": "Feature", "properties": { "fid": 97, "OBJECTID": 58308, "CVE_COL": "19048_0098", "ID_COL": 58308, "COLONIA": "Las Anacuas", "CP": "66358", "CVE_ENT": "19", "NOM_ENT": "Nuevo León", "MUN": "048", "CVE_MUN": "19048", "NOM_MUN": "Santa Catarina", "LOC": "0001", "CVE_LOC": "190480001", "NOM_LOC": "Ciudad Santa Catarina", "SUN_2018": "M19.01", "NOM_SUN": "Monterrey", "POBTOT": 2079.112351, "P6A14NAE": 4.315701, "SBASC": 12.531763, "PSDSS": 15.043182, "OVSDE": 0.0, "OVSEE": 0.0, "OVSAE": 0.324627, "OVPT": 0.069066, "OVHAC": 13.342869, "OVSREF": 0.314906, "OVSINT": 13.355662, "OVSCEL": 3.377027, "IM_2020": 153.02281089592799, "GM_2020": "Muy bajo", "IMN_2020": 0.97561231218709998, "CLASIF": "Fraccionamiento" }, "geometry": { "type": "MultiPolygon", "coordinates": [ [ [ [ 2650867.337499998509884, 1515948.975499998778105 ], [ 2650874.17620000243187, 1515946.308800000697374 ], [ 2650898.7993, 1515936.707100000232458 ], [ 2651038.859099999070168, 1515841.729499999433756 ], [ 2651007.043200001120567, 1515756.755899999290705 ], [ 2650992.6184, 1515719.015299998223782 ], [ 2650977.273599997162819, 1515682.083299998193979 ], [ 2650960.716899998486042, 1515642.235500000417233 ], [ 2650944.602099999785423, 1515604.304000001400709 ], [ 2650929.136600002646446, 1515564.846599999815226 ], [ 2650911.810400001704693, 1515525.964699998497963 ], [ 2650896.0304000005126, 1515486.808499999344349 ], [ 2650889.457999996840954, 1515489.4358000010252 ], [ 2650749.639399997889996, 1515545.338199999183416 ], [ 2650744.382200002670288, 1515547.4391999989748 ], [ 2650791.592399999499321, 1515672.05460000038147 ], [ 2650733.106499999761581, 1515692.056200001388788 ], [ 2650758.630999997258186, 1515764.891100000590086 ], [ 2650667.375100001692772, 1515804.083999998867512 ], [ 2650576.046099998056889, 1515843.301600001752377 ], [ 2650479.543799996376038, 1515881.9054000005126 ], [ 2650390.556800000369549, 1515918.6754 ], [ 2650427.646700002253056, 1516010.943900000303984 ], [ 2650465.3794, 1516105.716699998825788 ], [ 2650557.461199998855591, 1516069.187300000339746 ], [ 2650647.686599999666214, 1516034.6272 ], [ 2650730.277300000190735, 1516002.421500001102686 ], [ 2650742.85360000282526, 1515997.517400000244379 ], [ 2650812.9391999989748, 1515970.187899999320507 ], [ 2650836.665299996733665, 1515960.936000000685453 ], [ 2650867.337499998509884, 1515948.975499998778105 ] ] ] ] } },
{ "type": "Feature", "properties": { "fid": 98, "OBJECTID": 58309, "CVE_COL": "19048_0099", "ID_COL": 58309, "COLONIA": "Las Anacuas", "CP": "66358", "CVE_ENT": "19", "NOM_ENT": "Nuevo León", "MUN": "048", "CVE_MUN": "19048", "NOM_MUN": "Santa Catarina", "LOC": "0001", "CVE_LOC": "190480001", "NOM_LOC": "Ciudad Santa Catarina", "SUN_2018": "M19.01", "NOM_SUN": "Monterrey", "POBTOT": 102.543518, "P6A14NAE": 1.763668, "SBASC": 10.792767, "PSDSS": 14.416576, "OVSDE": 0.0, "OVSEE": 0.0, "OVSAE": 0.0, "OVPT": 0.0, "OVHAC": 11.217809, "OVSREF": 0.349192, "OVSINT": 11.785246, "OVSCEL": 2.728066, "IM_2020": 153.93667828864, "GM_2020": "Muy bajo", "IMN_2020": 0.98143876560809995, "CLASIF": "Unidad habitacional" }, "geometry": { "type": "MultiPolygon", "coordinates": [ [ [ [ 2650744.382200002670288, 1515547.4391999989748 ], [ 2650688.716499999165535, 1515569.700500000268221 ], [ 2650705.610799998044968, 1515613.596900001168251 ], [ 2650733.106499999761581, 1515692.056200001388788 ], [ 2650791.592399999499321, 1515672.05460000038147 ], [ 2650744.382200002670288, 1515547.4391999989748 ] ] ] ] } },
{ "type": "Feature", "properties": { "fid": 99, "OBJECTID": 58310, "CVE_COL": "19048_0100", "ID_COL": 58310, "COLONIA": "Las Fincas", "CP": "66168", "CVE_ENT": "19", "NOM_ENT": "Nuevo León", "MUN": "048", "CVE_MUN": "19048", "NOM_MUN": "Santa Catarina", "LOC": "0001", "CVE_LOC": "190480001", "NOM_LOC": "Ciudad Santa Catarina", "SUN_2018": "M19.01", "NOM_SUN": "Monterrey", "POBTOT": 207.243209, "P6A14NAE": 12.426327, "SBASC": 5.266739, "PSDSS": 7.81663, "OVSDE": 0.0, "OVSEE": 0.0, "OVSAE": 0.0, "OVPT": 0.059496, "OVHAC": 5.3564, "OVSREF": 0.0, "OVSINT": 0.48446, "OVSCEL": 0.195484, "IM_2020": 152.87923742145199, "GM_2020": "Muy bajo", "IMN_2020": 0.97469694506909998, "CLASIF": "Residencial" }, "geometry": { "type": "MultiPolygon", "coordinates": [ [ [ [ 2656927.881499998271465, 1512431.904899999499321 ], [ 2657109.789300002157688, 1512334.995999999344349 ], [ 2657158.109300002455711, 1512309.254000000655651 ], [ 2657221.7544, 1512287.494800001382828 ], [ 2657094.568599998950958, 1512116.144900001585484 ], [ 2656733.133699998259544, 1512274.621500000357628 ], [ 2656622.237099997699261, 1512292.189899999648333 ], [ 2656620.078699998557568, 1512354.548300001770258 ], [ 2656619.963100001215935, 1512357.887600000947714 ], [ 2656811.203400000929832, 1512392.703600000590086 ], [ 2656850.046800002455711, 1512372.596500001847744 ], [ 2656874.683200001716614, 1512401.298599999397993 ], [ 2656921.074500001966953, 1512434.9331 ], [ 2656927.881499998271465, 1512431.904899999499321 ] ] ] ] } },
{ "type": "Feature", "properties": { "fid": 100, "OBJECTID": 58311, "CVE_COL": "19048_0101", "ID_COL": 58311, "COLONIA": "Las Fincas Ii", "CP": "66168", "CVE_ENT": "19", "NOM_ENT": "Nuevo León", "MUN": "048", "CVE_MUN": "19048", "NOM_MUN": "Santa Catarina", "LOC": "0001", "CVE_LOC": "190480001", "NOM_LOC": "Ciudad Santa Catarina", "SUN_2018": "M19.01", "NOM_SUN": "Monterrey", "POBTOT": 174.837128, "P6A14NAE": 10.711335, "SBASC": 4.375895, "PSDSS": 7.905029, "OVSDE": 0.0, "OVSEE": 0.0, "OVSAE": 0.0, "OVPT": 0.0, "OVHAC": 4.125043, "OVSREF": 0.0, "OVSINT": 0.0, "OVSCEL": 0.0, "IM_2020": 153.38991351632299, "GM_2020": "Muy bajo", "IMN_2020": 0.97795281184329996, "CLASIF": "Residencial" }, "geometry": { "type": "MultiPolygon", "coordinates": [ [ [ [ 2656811.203400000929832, 1512392.703600000590086 ], [ 2656619.963100001215935, 1512357.887600000947714 ], [ 2656620.078699998557568, 1512354.548300001770258 ], [ 2656622.237099997699261, 1512292.189899999648333 ], [ 2656420.754299998283386, 1512324.914700001478195 ], [ 2656240.997699998319149, 1512354.566500000655651 ], [ 2656275.142800003290176, 1512446.171999998390675 ], [ 2656310.454499997198582, 1512541.107200000435114 ], [ 2656314.596000000834465, 1512550.077100001275539 ], [ 2656359.941799998283386, 1512538.378899998962879 ], [ 2656380.387599997222424, 1512533.138999998569489 ], [ 2656403.857299998402596, 1512525.537900000810623 ], [ 2656415.149700000882149, 1512522.23589999973774 ], [ 2656523.689400002360344, 1512483.993099998682737 ], [ 2656609.4243, 1512452.1765 ], [ 2656695.358800001442432, 1512430.619600001722574 ], [ 2656811.203400000929832, 1512392.703600000590086 ] ] ] ] } },
{ "type": "Feature", "properties": { "fid": 101, "OBJECTID": 58312, "CVE_COL": "19048_0102", "ID_COL": 58312, "COLONIA": "Las Margaritas", "CP": "66350", "CVE_ENT": "19", "NOM_ENT": "Nuevo León", "MUN": "048", "CVE_MUN": "19048", "NOM_MUN": "Santa Catarina", "LOC": "0001", "CVE_LOC": "190480001", "NOM_LOC": "Ciudad Santa Catarina", "SUN_2018": "M19.01", "NOM_SUN": "Monterrey", "POBTOT": 282.99638, "P6A14NAE": 2.136739, "SBASC": 14.179096, "PSDSS": 15.412134, "OVSDE": 4.5e-05, "OVSEE": 6.0000000000000002e-05, "OVSAE": 0.0, "OVPT": 0.278552, "OVHAC": 11.636175, "OVSREF": 0.927298, "OVSINT": 14.458678, "OVSCEL": 5.746832, "IM_2020": 153.23515482966101, "GM_2020": "Muy bajo", "IMN_2020": 0.97696613228069995, "CLASIF": "Fraccionamiento" }, "geometry": { "type": "MultiPolygon", "coordinates": [ [ [ [ 2653874.710900001227856, 1515109.608600001782179 ], [ 2653979.841600000858307, 1515086.896899998188019 ], [ 2653992.624300003051758, 1515084.135499998927116 ], [ 2653995.302199997007847, 1515082.970899999141693 ], [ 2653993.187200002372265, 1515058.558800000697374 ], [ 2653992.799099996685982, 1515047.331700000911951 ], [ 2654001.017399996519089, 1515022.578400000929832 ], [ 2654057.634400002658367, 1514965.658300001174212 ], [ 2654075.358999997377396, 1514947.409600000828505 ], [ 2654074.524999998509884, 1514933.170099999755621 ], [ 2654078.529100000858307, 1514906.939800001680851 ], [ 2654074.462200000882149, 1514906.033900000154972 ], [ 2653971.411200001835823, 1514922.746800001710653 ], [ 2653874.390699997544289, 1514931.030900001525879 ], [ 2653810.940600000321865, 1514933.114599999040365 ], [ 2653801.411499999463558, 1514940.042599998414516 ], [ 2653789.167099997401237, 1514940.591299999505281 ], [ 2653777.280699998140335, 1514959.135400000959635 ], [ 2653762.179899998009205, 1515008.925500001758337 ], [ 2653767.968099996447563, 1515008.541999999433756 ], [ 2653744.061599999666214, 1515137.833000000566244 ], [ 2653874.710900001227856, 1515109.608600001782179 ] ] ] ] } },
{ "type": "Feature", "properties": { "fid": 102, "OBJECTID": 58313, "CVE_COL": "19048_0103", "ID_COL": 58313, "COLONIA": "Las Montañas", "CP": "66187", "CVE_ENT": "19", "NOM_ENT": "Nuevo León", "MUN": "048", "CVE_MUN": "19048", "NOM_MUN": "Santa Catarina", "LOC": "0001", "CVE_LOC": "190480001", "NOM_LOC": "Ciudad Santa Catarina", "SUN_2018": "M19.01", "NOM_SUN": "Monterrey", "POBTOT": 224.472671, "P6A14NAE": 6.455662, "SBASC": 7.89866, "PSDSS": 11.151591, "OVSDE": 0.0, "OVSEE": 0.073541, "OVSAE": 0.073678, "OVPT": 0.809771, "OVHAC": 6.24633, "OVSREF": 0.240873, "OVSINT": 8.377238, "OVSCEL": 1.955848, "IM_2020": 153.423554266499, "GM_2020": "Muy bajo", "IMN_2020": 0.97816729182749995, "CLASIF": "Fraccionamiento" }, "geometry": { "type": "MultiPolygon", "coordinates": [ [ [ [ 2656168.244400002062321, 1513402.76969999819994 ], [ 2656164.969700001180172, 1513344.8827 ], [ 2656155.886500000953674, 1513301.574099998921156 ], [ 2656148.577399998903275, 1513283.984499998390675 ], [ 2656041.770099997520447, 1513197.831999998539686 ], [ 2656003.860699996352196, 1513159.807100001722574 ], [ 2655905.561700001358986, 1513105.058600001037121 ], [ 2655894.891500003635883, 1513100.594200000166893 ], [ 2655891.644500002264977, 1513099.2357 ], [ 2655887.080399997532368, 1513097.331300001591444 ], [ 2655864.400600001215935, 1513087.86769999936223 ], [ 2655857.543999999761581, 1513087.530900001525879 ], [ 2655858.939900003373623, 1513098.374200001358986 ], [ 2655835.326800003647804, 1513335.575399998575449 ], [ 2655836.473499998450279, 1513346.236299999058247 ], [ 2655829.898000001907349, 1513413.059999998658895 ], [ 2655848.108599998056889, 1513461.0702 ], [ 2655849.980700001120567, 1513469.16780000180006 ], [ 2655901.142399996519089, 1513446.247299998998642 ], [ 2655982.396799996495247, 1513414.106800001114607 ], [ 2656033.842100001871586, 1513402.261199999600649 ], [ 2656063.544699996709824, 1513403.008699998259544 ], [ 2656168.244400002062321, 1513402.76969999819994 ] ] ] ] } },
{ "type": "Feature", "properties": { "fid": 103, "OBJECTID": 58314, "CVE_COL": "19048_0104", "ID_COL": 58314, "COLONIA": "Las Nubes", "CP": "66358", "CVE_ENT": "19", "NOM_ENT": "Nuevo León", "MUN": "048", "CVE_MUN": "19048", "NOM_MUN": "Santa Catarina", "LOC": "0001", "CVE_LOC": "190480001", "NOM_LOC": "Ciudad Santa Catarina", "SUN_2018": "M19.01", "NOM_SUN": "Monterrey", "POBTOT": 384.948159, "P6A14NAE": 5.429076, "SBASC": 11.094174, "PSDSS": 13.042598, "OVSDE": 0.0, "OVSEE": 0.0, "OVSAE": 0.0, "OVPT": 0.020477, "OVHAC": 12.441176, "OVSREF": 0.613876, "OVSINT": 11.479454, "OVSCEL": 2.721513, "IM_2020": 153.133457132454, "GM_2020": "Muy bajo", "IMN_2020": 0.97631774838980001, "CLASIF": "Fraccionamiento" }, "geometry": { "type": "MultiPolygon", "coordinates": [ [ [ [ 2651481.76519999653101, 1514738.1722999997437 ], [ 2651465.485100001096725, 1514746.717399999499321 ], [ 2651433.909100003540516, 1514763.29109999909997 ], [ 2651376.572499997913837, 1514779.503800000995398 ], [ 2651354.533399999141693, 1514783.639800000935793 ], [ 2651350.364699997007847, 1514789.346500001847744 ], [ 2651359.284000001847744, 1514812.464899998158216 ], [ 2651415.23369999974966, 1514957.484099999070168 ], [ 2651433.64580000191927, 1515003.730200000107288 ], [ 2651449.101999998092651, 1515045.269000001251698 ], [ 2651451.312899999320507, 1515052.171599999070168 ], [ 2651460.018700003623962, 1515048.068 ], [ 2651583.30969999730587, 1514997.593600001186132 ], [ 2651553.70099999755621, 1514921.822599999606609 ], [ 2651516.288699999451637, 1514825.459499999880791 ], [ 2651481.76519999653101, 1514738.1722999997437 ] ] ] ] } },
{ "type": "Feature", "properties": { "fid": 104, "OBJECTID": 58315, "CVE_COL": "19048_0105", "ID_COL": 58315, "COLONIA": "Las Palmas", "CP": "66187", "CVE_ENT": "19", "NOM_ENT": "Nuevo León", "MUN": "048", "CVE_MUN": "19048", "NOM_MUN": "Santa Catarina", "LOC": "0001", "CVE_LOC": "190480001", "NOM_LOC": "Ciudad Santa Catarina", "SUN_2018": "M19.01", "NOM_SUN": "Monterrey", "POBTOT": 196.191711, "P6A14NAE": 7.462687, "SBASC": 31.14035, "PSDSS": 23.361976, "OVSDE": 0.0, "OVSEE": 0.0, "OVSAE": 0.027412, "OVPT": 0.164474, "OVHAC": 28.536184, "OVSREF": 4.057017, "OVSINT": 28.179823, "OVSCEL": 8.771929, "IM_2020": 149.21999922287699, "GM_2020": "Medio", "IMN_2020": 0.95136710412019998, "CLASIF": "Colonia" }, "geometry": { "type": "MultiPolygon", "coordinates": [ [ [ [ 2656896.522600002586842, 1513349.625100001692772 ], [ 2656706.318099997937679, 1513336.0608000010252 ], [ 2656694.898900002241135, 1513374.019000001251698 ], [ 2656672.609099999070168, 1513439.02760000154376 ], [ 2656648.572400003671646, 1513430.536899998784065 ], [ 2656645.250600002706051, 1513480.660500001162291 ], [ 2656642.725299999117851, 1513530.801399998366833 ], [ 2656641.577399998903275, 1513556.339899998158216 ], [ 2656632.471500001847744, 1513584.598600000143051 ], [ 2656620.187200002372265, 1513593.284600000828505 ], [ 2656610.152999997138977, 1513601.903000000864267 ], [ 2656602.690099999308586, 1513623.408500000834465 ], [ 2656645.865299999713898, 1513640.077300000935793 ], [ 2656814.078500002622604, 1513675.934000000357628 ], [ 2656811.33049999922514, 1513665.776799999177456 ], [ 2656814.374799996614456, 1513635.725499998778105 ], [ 2656819.572200000286102, 1513631.217300001531839 ], [ 2656903.583599999547005, 1513640.390599999576807 ], [ 2656909.525799997150898, 1513637.315499998629093 ], [ 2656896.522600002586842, 1513349.625100001692772 ] ] ] ] } },
{ "type": "Feature", "properties": { "fid": 105, "OBJECTID": 58317, "CVE_COL": "19048_0106", "ID_COL": 58317, "COLONIA": "Las Sierras", "CP": "66377", "CVE_ENT": "19", "NOM_ENT": "Nuevo León", "MUN": "048", "CVE_MUN": "19048", "NOM_MUN": "Santa Catarina", "LOC": "0001", "CVE_LOC": "190480001", "NOM_LOC": "Ciudad Santa Catarina", "SUN_2018": "M19.01", "NOM_SUN": "Monterrey", "POBTOT": 753.356201, "P6A14NAE": 7.792208, "SBASC": 19.099032, "PSDSS": 18.724601, "OVSDE": 0.0, "OVSEE": 0.0, "OVSAE": 0.0, "OVPT": 0.531749, "OVHAC": 11.729746, "OVSREF": 1.815336, "OVSINT": 18.767595, "OVSCEL": 7.913669, "IM_2020": 151.09316006668999, "GM_2020": "Bajo", "IMN_2020": 0.96330962936349995, "CLASIF": "Colonia" }, "geometry": { "type": "MultiPolygon", "coordinates": [ [ [ [ 2654532.115199998021126, 1514268.635800000280142 ], [ 2654564.122000001370907, 1514128.435600001364946 ], [ 2654582.877599999308586, 1514126.731800001114607 ], [ 2654646.804499998688698, 1514123.393899999558926 ], [ 2654646.212999999523163, 1514079.164000000804663 ], [ 2654649.976499997079372, 1514033.885800000280142 ], [ 2654649.321099996566772, 1513996.522199999541044 ], [ 2654646.296800002455711, 1513990.541499998420477 ], [ 2654645.185000002384186, 1513988.343100000172853 ], [ 2654626.11089999973774, 1513943.682599999010563 ], [ 2654614.902900002896786, 1513914.43299999833107 ], [ 2654516.726499997079372, 1513919.280999999493361 ], [ 2654518.386500000953674, 1513948.237500000745058 ], [ 2654396.174999997019768, 1513952.456900000572205 ], [ 2654398.597300000488758, 1513998.138099998235703 ], [ 2654401.104999996721745, 1514045.429699998348951 ], [ 2654402.281599998474121, 1514067.619100000709295 ], [ 2654394.005199998617172, 1514092.900600001215935 ], [ 2654379.047700002789497, 1514138.590399999171495 ], [ 2654363.500900000333786, 1514186.079999998211861 ], [ 2654347.241499997675419, 1514234.945799998939037 ], [ 2654326.383699998259544, 1514290.019099999219179 ], [ 2654467.348800003528595, 1514273.757500000298023 ], [ 2654508.608300000429153, 1514268.997699998319149 ], [ 2654532.115199998021126, 1514268.635800000280142 ] ] ] ] } },
{ "type": "Feature", "properties": { "fid": 106, "OBJECTID": 58318, "CVE_COL": "19048_0107", "ID_COL": 58318, "COLONIA": "Las Sombrillas", "CP": "66369", "CVE_ENT": "19", "NOM_ENT": "Nuevo León", "MUN": "048", "CVE_MUN": "19048", "NOM_MUN": "Santa Catarina", "LOC": "0001", "CVE_LOC": "190480001", "NOM_LOC": "Ciudad Santa Catarina", "SUN_2018": "M19.01", "NOM_SUN": "Monterrey", "POBTOT": 5583.458275, "P6A14NAE": 3.525201, "SBASC": 19.983585, "PSDSS": 20.439728, "OVSDE": 0.00292, "OVSEE": 0.081827, "OVSAE": 0.214417, "OVPT": 0.406121, "OVHAC": 26.232829, "OVSREF": 1.366691, "OVSINT": 19.977073, "OVSCEL": 4.19455, "IM_2020": 151.61330408158901, "GM_2020": "Bajo", "IMN_2020": 0.96662585981360005, "CLASIF": "Fraccionamiento" }, "geometry": { "type": "MultiPolygon", "coordinates": [ [ [ [ 2654441.874300003051758, 1517947.256499998271465 ], [ 2654438.089400000870228, 1517940.249299999326468 ], [ 2654372.36089999973774, 1517800.488499999046326 ], [ 2654370.191299997270107, 1517795.874800000339746 ], [ 2654368.962399996817112, 1517792.84910000115633 ], [ 2654297.851000003516674, 1517653.5929000005126 ], [ 2654294.488899998366833, 1517646.980700001120567 ], [ 2654281.590700000524521, 1517653.550000000745058 ], [ 2654256.56870000064373, 1517664.937699999660254 ], [ 2654225.973600000143051, 1517680.442200001329184 ], [ 2654183.120399996638298, 1517701.493999999016523 ], [ 2654129.447999998927116, 1517726.602899998426437 ], [ 2654089.218400001525879, 1517746.128499999642372 ], [ 2654065.880900003015995, 1517757.455400001257658 ], [ 2654047.13570000231266, 1517766.56529999896884 ], [ 2654029.541599996387959, 1517775.115699999034405 ], [ 2654002.994999997317791, 1517788.017000000923872 ], [ 2653986.44200000166893, 1517796.061500001698732 ], [ 2653977.356700003147125, 1517800.476799998432398 ], [ 2653960.373099997639656, 1517808.730700001120567 ], [ 2653940.241499997675419, 1517818.5143 ], [ 2653928.952500000596046, 1517824.000599998980761 ], [ 2653917.148999996483326, 1517829.736900001764297 ], [ 2653893.189000003039837, 1517841.380699999630451 ], [ 2653874.905699998140335, 1517849.131999999284744 ], [ 2653852.463299997150898, 1517858.892200000584126 ], [ 2653832.901900000870228, 1517868.648299999535084 ], [ 2653815.421499997377396, 1517876.261999998241663 ], [ 2653789.605099998414516, 1517887.951699998229742 ], [ 2653777.489100001752377, 1517893.854699999094009 ], [ 2653749.106899999082088, 1517909.406899999827147 ], [ 2653707.090499997138977, 1517928.501800000667572 ], [ 2653688.300200000405312, 1517939.818500000983477 ], [ 2653691.493199996650219, 1517944.8257 ], [ 2653717.814599998295307, 1518009.174800001084805 ], [ 2653723.145000003278255, 1518019.191599998623133 ], [ 2653754.711000002920628, 1518087.637600000947714 ], [ 2653756.443400003015995, 1518091.402800001204014 ], [ 2653758.18129999935627, 1518095.1689000017941 ], [ 2653777.605200000107288, 1518137.232299998402596 ], [ 2653781.3772, 1518146.028900001198053 ], [ 2653823.652800001204014, 1518232.287300001829863 ], [ 2653826.502499997615814, 1518238.103900000452995 ], [ 2653827.927100002765656, 1518241.0099 ], [ 2653829.351800002157688, 1518243.915800001472235 ], [ 2653859.925200000405312, 1518306.961399998515844 ], [ 2653862.972800001502037, 1518313.074700001627207 ], [ 2653891.742799997329712, 1518378.761199999600649 ], [ 2653894.624499998986721, 1518384.524599999189377 ], [ 2653899.537399999797344, 1518382.297699999064207 ], [ 2653915.960500001907349, 1518374.853300001472235 ], [ 2653959.883100003004074, 1518355.729200001806021 ], [ 2653971.805200003087521, 1518351.032600000500679 ], [ 2654003.955200001597404, 1518336.125199999660254 ], [ 2654017.188500002026558, 1518330.814599998295307 ], [ 2654041.023000001907349, 1518319.811099998652935 ], [ 2654014.164800003170967, 1518261.588100001215935 ], [ 2653991.321699999272823, 1518212.068999998271465 ], [ 2653971.419699996709824, 1518168.925799999386072 ], [ 2654016.969700001180172, 1518146.468100000172853 ], [ 2654036.160199999809265, 1518137.732599999755621 ], [ 2654090.455899998545647, 1518112.47069999948144 ], [ 2654098.138300001621246, 1518108.8268 ], [ 2654140.297899998724461, 1518088.832100000232458 ], [ 2654154.866499997675419, 1518081.9222999997437 ], [ 2654184.791199997067451, 1518067.729899998754263 ], [ 2654213.776699997484684, 1518053.982999999076128 ], [ 2654225.455799996852875, 1518048.443900000303984 ], [ 2654262.577799998223782, 1518031.283399999141693 ], [ 2654274.405199997127056, 1518024.600099999457598 ], [ 2654293.480400003492832, 1518016.182300001382828 ], [ 2654310.053300000727177, 1518008.321699999272823 ], [ 2654353.177000001072884, 1517987.869699999690056 ], [ 2654379.8772, 1517975.25789999961853 ], [ 2654421.52250000089407, 1517955.58729999884963 ], [ 2654439.785700000822544, 1517948.05970000103116 ], [ 2654441.874300003051758, 1517947.256499998271465 ] ] ] ] } },
{ "type": "Feature", "properties": { "fid": 107, "OBJECTID": 58319, "CVE_COL": "19048_0108", "ID_COL": 58319, "COLONIA": "Las Vivenzias", "CP": "66351", "CVE_ENT": "19", "NOM_ENT": "Nuevo León", "MUN": "048", "CVE_MUN": "19048", "NOM_MUN": "Santa Catarina", "LOC": "0001", "CVE_LOC": "190480001", "NOM_LOC": "Ciudad Santa Catarina", "SUN_2018": "M19.01", "NOM_SUN": "Monterrey", "POBTOT": 117.677551, "P6A14NAE": 3.713528, "SBASC": 23.588254, "PSDSS": 18.381963, "OVSDE": 0.026752, "OVSEE": 0.24077, "OVSAE": 0.080257, "OVPT": 0.321027, "OVHAC": 18.860353, "OVSREF": 3.106588, "OVSINT": 26.11022, "OVSCEL": 7.784912, "IM_2020": 151.226681866577, "GM_2020": "Bajo", "IMN_2020": 0.96416091101979995, "CLASIF": "Fraccionamiento" }, "geometry": { "type": "MultiPolygon", "coordinates": [ [ [ [ 2656925.246399998664856, 1514350.2018 ], [ 2656893.225100003182888, 1514333.392499998211861 ], [ 2656893.51630000025034, 1514336.896299999207258 ], [ 2656901.796999998390675, 1514493.424800001084805 ], [ 2656986.512100003659725, 1514539.061099998652935 ], [ 2657063.361000001430511, 1514426.879900000989437 ], [ 2657065.675200000405312, 1514424.806099999696016 ], [ 2657026.230899997055531, 1514405.370200000703335 ], [ 2657008.071900002658367, 1514396.422499999403954 ], [ 2656974.991999998688698, 1514378.498399998992682 ], [ 2656925.246399998664856, 1514350.2018 ] ] ] ] } },
{ "type": "Feature", "properties": { "fid": 108, "OBJECTID": 58320, "CVE_COL": "19048_0109", "ID_COL": 58320, "COLONIA": "Lazaro Cardenas", "CP": "66350", "CVE_ENT": "19", "NOM_ENT": "Nuevo León", "MUN": "048", "CVE_MUN": "19048", "NOM_MUN": "Santa Catarina", "LOC": "0001", "CVE_LOC": "190480001", "NOM_LOC": "Ciudad Santa Catarina", "SUN_2018": "M19.01", "NOM_SUN": "Monterrey", "POBTOT": 905.735114, "P6A14NAE": 6.375243, "SBASC": 22.310038, "PSDSS": 17.65718, "OVSDE": 0.0, "OVSEE": 0.021022, "OVSAE": 0.0, "OVPT": 0.021022, "OVHAC": 15.907328, "OVSREF": 1.171628, "OVSINT": 20.486643, "OVSCEL": 7.570491, "IM_2020": 151.214547118181, "GM_2020": "Bajo", "IMN_2020": 0.96408354471169999, "CLASIF": "Conjunto habitacional" }, "geometry": { "type": "MultiPolygon", "coordinates": [ [ [ [ 2653809.772100001573563, 1514018.514899998903275 ], [ 2653814.874399997293949, 1513983.713300000876188 ], [ 2653833.185099996626377, 1513864.65819999948144 ], [ 2653788.594400003552437, 1513856.459800001233816 ], [ 2653746.688199996948242, 1513848.790899999439716 ], [ 2653747.309299997985363, 1513842.231199998408556 ], [ 2653756.462700001895428, 1513810.879599999636412 ], [ 2653758.116599999368191, 1513807.395500000566244 ], [ 2653761.731100000441074, 1513780.769799999892712 ], [ 2653759.444399997591972, 1513779.870299998670816 ], [ 2653493.7368, 1513748.598099999129772 ], [ 2653483.534199997782707, 1513747.385800000280142 ], [ 2653479.763999998569489, 1513768.348799999803305 ], [ 2653473.623800002038479, 1513803.36600000038743 ], [ 2653468.2246999964118, 1513841.180100001394749 ], [ 2653455.063100002706051, 1513933.361699998378754 ], [ 2653452.88849999755621, 1513948.592099998146296 ], [ 2653497.581200003623962, 1513950.472100000828505 ], [ 2653539.217500001192093, 1513951.379000000655651 ], [ 2653584.808700002729893, 1513953.579900000244379 ], [ 2653571.733199998736382, 1514049.07149999961257 ], [ 2653612.663500003516674, 1514051.757100000977516 ], [ 2653685.381399996578693, 1514056.829599998891354 ], [ 2653722.316500000655651, 1514062.4375 ], [ 2653755.785400003194809, 1514067.519000001251698 ], [ 2653801.717500001192093, 1514073.452399998903275 ], [ 2653809.772100001573563, 1514018.514899998903275 ] ] ] ] } },
{ "type": "Feature", "properties": { "fid": 109, "OBJECTID": 58321, "CVE_COL": "19048_0110", "ID_COL": 58321, "COLONIA": "Loma Blanca", "CP": "66197", "CVE_ENT": "19", "NOM_ENT": "Nuevo León", "MUN": "048", "CVE_MUN": "19048", "NOM_MUN": "Santa Catarina", "LOC": "0001", "CVE_LOC": "190480001", "NOM_LOC": "Ciudad Santa Catarina", "SUN_2018": "M19.01", "NOM_SUN": "Monterrey", "POBTOT": 283.836385, "P6A14NAE": 6.811961, "SBASC": 17.523399, "PSDSS": 16.005447, "OVSDE": 0.0, "OVSEE": 0.042264, "OVSAE": 0.053953, "OVPT": 0.535039, "OVHAC": 15.679377, "OVSREF": 1.856721, "OVSINT": 16.749584, "OVSCEL": 4.839256, "IM_2020": 151.69881522660901, "GM_2020": "Bajo", "IMN_2020": 0.96717104471390003, "CLASIF": "Colonia" }, "geometry": { "type": "MultiPolygon", "coordinates": [ [ [ [ 2656158.579199999570847, 1513289.099700000137091 ], [ 2656169.096900001168251, 1513240.374299999326468 ], [ 2656228.574600003659725, 1513244.906899999827147 ], [ 2656243.1570999994874, 1513220.518800001591444 ], [ 2656247.956699997186661, 1513189.037900000810623 ], [ 2656233.824699997901917, 1513184.712400000542402 ], [ 2656208.324100002646446, 1513182.589999999850988 ], [ 2656198.014300003647804, 1513181.73200000077486 ], [ 2656198.533900000154972, 1513179.384500000625849 ], [ 2656210.243600003421307, 1513126.189599998295307 ], [ 2656210.99040000140667, 1513123.105900000780821 ], [ 2656193.8059, 1513121.935400001704693 ], [ 2656130.289700001478195, 1513111.629299998283386 ], [ 2656142.1919, 1513047.988400001078844 ], [ 2656156.190600000321865, 1512990.528200000524521 ], [ 2656158.725100003182888, 1512991.220899999141693 ], [ 2656216.557300001382828, 1513002.066300000995398 ], [ 2656219.270499996840954, 1513002.577500000596046 ], [ 2656250.443400003015995, 1513008.992499999701977 ], [ 2656270.987300001084805, 1512924.701900001615286 ], [ 2656266.3618, 1512904.369600001722574 ], [ 2656253.52080000191927, 1512866.244800001382828 ], [ 2656251.029200002551079, 1512858.848700001835823 ], [ 2656183.9391999989748, 1512843.094900000840425 ], [ 2656131.413800001144409, 1512831.650299999862909 ], [ 2656118.605599999427795, 1512816.300299998372793 ], [ 2656102.558899998664856, 1512816.795000001788139 ], [ 2656079.996399998664856, 1512823.056000001728535 ], [ 2655970.889899998903275, 1512794.879299998283386 ], [ 2655981.021600000560284, 1512861.8651 ], [ 2655980.204700000584126, 1512886.212799999862909 ], [ 2655978.94200000166893, 1512900.813099998980761 ], [ 2655965.567699998617172, 1512963.385800000280142 ], [ 2655934.376599997282028, 1513040.378699999302626 ], [ 2655900.550300002098083, 1513096.268300000578165 ], [ 2655894.891500003635883, 1513100.594200000166893 ], [ 2655905.561700001358986, 1513105.058600001037121 ], [ 2656003.860699996352196, 1513159.807100001722574 ], [ 2656041.770099997520447, 1513197.831999998539686 ], [ 2656148.577399998903275, 1513283.984499998390675 ], [ 2656155.886500000953674, 1513301.574099998921156 ], [ 2656158.579199999570847, 1513289.099700000137091 ] ] ] ] } },
{ "type": "Feature", "properties": { "fid": 110, "OBJECTID": 58322, "CVE_COL": "19048_0111", "ID_COL": 58322, "COLONIA": "Loma Pelona", "CP": "66350", "CVE_ENT": "19", "NOM_ENT": "Nuevo León", "MUN": "048", "CVE_MUN": "19048", "NOM_MUN": "Santa Catarina", "LOC": "0001", "CVE_LOC": "190480001", "NOM_LOC": "Ciudad Santa Catarina", "SUN_2018": "M19.01", "NOM_SUN": "Monterrey", "POBTOT": 158.030502, "P6A14NAE": 5.045871, "SBASC": 18.048781, "PSDSS": 19.972068, "OVSDE": 0.0, "OVSEE": 0.0, "OVSAE": 0.084317, "OVPT": 0.112423, "OVHAC": 16.188871, "OVSREF": 2.501405, "OVSINT": 18.156267, "OVSCEL": 4.15964, "IM_2020": 151.827120679747, "GM_2020": "Bajo", "IMN_2020": 0.96798906902720006, "CLASIF": "Colonia" }, "geometry": { "type": "MultiPolygon", "coordinates": [ [ [ [ 2652950.52080000191927, 1514418.385800000280142 ], [ 2652910.579899996519089, 1514417.190999999642372 ], [ 2652875.8429000005126, 1514437.782900001853704 ], [ 2652872.711499996483326, 1514439.639400001615286 ], [ 2652872.901000000536442, 1514448.383900001645088 ], [ 2652867.571099996566772, 1514472.08219999819994 ], [ 2652872.689999997615814, 1514487.141100000590086 ], [ 2652897.973099999129772, 1514527.429900001734495 ], [ 2652908.785999998450279, 1514533.909600000828505 ], [ 2652941.790299996733665, 1514547.5548 ], [ 2652956.535400003194809, 1514565.055599998682737 ], [ 2652967.865000002086163, 1514578.138799998909235 ], [ 2652980.451499998569489, 1514587.660100001841784 ], [ 2652997.092600002884865, 1514591.316199999302626 ], [ 2653022.2753000035882, 1514580.844300001859665 ], [ 2653031.264700002968311, 1514579.54280000180006 ], [ 2653032.455300003290176, 1514563.55629999935627 ], [ 2653016.83219999819994, 1514570.754000000655651 ], [ 2653015.375399999320507, 1514568.433699999004602 ], [ 2652994.682300001382828, 1514535.479699999094009 ], [ 2652974.657499998807907, 1514511.871899999678135 ], [ 2652953.888400003314018, 1514498.2533 ], [ 2652942.285999998450279, 1514474.828200001269579 ], [ 2652950.468500003218651, 1514437.7314000017941 ], [ 2652950.52080000191927, 1514418.385800000280142 ] ] ] ] } },
{ "type": "Feature", "properties": { "fid": 111, "OBJECTID": 58323, "CVE_COL": "19048_0112", "ID_COL": 58323, "COLONIA": "Lomas Altas 1Er Sector", "CP": "66358", "CVE_ENT": "19", "NOM_ENT": "Nuevo León", "MUN": "048", "CVE_MUN": "19048", "NOM_MUN": "Santa Catarina", "LOC": null, "CVE_LOC": null, "NOM_LOC": null, "SUN_2018": "M19.01", "NOM_SUN": "Monterrey", "POBTOT": 341.533368, "P6A14NAE": 1.602196, "SBASC": 7.022375, "PSDSS": 8.68879, "OVSDE": 0.0, "OVSEE": 0.0, "OVSAE": 0.0, "OVPT": 9.4e-05, "OVHAC": 13.461001, "OVSREF": 0.308345, "OVSINT": 10.662403, "OVSCEL": 0.628439, "IM_2020": 154.744996761327, "GM_2020": "Muy bajo", "IMN_2020": 0.98659228128010001, "CLASIF": "Fraccionamiento" }, "geometry": { "type": "MultiPolygon", "coordinates": [ [ [ [ 2650618.012100003659725, 1515227.056499999016523 ], [ 2650625.082000002264977, 1515207.422200001776218 ], [ 2650582.256700001657009, 1515103.896299999207258 ], [ 2650555.860200002789497, 1515040.152699999511242 ], [ 2650529.768200002610683, 1514973.946800000965595 ], [ 2650512.551299996674061, 1514930.661699999123812 ], [ 2650526.927400000393391, 1514924.852899998426437 ], [ 2650643.464100003242493, 1514870.51069999858737 ], [ 2650630.29619999974966, 1514837.338799998164177 ], [ 2650637.518700003623962, 1514780.0099 ], [ 2650633.984999999403954, 1514736.631400000303984 ], [ 2650615.445500001311302, 1514696.658700000494719 ], [ 2650604.156800001859665, 1514666.549499999731779 ], [ 2650596.080700002610683, 1514626.058299999684095 ], [ 2650588.693199999630451, 1514584.843600001186132 ], [ 2650586.774599999189377, 1514539.252700001001358 ], [ 2650582.527199998497963, 1514494.365499999374151 ], [ 2650561.695600003004074, 1514398.61769999936223 ], [ 2650255.340899996459484, 1514537.263099998235703 ], [ 2650285.557700000703335, 1514655.413400001823902 ], [ 2650330.874499998986721, 1514801.298599999397993 ], [ 2650371.400200001895428, 1514785.2029 ], [ 2650445.816399998962879, 1514757.096799999475479 ], [ 2650450.203299999237061, 1514768.305500000715256 ], [ 2650488.167099997401237, 1514870.195700000971556 ], [ 2650449.264600001275539, 1514888.322999998927116 ], [ 2650406.539599999785423, 1514906.216499999165535 ], [ 2650367.998999997973442, 1514922.443500000983477 ], [ 2650388.848200000822544, 1514974.67119999974966 ], [ 2650408.140000000596046, 1515023.907999999821186 ], [ 2650439.743900001049042, 1515103.793499998748302 ], [ 2650458.592399999499321, 1515153.056499999016523 ], [ 2650504.466499999165535, 1515272.955200001597404 ], [ 2650546.125500001013279, 1515255.6173 ], [ 2650590.636799998581409, 1515237.122099999338388 ], [ 2650618.012100003659725, 1515227.056499999016523 ] ] ] ] } },
{ "type": "Feature", "properties": { "fid": 112, "OBJECTID": 58324, "CVE_COL": "19048_0113", "ID_COL": 58324, "COLONIA": "Lomas Altas 2Do Sector", "CP": "66358", "CVE_ENT": "19", "NOM_ENT": "Nuevo León", "MUN": "048", "CVE_MUN": "19048", "NOM_MUN": "Santa Catarina", "LOC": "0001", "CVE_LOC": "190480001", "NOM_LOC": "Ciudad Santa Catarina", "SUN_2018": "M19.01", "NOM_SUN": "Monterrey", "POBTOT": 728.370422, "P6A14NAE": 1.601831, "SBASC": 6.998739, "PSDSS": 8.655536, "OVSDE": 0.0, "OVSEE": 0.0, "OVSAE": 0.0, "OVPT": 0.0, "OVHAC": 13.47424, "OVSREF": 0.308234, "OVSINT": 10.656099, "OVSCEL": 0.616469, "IM_2020": 154.74966189024701, "GM_2020": "Muy bajo", "IMN_2020": 0.98662202427839996, "CLASIF": "Fraccionamiento" }, "geometry": { "type": "MultiPolygon", "coordinates": [ [ [ [ 2650388.848200000822544, 1514974.67119999974966 ], [ 2650367.998999997973442, 1514922.443500000983477 ], [ 2650330.191399998962879, 1514806.567299999296665 ], [ 2650330.874499998986721, 1514801.298599999397993 ], [ 2650285.557700000703335, 1514655.413400001823902 ], [ 2650255.340899996459484, 1514537.263099998235703 ], [ 2649606.853399999439716, 1514832.192600000649691 ], [ 2649723.00110000371933, 1515017.728999998420477 ], [ 2650079.109200000762939, 1514930.7445 ], [ 2650089.921300001442432, 1514934.487100001424551 ], [ 2650126.208400003612041, 1515002.764199998229742 ], [ 2650130.696800000965595, 1515011.717799998819828 ], [ 2650188.053000003099442, 1515152.453600000590086 ], [ 2650232.076200000941753, 1515136.098099999129772 ], [ 2650272.65990000218153, 1515120.281599998474121 ], [ 2650319.490800000727177, 1515099.936900001019239 ], [ 2650286.509800001978874, 1515016.677099999040365 ], [ 2650337.415299996733665, 1514995.398699998855591 ], [ 2650388.848200000822544, 1514974.67119999974966 ] ] ] ] } },
{ "type": "Feature", "properties": { "fid": 113, "OBJECTID": 58325, "CVE_COL": "19048_0114", "ID_COL": 58325, "COLONIA": "Lomas Altas 3Er Sector", "CP": "66358", "CVE_ENT": "19", "NOM_ENT": "Nuevo León", "MUN": "048", "CVE_MUN": "19048", "NOM_MUN": "Santa Catarina", "LOC": "0001", "CVE_LOC": "190480001", "NOM_LOC": "Ciudad Santa Catarina", "SUN_2018": "M19.01", "NOM_SUN": "Monterrey", "POBTOT": 77.25708, "P6A14NAE": 1.601831, "SBASC": 6.998739, "PSDSS": 8.655536, "OVSDE": 0.0, "OVSEE": 0.0, "OVSAE": 0.0, "OVPT": 0.0, "OVHAC": 13.47424, "OVSREF": 0.308234, "OVSINT": 10.656098, "OVSCEL": 0.616469, "IM_2020": 154.749661983923, "GM_2020": "Muy bajo", "IMN_2020": 0.98662202487570005, "CLASIF": "Fraccionamiento" }, "geometry": { "type": "MultiPolygon", "coordinates": [ [ [ [ 2650330.874499998986721, 1514801.298599999397993 ], [ 2650330.191399998962879, 1514806.567299999296665 ], [ 2650367.998999997973442, 1514922.443500000983477 ], [ 2650406.539599999785423, 1514906.216499999165535 ], [ 2650449.264600001275539, 1514888.322999998927116 ], [ 2650488.167099997401237, 1514870.195700000971556 ], [ 2650450.203299999237061, 1514768.305500000715256 ], [ 2650445.816399998962879, 1514757.096799999475479 ], [ 2650371.400200001895428, 1514785.2029 ], [ 2650330.874499998986721, 1514801.298599999397993 ] ] ] ] } },
{ "type": "Feature", "properties": { "fid": 114, "OBJECTID": 58326, "CVE_COL": "19048_0115", "ID_COL": 58326, "COLONIA": "Lomas de La Fama", "CP": "66119", "CVE_ENT": "19", "NOM_ENT": "Nuevo León", "MUN": "048", "CVE_MUN": "19048", "NOM_MUN": "Santa Catarina", "LOC": "0001", "CVE_LOC": "190480001", "NOM_LOC": "Ciudad Santa Catarina", "SUN_2018": "M19.01", "NOM_SUN": "Monterrey", "POBTOT": 3909.332395, "P6A14NAE": 5.484073, "SBASC": 37.498275, "PSDSS": 29.332057, "OVSDE": 0.127694, "OVSEE": 0.265829, "OVSAE": 1.143499, "OVPT": 4.084912, "OVHAC": 34.568598, "OVSREF": 2.008753, "OVSINT": 38.218246, "OVSCEL": 10.976889, "IM_2020": 147.65374481975999, "GM_2020": "Medio", "IMN_2020": 0.9413812917387, "CLASIF": "Colonia" }, "geometry": { "type": "MultiPolygon", "coordinates": [ [ [ [ 2657877.881399996578693, 1516683.753800000995398 ], [ 2657924.753200002014637, 1516669.821899998933077 ], [ 2657914.895199999213219, 1516625.211399998515844 ], [ 2657906.032300002872944, 1516584.066799998283386 ], [ 2657920.476300001144409, 1516588.518500000238419 ], [ 2657932.726000003516674, 1516585.952199999243021 ], [ 2657947.430200003087521, 1516581.365899998694658 ], [ 2657946.186200000345707, 1516571.1842 ], [ 2657982.168200001120567, 1516560.189599998295307 ], [ 2657956.311899997293949, 1516451.943500000983477 ], [ 2657930.297200001776218, 1516351.986299999058247 ], [ 2657903.607299998402596, 1516249.416499998420477 ], [ 2657862.706299997866154, 1516260.115200001746416 ], [ 2657734.672799997031689, 1516296.441100001335144 ], [ 2657697.664899997413158, 1516306.629200000315905 ], [ 2657686.626400001347065, 1516309.668000001460314 ], [ 2657526.293499998748302, 1516353.806699998676777 ], [ 2657508.907200001180172, 1516358.592999998480082 ], [ 2657486.706600002944469, 1516365.38120000064373 ], [ 2657473.270000003278255, 1516366.171399999409914 ], [ 2657471.728100001811981, 1516366.2621 ], [ 2657471.971199996769428, 1516369.629299998283386 ], [ 2657472.920900002121925, 1516377.609900001436472 ], [ 2657472.308399997651577, 1516422.993599999696016 ], [ 2657470.105999998748302, 1516436.001499999314547 ], [ 2657479.511399999260902, 1516474.793699998408556 ], [ 2657481.685900002717972, 1516485.69370000064373 ], [ 2657492.693999998271465, 1516523.921900000423193 ], [ 2657492.073299996554852, 1516535.193 ], [ 2657494.837499998509884, 1516546.272900000214577 ], [ 2657502.8794, 1516561.675500001758337 ], [ 2657510.584100000560284, 1516570.732799999415874 ], [ 2657517.272600002586842, 1516580.080699998885393 ], [ 2657527.512000001966953, 1516598.3695 ], [ 2657536.458800002932549, 1516619.171999998390675 ], [ 2657539.413599997758865, 1516625.045699998736382 ], [ 2657514.208700001239777, 1516633.0152000002563 ], [ 2657528.644500002264977, 1516655.781500000506639 ], [ 2657536.886799998581409, 1516676.314500000327826 ], [ 2657555.696400001645088, 1516695.830200001597404 ], [ 2657573.759400002658367, 1516714.571100000292063 ], [ 2657624.953100003302097, 1516756.2483000010252 ], [ 2657658.42679999768734, 1516746.190000001341105 ], [ 2657735.670699998736382, 1516723.344799999147654 ], [ 2657800.850299999117851, 1516703.244199998676777 ], [ 2657829.486400000751019, 1516696.407900001853704 ], [ 2657877.881399996578693, 1516683.753800000995398 ] ] ] ] } },
{ "type": "Feature", "properties": { "fid": 115, "OBJECTID": 58327, "CVE_COL": "19048_0116", "ID_COL": 58327, "COLONIA": "Lomas de Santa Catarina", "CP": "66359", "CVE_ENT": "19", "NOM_ENT": "Nuevo León", "MUN": "048", "CVE_MUN": "19048", "NOM_MUN": "Santa Catarina", "LOC": "0001", "CVE_LOC": "190480001", "NOM_LOC": "Ciudad Santa Catarina", "SUN_2018": "M19.01", "NOM_SUN": "Monterrey", "POBTOT": 2181.16367, "P6A14NAE": 1.560154, "SBASC": 16.44856, "PSDSS": 15.767989, "OVSDE": 0.0, "OVSEE": 0.0, "OVSAE": 0.005277, "OVPT": 0.170214, "OVHAC": 12.733216, "OVSREF": 0.894229, "OVSINT": 14.606674, "OVSCEL": 4.247845, "IM_2020": 153.260474240647, "GM_2020": "Muy bajo", "IMN_2020": 0.97712755873040003, "CLASIF": "Fraccionamiento" }, "geometry": { "type": "MultiPolygon", "coordinates": [ [ [ [ 2650206.1831, 1516209.814300000667572 ], [ 2650276.076300002634525, 1516181.731499999761581 ], [ 2650265.586800001561642, 1516153.413199998438358 ], [ 2650237.895000003278255, 1516079.066199999302626 ], [ 2650230.056500002741814, 1516058.765299998223782 ], [ 2650222.403399996459484, 1516038.421300001442432 ], [ 2650204.001999996602535, 1515995.335700001567602 ], [ 2650188.108599998056889, 1515952.909099999815226 ], [ 2650167.574100002646446, 1515901.953200001269579 ], [ 2650145.940999999642372, 1515848.049600001424551 ], [ 2650126.841700002551079, 1515798.236000001430511 ], [ 2650107.285999998450279, 1515749.75789999961853 ], [ 2650086.243100002408028, 1515696.121199999004602 ], [ 2650066.652999997138977, 1515646.680300001055002 ], [ 2649871.022100001573563, 1515724.640599999576807 ], [ 2649851.189099997282028, 1515674.719399999827147 ], [ 2649831.720200002193451, 1515626.778900001198053 ], [ 2649811.234399996697903, 1515574.151299998164177 ], [ 2649762.190999999642372, 1515593.451499998569489 ], [ 2649840.676399998366833, 1515796.92790000140667 ], [ 2649817.553599998354912, 1515805.138399999588728 ], [ 2649819.294600002467632, 1515809.542500000447035 ], [ 2649897.186499997973442, 1516003.272900000214577 ], [ 2649902.888800002634525, 1516017.455699998885393 ], [ 2649954.707099996507168, 1516146.336500000208616 ], [ 2649979.365299999713898, 1516260.795800000429153 ], [ 2649982.872400000691414, 1516265.245000001043081 ], [ 2649985.157300002872944, 1516271.074700001627207 ], [ 2649989.085100002586842, 1516281.096099998801947 ], [ 2649992.389499999582767, 1516295.715300001204014 ], [ 2650081.555100001394749, 1516259.88910000026226 ], [ 2650098.01519999653101, 1516253.275600001215935 ], [ 2650183.002099998295307, 1516219.1283 ], [ 2650206.1831, 1516209.814300000667572 ] ] ] ] } },
{ "type": "Feature", "properties": { "fid": 116, "OBJECTID": 58328, "CVE_COL": "19048_0117", "ID_COL": 58328, "COLONIA": "Lomas de Santa Catarina", "CP": "66359", "CVE_ENT": "19", "NOM_ENT": "Nuevo León", "MUN": "048", "CVE_MUN": "19048", "NOM_MUN": "Santa Catarina", "LOC": "0001", "CVE_LOC": "190480001", "NOM_LOC": "Ciudad Santa Catarina", "SUN_2018": "M19.01", "NOM_SUN": "Monterrey", "POBTOT": 1927.359503, "P6A14NAE": 4.414344, "SBASC": 15.509213, "PSDSS": 15.730892, "OVSDE": 0.0, "OVSEE": 0.0, "OVSAE": 0.326803, "OVPT": 0.158246, "OVHAC": 14.157199, "OVSREF": 0.594999, "OVSINT": 14.846601, "OVSCEL": 4.174345, "IM_2020": 152.621778978414, "GM_2020": "Muy bajo", "IMN_2020": 0.97305549288670001, "CLASIF": "Conjunto habitacional" }, "geometry": { "type": "MultiPolygon", "coordinates": [ [ [ [ 2650465.3794, 1516105.716699998825788 ], [ 2650427.646700002253056, 1516010.943900000303984 ], [ 2650390.556800000369549, 1515918.6754 ], [ 2650385.737999998033047, 1515905.342099998146296 ], [ 2650370.903599999845028, 1515870.76069999858737 ], [ 2650364.541000001132488, 1515855.576499998569489 ], [ 2650355.801600001752377, 1515833.549699999392033 ], [ 2650348.989, 1515816.379200000315905 ], [ 2650343.018200002610683, 1515801.330200001597404 ], [ 2650331.930399999022484, 1515773.384399998933077 ], [ 2650329.295900002121925, 1515766.74439999833703 ], [ 2650315.10980000346899, 1515730.989599999040365 ], [ 2650302.535599999129772, 1515699.297499999403954 ], [ 2650298.825900003314018, 1515689.947700001299381 ], [ 2650287.656400002539158, 1515661.795899998396635 ], [ 2650281.995800003409386, 1515647.528799999505281 ], [ 2650273.284000001847744, 1515625.571699999272823 ], [ 2650265.53830000013113, 1515605.858300000429153 ], [ 2650260.450599998235703, 1515591.881400000303984 ], [ 2650248.029700003564358, 1515557.75899999961257 ], [ 2650293.307599999010563, 1515539.71059999987483 ], [ 2650415.942900002002716, 1515490.826499998569489 ], [ 2650408.614399999380112, 1515472.969900000840425 ], [ 2650390.355899997055531, 1515428.481199998408556 ], [ 2650371.583200000226498, 1515382.6996 ], [ 2650353.542099997401237, 1515336.884100001305342 ], [ 2650231.376000002026558, 1515389.3574 ], [ 2650099.660899996757507, 1515443.882199998944998 ], [ 2650065.557800002396107, 1515465.688700001686811 ], [ 2650032.978100001811981, 1515478.147199999541044 ], [ 2650074.099899999797344, 1515584.46510000154376 ], [ 2650113.819499999284744, 1515684.906899999827147 ], [ 2650116.122500002384186, 1515690.729299999773502 ], [ 2650154.48030000180006, 1515787.7060999982059 ], [ 2650195.485600002110004, 1515891.3761 ], [ 2650261.097199998795986, 1516046.536699999123812 ], [ 2650298.722599998116493, 1516139.719300001859665 ], [ 2650265.586800001561642, 1516153.413199998438358 ], [ 2650276.076300002634525, 1516181.731499999761581 ], [ 2650382.311700001358986, 1516139.046500001102686 ], [ 2650465.3794, 1516105.716699998825788 ] ] ] ] } },
{ "type": "Feature", "properties": { "fid": 117, "OBJECTID": 58329, "CVE_COL": "19048_0118", "ID_COL": 58329, "COLONIA": "Lomas de Santa Catarina Sector El Eden", "CP": "66359", "CVE_ENT": "19", "NOM_ENT": "Nuevo León", "MUN": "048", "CVE_MUN": "19048", "NOM_MUN": "Santa Catarina", "LOC": "0001", "CVE_LOC": "190480001", "NOM_LOC": "Ciudad Santa Catarina", "SUN_2018": "M19.01", "NOM_SUN": "Monterrey", "POBTOT": 273.730803, "P6A14NAE": 1.553565, "SBASC": 16.456555, "PSDSS": 15.753076, "OVSDE": 0.0, "OVSEE": 0.0, "OVSAE": 0.0, "OVPT": 0.169841, "OVHAC": 12.722184, "OVSREF": 0.892274, "OVSINT": 14.606112, "OVSCEL": 4.247244, "IM_2020": 153.26353105457599, "GM_2020": "Muy bajo", "IMN_2020": 0.97714704775490002, "CLASIF": "Fraccionamiento" }, "geometry": { "type": "MultiPolygon", "coordinates": [ [ [ [ 2650032.978100001811981, 1515478.147199999541044 ], [ 2650006.52250000089407, 1515492.772300001233816 ], [ 2650027.481700003147125, 1515547.806600000709295 ], [ 2650047.901199996471405, 1515595.379099998623133 ], [ 2650066.652999997138977, 1515646.680300001055002 ], [ 2650086.243100002408028, 1515696.121199999004602 ], [ 2650107.285999998450279, 1515749.75789999961853 ], [ 2650126.841700002551079, 1515798.236000001430511 ], [ 2650145.940999999642372, 1515848.049600001424551 ], [ 2650167.574100002646446, 1515901.953200001269579 ], [ 2650188.108599998056889, 1515952.909099999815226 ], [ 2650204.001999996602535, 1515995.335700001567602 ], [ 2650222.403399996459484, 1516038.421300001442432 ], [ 2650230.056500002741814, 1516058.765299998223782 ], [ 2650237.895000003278255, 1516079.066199999302626 ], [ 2650265.586800001561642, 1516153.413199998438358 ], [ 2650298.722599998116493, 1516139.719300001859665 ], [ 2650261.097199998795986, 1516046.536699999123812 ], [ 2650195.485600002110004, 1515891.3761 ], [ 2650154.48030000180006, 1515787.7060999982059 ], [ 2650116.122500002384186, 1515690.729299999773502 ], [ 2650113.819499999284744, 1515684.906899999827147 ], [ 2650074.099899999797344, 1515584.46510000154376 ], [ 2650032.978100001811981, 1515478.147199999541044 ] ] ] ] } },
{ "type": "Feature", "properties": { "fid": 118, "OBJECTID": 58330, "CVE_COL": "19048_0119", "ID_COL": 58330, "COLONIA": "Lomas del Mirador (Esfuerzo Unido)", "CP": "66119", "CVE_ENT": "19", "NOM_ENT": "Nuevo León", "MUN": "048", "CVE_MUN": "19048", "NOM_MUN": "Santa Catarina", "LOC": "0001", "CVE_LOC": "190480001", "NOM_LOC": "Ciudad Santa Catarina", "SUN_2018": "M19.01", "NOM_SUN": "Monterrey", "POBTOT": 1138.676334, "P6A14NAE": 4.318896, "SBASC": 35.737028, "PSDSS": 34.272868, "OVSDE": 0.129693, "OVSEE": 0.044577, "OVSAE": 1.037547, "OVPT": 6.306151, "OVHAC": 41.074695, "OVSREF": 4.052112, "OVSINT": 55.728311, "OVSCEL": 7.892006, "IM_2020": 147.287320480284, "GM_2020": "Medio", "IMN_2020": 0.93904511653059997, "CLASIF": "Colonia" }, "geometry": { "type": "MultiPolygon", "coordinates": [ [ [ [ 2657954.993600003421307, 1516854.689300000667572 ], [ 2657933.951300002634525, 1516759.312300000339746 ], [ 2657933.667199999094009, 1516758.024700000882149 ], [ 2657932.683600001037121, 1516753.56700000166893 ], [ 2657931.700000002980232, 1516749.109200000762939 ], [ 2657919.39360000193119, 1516726.616900000721216 ], [ 2657914.349500000476837, 1516721.508000001311302 ], [ 2657904.402400001883507, 1516711.210099998861551 ], [ 2657877.881399996578693, 1516683.753800000995398 ], [ 2657829.486400000751019, 1516696.407900001853704 ], [ 2657800.850299999117851, 1516703.244199998676777 ], [ 2657735.670699998736382, 1516723.344799999147654 ], [ 2657658.42679999768734, 1516746.190000001341105 ], [ 2657624.953100003302097, 1516756.2483000010252 ], [ 2657634.686899997293949, 1516760.998700000345707 ], [ 2657647.944300003349781, 1516772.532800000160933 ], [ 2657658.568499997258186, 1516791.146299999207258 ], [ 2657688.204199999570847, 1516814.501200001686811 ], [ 2657702.773699998855591, 1516863.892400000244379 ], [ 2657689.496200002729893, 1516921.945700000971556 ], [ 2657689.566699996590614, 1516929.381999999284744 ], [ 2657684.160400003194809, 1516952.548599999397993 ], [ 2657678.561300002038479, 1516970.502599999308586 ], [ 2657674.570200003683567, 1516978.996300000697374 ], [ 2657673.249399997293949, 1516990.028799999505281 ], [ 2657729.69370000064373, 1516976.60020000115037 ], [ 2657781.122100003063679, 1516964.866599999368191 ], [ 2657809.347800001502037, 1516947.327500000596046 ], [ 2657850.225199997425079, 1516904.546399999409914 ], [ 2657837.766999997198582, 1516892.5810999982059 ], [ 2657841.859399996697903, 1516885.226799998432398 ], [ 2657867.179099999368191, 1516876.03770000115037 ], [ 2657875.12219999730587, 1516873.154899999499321 ], [ 2657881.107299998402596, 1516876.652499999850988 ], [ 2657913.3301, 1516867.078899998217821 ], [ 2657954.993600003421307, 1516854.689300000667572 ] ] ] ] } },
{ "type": "Feature", "properties": { "fid": 119, "OBJECTID": 58331, "CVE_COL": "19048_0120", "ID_COL": 58331, "COLONIA": "Lomas del Poniente 1Er Sector", "CP": "66369", "CVE_ENT": "19", "NOM_ENT": "Nuevo León", "MUN": "048", "CVE_MUN": "19048", "NOM_MUN": "Santa Catarina", "LOC": "0001", "CVE_LOC": "190480001", "NOM_LOC": "Ciudad Santa Catarina", "SUN_2018": "M19.01", "NOM_SUN": "Monterrey", "POBTOT": 2404.71225, "P6A14NAE": 6.523417, "SBASC": 32.335822, "PSDSS": 20.758623, "OVSDE": 0.029534, "OVSEE": 0.125131, "OVSAE": 0.552876, "OVPT": 1.810888, "OVHAC": 25.004252, "OVSREF": 2.733489, "OVSINT": 30.063281, "OVSCEL": 8.14433, "IM_2020": 149.41283070574701, "GM_2020": "Medio", "IMN_2020": 0.95259652062199995, "CLASIF": "Unidad habitacional" }, "geometry": { "type": "MultiPolygon", "coordinates": [ [ [ [ 2654398.322800002992153, 1517221.537200000137091 ], [ 2654365.556800000369549, 1517152.920299999415874 ], [ 2654319.81360000371933, 1517057.126899998635054 ], [ 2654226.950099997222424, 1516865.479899998754263 ], [ 2654207.225199997425079, 1516823.499499998986721 ], [ 2654189.067900002002716, 1516787.097899999469519 ], [ 2654160.032499998807907, 1516729.312800001353025 ], [ 2654024.031000003218651, 1516776.868200000375509 ], [ 2653966.836400002241135, 1516796.772399999201298 ], [ 2653928.900499999523163, 1516809.974399998784065 ], [ 2653902.745300002396107, 1516819.07660000026226 ], [ 2653930.177199997007847, 1516876.971200000494719 ], [ 2653947.561899997293949, 1516913.661499999463558 ], [ 2653967.371799997985363, 1516955.453299999237061 ], [ 2653988.013999998569489, 1516997.239700000733137 ], [ 2654005.488399997353554, 1517034.61710000038147 ], [ 2654023.672399997711182, 1517073.511999998241663 ], [ 2654040.570100001990795, 1517109.655999999493361 ], [ 2654060.410599999129772, 1517152.094399999827147 ], [ 2654081.465300001204014, 1517194.735500000417233 ], [ 2654099.612300001084805, 1517231.6107 ], [ 2654116.554799996316433, 1517269.407200001180172 ], [ 2654133.981200002133846, 1517306.740499999374151 ], [ 2654150.0779, 1517342.676899999380112 ], [ 2654175.604900002479553, 1517330.220199998468161 ], [ 2654211.539499998092651, 1517312.684599999338388 ], [ 2654251.243000000715256, 1517293.309999998658895 ], [ 2654257.704700000584126, 1517290.156700000166893 ], [ 2654294.653399996459484, 1517272.126299999654293 ], [ 2654331.5878000035882, 1517254.102899998426437 ], [ 2654357.0581, 1517241.673799999058247 ], [ 2654369.168999999761581, 1517235.763799998909235 ], [ 2654398.322800002992153, 1517221.537200000137091 ] ] ] ] } },
{ "type": "Feature", "properties": { "fid": 120, "OBJECTID": 58332, "CVE_COL": "19048_0121", "ID_COL": 58332, "COLONIA": "Lomas del Poniente 2Do Sector", "CP": "66369", "CVE_ENT": "19", "NOM_ENT": "Nuevo León", "MUN": "048", "CVE_MUN": "19048", "NOM_MUN": "Santa Catarina", "LOC": "0001", "CVE_LOC": "190480001", "NOM_LOC": "Ciudad Santa Catarina", "SUN_2018": "M19.01", "NOM_SUN": "Monterrey", "POBTOT": 1270.885019, "P6A14NAE": 2.244613, "SBASC": 11.807395, "PSDSS": 15.600178, "OVSDE": 0.000789, "OVSEE": 0.00789, "OVSAE": 0.174194, "OVPT": 1.611623, "OVHAC": 13.112128, "OVSREF": 0.765184, "OVSINT": 13.201458, "OVSCEL": 3.340482, "IM_2020": 153.32903040875999, "GM_2020": "Muy bajo", "IMN_2020": 0.97756464547129995, "CLASIF": "Unidad habitacional" }, "geometry": { "type": "MultiPolygon", "coordinates": [ [ [ [ 2654580.175700001418591, 1517611.378100000321865 ], [ 2654571.431599996984005, 1517591.765599999576807 ], [ 2654534.207400001585484, 1517513.5945999994874 ], [ 2654469.310900002717972, 1517374.112300001084805 ], [ 2654398.322800002992153, 1517221.537200000137091 ], [ 2654369.168999999761581, 1517235.763799998909235 ], [ 2654357.0581, 1517241.673799999058247 ], [ 2654331.5878000035882, 1517254.102899998426437 ], [ 2654294.653399996459484, 1517272.126299999654293 ], [ 2654257.704700000584126, 1517290.156700000166893 ], [ 2654251.243000000715256, 1517293.309999998658895 ], [ 2654211.539499998092651, 1517312.684599999338388 ], [ 2654175.604900002479553, 1517330.220199998468161 ], [ 2654150.0779, 1517342.676899999380112 ], [ 2654167.938199996948242, 1517380.7632 ], [ 2654185.79839999973774, 1517418.849599998444319 ], [ 2654203.438799999654293, 1517456.466899998486042 ], [ 2654222.053999997675419, 1517494.505800001323223 ], [ 2654294.488899998366833, 1517646.980700001120567 ], [ 2654315.870200000703335, 1517636.095199998468161 ], [ 2654359.1206, 1517617.840300001204014 ], [ 2654396.4324000030756, 1517600.381400000303984 ], [ 2654433.487000003457069, 1517583.277699999511242 ], [ 2654469.906599998474121, 1517654.497600000351667 ], [ 2654473.99719999730587, 1517664.043800000101328 ], [ 2654476.213899999856949, 1517663.169799998402596 ], [ 2654576.060400001704693, 1517609.525499999523163 ], [ 2654580.175700001418591, 1517611.378100000321865 ] ] ] ] } },
{ "type": "Feature", "properties": { "fid": 121, "OBJECTID": 58333, "CVE_COL": "19048_0122", "ID_COL": 58333, "COLONIA": "Los Cenizos", "CP": "66196", "CVE_ENT": "19", "NOM_ENT": "Nuevo León", "MUN": "048", "CVE_MUN": "19048", "NOM_MUN": "Santa Catarina", "LOC": "0001", "CVE_LOC": "190480001", "NOM_LOC": "Ciudad Santa Catarina", "SUN_2018": "M19.01", "NOM_SUN": "Monterrey", "POBTOT": 129.241023, "P6A14NAE": 6.414854, "SBASC": 7.780035, "PSDSS": 11.103936, "OVSDE": 0.0, "OVSEE": 0.073601, "OVSAE": 0.073601, "OVPT": 0.809607, "OVHAC": 6.117171, "OVSREF": 0.220802, "OVSINT": 8.24327, "OVSCEL": 1.913616, "IM_2020": 153.45404766073401, "GM_2020": "Muy bajo", "IMN_2020": 0.97836170552750001, "CLASIF": "Fraccionamiento" }, "geometry": { "type": "MultiPolygon", "coordinates": [ [ [ [ 2655292.143100000917912, 1512376.242600001394749 ], [ 2655219.334799997508526, 1512352.661400001496077 ], [ 2655007.136900000274181, 1512290.607299998402596 ], [ 2654958.031199999153614, 1512253.098299998790026 ], [ 2654958.467600002884865, 1512310.836300000548363 ], [ 2654951.12389999628067, 1512365.778000000864267 ], [ 2654948.158299997448921, 1512389.895399998873472 ], [ 2654936.610799998044968, 1512466.870799999684095 ], [ 2654941.252999998629093, 1512468.211500000208616 ], [ 2654941.610600002110004, 1512468.314800001680851 ], [ 2655022.269400000572205, 1512496.308800000697374 ], [ 2655162.564999997615814, 1512452.150199998170137 ], [ 2655250.941299997270107, 1512412.619100000709295 ], [ 2655286.853399999439716, 1512380.912300001829863 ], [ 2655292.143100000917912, 1512376.242600001394749 ] ] ] ] } },
{ "type": "Feature", "properties": { "fid": 122, "OBJECTID": 58336, "CVE_COL": "19048_0123", "ID_COL": 58336, "COLONIA": "Los Portales", "CP": "66147", "CVE_ENT": "19", "NOM_ENT": "Nuevo León", "MUN": "048", "CVE_MUN": "19048", "NOM_MUN": "Santa Catarina", "LOC": "0001", "CVE_LOC": "190480001", "NOM_LOC": "Ciudad Santa Catarina", "SUN_2018": "M19.01", "NOM_SUN": "Monterrey", "POBTOT": 878.98659, "P6A14NAE": 4.79943, "SBASC": 16.23965, "PSDSS": 17.056623, "OVSDE": 0.013939, "OVSEE": 0.019495, "OVSAE": 0.014353, "OVPT": 0.257195, "OVHAC": 12.934986, "OVSREF": 0.400247, "OVSINT": 13.319674, "OVSCEL": 5.203568, "IM_2020": 152.378663993125, "GM_2020": "Bajo", "IMN_2020": 0.97150548886090005, "CLASIF": "Colonia" }, "geometry": { "type": "MultiPolygon", "coordinates": [ [ [ [ 2656024.749700002372265, 1515881.43189999833703 ], [ 2656011.288000002503395, 1515788.33559999987483 ], [ 2656008.38570000231266, 1515763.396099999547005 ], [ 2656001.872299998998642, 1515720.796300001442432 ], [ 2655996.133299998939037, 1515680.820000000298023 ], [ 2655989.279100000858307, 1515638.486600000411272 ], [ 2655881.832400001585484, 1515652.598000001162291 ], [ 2655749.061099998652935, 1515672.63740000128746 ], [ 2655705.588899999856949, 1515641.4662000015378 ], [ 2655678.076700001955032, 1515681.594000000506639 ], [ 2655641.314000003039837, 1515735.4070999994874 ], [ 2655685.763999998569489, 1515768.883200000971556 ], [ 2655686.41499999910593, 1515810.813299998641014 ], [ 2655687.531300000846386, 1515824.140999998897314 ], [ 2655695.156300000846386, 1515834.910999998450279 ], [ 2655613.959700003266335, 1515845.012600000947714 ], [ 2655592.781199999153614, 1515826.408700000494719 ], [ 2655584.652099996805191, 1515818.348400000482798 ], [ 2655573.432099997997284, 1515834.772199999541044 ], [ 2655566.777800001204014, 1515844.512699998915195 ], [ 2655549.49549999833107, 1515869.810400001704693 ], [ 2655535.600599996745586, 1515892.005800001323223 ], [ 2655505.915500000119209, 1515939.423900000751019 ], [ 2655616.17400000244379, 1515927.936900001019239 ], [ 2655837.018200002610683, 1515902.169599998742342 ], [ 2656024.749700002372265, 1515881.43189999833703 ] ] ] ] } },
{ "type": "Feature", "properties": { "fid": 123, "OBJECTID": 58337, "CVE_COL": "19048_0124", "ID_COL": 58337, "COLONIA": "Los Portales", "CP": "66365", "CVE_ENT": "19", "NOM_ENT": "Nuevo León", "MUN": "048", "CVE_MUN": "19048", "NOM_MUN": "Santa Catarina", "LOC": "0001", "CVE_LOC": "190480001", "NOM_LOC": "Ciudad Santa Catarina", "SUN_2018": "M19.01", "NOM_SUN": "Monterrey", "POBTOT": 239.93217, "P6A14NAE": 3.932197, "SBASC": 8.744747, "PSDSS": 15.177966, "OVSDE": 0.0, "OVSEE": 0.000699, "OVSAE": 0.040796, "OVPT": 0.731945, "OVHAC": 14.580375, "OVSREF": 0.478562, "OVSINT": 11.8237, "OVSCEL": 2.343056, "IM_2020": 153.35541677234301, "GM_2020": "Muy bajo", "IMN_2020": 0.97773287438459999, "CLASIF": "Fraccionamiento" }, "geometry": { "type": "MultiPolygon", "coordinates": [ [ [ [ 2656237.788500003516674, 1516712.337099999189377 ], [ 2656215.537799999117851, 1516703.346400000154972 ], [ 2656196.424999997019768, 1516684.083200000226498 ], [ 2656179.7246999964118, 1516664.187300000339746 ], [ 2656175.0713, 1516657.575199998915195 ], [ 2656159.205200001597404, 1516630.844099998474121 ], [ 2656154.6338, 1516620.464400000870228 ], [ 2656168.6199000030756, 1516544.695999998599291 ], [ 2656183.842299997806549, 1516459.359700001776218 ], [ 2656182.269599996507168, 1516342.892799999564886 ], [ 2656166.450199998915195, 1516350.755399998277426 ], [ 2656128.94990000128746, 1516369.393899999558926 ], [ 2656111.302500002086163, 1516378.165100000798702 ], [ 2656114.289300002157688, 1516423.857200000435114 ], [ 2656117.111000001430511, 1516467.023299999535084 ], [ 2656119.760399997234344, 1516507.554400000721216 ], [ 2656122.533699996769428, 1516549.980000000447035 ], [ 2656124.739600002765656, 1516556.854600001126528 ], [ 2656133.796499997377396, 1516585.079300001263618 ], [ 2656128.532200001180172, 1516590.119199998676777 ], [ 2656104.607199996709824, 1516603.071699999272823 ], [ 2656125.284999996423721, 1516644.831000000238419 ], [ 2656147.020700000226498, 1516687.485500000417233 ], [ 2656157.5945999994874, 1516727.98200000077486 ], [ 2656237.788500003516674, 1516712.337099999189377 ] ] ] ] } },
{ "type": "Feature", "properties": { "fid": 124, "OBJECTID": 58338, "CVE_COL": "19048_0125", "ID_COL": 58338, "COLONIA": "Los Treviño", "CP": "66146", "CVE_ENT": "19", "NOM_ENT": "Nuevo León", "MUN": "048", "CVE_MUN": "19048", "NOM_MUN": "Santa Catarina", "LOC": "0001", "CVE_LOC": "190480001", "NOM_LOC": "Ciudad Santa Catarina", "SUN_2018": "M19.01", "NOM_SUN": "Monterrey", "POBTOT": 319.960859, "P6A14NAE": 3.515577, "SBASC": 18.363122, "PSDSS": 18.624199, "OVSDE": 0.063749, "OVSEE": 0.024668, "OVSAE": 0.016704, "OVPT": 0.64458, "OVHAC": 14.263461, "OVSREF": 1.225171, "OVSINT": 22.509207, "OVSCEL": 4.703441, "IM_2020": 152.18784375438599, "GM_2020": "Bajo", "IMN_2020": 0.97028889524819995, "CLASIF": "Colonia" }, "geometry": { "type": "MultiPolygon", "coordinates": [ [ [ [ 2657045.295900002121925, 1514803.144200000911951 ], [ 2656831.713500000536442, 1514780.88740000128746 ], [ 2656700.218400001525879, 1514740.609700001776218 ], [ 2656535.082299999892712, 1514533.160300001502037 ], [ 2656373.503300003707409, 1514333.735199999064207 ], [ 2656348.997599996626377, 1514307.735100001096725 ], [ 2656244.362400002777576, 1514186.865800000727177 ], [ 2656216.726099997758865, 1514148.588500000536442 ], [ 2656209.281599998474121, 1514152.689800001680851 ], [ 2656134.273000001907349, 1514194.016399998217821 ], [ 2656183.922700002789497, 1514258.773800000548363 ], [ 2656127.004900000989437, 1514234.06700000166893 ], [ 2656081.119699999690056, 1514223.3015 ], [ 2655857.031800001859665, 1514347.092000000178814 ], [ 2655853.139799997210503, 1514348.907600000500679 ], [ 2655886.356799997389317, 1514384.001299999654293 ], [ 2655925.76969999819994, 1514443.272599998861551 ], [ 2655936.360500000417233, 1514459.1996 ], [ 2656128.218299999833107, 1514754.920400001108646 ], [ 2656136.535700000822544, 1514765.969900000840425 ], [ 2656146.825199998915195, 1514781.534299999475479 ], [ 2656263.631499998271465, 1514788.337699998170137 ], [ 2656284.13459999859333, 1514789.553599998354912 ], [ 2656358.144199997186661, 1514792.215300001204014 ], [ 2656372.969700001180172, 1514792.748500000685453 ], [ 2656987.484099999070168, 1514809.89469999819994 ], [ 2657045.295900002121925, 1514803.144200000911951 ] ] ] ] } },
{ "type": "Feature", "properties": { "fid": 125, "OBJECTID": 58339, "CVE_COL": "19048_0126", "ID_COL": 58339, "COLONIA": "Los Viñedos", "CP": "66350", "CVE_ENT": "19", "NOM_ENT": "Nuevo León", "MUN": "048", "CVE_MUN": "19048", "NOM_MUN": "Santa Catarina", "LOC": "0001", "CVE_LOC": "190480001", "NOM_LOC": "Ciudad Santa Catarina", "SUN_2018": "M19.01", "NOM_SUN": "Monterrey", "POBTOT": 7088.294616, "P6A14NAE": 1.808072, "SBASC": 6.417966, "PSDSS": 14.530164, "OVSDE": 0.0, "OVSEE": 2.5e-05, "OVSAE": 3.9999999999999998e-06, "OVPT": 0.108353, "OVHAC": 10.833987, "OVSREF": 0.76893, "OVSINT": 17.354866, "OVSCEL": 0.937209, "IM_2020": 154.26486318051801, "GM_2020": "Muy bajo", "IMN_2020": 0.98353114137429998, "CLASIF": "Fraccionamiento" }, "geometry": { "type": "MultiPolygon", "coordinates": [ [ [ [ 2648915.443999998271465, 1517639.649599999189377 ], [ 2648719.38910000026226, 1517676.2654 ], [ 2648495.179799996316433, 1517719.0548 ], [ 2648405.94879999756813, 1517734.14809999987483 ], [ 2648310.347199998795986, 1517748.052400000393391 ], [ 2648215.215400002896786, 1517764.757199998944998 ], [ 2648191.825199998915195, 1517873.883699998259544 ], [ 2648179.91160000115633, 1517885.975299999117851 ], [ 2648178.923900000751019, 1517894.294700000435114 ], [ 2648172.37950000166893, 1517924.528799999505281 ], [ 2648171.466600000858307, 1517930.647300001233816 ], [ 2648177.816600002348423, 1517931.795299999415874 ], [ 2648143.896700002253056, 1518102.8092 ], [ 2648237.100500002503395, 1518150.8607 ], [ 2648314.012999996542931, 1518189.492400001734495 ], [ 2648392.566200003027916, 1518230.603199999779463 ], [ 2648451.324600003659725, 1518260.002999998629093 ], [ 2648461.694700002670288, 1518267.936200000345707 ], [ 2648540.747500002384186, 1518305.141399998217821 ], [ 2648550.697800002992153, 1518310.698899999260902 ], [ 2648696.343800000846386, 1518387.506299998611212 ], [ 2648985.873999997973442, 1518095.717700000852346 ], [ 2648987.526600003242493, 1518094.052200000733137 ], [ 2649015.306000001728535, 1518053.055399999022484 ], [ 2648916.14750000089407, 1517642.561799999326468 ], [ 2648915.443999998271465, 1517639.649599999189377 ] ] ] ] } },
{ "type": "Feature", "properties": { "fid": 126, "OBJECTID": 58340, "CVE_COL": "19048_0127", "ID_COL": 58340, "COLONIA": "Los Vitrales", "CP": "66358", "CVE_ENT": "19", "NOM_ENT": "Nuevo León", "MUN": "048", "CVE_MUN": "19048", "NOM_MUN": "Santa Catarina", "LOC": "0001", "CVE_LOC": "190480001", "NOM_LOC": "Ciudad Santa Catarina", "SUN_2018": "M19.01", "NOM_SUN": "Monterrey", "POBTOT": 331.370544, "P6A14NAE": 1.601831, "SBASC": 6.998739, "PSDSS": 8.655536, "OVSDE": 0.0, "OVSEE": 0.0, "OVSAE": 0.0, "OVPT": 0.0, "OVHAC": 13.474241, "OVSREF": 0.308234, "OVSINT": 10.656099, "OVSCEL": 0.616469, "IM_2020": 154.749661862848, "GM_2020": "Muy bajo", "IMN_2020": 0.98662202410370003, "CLASIF": "Fraccionamiento" }, "geometry": { "type": "MultiPolygon", "coordinates": [ [ [ [ 2650353.542099997401237, 1515336.884100001305342 ], [ 2650402.171400003135204, 1515316.183699999004602 ], [ 2650504.466499999165535, 1515272.955200001597404 ], [ 2650458.592399999499321, 1515153.056499999016523 ], [ 2650439.743900001049042, 1515103.793499998748302 ], [ 2650408.140000000596046, 1515023.907999999821186 ], [ 2650388.848200000822544, 1514974.67119999974966 ], [ 2650337.415299996733665, 1514995.398699998855591 ], [ 2650286.509800001978874, 1515016.677099999040365 ], [ 2650319.490800000727177, 1515099.936900001019239 ], [ 2650272.65990000218153, 1515120.281599998474121 ], [ 2650232.076200000941753, 1515136.098099999129772 ], [ 2650188.053000003099442, 1515152.453600000590086 ], [ 2650267.863200001418591, 1515346.977600000798702 ], [ 2650231.376000002026558, 1515389.3574 ], [ 2650353.542099997401237, 1515336.884100001305342 ] ] ] ] } },
{ "type": "Feature", "properties": { "fid": 127, "OBJECTID": 58342, "CVE_COL": "19048_0128", "ID_COL": 58342, "COLONIA": "Luis Echeverria", "CP": "66358", "CVE_ENT": "19", "NOM_ENT": "Nuevo León", "MUN": "048", "CVE_MUN": "19048", "NOM_MUN": "Santa Catarina", "LOC": "0001", "CVE_LOC": "190480001", "NOM_LOC": "Ciudad Santa Catarina", "SUN_2018": "M19.01", "NOM_SUN": "Monterrey", "POBTOT": 1729.057992, "P6A14NAE": 7.315816, "SBASC": 25.719373, "PSDSS": 18.587152, "OVSDE": 0.0, "OVSEE": 0.000244, "OVSAE": 0.000146, "OVPT": 0.98215, "OVHAC": 15.335896, "OVSREF": 1.943243, "OVSINT": 21.601212, "OVSCEL": 6.353286, "IM_2020": 150.65248161936299, "GM_2020": "Bajo", "IMN_2020": 0.96050003962709996, "CLASIF": "Colonia" }, "geometry": { "type": "MultiPolygon", "coordinates": [ [ [ [ 2651788.661300003528595, 1515197.875199999660254 ], [ 2651758.601199999451637, 1515123.806800000369549 ], [ 2651741.10700000077486, 1515080.700800001621246 ], [ 2651691.696900002658367, 1514953.985599998384714 ], [ 2651675.070600003004074, 1514911.331599999219179 ], [ 2651658.444300003349781, 1514868.677499998360872 ], [ 2651639.036100000143051, 1514820.3838 ], [ 2651624.22860000282526, 1514783.537999998778105 ], [ 2651604.8147, 1514735.230200000107288 ], [ 2651594.877499997615814, 1514710.503400001674891 ], [ 2651592.497500002384186, 1514704.5810999982059 ], [ 2651578.95830000191927, 1514708.8772 ], [ 2651564.3618, 1514675.2665 ], [ 2651543.765100002288818, 1514629.00730000063777 ], [ 2651512.101099997758865, 1514546.479299999773502 ], [ 2651492.855599999427795, 1514496.318599998950958 ], [ 2651473.455600000917912, 1514445.7555 ], [ 2651442.054999999701977, 1514363.914099998772144 ], [ 2651423.301899999380112, 1514315.036699999123812 ], [ 2651403.077100001275539, 1514262.323699999600649 ], [ 2651366.86599999666214, 1514277.163400001823902 ], [ 2651349.783699996769428, 1514284.164000000804663 ], [ 2651305.218999996781349, 1514303.238099999725819 ], [ 2651302.639200001955032, 1514304.226700000464916 ], [ 2651303.929399996995926, 1514307.674199998378754 ], [ 2651305.316699996590614, 1514311.104200001806021 ], [ 2651340.821900002658367, 1514398.887499999254942 ], [ 2651343.009900003671646, 1514405.961800001561642 ], [ 2651370.41669999808073, 1514481.041400000452995 ], [ 2651375.454899996519089, 1514486.304000001400709 ], [ 2651389.957000002264977, 1514530.185199998319149 ], [ 2651393.997400000691414, 1514538.2368 ], [ 2651410.840599998831749, 1514582.168999999761581 ], [ 2651413.517300002276897, 1514588.317099999636412 ], [ 2651442.807199999690056, 1514662.969300001859665 ], [ 2651447.326099999248981, 1514670.562899999320507 ], [ 2651464.708999998867512, 1514711.227800000458956 ], [ 2651468.820900000631809, 1514716.001899998635054 ], [ 2651477.288400001823902, 1514735.861000001430511 ], [ 2651481.76519999653101, 1514738.1722999997437 ], [ 2651516.288699999451637, 1514825.459499999880791 ], [ 2651553.70099999755621, 1514921.822599999606609 ], [ 2651583.30969999730587, 1514997.593600001186132 ], [ 2651460.018700003623962, 1515048.068 ], [ 2651451.312899999320507, 1515052.171599999070168 ], [ 2651446.863600000739098, 1515057.424600001424551 ], [ 2651466.042999997735023, 1515104.856800001114607 ], [ 2651486.032499998807907, 1515154.292199999094009 ], [ 2651487.930399999022484, 1515158.9868 ], [ 2651575.296599999070168, 1515375.087499998509884 ], [ 2651578.156700000166893, 1515382.122099999338388 ], [ 2651633.794600002467632, 1515333.430300001055002 ], [ 2651695.261, 1515279.637800000607967 ], [ 2651700.769799999892712, 1515274.816700000315905 ], [ 2651745.067800000309944, 1515235.979899998754263 ], [ 2651788.661300003528595, 1515197.875199999660254 ] ] ] ] } },
{ "type": "Feature", "properties": { "fid": 128, "OBJECTID": 58345, "CVE_COL": "19048_0129", "ID_COL": 58345, "COLONIA": "Martires de Cananea", "CP": "66365", "CVE_ENT": "19", "NOM_ENT": "Nuevo León", "MUN": "048", "CVE_MUN": "19048", "NOM_MUN": "Santa Catarina", "LOC": "0001", "CVE_LOC": "190480001", "NOM_LOC": "Ciudad Santa Catarina", "SUN_2018": "M19.01", "NOM_SUN": "Monterrey", "POBTOT": 7193.784776, "P6A14NAE": 13.557791, "SBASC": 21.604225, "PSDSS": 16.639616, "OVSDE": 1.4e-05, "OVSEE": 0.025537, "OVSAE": 0.000133, "OVPT": 3.318051, "OVHAC": 15.094626, "OVSREF": 0.693931, "OVSINT": 15.601869, "OVSCEL": 8.45176, "IM_2020": 149.37252564797899, "GM_2020": "Medio", "IMN_2020": 0.9523395516748, "CLASIF": "Conjunto habitacional" }, "geometry": { "type": "MultiPolygon", "coordinates": [ [ [ [ 2656104.607199996709824, 1516603.071699999272823 ], [ 2656128.532200001180172, 1516590.119199998676777 ], [ 2656133.796499997377396, 1516585.079300001263618 ], [ 2656124.739600002765656, 1516556.854600001126528 ], [ 2656122.533699996769428, 1516549.980000000447035 ], [ 2656119.760399997234344, 1516507.554400000721216 ], [ 2656117.111000001430511, 1516467.023299999535084 ], [ 2656114.289300002157688, 1516423.857200000435114 ], [ 2656111.302500002086163, 1516378.165100000798702 ], [ 2656128.94990000128746, 1516369.393899999558926 ], [ 2656166.450199998915195, 1516350.755399998277426 ], [ 2656182.269599996507168, 1516342.892799999564886 ], [ 2656256.1963, 1516308.264400001615286 ], [ 2656286.325800001621246, 1516294.151299998164177 ], [ 2656323.477899998426437, 1516276.748700000345707 ], [ 2656352.31530000269413, 1516263.240800000727177 ], [ 2656321.093000002205372, 1516199.460499998182058 ], [ 2656306.691399998962879, 1516172.550799999386072 ], [ 2656243.860200002789497, 1516036.296500001102686 ], [ 2656236.912699997425079, 1516021.812199998646975 ], [ 2656162.28999999910593, 1515866.238499999046326 ], [ 2656109.391000002622604, 1515872.081999998539686 ], [ 2656024.749700002372265, 1515881.43189999833703 ], [ 2655837.018200002610683, 1515902.169599998742342 ], [ 2655616.17400000244379, 1515927.936900001019239 ], [ 2655505.915500000119209, 1515939.423900000751019 ], [ 2655499.786700002849102, 1515948.223099999129772 ], [ 2655451.3926, 1516017.703600000590086 ], [ 2655432.38120000064373, 1516044.998599998652935 ], [ 2655412.389200001955032, 1516078.675799999386072 ], [ 2655416.259900003671646, 1516086.3885000012815 ], [ 2655432.328000001609325, 1516118.456000000238419 ], [ 2655449.406199999153614, 1516152.556800000369549 ], [ 2655468.28999999910593, 1516190.262600000947714 ], [ 2655485.547499999403954, 1516224.721400000154972 ], [ 2655493.29559999704361, 1516240.192299999296665 ], [ 2655503.022699996829033, 1516259.614700000733137 ], [ 2655513.755300000309944, 1516281.0449 ], [ 2655520.0647, 1516293.643100000917912 ], [ 2655532.20380000025034, 1516317.881700001657009 ], [ 2655537.729900002479553, 1516328.915800001472235 ], [ 2655550.917900003492832, 1516355.2489 ], [ 2655556.590700000524521, 1516366.5760000012815 ], [ 2655570.100900001823902, 1516392.896800000220537 ], [ 2655589.658600002527237, 1516430.999600000679493 ], [ 2655603.911399997770786, 1516458.767099998891354 ], [ 2655610.834799997508526, 1516472.255399998277426 ], [ 2655620.215999998152256, 1516490.5320999994874 ], [ 2655637.280500002205372, 1516523.777300000190735 ], [ 2655654.344899997115135, 1516557.022599998861551 ], [ 2655677.638300001621246, 1516594.420899998396635 ], [ 2655690.05009999871254, 1516619.145799998193979 ], [ 2655695.205300003290176, 1516629.415199998766184 ], [ 2655712.772299997508526, 1516664.409299999475479 ], [ 2655874.75110000371933, 1516585.113200001418591 ], [ 2655878.261100001633167, 1516571.760200001299381 ], [ 2655881.164300002157688, 1516560.715599998831749 ], [ 2655866.707400001585484, 1516545.429200001060963 ], [ 2655837.338100001215935, 1516514.374699998646975 ], [ 2655872.466300003230572, 1516496.770199999213219 ], [ 2655932.887500002980232, 1516467.060400001704693 ], [ 2655951.510399997234344, 1516506.791400000452995 ], [ 2655967.477399997413158, 1516540.8564000017941 ], [ 2655980.165299996733665, 1516567.925200000405312 ], [ 2655982.49719999730587, 1516572.900199998170137 ], [ 2655998.328000001609325, 1516606.674499999731779 ], [ 2655936.824299998581409, 1516636.517700001597404 ], [ 2655945.995899997651577, 1516638.2668999992311 ], [ 2655960.245899997651577, 1516653.462699998170137 ], [ 2655971.690800003707409, 1516668.929900001734495 ], [ 2656104.607199996709824, 1516603.071699999272823 ] ] ] ] } },
{ "type": "Feature", "properties": { "fid": 129, "OBJECTID": 58346, "CVE_COL": "19048_0130", "ID_COL": 58346, "COLONIA": "Miguel Hidalgo", "CP": "66354", "CVE_ENT": "19", "NOM_ENT": "Nuevo León", "MUN": "048", "CVE_MUN": "19048", "NOM_MUN": "Santa Catarina", "LOC": "0001", "CVE_LOC": "190480001", "NOM_LOC": "Ciudad Santa Catarina", "SUN_2018": "M19.01", "NOM_SUN": "Monterrey", "POBTOT": 832.764652, "P6A14NAE": 4.577317, "SBASC": 19.448339, "PSDSS": 15.640413, "OVSDE": 0.0, "OVSEE": 0.002852, "OVSAE": 0.156626, "OVPT": 0.57994, "OVHAC": 12.109847, "OVSREF": 0.648888, "OVSINT": 14.775846, "OVSCEL": 5.754365, "IM_2020": 152.23903457493699, "GM_2020": "Bajo", "IMN_2020": 0.97061526747019999, "CLASIF": "Colonia" }, "geometry": { "type": "MultiPolygon", "coordinates": [ [ [ [ 2654936.610799998044968, 1512466.870799999684095 ], [ 2654948.158299997448921, 1512389.895399998873472 ], [ 2654951.12389999628067, 1512365.778000000864267 ], [ 2654958.467600002884865, 1512310.836300000548363 ], [ 2654958.031199999153614, 1512253.098299998790026 ], [ 2654943.137100003659725, 1512191.0779 ], [ 2654919.726400002837181, 1512093.629200000315905 ], [ 2654919.727600000798702, 1512093.598900001496077 ], [ 2654906.274899996817112, 1512072.566799998283386 ], [ 2654889.232600003480911, 1512047.054099999368191 ], [ 2654867.424099996685982, 1512031.254799999296665 ], [ 2654837.877899996936321, 1512015.438799999654293 ], [ 2654740.161200001835823, 1511988.775800000876188 ], [ 2654681.149499997496605, 1511989.730099998414516 ], [ 2654613.025700002908707, 1511996.592199999839067 ], [ 2654621.532600000500679, 1512000.862700000405312 ], [ 2654665.678300000727177, 1512017.757500000298023 ], [ 2654682.714199997484684, 1512036.844300001859665 ], [ 2654685.00450000166893, 1512082.6722999997437 ], [ 2654680.974899999797344, 1512106.855200000107288 ], [ 2654667.984700001776218, 1512134.504200000315905 ], [ 2654644.889300003647804, 1512171.079100001603365 ], [ 2654646.331799998879433, 1512267.472300000488758 ], [ 2654659.684600003063679, 1512304.690600000321865 ], [ 2654666.148800000548363, 1512380.682700000703335 ], [ 2654650.198399998247623, 1512420.816799998283386 ], [ 2654666.4425999969244, 1512414.031700000166893 ], [ 2654714.176100000739098, 1512378.183600001037121 ], [ 2654726.731499999761581, 1512368.7544 ], [ 2654741.5449, 1512353.07660000026226 ], [ 2654759.020000003278255, 1512324.469999998807907 ], [ 2654764.725500002503395, 1512290.227099999785423 ], [ 2654771.651199996471405, 1512270.959199998527765 ], [ 2654776.324199996888638, 1512264.147799998521805 ], [ 2654791.103900000452995, 1512244.777300000190735 ], [ 2654778.040200002491474, 1512363.424600001424551 ], [ 2654782.731899999082088, 1512374.879099998623133 ], [ 2654796.167400002479553, 1512407.682100001722574 ], [ 2654920.257299996912479, 1512548.036800000816584 ], [ 2654924.748400002717972, 1512556.013999998569489 ], [ 2654936.610799998044968, 1512466.870799999684095 ] ] ] ] } },
{ "type": "Feature", "properties": { "fid": 130, "OBJECTID": 58347, "CVE_COL": "19048_0131", "ID_COL": 58347, "COLONIA": "Mirador de La Huasteca", "CP": "66354", "CVE_ENT": "19", "NOM_ENT": "Nuevo León", "MUN": "048", "CVE_MUN": "19048", "NOM_MUN": "Santa Catarina", "LOC": "0001", "CVE_LOC": "190480001", "NOM_LOC": "Ciudad Santa Catarina", "SUN_2018": "M19.01", "NOM_SUN": "Monterrey", "POBTOT": 263.407654, "P6A14NAE": 4.511278, "SBASC": 20.005644, "PSDSS": 15.868331, "OVSDE": 0.0, "OVSEE": 0.0, "OVSAE": 0.161402, "OVPT": 0.575772, "OVHAC": 12.381831, "OVSREF": 0.668665, "OVSINT": 15.079549, "OVSCEL": 5.929857, "IM_2020": 152.17518396904299, "GM_2020": "Bajo", "IMN_2020": 0.97020818151419996, "CLASIF": "Fraccionamiento" }, "geometry": { "type": "MultiPolygon", "coordinates": [ [ [ [ 2654706.531999997794628, 1512997.407800000160933 ], [ 2654693.635600000619888, 1512989.638300001621246 ], [ 2654681.60809999704361, 1512985.871100001037121 ], [ 2654629.274300001561642, 1512974.534200001507998 ], [ 2654606.084700003266335, 1512971.161200001835823 ], [ 2654579.682300001382828, 1512968.993000000715256 ], [ 2654555.509400002658367, 1512966.873399998992682 ], [ 2654530.312200002372265, 1512953.259199999272823 ], [ 2654506.721400000154972, 1512939.04280000180006 ], [ 2654469.531400002539158, 1512920.068799998611212 ], [ 2654456.292300000786781, 1512913.4070999994874 ], [ 2654451.895400002598763, 1512910.443399999290705 ], [ 2654433.351499997079372, 1512941.934500001370907 ], [ 2654427.76690000295639, 1512951.377500001341105 ], [ 2654411.052699998021126, 1512983.082600001245737 ], [ 2654467.468699999153614, 1513012.317699998617172 ], [ 2654504.7522, 1513030.307599999010563 ], [ 2654517.26799999922514, 1513050.386 ], [ 2654540.89580000191927, 1513063.590500000864267 ], [ 2654583.366999998688698, 1513072.7357 ], [ 2654623.956200003623962, 1513083.403799999505281 ], [ 2654648.215499997138977, 1513088.871399998664856 ], [ 2654699.434600003063679, 1513100.184099998325109 ], [ 2654702.2993, 1513052.764499999582767 ], [ 2654706.531999997794628, 1512997.407800000160933 ] ] ] ] } },
{ "type": "Feature", "properties": { "fid": 131, "OBJECTID": 58348, "CVE_COL": "19048_0132", "ID_COL": 58348, "COLONIA": "Mirador de Las Mitras", "CP": "66359", "CVE_ENT": "19", "NOM_ENT": "Nuevo León", "MUN": "048", "CVE_MUN": "19048", "NOM_MUN": "Santa Catarina", "LOC": "0001", "CVE_LOC": "190480001", "NOM_LOC": "Ciudad Santa Catarina", "SUN_2018": "M19.01", "NOM_SUN": "Monterrey", "POBTOT": 2024.25067, "P6A14NAE": 1.986066, "SBASC": 12.588511, "PSDSS": 16.452047, "OVSDE": 0.0, "OVSEE": 0.0, "OVSAE": 0.0, "OVPT": 1.011162, "OVHAC": 15.685354, "OVSREF": 0.470863, "OVSINT": 11.408066, "OVSCEL": 2.416578, "IM_2020": 153.37307688282499, "GM_2020": "Muy bajo", "IMN_2020": 0.97784546819410001, "CLASIF": "Fraccionamiento" }, "geometry": { "type": "MultiPolygon", "coordinates": [ [ [ [ 2649646.675700001418591, 1515876.261 ], [ 2649732.7566, 1515840.703299999237061 ], [ 2649794.759300000965595, 1515814.582899998873472 ], [ 2649817.553599998354912, 1515805.138399999588728 ], [ 2649840.676399998366833, 1515796.92790000140667 ], [ 2649762.190999999642372, 1515593.451499998569489 ], [ 2649811.234399996697903, 1515574.151299998164177 ], [ 2649906.914700001478195, 1515536.006900001317263 ], [ 2650006.52250000089407, 1515492.772300001233816 ], [ 2649999.412900000810623, 1515476.741500001400709 ], [ 2649971.403399996459484, 1515430.703099999576807 ], [ 2649857.951200000941753, 1515470.7007 ], [ 2649687.401100002229214, 1515530.795000001788139 ], [ 2649627.060199998319149, 1515555.758499998599291 ], [ 2649618.298199996352196, 1515553.606699999421835 ], [ 2649450.054399996995926, 1515613.133900001645088 ], [ 2649376.166500002145767, 1515676.252000000327826 ], [ 2649349.199299998581409, 1515682.340300001204014 ], [ 2649318.228200003504753, 1515699.209199998527765 ], [ 2649265.964500002563, 1515722.061099998652935 ], [ 2649145.915500000119209, 1515771.864700000733137 ], [ 2649149.294100001454353, 1515779.467399999499321 ], [ 2649157.707500003278255, 1515798.403799999505281 ], [ 2649205.751999996602535, 1515906.532999999821186 ], [ 2649261.181400001049042, 1516031.282800000160933 ], [ 2649266.6404, 1516029.046700000762939 ], [ 2649285.472999997437, 1516021.663899999111891 ], [ 2649328.554899998009205, 1516004.604299999773502 ], [ 2649371.636900000274181, 1515987.544799998402596 ], [ 2649410.499300003051758, 1515973.3277000002563 ], [ 2649429.718800000846386, 1515964.5456000007689 ], [ 2649449.446800000965595, 1515955.692699998617172 ], [ 2649461.004900000989437, 1515951.801699999719858 ], [ 2649471.835299998521805, 1515947.868299998342991 ], [ 2649500.294200003147125, 1515936.763599999248981 ], [ 2649515.049800001084805, 1515930.756299998611212 ], [ 2649541.053300000727177, 1515920.084300000220537 ], [ 2649596.4679000005126, 1515898.51630000025034 ], [ 2649606.471900001168251, 1515894.554900001734495 ], [ 2649632.25, 1515882.825100000947714 ], [ 2649646.675700001418591, 1515876.261 ] ] ] ] } },
{ "type": "Feature", "properties": { "fid": 132, "OBJECTID": 58349, "CVE_COL": "19048_0133", "ID_COL": 58349, "COLONIA": "Mirador de Santa Catarina (Fomerrey 137)", "CP": "66350", "CVE_ENT": "19", "NOM_ENT": "Nuevo León", "MUN": "048", "CVE_MUN": "19048", "NOM_MUN": "Santa Catarina", "LOC": "0001", "CVE_LOC": "190480001", "NOM_LOC": "Ciudad Santa Catarina", "SUN_2018": "M19.01", "NOM_SUN": "Monterrey", "POBTOT": 1032.43239, "P6A14NAE": 3.647064, "SBASC": 29.419163, "PSDSS": 20.522008, "OVSDE": 0.0, "OVSEE": 0.0, "OVSAE": 0.000171, "OVPT": 0.011485, "OVHAC": 21.269838, "OVSREF": 1.12285, "OVSINT": 26.869792, "OVSCEL": 8.792324, "IM_2020": 150.817898733916, "GM_2020": "Bajo", "IMN_2020": 0.96155467306810005, "CLASIF": "Colonia" }, "geometry": { "type": "MultiPolygon", "coordinates": [ [ [ [ 2653483.534199997782707, 1513747.385800000280142 ], [ 2653489.572300001978874, 1513713.794199999421835 ], [ 2653414.769400000572205, 1513702.790199998766184 ], [ 2653155.490900002419949, 1513664.607299998402596 ], [ 2653148.353000000119209, 1513751.0735 ], [ 2653139.094300001859665, 1513764.071199998259544 ], [ 2653135.875200003385544, 1513791.297200001776218 ], [ 2653130.423299998044968, 1513837.408100001513958 ], [ 2653118.997599996626377, 1513934.0439000017941 ], [ 2653117.46509999781847, 1513947.00560000166297 ], [ 2653114.496100001037121, 1513972.116300001740456 ], [ 2653109.700499996542931, 1514012.676199998706579 ], [ 2653104.584100000560284, 1514055.949200000613928 ], [ 2653104.126500003039837, 1514059.826999999582767 ], [ 2653099.736299999058247, 1514096.950599998235703 ], [ 2653206.852300003170967, 1514111.333999998867512 ], [ 2653239.544799998402596, 1514115.723799999803305 ], [ 2653319.094700001180172, 1514126.453000001609325 ], [ 2653335.616499997675419, 1514015.620799999684095 ], [ 2653340.651399999856949, 1513992.158700000494719 ], [ 2653345.727899998426437, 1513966.792700000107288 ], [ 2653354.576800003647804, 1513921.270500000566244 ], [ 2653362.576300002634525, 1513858.895100001245737 ], [ 2653364.629000000655651, 1513850.052799999713898 ], [ 2653367.782399997115135, 1513828.627399999648333 ], [ 2653380.706399999558926, 1513738.179000001400709 ], [ 2653430.625799998641014, 1513742.573100000619888 ], [ 2653483.534199997782707, 1513747.385800000280142 ] ] ] ] } },
{ "type": "Feature", "properties": { "fid": 133, "OBJECTID": 58350, "CVE_COL": "19048_0134", "ID_COL": 58350, "COLONIA": "Mision de La Huasteca", "CP": "66354", "CVE_ENT": "19", "NOM_ENT": "Nuevo León", "MUN": "048", "CVE_MUN": "19048", "NOM_MUN": "Santa Catarina", "LOC": "0001", "CVE_LOC": "190480001", "NOM_LOC": "Ciudad Santa Catarina", "SUN_2018": "M19.01", "NOM_SUN": "Monterrey", "POBTOT": 121.104141, "P6A14NAE": 4.511278, "SBASC": 20.005642, "PSDSS": 15.868332, "OVSDE": 0.0, "OVSEE": 0.0, "OVSAE": 0.161402, "OVPT": 0.575772, "OVHAC": 12.381831, "OVSREF": 0.668665, "OVSINT": 15.079549, "OVSCEL": 5.929857, "IM_2020": 152.175184141638, "GM_2020": "Bajo", "IMN_2020": 0.97020818261459996, "CLASIF": "Fraccionamiento" }, "geometry": { "type": "MultiPolygon", "coordinates": [ [ [ [ 2654697.766099996864796, 1512578.372600000351667 ], [ 2654659.68299999833107, 1512629.462200000882149 ], [ 2654573.540899999439716, 1512576.406700000166893 ], [ 2654568.689300000667572, 1512567.9391999989748 ], [ 2654555.914099998772144, 1512586.101199999451637 ], [ 2654526.359999999403954, 1512628.117899999022484 ], [ 2654502.814300000667572, 1512661.592599999159575 ], [ 2654507.353699997067451, 1512668.896099999547005 ], [ 2654535.32660000026226, 1512629.046700000762939 ], [ 2654568.141000002622604, 1512652.451299998909235 ], [ 2654664.7544, 1512708.410000000149012 ], [ 2654708.168399997055531, 1512650.082499999552965 ], [ 2654697.766099996864796, 1512578.372600000351667 ] ] ] ] } },
{ "type": "Feature", "properties": { "fid": 134, "OBJECTID": 58351, "CVE_COL": "19048_0135", "ID_COL": 58351, "COLONIA": "Mision de Las Villas", "CP": "66369", "CVE_ENT": "19", "NOM_ENT": "Nuevo León", "MUN": "048", "CVE_MUN": "19048", "NOM_MUN": "Santa Catarina", "LOC": "0001", "CVE_LOC": "190480001", "NOM_LOC": "Ciudad Santa Catarina", "SUN_2018": "M19.01", "NOM_SUN": "Monterrey", "POBTOT": 1016.742446, "P6A14NAE": 2.893382, "SBASC": 5.831614, "PSDSS": 12.832552, "OVSDE": 6.0000000000000002e-06, "OVSEE": 5.6e-05, "OVSAE": 0.041513, "OVPT": 0.287677, "OVHAC": 10.645409, "OVSREF": 0.469808, "OVSINT": 9.084938, "OVSCEL": 1.318062, "IM_2020": 154.24548472535199, "GM_2020": "Muy bajo", "IMN_2020": 0.98340759208549999, "CLASIF": "Fraccionamiento" }, "geometry": { "type": "MultiPolygon", "coordinates": [ [ [ [ 2654574.07599999755621, 1517878.148600000888109 ], [ 2654566.464400000870228, 1517859.211899999529123 ], [ 2654570.845299996435642, 1517855.4386 ], [ 2654671.214199997484684, 1517812.919399999082088 ], [ 2654638.603699997067451, 1517747.585200000554323 ], [ 2654645.317400000989437, 1517744.609499998390675 ], [ 2654637.843400001525879, 1517726.720499999821186 ], [ 2654619.463200002908707, 1517689.065000001341105 ], [ 2654602.185099996626377, 1517653.439500000327826 ], [ 2654580.175700001418591, 1517611.378100000321865 ], [ 2654576.060400001704693, 1517609.525499999523163 ], [ 2654476.213899999856949, 1517663.169799998402596 ], [ 2654473.99719999730587, 1517664.043800000101328 ], [ 2654469.906599998474121, 1517654.497600000351667 ], [ 2654433.487000003457069, 1517583.277699999511242 ], [ 2654396.4324000030756, 1517600.381400000303984 ], [ 2654359.1206, 1517617.840300001204014 ], [ 2654315.870200000703335, 1517636.095199998468161 ], [ 2654294.488899998366833, 1517646.980700001120567 ], [ 2654297.851000003516674, 1517653.5929000005126 ], [ 2654368.962399996817112, 1517792.84910000115633 ], [ 2654370.191299997270107, 1517795.874800000339746 ], [ 2654372.36089999973774, 1517800.488499999046326 ], [ 2654438.089400000870228, 1517940.249299999326468 ], [ 2654441.874300003051758, 1517947.256499998271465 ], [ 2654460.577799998223782, 1517938.353999998420477 ], [ 2654574.07599999755621, 1517878.148600000888109 ] ] ] ] } },
{ "type": "Feature", "properties": { "fid": 135, "OBJECTID": 58352, "CVE_COL": "19048_0136", "ID_COL": 58352, "COLONIA": "Mision de Las Villas Sector Panoramico", "CP": "66369", "CVE_ENT": "19", "NOM_ENT": "Nuevo León", "MUN": "048", "CVE_MUN": "19048", "NOM_MUN": "Santa Catarina", "LOC": "0001", "CVE_LOC": "190480001", "NOM_LOC": "Ciudad Santa Catarina", "SUN_2018": "M19.01", "NOM_SUN": "Monterrey", "POBTOT": 29.578676, "P6A14NAE": 3.13093, "SBASC": 4.20269, "PSDSS": 11.552526, "OVSDE": 0.0, "OVSEE": 0.0, "OVSAE": 0.0, "OVPT": 0.083893, "OVHAC": 8.724833, "OVSREF": 0.386036, "OVSINT": 7.873091, "OVSCEL": 0.872483, "IM_2020": 154.535680262227, "GM_2020": "Muy bajo", "IMN_2020": 0.98525776290029998, "CLASIF": "Fraccionamiento" }, "geometry": { "type": "MultiPolygon", "coordinates": [ [ [ [ 2654678.510300002992153, 1517828.069299999624491 ], [ 2654677.521499998867512, 1517825.9529 ], [ 2654671.214199997484684, 1517812.919399999082088 ], [ 2654570.845299996435642, 1517855.4386 ], [ 2654566.464400000870228, 1517859.211899999529123 ], [ 2654574.07599999755621, 1517878.148600000888109 ], [ 2654622.325499996542931, 1517855.640999998897314 ], [ 2654658.85530000180006, 1517838.491799999028444 ], [ 2654662.571999996900558, 1517836.501299999654293 ], [ 2654678.510300002992153, 1517828.069299999624491 ] ] ] ] } },
{ "type": "Feature", "properties": { "fid": 136, "OBJECTID": 58353, "CVE_COL": "19048_0137", "ID_COL": 58353, "COLONIA": "Mision de Santa  Catarina  1Er Sector", "CP": "66360", "CVE_ENT": "19", "NOM_ENT": "Nuevo León", "MUN": "048", "CVE_MUN": "19048", "NOM_MUN": "Santa Catarina", "LOC": "0001", "CVE_LOC": "190480001", "NOM_LOC": "Ciudad Santa Catarina", "SUN_2018": "M19.01", "NOM_SUN": "Monterrey", "POBTOT": 2066.294699, "P6A14NAE": 2.226099, "SBASC": 10.662615, "PSDSS": 15.303333, "OVSDE": 0.0, "OVSEE": 0.000307, "OVSAE": 0.161954, "OVPT": 1.492587, "OVHAC": 12.194677, "OVSREF": 0.6821, "OVSINT": 12.355792, "OVSCEL": 3.08605, "IM_2020": 153.51461037377899, "GM_2020": "Muy bajo", "IMN_2020": 0.97874782919210002, "CLASIF": "Fraccionamiento" }, "geometry": { "type": "MultiPolygon", "coordinates": [ [ [ [ 2654928.604599997401237, 1517442.014400001615286 ], [ 2654927.0515, 1517439.013399999588728 ], [ 2654922.497900001704693, 1517425.157000001519918 ], [ 2654934.789099998772144, 1517406.135800000280142 ], [ 2654915.156199999153614, 1517377.599700000137091 ], [ 2654913.308700002729893, 1517321.432 ], [ 2654913.29169999808073, 1517282.338899999856949 ], [ 2654911.3158999979496, 1517251.784699998795986 ], [ 2654910.537299998104572, 1517249.267299998551607 ], [ 2654904.233000002801418, 1517239.574000000953674 ], [ 2654897.9287, 1517229.88060000166297 ], [ 2654866.425300002098083, 1517200.526299998164177 ], [ 2654850.520900003612041, 1517175.420400001108646 ], [ 2654807.705300003290176, 1517104.5559 ], [ 2654781.3191, 1517039.69539999961853 ], [ 2654781.591600000858307, 1517034.506700001657009 ], [ 2654741.122500002384186, 1517054.255199998617172 ], [ 2654698.754799999296665, 1517074.93019999936223 ], [ 2654700.204999998211861, 1517079.690400000661612 ], [ 2654720.688400000333786, 1517146.936999998986721 ], [ 2654722.062100000679493, 1517151.447599999606609 ], [ 2654728.164800003170967, 1517172.684099998325109 ], [ 2654723.639700002968311, 1517174.912099998444319 ], [ 2654662.383000001311302, 1517205.849199999123812 ], [ 2654657.758400000631809, 1517207.636700000613928 ], [ 2654647.384800001978874, 1517188.528299998492002 ], [ 2654640.713500000536442, 1517188.279699999839067 ], [ 2654627.959899999201298, 1517165.30519999936223 ], [ 2654563.794299997389317, 1517194.811599999666214 ], [ 2654557.76129999756813, 1517197.586399998515844 ], [ 2654538.880000002682209, 1517152.947200000286102 ], [ 2654530.302199997007847, 1517157.133000001311302 ], [ 2654488.451899997889996, 1517177.555399999022484 ], [ 2654447.453500002622604, 1517197.562100000679493 ], [ 2654398.322800002992153, 1517221.537200000137091 ], [ 2654469.310900002717972, 1517374.112300001084805 ], [ 2654534.207400001585484, 1517513.5945999994874 ], [ 2654571.431599996984005, 1517591.765599999576807 ], [ 2654580.175700001418591, 1517611.378100000321865 ], [ 2654802.893799997866154, 1517504.285000000149012 ], [ 2654928.604599997401237, 1517442.014400001615286 ] ] ] ] } },
{ "type": "Feature", "properties": { "fid": 137, "OBJECTID": 58354, "CVE_COL": "19048_0138", "ID_COL": 58354, "COLONIA": "Mision de Santa Catarina 2Do Sector", "CP": "66351", "CVE_ENT": "19", "NOM_ENT": "Nuevo León", "MUN": "048", "CVE_MUN": "19048", "NOM_MUN": "Santa Catarina", "LOC": "0001", "CVE_LOC": "190480001", "NOM_LOC": "Ciudad Santa Catarina", "SUN_2018": "M19.01", "NOM_SUN": "Monterrey", "POBTOT": 1352.511631, "P6A14NAE": 1.037412, "SBASC": 6.342951, "PSDSS": 14.608336, "OVSDE": 0.0, "OVSEE": 0.000403, "OVSAE": 0.000878, "OVPT": 0.141524, "OVHAC": 5.305844, "OVSREF": 0.337025, "OVSINT": 5.992754, "OVSCEL": 1.916128, "IM_2020": 154.691682753202, "GM_2020": "Muy bajo", "IMN_2020": 0.98625237246230002, "CLASIF": "Fraccionamiento" }, "geometry": { "type": "MultiPolygon", "coordinates": [ [ [ [ 2654980.7483000010252, 1517413.478100001811981 ], [ 2655028.898100003600121, 1517385.470300000160933 ], [ 2655053.0449, 1517373.598999999463558 ], [ 2655089.283100001513958, 1517355.783399999141693 ], [ 2655124.084200002253056, 1517338.674400001764297 ], [ 2655154.784500002861023, 1517323.674400001764297 ], [ 2655154.690399996936321, 1517319.665300000458956 ], [ 2655181.221600003540516, 1517293.938099998980761 ], [ 2655190.336400002241135, 1517284.155900001525879 ], [ 2655193.304499998688698, 1517234.586800001561642 ], [ 2655174.714100003242493, 1517196.416999999433756 ], [ 2655157.172799997031689, 1517159.618900001049042 ], [ 2655154.068300001323223, 1517116.3915 ], [ 2655164.357199996709824, 1517065.093699999153614 ], [ 2655147.413800001144409, 1517025.611099999397993 ], [ 2655130.710799999535084, 1516987.482500001788139 ], [ 2655112.559500001370907, 1516951.526000000536442 ], [ 2655081.314000003039837, 1516888.229499999433756 ], [ 2655073.107600003480911, 1516892.249499998986721 ], [ 2655033.831500001251698, 1516911.416000001132488 ], [ 2654995.855099998414516, 1516929.948100000619888 ], [ 2654991.167999997735023, 1516932.235399998724461 ], [ 2654946.656300000846386, 1516953.956700000911951 ], [ 2654905.26070000231266, 1516974.157400000840425 ], [ 2654865.155900001525879, 1516993.728199999779463 ], [ 2654823.373800002038479, 1517014.117499999701977 ], [ 2654781.591600000858307, 1517034.506700001657009 ], [ 2654781.3191, 1517039.69539999961853 ], [ 2654807.705300003290176, 1517104.5559 ], [ 2654850.520900003612041, 1517175.420400001108646 ], [ 2654866.425300002098083, 1517200.526299998164177 ], [ 2654897.9287, 1517229.88060000166297 ], [ 2654904.233000002801418, 1517239.574000000953674 ], [ 2654910.537299998104572, 1517249.267299998551607 ], [ 2654911.3158999979496, 1517251.784699998795986 ], [ 2654913.29169999808073, 1517282.338899999856949 ], [ 2654913.308700002729893, 1517321.432 ], [ 2654915.156199999153614, 1517377.599700000137091 ], [ 2654934.789099998772144, 1517406.135800000280142 ], [ 2654922.497900001704693, 1517425.157000001519918 ], [ 2654927.0515, 1517439.013399999588728 ], [ 2654928.604599997401237, 1517442.014400001615286 ], [ 2654980.7483000010252, 1517413.478100001811981 ] ] ] ] } },
{ "type": "Feature", "properties": { "fid": 138, "OBJECTID": 58355, "CVE_COL": "19048_0139", "ID_COL": 58355, "COLONIA": "Mision de Santa Catarina 3Er Sector Azul", "CP": "66351", "CVE_ENT": "19", "NOM_ENT": "Nuevo León", "MUN": "048", "CVE_MUN": "19048", "NOM_MUN": "Santa Catarina", "LOC": "0001", "CVE_LOC": "190480001", "NOM_LOC": "Ciudad Santa Catarina", "SUN_2018": "M19.01", "NOM_SUN": "Monterrey", "POBTOT": 1019.882661, "P6A14NAE": 2.689721, "SBASC": 4.235159, "PSDSS": 11.616186, "OVSDE": 0.0, "OVSEE": 0.0, "OVSAE": 0.0, "OVPT": 0.086067, "OVHAC": 8.137384, "OVSREF": 0.349379, "OVSINT": 7.287688, "OVSCEL": 0.897832, "IM_2020": 154.65411422296401, "GM_2020": "Muy bajo", "IMN_2020": 0.98601285052150001, "CLASIF": "Fraccionamiento" }, "geometry": { "type": "MultiPolygon", "coordinates": [ [ [ [ 2655340.685099996626377, 1517600.1435999982059 ], [ 2655337.631999999284744, 1517591.625 ], [ 2655327.293700002133846, 1517562.780600000172853 ], [ 2655296.675399996340275, 1517484.023899998515844 ], [ 2655276.037000000476837, 1517451.240699999034405 ], [ 2655263.762900002300739, 1517426.570099998265505 ], [ 2655256.420199997723103, 1517399.5669 ], [ 2655231.9529, 1517318.504200000315905 ], [ 2655229.140799999237061, 1517304.313200000673532 ], [ 2655221.951800003647804, 1517268.03660000115633 ], [ 2655190.336400002241135, 1517284.155900001525879 ], [ 2655181.221600003540516, 1517293.938099998980761 ], [ 2655154.690399996936321, 1517319.665300000458956 ], [ 2655154.784500002861023, 1517323.674400001764297 ], [ 2655124.084200002253056, 1517338.674400001764297 ], [ 2655089.283100001513958, 1517355.783399999141693 ], [ 2655053.0449, 1517373.598999999463558 ], [ 2655028.898100003600121, 1517385.470300000160933 ], [ 2654980.7483000010252, 1517413.478100001811981 ], [ 2654984.979999996721745, 1517417.346799999475479 ], [ 2655014.193899996578693, 1517446.776399999856949 ], [ 2655092.183600001037121, 1517538.765500001609325 ], [ 2655165.654399998486042, 1517740.682 ], [ 2655325.454099997878075, 1517616.126499999314547 ], [ 2655340.685099996626377, 1517600.1435999982059 ] ] ] ] } },
{ "type": "Feature", "properties": { "fid": 139, "OBJECTID": 58356, "CVE_COL": "19048_0140", "ID_COL": 58356, "COLONIA": "Mision de Santa Catarina 3Er Sector Diamante", "CP": "66351", "CVE_ENT": "19", "NOM_ENT": "Nuevo León", "MUN": "048", "CVE_MUN": "19048", "NOM_MUN": "Santa Catarina", "LOC": "0001", "CVE_LOC": "190480001", "NOM_LOC": "Ciudad Santa Catarina", "SUN_2018": "M19.01", "NOM_SUN": "Monterrey", "POBTOT": 2119.131792, "P6A14NAE": 3.130908, "SBASC": 4.202927, "PSDSS": 11.55265, "OVSDE": 0.0, "OVSEE": 0.0, "OVSAE": 5.0000000000000004e-06, "OVPT": 0.08394, "OVHAC": 8.724949, "OVSREF": 0.386046, "OVSINT": 7.873238, "OVSCEL": 0.872554, "IM_2020": 154.53564317411801, "GM_2020": "Muy bajo", "IMN_2020": 0.98525752644130005, "CLASIF": "Fraccionamiento" }, "geometry": { "type": "MultiPolygon", "coordinates": [ [ [ [ 2655262.699699997901917, 1518019.007100000977516 ], [ 2655255.777800001204014, 1518015.179200001060963 ], [ 2654910.54619999974966, 1517860.970800001174212 ], [ 2654909.624499998986721, 1517821.220899999141693 ], [ 2654894.796599999070168, 1517799.816399998962879 ], [ 2654870.357799999415874, 1517783.162900000810623 ], [ 2654870.386699996888638, 1517743.894299998879433 ], [ 2654880.248099997639656, 1517696.124000001698732 ], [ 2655105.26349999755621, 1517758.036800000816584 ], [ 2655165.654399998486042, 1517740.682 ], [ 2655092.183600001037121, 1517538.765500001609325 ], [ 2655014.193899996578693, 1517446.776399999856949 ], [ 2654984.979999996721745, 1517417.346799999475479 ], [ 2654980.7483000010252, 1517413.478100001811981 ], [ 2654928.604599997401237, 1517442.014400001615286 ], [ 2654802.893799997866154, 1517504.285000000149012 ], [ 2654580.175700001418591, 1517611.378100000321865 ], [ 2654602.185099996626377, 1517653.439500000327826 ], [ 2654619.463200002908707, 1517689.065000001341105 ], [ 2654637.843400001525879, 1517726.720499999821186 ], [ 2654645.317400000989437, 1517744.609499998390675 ], [ 2654638.603699997067451, 1517747.585200000554323 ], [ 2654671.214199997484684, 1517812.919399999082088 ], [ 2654677.521499998867512, 1517825.9529 ], [ 2654678.510300002992153, 1517828.069299999624491 ], [ 2654736.270499996840954, 1517946.116599999368191 ], [ 2654782.929499998688698, 1518047.970899999141693 ], [ 2654784.087099999189377, 1518051.776099998503923 ], [ 2655262.699699997901917, 1518019.007100000977516 ] ] ] ] } },
{ "type": "Feature", "properties": { "fid": 140, "OBJECTID": 58357, "CVE_COL": "19048_0141", "ID_COL": 58357, "COLONIA": "Mision de Santa Catarina 4To Sector", "CP": "66360", "CVE_ENT": "19", "NOM_ENT": "Nuevo León", "MUN": "048", "CVE_MUN": "19048", "NOM_MUN": "Santa Catarina", "LOC": "0001", "CVE_LOC": "190480001", "NOM_LOC": "Ciudad Santa Catarina", "SUN_2018": "M19.01", "NOM_SUN": "Monterrey", "POBTOT": 1277.722351, "P6A14NAE": 2.837756, "SBASC": 4.211042, "PSDSS": 11.575364, "OVSDE": 0.0, "OVSEE": 0.0, "OVSAE": 0.0, "OVPT": 0.085047, "OVHAC": 8.343636, "OVSREF": 0.361069, "OVSINT": 7.483513, "OVSCEL": 0.883741, "IM_2020": 154.616891611516, "GM_2020": "Muy bajo", "IMN_2020": 0.98577553402079998, "CLASIF": "Fraccionamiento" }, "geometry": { "type": "MultiPolygon", "coordinates": [ [ [ [ 2655510.140500001609325, 1517971.414200000464916 ], [ 2655422.144100002944469, 1517668.383299998939037 ], [ 2655368.148699998855591, 1517680.668400000780821 ], [ 2655340.685099996626377, 1517600.1435999982059 ], [ 2655325.454099997878075, 1517616.126499999314547 ], [ 2655165.654399998486042, 1517740.682 ], [ 2655105.26349999755621, 1517758.036800000816584 ], [ 2654880.248099997639656, 1517696.124000001698732 ], [ 2654870.386699996888638, 1517743.894299998879433 ], [ 2654870.357799999415874, 1517783.162900000810623 ], [ 2654894.796599999070168, 1517799.816399998962879 ], [ 2654909.624499998986721, 1517821.220899999141693 ], [ 2654910.54619999974966, 1517860.970800001174212 ], [ 2655255.777800001204014, 1518015.179200001060963 ], [ 2655262.699699997901917, 1518019.007100000977516 ], [ 2655429.026199996471405, 1518007.579700000584126 ], [ 2655510.140500001609325, 1517971.414200000464916 ] ] ] ] } },
{ "type": "Feature", "properties": { "fid": 141, "OBJECTID": 58358, "CVE_COL": "19048_0142", "ID_COL": 58358, "COLONIA": "Mision de Santa Catarina Sector Los Parques", "CP": "66351", "CVE_ENT": "19", "NOM_ENT": "Nuevo León", "MUN": "048", "CVE_MUN": "19048", "NOM_MUN": "Santa Catarina", "LOC": "0001", "CVE_LOC": "190480001", "NOM_LOC": "Ciudad Santa Catarina", "SUN_2018": "M19.01", "NOM_SUN": "Monterrey", "POBTOT": 1204.341075, "P6A14NAE": 0.808701, "SBASC": 4.953018, "PSDSS": 12.707673, "OVSDE": 0.0, "OVSEE": 0.0, "OVSAE": 0.0, "OVPT": 0.10808, "OVHAC": 5.378367, "OVSREF": 0.224917, "OVSINT": 4.966206, "OVSCEL": 1.268949, "IM_2020": 155.04345435590801, "GM_2020": "Muy bajo", "IMN_2020": 0.9884951276742, "CLASIF": "Fraccionamiento" }, "geometry": { "type": "MultiPolygon", "coordinates": [ [ [ [ 2655422.144100002944469, 1517668.383299998939037 ], [ 2655362.568000003695488, 1517451.989399999380112 ], [ 2655374.431800000369549, 1517307.308600001037121 ], [ 2655373.641800001263618, 1517270.858600001782179 ], [ 2655374.145900003612041, 1517249.19029999896884 ], [ 2655374.433899998664856, 1517241.951999999582767 ], [ 2655363.901900000870228, 1517220.966400001198053 ], [ 2655336.400399997830391, 1517229.156899999827147 ], [ 2655336.993299998342991, 1517223.858399998396635 ], [ 2655342.263599999248981, 1517176.760499998927116 ], [ 2655392.425300002098083, 1517145.131099998950958 ], [ 2655402.224200002849102, 1517017.1831 ], [ 2655434.160499997437, 1517017.489199999719858 ], [ 2655436.701700001955032, 1516972.35700000077486 ], [ 2655335.232199996709824, 1517016.802799999713898 ], [ 2655327.243299998342991, 1517020.302099999040365 ], [ 2655283.2246999964118, 1517039.583399999886751 ], [ 2655278.382500000298023, 1517041.785000000149012 ], [ 2655267.533399999141693, 1517046.717099998146296 ], [ 2655266.521999999880791, 1517043.592399999499321 ], [ 2655264.126000002026558, 1517034.763799998909235 ], [ 2655260.897299997508526, 1517028.714499998837709 ], [ 2655233.836000002920628, 1516973.558299999684095 ], [ 2655214.741400003433228, 1516934.639800000935793 ], [ 2655196.54730000346899, 1516897.556800000369549 ], [ 2655175.992600001394749, 1516907.688200000673532 ], [ 2655174.446999996900558, 1516904.906100001186132 ], [ 2655154.029899999499321, 1516862.990299999713898 ], [ 2655149.956600002944469, 1516854.700800001621246 ], [ 2655113.753100000321865, 1516872.414799999445677 ], [ 2655081.314000003039837, 1516888.229499999433756 ], [ 2655112.559500001370907, 1516951.526000000536442 ], [ 2655130.710799999535084, 1516987.482500001788139 ], [ 2655147.413800001144409, 1517025.611099999397993 ], [ 2655164.357199996709824, 1517065.093699999153614 ], [ 2655154.068300001323223, 1517116.3915 ], [ 2655157.172799997031689, 1517159.618900001049042 ], [ 2655174.714100003242493, 1517196.416999999433756 ], [ 2655193.304499998688698, 1517234.586800001561642 ], [ 2655190.336400002241135, 1517284.155900001525879 ], [ 2655221.951800003647804, 1517268.03660000115633 ], [ 2655229.140799999237061, 1517304.313200000673532 ], [ 2655231.9529, 1517318.504200000315905 ], [ 2655256.420199997723103, 1517399.5669 ], [ 2655263.762900002300739, 1517426.570099998265505 ], [ 2655276.037000000476837, 1517451.240699999034405 ], [ 2655296.675399996340275, 1517484.023899998515844 ], [ 2655327.293700002133846, 1517562.780600000172853 ], [ 2655337.631999999284744, 1517591.625 ], [ 2655340.685099996626377, 1517600.1435999982059 ], [ 2655368.148699998855591, 1517680.668400000780821 ], [ 2655422.144100002944469, 1517668.383299998939037 ] ] ] ] } },
{ "type": "Feature", "properties": { "fid": 142, "OBJECTID": 58359, "CVE_COL": "19048_0143", "ID_COL": 58359, "COLONIA": "Montalia", "CP": "66168", "CVE_ENT": "19", "NOM_ENT": "Nuevo León", "MUN": "048", "CVE_MUN": "19048", "NOM_MUN": "Santa Catarina", "LOC": "0001", "CVE_LOC": "190480001", "NOM_LOC": "Ciudad Santa Catarina", "SUN_2018": "M19.01", "NOM_SUN": "Monterrey", "POBTOT": 200.826295, "P6A14NAE": 6.439487, "SBASC": 6.614563, "PSDSS": 10.719997, "OVSDE": 0.0, "OVSEE": 0.000352, "OVSAE": 0.001719, "OVPT": 0.012085, "OVHAC": 4.569589, "OVSREF": 0.203418, "OVSINT": 1.444995, "OVSCEL": 0.446686, "IM_2020": 153.92587283213999, "GM_2020": "Muy bajo", "IMN_2020": 0.98136987433409995, "CLASIF": "Residencial" }, "geometry": { "type": "MultiPolygon", "coordinates": [ [ [ [ 2656424.857900001108646, 1512854.612300001084805 ], [ 2656421.254900000989437, 1512853.81980000063777 ], [ 2656392.56360000371933, 1512772.554699998348951 ], [ 2656385.028499998152256, 1512751.094700001180172 ], [ 2656315.248499996960163, 1512567.541000001132488 ], [ 2655752.563799999654293, 1512537.166600000113249 ], [ 2655783.645000003278255, 1512646.548000000417233 ], [ 2655788.60639999806881, 1512664.007599998265505 ], [ 2655794.050499998033047, 1512683.166200000792742 ], [ 2655970.889899998903275, 1512794.879299998283386 ], [ 2656079.996399998664856, 1512823.056000001728535 ], [ 2656102.558899998664856, 1512816.795000001788139 ], [ 2656118.605599999427795, 1512816.300299998372793 ], [ 2656131.413800001144409, 1512831.650299999862909 ], [ 2656183.9391999989748, 1512843.094900000840425 ], [ 2656251.029200002551079, 1512858.848700001835823 ], [ 2656313.012599997222424, 1512871.4956 ], [ 2656439.492700003087521, 1512893.765299998223782 ], [ 2656436.31530000269413, 1512885.264800000935793 ], [ 2656430.821599997580051, 1512870.567200001329184 ], [ 2656428.112300001084805, 1512863.318799998611212 ], [ 2656424.857900001108646, 1512854.612300001084805 ] ] ] ] } },
{ "type": "Feature", "properties": { "fid": 143, "OBJECTID": 58360, "CVE_COL": "19048_0144", "ID_COL": 58360, "COLONIA": "Montenegro", "CP": "66179", "CVE_ENT": "19", "NOM_ENT": "Nuevo León", "MUN": "048", "CVE_MUN": "19048", "NOM_MUN": "Santa Catarina", "LOC": "0001", "CVE_LOC": "190480001", "NOM_LOC": "Ciudad Santa Catarina", "SUN_2018": "M19.01", "NOM_SUN": "Monterrey", "POBTOT": 1047.881416, "P6A14NAE": 5.046976, "SBASC": 14.646558, "PSDSS": 15.856298, "OVSDE": 0.002735, "OVSEE": 0.0, "OVSAE": 0.0, "OVPT": 0.275038, "OVHAC": 12.361812, "OVSREF": 0.58943, "OVSINT": 12.590192, "OVSCEL": 3.624745, "IM_2020": 152.66451044098, "GM_2020": "Muy bajo", "IMN_2020": 0.9733279316215, "CLASIF": "Fraccionamiento" }, "geometry": { "type": "MultiPolygon", "coordinates": [ [ [ [ 2655717.845100000500679, 1514020.940000001341105 ], [ 2655721.025499999523163, 1514016.4199 ], [ 2655727.9265, 1514006.610800001770258 ], [ 2655750.965199999511242, 1513980.887200001627207 ], [ 2655785.481700003147125, 1513972.896800000220537 ], [ 2655833.6743, 1513967.7018 ], [ 2655882.2871999964118, 1513971.882100000977516 ], [ 2655902.339500002563, 1513997.295000001788139 ], [ 2655914.294200003147125, 1513999.123599998652935 ], [ 2655919.071699999272823, 1513999.854400001466274 ], [ 2655942.165700003504753, 1514014.996899999678135 ], [ 2655951.329999998211861, 1514027.336199998855591 ], [ 2656059.163099996745586, 1514005.476300001144409 ], [ 2656110.47410000115633, 1514000.528000000864267 ], [ 2656176.8015, 1513988.501600001007318 ], [ 2656255.221900001168251, 1513974.282400000840425 ], [ 2656246.508100003004074, 1513970.329799998551607 ], [ 2656176.161899998784065, 1513983.458399999886751 ], [ 2656172.618699997663498, 1513978.037999998778105 ], [ 2656143.513999998569489, 1513939.895199999213219 ], [ 2656109.6272, 1513910.173900000751019 ], [ 2656054.635600000619888, 1513900.960200000554323 ], [ 2655974.453299999237061, 1513873.314599998295307 ], [ 2655967.794299997389317, 1513853.436099998652935 ], [ 2655906.757600001990795, 1513859.855700001120567 ], [ 2655987.35530000180006, 1513774.532600000500679 ], [ 2655978.690700002014637, 1513761.4463 ], [ 2655952.0735, 1513721.245700001716614 ], [ 2655827.986299999058247, 1513745.481899999082088 ], [ 2655812.824699997901917, 1513746.697500001639128 ], [ 2655803.353100001811981, 1513766.046900000423193 ], [ 2655753.151799999177456, 1513778.214099999517202 ], [ 2655748.360699996352196, 1513736.604299999773502 ], [ 2655742.3301, 1513714.2511 ], [ 2655665.033299997448921, 1513758.565600000321865 ], [ 2655650.020300000905991, 1513766.402100000530481 ], [ 2655598.257399998605251, 1513774.922899998724461 ], [ 2655549.831399999558926, 1513782.372000001370907 ], [ 2655496.911799997091293, 1513791.344799999147654 ], [ 2655446.052799999713898, 1513800.177099999040365 ], [ 2655447.857699997723103, 1513804.161100000143051 ], [ 2655484.852200001478195, 1513886.90089999884367 ], [ 2655507.152800001204014, 1513961.22239999845624 ], [ 2655507.864600002765656, 1513972.276200000196695 ], [ 2655524.147200003266335, 1513984.599800001829863 ], [ 2655550.076899997889996, 1514002.713599998503923 ], [ 2655605.416000001132488, 1514030.242400001734495 ], [ 2655667.412600003182888, 1514054.2599 ], [ 2655678.014399997889996, 1514053.786899998784065 ], [ 2655680.961900003254414, 1514046.578600000590086 ], [ 2655685.435900002717972, 1514035.637299999594688 ], [ 2655707.268899999558926, 1514023.276900000870228 ], [ 2655717.845100000500679, 1514020.940000001341105 ] ] ] ] } },
{ "type": "Feature", "properties": { "fid": 144, "OBJECTID": 58361, "CVE_COL": "19048_0145", "ID_COL": 58361, "COLONIA": "Norberto Aguirre Palancares", "CP": "66367", "CVE_ENT": "19", "NOM_ENT": "Nuevo León", "MUN": "048", "CVE_MUN": "19048", "NOM_MUN": "Santa Catarina", "LOC": "0001", "CVE_LOC": "190480001", "NOM_LOC": "Ciudad Santa Catarina", "SUN_2018": "M19.01", "NOM_SUN": "Monterrey", "POBTOT": 337.351166, "P6A14NAE": 5.985915, "SBASC": 16.182796, "PSDSS": 19.296741, "OVSDE": 0.0, "OVSEE": 0.0, "OVSAE": 0.0, "OVPT": 0.170576, "OVHAC": 15.181237, "OVSREF": 0.469083, "OVSINT": 20.77645, "OVSCEL": 5.799574, "IM_2020": 151.77875950129601, "GM_2020": "Bajo", "IMN_2020": 0.96768073747289995, "CLASIF": "Colonia" }, "geometry": { "type": "MultiPolygon", "coordinates": [ [ [ [ 2653211.056400001049042, 1516370.736900001764297 ], [ 2653204.365699999034405, 1516347.39299999922514 ], [ 2653189.736699998378754, 1516296.379000000655651 ], [ 2653171.332999996840954, 1516241.337499998509884 ], [ 2653052.479599997401237, 1516256.43189999833703 ], [ 2653088.765100002288818, 1516175.759700000286102 ], [ 2653140.711400002241135, 1516038.691100001335144 ], [ 2653175.393399998545647, 1515980.23759999871254 ], [ 2653150.028399996459484, 1515979.337099999189377 ], [ 2652851.871200002729893, 1515969.255300000309944 ], [ 2652827.394100002944469, 1515968.483300000429153 ], [ 2652828.210199996829033, 1516181.239599999040365 ], [ 2652834.863300003111362, 1516188.261900000274181 ], [ 2652845.348200000822544, 1516205.97859999909997 ], [ 2652875.92400000244379, 1516281.125100001692772 ], [ 2652887.587700001895428, 1516382.214899998158216 ], [ 2652895.0669, 1516381.78830000013113 ], [ 2653054.849899999797344, 1516372.678100001066923 ], [ 2653058.715000003576279, 1516372.457600001245737 ], [ 2653065.075800001621246, 1516372.385899998247623 ], [ 2653205.409100003540516, 1516370.800799999386072 ], [ 2653211.056400001049042, 1516370.736900001764297 ] ] ] ] } },
{ "type": "Feature", "properties": { "fid": 145, "OBJECTID": 58362, "CVE_COL": "19048_0146", "ID_COL": 58362, "COLONIA": "Nueva Fortaleza", "CP": "66195", "CVE_ENT": "19", "NOM_ENT": "Nuevo León", "MUN": "048", "CVE_MUN": "19048", "NOM_MUN": "Santa Catarina", "LOC": "0001", "CVE_LOC": "190480001", "NOM_LOC": "Ciudad Santa Catarina", "SUN_2018": "M19.01", "NOM_SUN": "Monterrey", "POBTOT": 187.301674, "P6A14NAE": 7.461913, "SBASC": 31.125453, "PSDSS": 23.353579, "OVSDE": 0.0, "OVSEE": 4.5e-05, "OVSAE": 0.027441, "OVPT": 0.164872, "OVHAC": 28.522439, "OVSREF": 4.054664, "OVSINT": 28.167614, "OVSCEL": 8.767727, "IM_2020": 149.22272946477801, "GM_2020": "Medio", "IMN_2020": 0.9513845110518, "CLASIF": "Colonia" }, "geometry": { "type": "MultiPolygon", "coordinates": [ [ [ [ 2656566.580899998545647, 1513608.997499998658895 ], [ 2656550.378499999642372, 1513602.11259999871254 ], [ 2656415.904899999499321, 1513544.541600000113249 ], [ 2656419.159500002861023, 1513449.085200000554323 ], [ 2656388.46000000089407, 1513445.61939999833703 ], [ 2656403.357600003480911, 1513401.688499998301268 ], [ 2656376.666799999773502, 1513398.000300001353025 ], [ 2656334.33219999819994, 1513393.732500001788139 ], [ 2656340.36599999666214, 1513358.599599998444319 ], [ 2656340.278399996459484, 1513356.0581 ], [ 2656337.735200002789497, 1513311.245900001376867 ], [ 2656337.613300003111362, 1513309.051600001752377 ], [ 2656333.833999998867512, 1513307.196100000292063 ], [ 2656301.679799996316433, 1513291.412599999457598 ], [ 2656331.582099996507168, 1513182.841400001198053 ], [ 2656332.919200003147125, 1513177.984700001776218 ], [ 2656266.881099998950958, 1513132.953400000929832 ], [ 2656265.580200001597404, 1513148.069699998944998 ], [ 2656259.759999997913837, 1513161.61879999935627 ], [ 2656258.08500000089407, 1513173.96059999987483 ], [ 2656253.083099998533726, 1513184.129900000989437 ], [ 2656247.956699997186661, 1513189.037900000810623 ], [ 2656243.1570999994874, 1513220.518800001591444 ], [ 2656228.574600003659725, 1513244.906899999827147 ], [ 2656193.107799999415874, 1513272.613299999386072 ], [ 2656171.492399998009205, 1513278.726199999451637 ], [ 2656158.579199999570847, 1513289.099700000137091 ], [ 2656155.886500000953674, 1513301.574099998921156 ], [ 2656164.969700001180172, 1513344.8827 ], [ 2656168.244400002062321, 1513402.76969999819994 ], [ 2656172.085199996829033, 1513420.424199998378754 ], [ 2656188.838899999856949, 1513497.433200001716614 ], [ 2656309.246500000357628, 1513561.540800001472235 ], [ 2656374.52759999781847, 1513586.659600000828505 ], [ 2656390.814499996602535, 1513592.9265 ], [ 2656410.87389999628067, 1513600.644900001585484 ], [ 2656537.215999998152256, 1513643.214800000190735 ], [ 2656566.580899998545647, 1513608.997499998658895 ] ] ] ] } },
{ "type": "Feature", "properties": { "fid": 146, "OBJECTID": 58363, "CVE_COL": "19048_0147", "ID_COL": 58363, "COLONIA": "Nueva Santa Catarina", "CP": "66350", "CVE_ENT": "19", "NOM_ENT": "Nuevo León", "MUN": "048", "CVE_MUN": "19048", "NOM_MUN": "Santa Catarina", "LOC": "0001", "CVE_LOC": "190480001", "NOM_LOC": "Ciudad Santa Catarina", "SUN_2018": "M19.01", "NOM_SUN": "Monterrey", "POBTOT": 193.043844, "P6A14NAE": 6.388519, "SBASC": 22.268788, "PSDSS": 17.64033, "OVSDE": 0.0, "OVSEE": 0.02112, "OVSAE": 0.0, "OVPT": 0.02112, "OVHAC": 15.877146, "OVSREF": 1.17148, "OVSINT": 20.448593, "OVSCEL": 7.561391, "IM_2020": 151.21759443619499, "GM_2020": "Bajo", "IMN_2020": 0.96410297319399996, "CLASIF": "Colonia" }, "geometry": { "type": "MultiPolygon", "coordinates": [ [ [ [ 2653685.381399996578693, 1514056.829599998891354 ], [ 2653612.663500003516674, 1514051.757100000977516 ], [ 2653571.733199998736382, 1514049.07149999961257 ], [ 2653564.5625, 1514102.0537 ], [ 2653431.6765, 1514097.155900001525879 ], [ 2653429.575000002980232, 1514115.107299998402596 ], [ 2653426.160599999129772, 1514143.169100001454353 ], [ 2653446.28999999910593, 1514149.733399998396635 ], [ 2653556.8838, 1514151.678899999707937 ], [ 2653670.793499998748302, 1514157.7412 ], [ 2653674.326499998569489, 1514134.993099998682737 ], [ 2653679.493600003421307, 1514106.289599999785423 ], [ 2653685.381399996578693, 1514056.829599998891354 ] ] ] ] } },
{ "type": "Feature", "properties": { "fid": 147, "OBJECTID": 58364, "CVE_COL": "19048_0148", "ID_COL": 58364, "COLONIA": "Olinca", "CP": "66168", "CVE_ENT": "19", "NOM_ENT": "Nuevo León", "MUN": "048", "CVE_MUN": "19048", "NOM_MUN": "Santa Catarina", "LOC": "0001", "CVE_LOC": "190480001", "NOM_LOC": "Ciudad Santa Catarina", "SUN_2018": "M19.01", "NOM_SUN": "Monterrey", "POBTOT": 936.70343, "P6A14NAE": 4.166587, "SBASC": 4.338574, "PSDSS": 8.552711, "OVSDE": 0.0, "OVSEE": 0.0, "OVSAE": 0.000461, "OVPT": 0.020885, "OVHAC": 1.21079, "OVSREF": 0.06822, "OVSINT": 0.620062, "OVSCEL": 0.2065, "IM_2020": 154.90057275457301, "GM_2020": "Muy bajo", "IMN_2020": 0.98758417166300005, "CLASIF": "Residencial" }, "geometry": { "type": "MultiPolygon", "coordinates": [ [ [ [ 2656864.998999997973442, 1512529.204100001603365 ], [ 2656873.9425999969244, 1512510.4679000005126 ], [ 2656877.354699999094009, 1512483.653999999165535 ], [ 2656869.80460000038147, 1512462.270300000905991 ], [ 2656867.344300001859665, 1512455.300900001078844 ], [ 2656867.271799996495247, 1512443.400299999862909 ], [ 2656865.995300002396107, 1512434.839699998497963 ], [ 2656865.26070000231266, 1512418.575399998575449 ], [ 2656874.683200001716614, 1512401.298599999397993 ], [ 2656850.046800002455711, 1512372.596500001847744 ], [ 2656811.203400000929832, 1512392.703600000590086 ], [ 2656695.358800001442432, 1512430.619600001722574 ], [ 2656609.4243, 1512452.1765 ], [ 2656523.689400002360344, 1512483.993099998682737 ], [ 2656415.149700000882149, 1512522.23589999973774 ], [ 2656403.857299998402596, 1512525.537900000810623 ], [ 2656380.387599997222424, 1512533.138999998569489 ], [ 2656359.941799998283386, 1512538.378899998962879 ], [ 2656314.596000000834465, 1512550.077100001275539 ], [ 2656323.663900002837181, 1512574.642099998891354 ], [ 2656387.115000002086163, 1512750.107599999755621 ], [ 2656395.805600002408028, 1512770.663400001823902 ], [ 2656427.429200001060963, 1512854.780200000852346 ], [ 2656424.857900001108646, 1512854.612300001084805 ], [ 2656428.112300001084805, 1512863.318799998611212 ], [ 2656430.821599997580051, 1512870.567200001329184 ], [ 2656436.31530000269413, 1512885.264800000935793 ], [ 2656439.492700003087521, 1512893.765299998223782 ], [ 2656590.812200002372265, 1512932.254599999636412 ], [ 2656689.566200003027916, 1512963.565499998629093 ], [ 2656753.7195999994874, 1512981.215300001204014 ], [ 2656801.689099997282028, 1512995.643800001591444 ], [ 2656805.746100001037121, 1512962.985399998724461 ], [ 2656807.320000000298023, 1512956.566100001335144 ], [ 2656835.672399997711182, 1512713.614900000393391 ], [ 2656835.938900001347065, 1512710.946800000965595 ], [ 2656836.519400000572205, 1512693.91440000012517 ], [ 2656838.37950000166893, 1512663.692400000989437 ], [ 2656838.996100001037121, 1512639.522199999541044 ], [ 2656836.892499998211861, 1512621.439100001007318 ], [ 2656848.321000002324581, 1512590.884100001305342 ], [ 2656855.281700000166893, 1512573.897799998521805 ], [ 2656851.76969999819994, 1512559.399500001221895 ], [ 2656865.379000000655651, 1512541.786899998784065 ], [ 2656864.998999997973442, 1512529.204100001603365 ] ] ] ] } },
{ "type": "Feature", "properties": { "fid": 148, "OBJECTID": 58365, "CVE_COL": "19048_0149", "ID_COL": 58365, "COLONIA": "Paraiso", "CP": "66187", "CVE_ENT": "19", "NOM_ENT": "Nuevo León", "MUN": "048", "CVE_MUN": "19048", "NOM_MUN": "Santa Catarina", "LOC": "0001", "CVE_LOC": "190480001", "NOM_LOC": "Ciudad Santa Catarina", "SUN_2018": "M19.01", "NOM_SUN": "Monterrey", "POBTOT": 1157.657837, "P6A14NAE": 6.451613, "SBASC": 7.786527, "PSDSS": 11.096689, "OVSDE": 0.0, "OVSEE": 0.07391, "OVSAE": 0.07391, "OVPT": 0.813008, "OVHAC": 6.134515, "OVSREF": 0.221729, "OVSINT": 8.2779, "OVSCEL": 1.921655, "IM_2020": 153.44363322600699, "GM_2020": "Muy bajo", "IMN_2020": 0.97829530725210001, "CLASIF": "Colonia" }, "geometry": { "type": "MultiPolygon", "coordinates": [ [ [ [ 2655718.206600002944469, 1513526.021899998188019 ], [ 2655717.6316, 1513520.500300001353025 ], [ 2655713.2412, 1513454.983399998396635 ], [ 2655703.052199997007847, 1513406.932399999350309 ], [ 2655699.994699999690056, 1513381.197599999606609 ], [ 2655727.429899998009205, 1513275.050000000745058 ], [ 2655745.483599998056889, 1513116.535700000822544 ], [ 2655727.872699998319149, 1513116.157699998468161 ], [ 2655729.542000003159046, 1513079.973600000143051 ], [ 2655730.135200001299381, 1513077.003199998289347 ], [ 2655730.851300001144409, 1513073.417199999094009 ], [ 2655724.085699997842312, 1513070.725999999791384 ], [ 2655712.417300000786781, 1513060.236999999731779 ], [ 2655664.406099997460842, 1513015.147999998182058 ], [ 2655607.579499997198582, 1512999.995900001376867 ], [ 2655591.239200003445148, 1513001.697799999266863 ], [ 2655578.9956, 1513002.973000001162291 ], [ 2655548.068000003695488, 1512991.106499999761581 ], [ 2655528.236400000751019, 1512974.383099999278784 ], [ 2655417.988899998366833, 1512923.86259999871254 ], [ 2655201.508299998939037, 1512814.769499998539686 ], [ 2655197.70269999653101, 1512820.533100001513958 ], [ 2654972.271700002253056, 1513164.331700000911951 ], [ 2654966.56870000064373, 1513171.019600000232458 ], [ 2654978.051100000739098, 1513203.538100000470877 ], [ 2654995.898299999535084, 1513240.13910000026226 ], [ 2655032.407300002872944, 1513300.630899999290705 ], [ 2655138.730800002813339, 1513406.9222999997437 ], [ 2655200.945200003683567, 1513464.208799999207258 ], [ 2655253.273500002920628, 1513514.468100000172853 ], [ 2655292.864900000393391, 1513540.427799999713898 ], [ 2655318.656300000846386, 1513554.892200000584126 ], [ 2655358.8103, 1513572.50560000166297 ], [ 2655393.232600003480911, 1513584.750599998980761 ], [ 2655445.845600001513958, 1513595.173300001770258 ], [ 2655479.304099999368191, 1513596.103300001472235 ], [ 2655548.583400003612041, 1513591.359400000423193 ], [ 2655613.257700003683567, 1513577.03489999845624 ], [ 2655675.775799997150898, 1513545.63740000128746 ], [ 2655718.206600002944469, 1513526.021899998188019 ] ] ] ] } },
{ "type": "Feature", "properties": { "fid": 149, "OBJECTID": 58366, "CVE_COL": "19048_0150", "ID_COL": 58366, "COLONIA": "Parques de La Fama", "CP": "66100", "CVE_ENT": "19", "NOM_ENT": "Nuevo León", "MUN": "048", "CVE_MUN": "19048", "NOM_MUN": "Santa Catarina", "LOC": "0001", "CVE_LOC": "190480001", "NOM_LOC": "Ciudad Santa Catarina", "SUN_2018": "M19.01", "NOM_SUN": "Monterrey", "POBTOT": 52.239105, "P6A14NAE": 3.713528, "SBASC": 23.588255, "PSDSS": 18.381963, "OVSDE": 0.026752, "OVSEE": 0.24077, "OVSAE": 0.080257, "OVPT": 0.321027, "OVHAC": 18.860353, "OVSREF": 3.106588, "OVSINT": 26.110219, "OVSCEL": 7.784912, "IM_2020": 151.22668180512099, "GM_2020": "Bajo", "IMN_2020": 0.96416091062800002, "CLASIF": "Colonia" }, "geometry": { "type": "MultiPolygon", "coordinates": [ [ [ [ 2656675.814599998295307, 1514370.189599998295307 ], [ 2656684.117399998009205, 1514363.754000000655651 ], [ 2656702.078100003302097, 1514349.833599999547005 ], [ 2656734.579000003635883, 1514351.121800001710653 ], [ 2656735.146600000560284, 1514306.518800001591444 ], [ 2656737.483300000429153, 1514302.70160000026226 ], [ 2656742.100599996745586, 1514300.178399998694658 ], [ 2656743.110799998044968, 1514297.232200000435114 ], [ 2656687.761399999260902, 1514221.164700001478195 ], [ 2656663.354800000786781, 1514218.88289999961853 ], [ 2656657.721699997782707, 1514347.83559999987483 ], [ 2656659.222300000488758, 1514365.068 ], [ 2656659.688400000333786, 1514370.41780000180006 ], [ 2656675.814599998295307, 1514370.189599998295307 ] ] ] ] } },
{ "type": "Feature", "properties": { "fid": 150, "OBJECTID": 58367, "CVE_COL": "19048_0151", "ID_COL": 58367, "COLONIA": "Paseo de Las Minas", "CP": "66119", "CVE_ENT": "19", "NOM_ENT": "Nuevo León", "MUN": "048", "CVE_MUN": "19048", "NOM_MUN": "Santa Catarina", "LOC": "0001", "CVE_LOC": "190480001", "NOM_LOC": "Ciudad Santa Catarina", "SUN_2018": "M19.01", "NOM_SUN": "Monterrey", "POBTOT": 2506.288842, "P6A14NAE": 4.92983, "SBASC": 36.900923, "PSDSS": 31.13316, "OVSDE": 0.107812, "OVSEE": 0.108825, "OVSAE": 1.520635, "OVPT": 5.816704, "OVHAC": 37.157826, "OVSREF": 3.302515, "OVSINT": 48.58334, "OVSCEL": 9.013688, "IM_2020": 147.44311761373299, "GM_2020": "Medio", "IMN_2020": 0.94003841681510003, "CLASIF": "Colonia" }, "geometry": { "type": "MultiPolygon", "coordinates": [ [ [ [ 2657673.249399997293949, 1516990.028799999505281 ], [ 2657674.570200003683567, 1516978.996300000697374 ], [ 2657678.561300002038479, 1516970.502599999308586 ], [ 2657684.160400003194809, 1516952.548599999397993 ], [ 2657689.566699996590614, 1516929.381999999284744 ], [ 2657689.496200002729893, 1516921.945700000971556 ], [ 2657702.773699998855591, 1516863.892400000244379 ], [ 2657688.204199999570847, 1516814.501200001686811 ], [ 2657658.568499997258186, 1516791.146299999207258 ], [ 2657647.944300003349781, 1516772.532800000160933 ], [ 2657634.686899997293949, 1516760.998700000345707 ], [ 2657624.953100003302097, 1516756.2483000010252 ], [ 2657573.759400002658367, 1516714.571100000292063 ], [ 2657555.696400001645088, 1516695.830200001597404 ], [ 2657536.886799998581409, 1516676.314500000327826 ], [ 2657528.644500002264977, 1516655.781500000506639 ], [ 2657514.208700001239777, 1516633.0152000002563 ], [ 2657539.413599997758865, 1516625.045699998736382 ], [ 2657536.458800002932549, 1516619.171999998390675 ], [ 2657527.512000001966953, 1516598.3695 ], [ 2657517.272600002586842, 1516580.080699998885393 ], [ 2657510.584100000560284, 1516570.732799999415874 ], [ 2657502.8794, 1516561.675500001758337 ], [ 2657494.837499998509884, 1516546.272900000214577 ], [ 2657492.073299996554852, 1516535.193 ], [ 2657492.693999998271465, 1516523.921900000423193 ], [ 2657481.685900002717972, 1516485.69370000064373 ], [ 2657479.511399999260902, 1516474.793699998408556 ], [ 2657470.105999998748302, 1516436.001499999314547 ], [ 2657472.308399997651577, 1516422.993599999696016 ], [ 2657472.920900002121925, 1516377.609900001436472 ], [ 2657471.971199996769428, 1516369.629299998283386 ], [ 2657471.728100001811981, 1516366.2621 ], [ 2657473.270000003278255, 1516366.171399999409914 ], [ 2657486.706600002944469, 1516365.38120000064373 ], [ 2657508.907200001180172, 1516358.592999998480082 ], [ 2657514.663999997079372, 1516304.028000000864267 ], [ 2657518.818000003695488, 1516255.951699998229742 ], [ 2657516.465499997138977, 1516217.219700001180172 ], [ 2657500.174099996685982, 1516217.270799998193979 ], [ 2657492.056100003421307, 1516215.766100000590086 ], [ 2657458.822599999606609, 1516219.826999999582767 ], [ 2657442.409000001847744, 1516221.955299999564886 ], [ 2657428.121899999678135, 1516405.0337999984622 ], [ 2657419.161100000143051, 1516393.713300000876188 ], [ 2657418.923299998044968, 1516378.578099999576807 ], [ 2657364.246100001037121, 1516396.631900001317263 ], [ 2657374.784800000488758, 1516426.6217 ], [ 2657387.825300000607967, 1516458.012699998915195 ], [ 2657390.127899996936321, 1516463.555599998682737 ], [ 2657396.869400002062321, 1516479.783900000154972 ], [ 2657405.470899999141693, 1516500.489500001072884 ], [ 2657422.815700002014637, 1516542.241900000721216 ], [ 2657442.002099998295307, 1516588.427700001746416 ], [ 2657460.700599998235703, 1516633.438900001347065 ], [ 2657466.881099998950958, 1516647.65089999884367 ], [ 2657480.559799998998642, 1516679.105200000107288 ], [ 2657496.412799999117851, 1516713.454799998551607 ], [ 2657498.848800003528595, 1516718.7331000007689 ], [ 2657513.123099997639656, 1516758.829 ], [ 2657517.869999997317791, 1516774.857500001788139 ], [ 2657519.890900000929832, 1516779.785000000149012 ], [ 2657534.928400002419949, 1516816.4496 ], [ 2657543.8496999964118, 1516836.491599999368191 ], [ 2657552.318099997937679, 1516855.515999998897314 ], [ 2657567.4551, 1516891.526200000196695 ], [ 2657572.180399999022484, 1516904.031300000846386 ], [ 2657582.530100002884865, 1516931.420800000429153 ], [ 2657585.351499997079372, 1516938.887299999594688 ], [ 2657520.450000002980232, 1516969.368900001049042 ], [ 2657506.635200001299381, 1516977.561200000345707 ], [ 2657462.030599996447563, 1516997.793800000101328 ], [ 2657432.64360000193119, 1517008.749600000679493 ], [ 2657344.164899997413158, 1517040.123799998313189 ], [ 2657260.156400002539158, 1517075.842700000852346 ], [ 2657231.152099996805191, 1517087.8293999992311 ], [ 2657211.618699997663498, 1517095.902100000530481 ], [ 2657215.919600002467632, 1517107.824499998241663 ], [ 2657230.276500001549721, 1517144.188099998980761 ], [ 2657236.324199996888638, 1517160.67960000038147 ], [ 2657252.511699996888638, 1517195.565099999308586 ], [ 2657270.531999997794628, 1517234.400499999523163 ], [ 2657397.216600000858307, 1517206.996300000697374 ], [ 2657585.123199999332428, 1517161.419399999082088 ], [ 2657615.585799999535084, 1517133.940999999642372 ], [ 2657636.414599999785423, 1517100.509700000286102 ], [ 2657627.575000002980232, 1517070.116799999028444 ], [ 2657621.453599996864796, 1517049.069899998605251 ], [ 2657622.670699998736382, 1517034.6239 ], [ 2657625.565200001001358, 1517033.664799999445677 ], [ 2657671.97919999808073, 1517018.284499999135733 ], [ 2657677.847499996423721, 1517012.826999999582767 ], [ 2657673.249399997293949, 1516990.028799999505281 ] ] ] ] } },
{ "type": "Feature", "properties": { "fid": 151, "OBJECTID": 58368, "CVE_COL": "19048_0152", "ID_COL": 58368, "COLONIA": "Paseo del Prado", "CP": "66350", "CVE_ENT": "19", "NOM_ENT": "Nuevo León", "MUN": "048", "CVE_MUN": "19048", "NOM_MUN": "Santa Catarina", "LOC": "0001", "CVE_LOC": "190480001", "NOM_LOC": "Ciudad Santa Catarina", "SUN_2018": "M19.01", "NOM_SUN": "Monterrey", "POBTOT": 158.54213, "P6A14NAE": 2.135231, "SBASC": 14.182344, "PSDSS": 15.413099, "OVSDE": 0.0, "OVSEE": 0.0, "OVSAE": 0.0, "OVPT": 0.278164, "OVHAC": 11.636533, "OVSREF": 0.927214, "OVSINT": 14.461467, "OVSCEL": 5.748725, "IM_2020": 153.23513516110501, "GM_2020": "Muy bajo", "IMN_2020": 0.97696600688180002, "CLASIF": "Fraccionamiento" }, "geometry": { "type": "MultiPolygon", "coordinates": [ [ [ [ 2654138.865500003099442, 1515231.614500001072884 ], [ 2654117.852300003170967, 1515200.363899998366833 ], [ 2654104.525600001215935, 1515186.73759999871254 ], [ 2654076.421099998056889, 1515161.472300000488758 ], [ 2654038.148800000548363, 1515134.947599999606609 ], [ 2654033.056100003421307, 1515135.657800000160933 ], [ 2653874.542099997401237, 1515158.503899998962879 ], [ 2653879.911799997091293, 1515286.766800001263618 ], [ 2654132.134099997580051, 1515233.403299998492002 ], [ 2654138.865500003099442, 1515231.614500001072884 ] ] ] ] } },
{ "type": "Feature", "properties": { "fid": 152, "OBJECTID": 58369, "CVE_COL": "19048_0153", "ID_COL": 58369, "COLONIA": "Pedregal de La Huasteca", "CP": "66354", "CVE_ENT": "19", "NOM_ENT": "Nuevo León", "MUN": "048", "CVE_MUN": "19048", "NOM_MUN": "Santa Catarina", "LOC": "0001", "CVE_LOC": "190480001", "NOM_LOC": "Ciudad Santa Catarina", "SUN_2018": "M19.01", "NOM_SUN": "Monterrey", "POBTOT": 84.465024, "P6A14NAE": 1.740629, "SBASC": 12.065254, "PSDSS": 13.248744, "OVSDE": 0.0, "OVSEE": 0.0, "OVSAE": 0.0, "OVPT": 0.0, "OVHAC": 8.838025, "OVSREF": 0.376763, "OVSINT": 10.53679, "OVSCEL": 3.691652, "IM_2020": 153.962553626926, "GM_2020": "Muy bajo", "IMN_2020": 0.98160373642819998, "CLASIF": "Fraccionamiento" }, "geometry": { "type": "MultiPolygon", "coordinates": [ [ [ [ 2653824.677299998700619, 1513243.140299998223782 ], [ 2653750.774400003254414, 1513255.9375 ], [ 2653749.258400000631809, 1513246.6831 ], [ 2653746.291000001132488, 1513228.5691 ], [ 2653745.195200003683567, 1513221.880399998277426 ], [ 2653744.508000001311302, 1513217.685400001704693 ], [ 2653740.786499999463558, 1513194.9679000005126 ], [ 2653730.643799997866154, 1513190.992499999701977 ], [ 2653670.603200003504753, 1513174.186799999326468 ], [ 2653664.746200002729893, 1513172.856499999761581 ], [ 2653644.580799996852875, 1513165.439800001680851 ], [ 2653582.927199997007847, 1513142.811299998313189 ], [ 2653563.146799996495247, 1513196.498199999332428 ], [ 2653510.307300001382828, 1513204.0337999984622 ], [ 2653493.379900000989437, 1513319.253899998962879 ], [ 2653491.949199996888638, 1513326.234099999070168 ], [ 2653414.769400000572205, 1513702.790199998766184 ], [ 2653489.572300001978874, 1513713.794199999421835 ], [ 2653493.401299998164177, 1513684.25 ], [ 2653504.762800000607967, 1513635.758099999278784 ], [ 2653510.097099997103214, 1513609.874800000339746 ], [ 2653515.571599997580051, 1513572.127599999308586 ], [ 2653517.14019999653101, 1513565.947700001299381 ], [ 2653521.760300002992153, 1513529.401200000196695 ], [ 2653525.963799998164177, 1513519.295299999415874 ], [ 2653542.95380000025034, 1513492.737700000405312 ], [ 2653592.118600003421307, 1513444.733199998736382 ], [ 2653650.503100000321865, 1513397.726199999451637 ], [ 2653702.475599996745586, 1513352.491599999368191 ], [ 2653735.170100003480911, 1513321.814599998295307 ], [ 2653762.155299998819828, 1513297.227299999445677 ], [ 2653792.5022, 1513271.916600000113249 ], [ 2653824.677299998700619, 1513243.140299998223782 ] ] ] ] } },
{ "type": "Feature", "properties": { "fid": 153, "OBJECTID": 58370, "CVE_COL": "19048_0154", "ID_COL": 58370, "COLONIA": "Pedregal de Santa Catarina", "CP": "66350", "CVE_ENT": "19", "NOM_ENT": "Nuevo León", "MUN": "048", "CVE_MUN": "19048", "NOM_MUN": "Santa Catarina", "LOC": "0001", "CVE_LOC": "190480001", "NOM_LOC": "Ciudad Santa Catarina", "SUN_2018": "M19.01", "NOM_SUN": "Monterrey", "POBTOT": 162.172002, "P6A14NAE": 2.101763, "SBASC": 10.348127, "PSDSS": 13.947137, "OVSDE": 0.000925, "OVSEE": 0.000925, "OVSAE": 0.001851, "OVPT": 0.122173, "OVHAC": 11.020711, "OVSREF": 0.382935, "OVSINT": 10.348083, "OVSCEL": 2.143746, "IM_2020": 153.97106399247599, "GM_2020": "Muy bajo", "IMN_2020": 0.98165799511920004, "CLASIF": "Fraccionamiento" }, "geometry": { "type": "MultiPolygon", "coordinates": [ [ [ [ 2652696.439300000667572, 1514649.805100001394749 ], [ 2652728.3733000010252, 1514638.891100000590086 ], [ 2652770.735100001096725, 1514625.528499998152256 ], [ 2652784.101000003516674, 1514619.845300000160933 ], [ 2652791.478100001811981, 1514617.324000000953674 ], [ 2652790.307599999010563, 1514614.036499999463558 ], [ 2652745.82320000231266, 1514489.1184 ], [ 2652743.228500001132488, 1514481.831700000911951 ], [ 2652738.942800000309944, 1514486.545000001788139 ], [ 2652725.288800001144409, 1514491.041700001806021 ], [ 2652609.353500001132488, 1514531.167500000447035 ], [ 2652562.036700002849102, 1514547.990699999034405 ], [ 2652536.538599997758865, 1514556.534200001507998 ], [ 2652541.885499998927116, 1514572.620299998670816 ], [ 2652555.465700000524521, 1514613.476799998432398 ], [ 2652570.187700003385544, 1514657.768100000917912 ], [ 2652583.776500001549721, 1514698.650199998170137 ], [ 2652588.468199998140335, 1514694.041299998760223 ], [ 2652592.840700000524521, 1514689.745900001376867 ], [ 2652607.462200000882149, 1514680.229200001806021 ], [ 2652654.5669, 1514664.115699999034405 ], [ 2652696.439300000667572, 1514649.805100001394749 ] ] ] ] } },
{ "type": "Feature", "properties": { "fid": 154, "OBJECTID": 58371, "CVE_COL": "19048_0155", "ID_COL": 58371, "COLONIA": "Pedregal Valle Pte", "CP": "66354", "CVE_ENT": "19", "NOM_ENT": "Nuevo León", "MUN": "048", "CVE_MUN": "19048", "NOM_MUN": "Santa Catarina", "LOC": "0001", "CVE_LOC": "190480001", "NOM_LOC": "Ciudad Santa Catarina", "SUN_2018": "M19.01", "NOM_SUN": "Monterrey", "POBTOT": 120.760116, "P6A14NAE": 3.120157, "SBASC": 18.034881, "PSDSS": 14.013991, "OVSDE": 0.0, "OVSEE": 0.0, "OVSAE": 0.00839, "OVPT": 0.030028, "OVHAC": 9.648692, "OVSREF": 0.391157, "OVSINT": 17.078372, "OVSCEL": 8.246994, "IM_2020": 152.76165542500101, "GM_2020": "Muy bajo", "IMN_2020": 0.97394728923179996, "CLASIF": "Fraccionamiento" }, "geometry": { "type": "MultiPolygon", "coordinates": [ [ [ [ 2654379.531400002539158, 1512845.771000001579523 ], [ 2654412.063000001013279, 1512790.559300001710653 ], [ 2654441.379199996590614, 1512748.888300001621246 ], [ 2654447.930200003087521, 1512739.576699998229742 ], [ 2654502.814300000667572, 1512661.592599999159575 ], [ 2654446.189099997282028, 1512658.934799998998642 ], [ 2654237.932499997317791, 1512706.495099999010563 ], [ 2654184.751599997282028, 1512817.657900001853704 ], [ 2654083.57940000295639, 1512900.9695999994874 ], [ 2654090.022699996829033, 1512900.116399999707937 ], [ 2654129.496899999678135, 1512894.967999998480082 ], [ 2654195.7195999994874, 1512886.323399998247623 ], [ 2654222.347199998795986, 1512882.3614999987185 ], [ 2654249.105400003492832, 1512859.054400000721216 ], [ 2654283.144299998879433, 1512873.840199999511242 ], [ 2654325.519599996507168, 1512938.8260000012815 ], [ 2654379.531400002539158, 1512845.771000001579523 ] ] ] ] } },
{ "type": "Feature", "properties": { "fid": 155, "OBJECTID": 58372, "CVE_COL": "19048_0156", "ID_COL": 58372, "COLONIA": "Pio Xii", "CP": "66362", "CVE_ENT": "19", "NOM_ENT": "Nuevo León", "MUN": "048", "CVE_MUN": "19048", "NOM_MUN": "Santa Catarina", "LOC": "0001", "CVE_LOC": "190480001", "NOM_LOC": "Ciudad Santa Catarina", "SUN_2018": "M19.01", "NOM_SUN": "Monterrey", "POBTOT": 541.267517, "P6A14NAE": 5.985915, "SBASC": 16.182796, "PSDSS": 19.296741, "OVSDE": 0.0, "OVSEE": 0.0, "OVSAE": 0.0, "OVPT": 0.170576, "OVHAC": 15.181236, "OVSREF": 0.469083, "OVSINT": 20.77645, "OVSCEL": 5.799574, "IM_2020": 151.77875955919399, "GM_2020": "Bajo", "IMN_2020": 0.96768073784200004, "CLASIF": "Colonia" }, "geometry": { "type": "MultiPolygon", "coordinates": [ [ [ [ 2653512.024400003254414, 1515913.2982 ], [ 2653471.159800000488758, 1515922.020599998533726 ], [ 2653397.838299997150898, 1515937.670899998396635 ], [ 2653305.735100001096725, 1515955.295699998736382 ], [ 2653266.523900002241135, 1515962.7993 ], [ 2653231.977399997413158, 1515969.409800000488758 ], [ 2653175.393399998545647, 1515980.23759999871254 ], [ 2653140.711400002241135, 1516038.691100001335144 ], [ 2653088.765100002288818, 1516175.759700000286102 ], [ 2653052.479599997401237, 1516256.43189999833703 ], [ 2653171.332999996840954, 1516241.337499998509884 ], [ 2653189.736699998378754, 1516296.379000000655651 ], [ 2653204.365699999034405, 1516347.39299999922514 ], [ 2653211.056400001049042, 1516370.736900001764297 ], [ 2653217.747100003063679, 1516394.080800000578165 ], [ 2653230.137299999594688, 1516437.310499999672174 ], [ 2653233.304300002753735, 1516449.610100001096725 ], [ 2653673.816600002348423, 1516167.874600000679493 ], [ 2653668.839900001883507, 1516160.042899999767542 ], [ 2653525.38459999859333, 1515935.07660000026226 ], [ 2653512.024400003254414, 1515913.2982 ] ] ] ] } },
{ "type": "Feature", "properties": { "fid": 156, "OBJECTID": 58373, "CVE_COL": "19048_0157", "ID_COL": 58373, "COLONIA": "Praderas del Castillo", "CP": "66356", "CVE_ENT": "19", "NOM_ENT": "Nuevo León", "MUN": "048", "CVE_MUN": "19048", "NOM_MUN": "Santa Catarina", "LOC": "0001", "CVE_LOC": "190480001", "NOM_LOC": "Ciudad Santa Catarina", "SUN_2018": "M19.01", "NOM_SUN": "Monterrey", "POBTOT": 189.014278, "P6A14NAE": 3.902563, "SBASC": 15.343244, "PSDSS": 17.80055, "OVSDE": 0.0, "OVSEE": 0.0, "OVSAE": 0.057242, "OVPT": 0.116399, "OVHAC": 14.301753, "OVSREF": 1.788709, "OVSINT": 15.31679, "OVSCEL": 3.329899, "IM_2020": 152.61951509933601, "GM_2020": "Muy bajo", "IMN_2020": 0.973041059298, "CLASIF": "Colonia" }, "geometry": { "type": "MultiPolygon", "coordinates": [ [ [ [ 2652857.221699997782707, 1514596.260499998927116 ], [ 2652956.535400003194809, 1514565.055599998682737 ], [ 2652941.790299996733665, 1514547.5548 ], [ 2652908.785999998450279, 1514533.909600000828505 ], [ 2652897.973099999129772, 1514527.429900001734495 ], [ 2652872.689999997615814, 1514487.141100000590086 ], [ 2652867.571099996566772, 1514472.08219999819994 ], [ 2652872.901000000536442, 1514448.383900001645088 ], [ 2652872.711499996483326, 1514439.639400001615286 ], [ 2652858.153499998152256, 1514394.041000001132488 ], [ 2652812.009700000286102, 1514414.403900001198053 ], [ 2652773.634900003671646, 1514436.556400001049042 ], [ 2652756.521999999880791, 1514467.21169999986887 ], [ 2652792.683700002729893, 1514573.225099999457598 ], [ 2652806.2324, 1514612.281500000506639 ], [ 2652845.192400000989437, 1514599.829999998211861 ], [ 2652847.424800001084805, 1514599.116599999368191 ], [ 2652854.201800003647804, 1514597.222800001502037 ], [ 2652857.221699997782707, 1514596.260499998927116 ] ] ] ] } },
{ "type": "Feature", "properties": { "fid": 157, "OBJECTID": 58374, "CVE_COL": "19048_0158", "ID_COL": 58374, "COLONIA": "Prados de San Jorge", "CP": "66118", "CVE_ENT": "19", "NOM_ENT": "Nuevo León", "MUN": "048", "CVE_MUN": "19048", "NOM_MUN": "Santa Catarina", "LOC": "0001", "CVE_LOC": "190480001", "NOM_LOC": "Ciudad Santa Catarina", "SUN_2018": "M19.01", "NOM_SUN": "Monterrey", "POBTOT": 2110.789265, "P6A14NAE": 3.793099, "SBASC": 11.693743, "PSDSS": 17.115733, "OVSDE": 0.000542, "OVSEE": 0.008943, "OVSAE": 0.067414, "OVPT": 0.40738, "OVHAC": 15.063027, "OVSREF": 0.452376, "OVSINT": 14.019074, "OVSCEL": 2.561284, "IM_2020": 153.01350865791801, "GM_2020": "Muy bajo", "IMN_2020": 0.97555300483359997, "CLASIF": "Fraccionamiento" }, "geometry": { "type": "MultiPolygon", "coordinates": [ [ [ [ 2657157.461400002241135, 1516929.282800000160933 ], [ 2657139.101700000464916, 1516884.14299999922514 ], [ 2657120.331500001251698, 1516837.993599999696016 ], [ 2657102.251800000667572, 1516793.542300000786781 ], [ 2657083.381999999284744, 1516747.148299999535084 ], [ 2657064.6118, 1516700.999000001698732 ], [ 2657048.108400002121925, 1516660.42339999973774 ], [ 2657031.351700000464916, 1516619.224399998784065 ], [ 2657016.961400002241135, 1516583.843800000846386 ], [ 2657002.27250000089407, 1516547.729200001806021 ], [ 2656987.322200000286102, 1516510.971900001168251 ], [ 2656971.276199996471405, 1516471.520599998533726 ], [ 2656956.529600001871586, 1516435.263999998569489 ], [ 2656942.179700002074242, 1516399.982799999415874 ], [ 2656932.862800002098083, 1516377.075800001621246 ], [ 2656909.163000002503395, 1516317.672400001436472 ], [ 2656891.7993, 1516274.150100000202656 ], [ 2656871.137500002980232, 1516222.361400000751019 ], [ 2656860.21000000089407, 1516226.985800001770258 ], [ 2656823.526500001549721, 1516232.932599999010563 ], [ 2656800.645999997854233, 1516239.149700000882149 ], [ 2656773.484300002455711, 1516228.744600001722574 ], [ 2656761.202500000596046, 1516224.03999999910593 ], [ 2656740.062600001692772, 1516226.731499999761581 ], [ 2656762.112099997699261, 1516333.373199999332428 ], [ 2656777.513400003314018, 1516411.6233000010252 ], [ 2656734.977700002491474, 1516422.055599998682737 ], [ 2656695.426899999380112, 1516433.463500000536442 ], [ 2656702.764700002968311, 1516467.651200000196695 ], [ 2656703.609499998390675, 1516477.624299999326468 ], [ 2656716.449500001966953, 1516546.238200001418591 ], [ 2656735.940499998629093, 1516617.590300001204014 ], [ 2656744.769400000572205, 1516629.73369999974966 ], [ 2656759.125200003385544, 1516638.619899999350309 ], [ 2656820.242700003087521, 1516625.105999998748302 ], [ 2656829.108400002121925, 1516661.337000001221895 ], [ 2656831.358900003135204, 1516669.478500001132488 ], [ 2656838.78999999910593, 1516699.852200001478195 ], [ 2656853.660700000822544, 1516696.0929000005126 ], [ 2656862.046599999070168, 1516742.680399999022484 ], [ 2656863.117200002074242, 1516747.568300001323223 ], [ 2656867.666299998760223, 1516779.366300001740456 ], [ 2656868.53320000320673, 1516785.026799999177456 ], [ 2656877.621799997985363, 1516823.342399999499321 ], [ 2656878.865800000727177, 1516828.833799999207258 ], [ 2656886.179099999368191, 1516861.123199999332428 ], [ 2656887.290399998426437, 1516866.031199999153614 ], [ 2656892.949000000953674, 1516921.865699999034405 ], [ 2656952.744400002062321, 1516926.920699998736382 ], [ 2656963.069700002670288, 1516934.904800001531839 ], [ 2656992.589299999177456, 1516966.703600000590086 ], [ 2657106.012999996542931, 1516948.402300000190735 ], [ 2657147.323600001633167, 1516938.014600001275539 ], [ 2657157.461400002241135, 1516929.282800000160933 ] ] ] ] } },
{ "type": "Feature", "properties": { "fid": 158, "OBJECTID": 58375, "CVE_COL": "19048_0159", "ID_COL": 58375, "COLONIA": "Prados de Santa Catarina", "CP": "66359", "CVE_ENT": "19", "NOM_ENT": "Nuevo León", "MUN": "048", "CVE_MUN": "19048", "NOM_MUN": "Santa Catarina", "LOC": "0001", "CVE_LOC": "190480001", "NOM_LOC": "Ciudad Santa Catarina", "SUN_2018": "M19.01", "NOM_SUN": "Monterrey", "POBTOT": 1673.025337, "P6A14NAE": 5.975942, "SBASC": 13.634341, "PSDSS": 15.403602, "OVSDE": 0.0, "OVSEE": 0.0, "OVSAE": 0.523444, "OVPT": 0.112167, "OVHAC": 14.687631, "OVSREF": 0.286899, "OVSINT": 14.353154, "OVSCEL": 3.784568, "IM_2020": 152.437854180621, "GM_2020": "Muy bajo", "IMN_2020": 0.9718828618509, "CLASIF": "Fraccionamiento" }, "geometry": { "type": "MultiPolygon", "coordinates": [ [ [ [ 2650733.106499999761581, 1515692.056200001388788 ], [ 2650705.610799998044968, 1515613.596900001168251 ], [ 2650688.716499999165535, 1515569.700500000268221 ], [ 2650744.382200002670288, 1515547.4391999989748 ], [ 2650728.281599998474121, 1515505.72239999845624 ], [ 2650672.510799996554852, 1515367.9189000017941 ], [ 2650655.39130000025034, 1515325.291499998420477 ], [ 2650637.210600003600121, 1515280.0077 ], [ 2650618.012100003659725, 1515227.056499999016523 ], [ 2650590.636799998581409, 1515237.122099999338388 ], [ 2650546.125500001013279, 1515255.6173 ], [ 2650504.466499999165535, 1515272.955200001597404 ], [ 2650402.171400003135204, 1515316.183699999004602 ], [ 2650353.542099997401237, 1515336.884100001305342 ], [ 2650371.583200000226498, 1515382.6996 ], [ 2650390.355899997055531, 1515428.481199998408556 ], [ 2650408.614399999380112, 1515472.969900000840425 ], [ 2650415.942900002002716, 1515490.826499998569489 ], [ 2650433.287299998104572, 1515483.912799999117851 ], [ 2650451.866099998354912, 1515531.929900001734495 ], [ 2650466.994999997317791, 1515574.058200001716614 ], [ 2650484.735100001096725, 1515616.243500001728535 ], [ 2650496.671899996697903, 1515646.055599998682737 ], [ 2650499.947999998927116, 1515654.23759999871254 ], [ 2650514.663699999451637, 1515693.653799999505281 ], [ 2650516.525799997150898, 1515698.667599998414516 ], [ 2650533.536100000143051, 1515740.090599998831749 ], [ 2650551.4628000035882, 1515782.280000001192093 ], [ 2650576.046099998056889, 1515843.301600001752377 ], [ 2650667.375100001692772, 1515804.083999998867512 ], [ 2650758.630999997258186, 1515764.891100000590086 ], [ 2650733.106499999761581, 1515692.056200001388788 ] ] ] ] } },
{ "type": "Feature", "properties": { "fid": 159, "OBJECTID": 58376, "CVE_COL": "19048_0160", "ID_COL": 58376, "COLONIA": "Prados del Rey", "CP": "66365", "CVE_ENT": "19", "NOM_ENT": "Nuevo León", "MUN": "048", "CVE_MUN": "19048", "NOM_MUN": "Santa Catarina", "LOC": "0001", "CVE_LOC": "190480001", "NOM_LOC": "Ciudad Santa Catarina", "SUN_2018": "M19.01", "NOM_SUN": "Monterrey", "POBTOT": 1311.880981, "P6A14NAE": 16.692739, "SBASC": 13.577758, "PSDSS": 14.656769, "OVSDE": 0.0, "OVSEE": 0.0, "OVSAE": 0.0, "OVPT": 4.251571, "OVHAC": 13.696365, "OVSREF": 0.943865, "OVSINT": 10.692088, "OVSCEL": 6.237806, "IM_2020": 149.51532853501499, "GM_2020": "Medio", "IMN_2020": 0.95325000583520003, "CLASIF": "Fraccionamiento" }, "geometry": { "type": "MultiPolygon", "coordinates": [ [ [ [ 2656132.032799996435642, 1516894.615699999034405 ], [ 2656131.08049999922514, 1516871.564100001007318 ], [ 2656117.006399996578693, 1516870.586399998515844 ], [ 2656114.563000001013279, 1516867.2051 ], [ 2656117.426600001752377, 1516796.574099998921156 ], [ 2656157.5945999994874, 1516727.98200000077486 ], [ 2656147.020700000226498, 1516687.485500000417233 ], [ 2656125.284999996423721, 1516644.831000000238419 ], [ 2656104.607199996709824, 1516603.071699999272823 ], [ 2655971.690800003707409, 1516668.929900001734495 ], [ 2655960.245899997651577, 1516653.462699998170137 ], [ 2655945.995899997651577, 1516638.2668999992311 ], [ 2655936.824299998581409, 1516636.517700001597404 ], [ 2655998.328000001609325, 1516606.674499999731779 ], [ 2655982.49719999730587, 1516572.900199998170137 ], [ 2655980.165299996733665, 1516567.925200000405312 ], [ 2655967.477399997413158, 1516540.8564000017941 ], [ 2655951.510399997234344, 1516506.791400000452995 ], [ 2655932.887500002980232, 1516467.060400001704693 ], [ 2655872.466300003230572, 1516496.770199999213219 ], [ 2655837.338100001215935, 1516514.374699998646975 ], [ 2655866.707400001585484, 1516545.429200001060963 ], [ 2655881.164300002157688, 1516560.715599998831749 ], [ 2655878.261100001633167, 1516571.760200001299381 ], [ 2655874.75110000371933, 1516585.113200001418591 ], [ 2655712.772299997508526, 1516664.409299999475479 ], [ 2655732.077100001275539, 1516702.865499999374151 ], [ 2655768.026600003242493, 1516774.478399999439716 ], [ 2655794.684799998998642, 1516827.582899998873472 ], [ 2655818.306699998676777, 1516874.638599999248981 ], [ 2655840.160300001502037, 1516918.171999998390675 ], [ 2655859.982199996709824, 1516952.943999998271465 ], [ 2655861.353200003504753, 1516943.795099999755621 ], [ 2655862.714699998497963, 1516908.183600001037121 ], [ 2655863.064000003039837, 1516875.781399998813868 ], [ 2655865.362700000405312, 1516848.705200001597404 ], [ 2655870.356200002133846, 1516849.147799998521805 ], [ 2655880.204599998891354, 1516869.512499999254942 ], [ 2655946.259499996900558, 1516877.3695 ], [ 2656132.032799996435642, 1516894.615699999034405 ] ] ] ] } },
{ "type": "Feature", "properties": { "fid": 160, "OBJECTID": 58377, "CVE_COL": "19048_0161", "ID_COL": 58377, "COLONIA": "Prados del Sol", "CP": "66365", "CVE_ENT": "19", "NOM_ENT": "Nuevo León", "MUN": "048", "CVE_MUN": "19048", "NOM_MUN": "Santa Catarina", "LOC": "0001", "CVE_LOC": "190480001", "NOM_LOC": "Ciudad Santa Catarina", "SUN_2018": "M19.01", "NOM_SUN": "Monterrey", "POBTOT": 2256.222909, "P6A14NAE": 2.999672, "SBASC": 9.080041, "PSDSS": 15.899878, "OVSDE": 0.0, "OVSEE": 0.000115, "OVSAE": 0.052852, "OVPT": 0.439451, "OVHAC": 15.173754, "OVSREF": 0.372647, "OVSINT": 13.169277, "OVSCEL": 2.017794, "IM_2020": 153.51617297044299, "GM_2020": "Muy bajo", "IMN_2020": 0.97875779168419996, "CLASIF": "Fraccionamiento" }, "geometry": { "type": "MultiPolygon", "coordinates": [ [ [ [ 2656561.71000000089407, 1516733.282600000500679 ], [ 2656558.91669999808073, 1516727.097699999809265 ], [ 2656555.534199997782707, 1516719.6081000007689 ], [ 2656482.009400002658367, 1516553.246500000357628 ], [ 2656475.011699996888638, 1516541.014600001275539 ], [ 2656438.760499998927116, 1516457.644000001251698 ], [ 2656402.626299999654293, 1516373.923599999397993 ], [ 2656400.756300002336502, 1516369.750100001692772 ], [ 2656389.538400001823902, 1516374.4353 ], [ 2656376.48200000077486, 1516334.984000001102686 ], [ 2656364.61710000038147, 1516295.594900000840425 ], [ 2656352.31530000269413, 1516263.240800000727177 ], [ 2656323.477899998426437, 1516276.748700000345707 ], [ 2656286.325800001621246, 1516294.151299998164177 ], [ 2656256.1963, 1516308.264400001615286 ], [ 2656182.269599996507168, 1516342.892799999564886 ], [ 2656183.842299997806549, 1516459.359700001776218 ], [ 2656168.6199000030756, 1516544.695999998599291 ], [ 2656154.6338, 1516620.464400000870228 ], [ 2656159.205200001597404, 1516630.844099998474121 ], [ 2656175.0713, 1516657.575199998915195 ], [ 2656179.7246999964118, 1516664.187300000339746 ], [ 2656196.424999997019768, 1516684.083200000226498 ], [ 2656215.537799999117851, 1516703.346400000154972 ], [ 2656237.788500003516674, 1516712.337099999189377 ], [ 2656254.204899996519089, 1516736.75 ], [ 2656289.034199997782707, 1516769.217700000852346 ], [ 2656304.417300000786781, 1516790.874499998986721 ], [ 2656309.026000000536442, 1516805.189399998635054 ], [ 2656320.192100003361702, 1516824.5515 ], [ 2656355.472699999809265, 1516856.4983000010252 ], [ 2656359.962399996817112, 1516876.277800001204014 ], [ 2656419.0912000015378, 1516901.107299998402596 ], [ 2656512.764200001955032, 1516914.177400000393391 ], [ 2656526.8596, 1516915.646499998867512 ], [ 2656617.757299996912479, 1516928.964699998497963 ], [ 2656642.066200003027916, 1516932.373399998992682 ], [ 2656639.565200001001358, 1516924.430799998342991 ], [ 2656636.322800002992153, 1516914.478799998760223 ], [ 2656561.71000000089407, 1516733.282600000500679 ] ] ] ] } },
{ "type": "Feature", "properties": { "fid": 161, "OBJECTID": 58378, "CVE_COL": "19048_0162", "ID_COL": 58378, "COLONIA": "Privada Antigua", "CP": "66100", "CVE_ENT": "19", "NOM_ENT": "Nuevo León", "MUN": "048", "CVE_MUN": "19048", "NOM_MUN": "Santa Catarina", "LOC": "0001", "CVE_LOC": "190480001", "NOM_LOC": "Ciudad Santa Catarina", "SUN_2018": "M19.01", "NOM_SUN": "Monterrey", "POBTOT": 46.646721, "P6A14NAE": 7.671957, "SBASC": 21.420071, "PSDSS": 20.56872, "OVSDE": 0.032062, "OVSEE": 0.096185, "OVSAE": 0.224431, "OVPT": 0.866217, "OVHAC": 22.699582, "OVSREF": 2.949663, "OVSINT": 25.754655, "OVSCEL": 6.829112, "IM_2020": 150.28181773707001, "GM_2020": "Bajo", "IMN_2020": 0.95813683478769995, "CLASIF": "Colonia" }, "geometry": { "type": "MultiPolygon", "coordinates": [ [ [ [ 2657798.438299998641014, 1514274.004799999296665 ], [ 2657722.138099998235703, 1514242.886500000953674 ], [ 2657694.36599999666214, 1514333.11600000038743 ], [ 2657787.22410000115633, 1514375.014800000935793 ], [ 2657788.695100001990795, 1514362.950899999588728 ], [ 2657796.46000000089407, 1514295.111600000411272 ], [ 2657798.438299998641014, 1514274.004799999296665 ] ] ] ] } },
{ "type": "Feature", "properties": { "fid": 162, "OBJECTID": 58380, "CVE_COL": "19048_0163", "ID_COL": 58380, "COLONIA": "Privada Cantizal", "CP": "66168", "CVE_ENT": "19", "NOM_ENT": "Nuevo León", "MUN": "048", "CVE_MUN": "19048", "NOM_MUN": "Santa Catarina", "LOC": "0001", "CVE_LOC": "190480001", "NOM_LOC": "Ciudad Santa Catarina", "SUN_2018": "M19.01", "NOM_SUN": "Monterrey", "POBTOT": 28.460681, "P6A14NAE": 3.317363, "SBASC": 11.903552, "PSDSS": 8.780322, "OVSDE": 0.0, "OVSEE": 0.0, "OVSAE": 0.0, "OVPT": 0.87044, "OVHAC": 6.258254, "OVSREF": 0.0, "OVSINT": 7.08787, "OVSCEL": 2.860018, "IM_2020": 154.04198151289299, "GM_2020": "Muy bajo", "IMN_2020": 0.98211013689899995, "CLASIF": "Residencial" }, "geometry": { "type": "MultiPolygon", "coordinates": [ [ [ [ 2656964.505900003015995, 1512516.885400000959635 ], [ 2656965.6537000015378, 1512512.107099998742342 ], [ 2656966.8015, 1512507.32880000025034 ], [ 2656964.745399996638298, 1512506.946600001305342 ], [ 2656962.277199998497963, 1512504.735500000417233 ], [ 2656960.668999999761581, 1512501.503100000321865 ], [ 2656948.108599998056889, 1512463.127900000661612 ], [ 2656927.881499998271465, 1512431.904899999499321 ], [ 2656921.074500001966953, 1512434.9331 ], [ 2656874.683200001716614, 1512401.298599999397993 ], [ 2656865.26070000231266, 1512418.575399998575449 ], [ 2656865.995300002396107, 1512434.839699998497963 ], [ 2656867.271799996495247, 1512443.400299999862909 ], [ 2656867.344300001859665, 1512455.300900001078844 ], [ 2656869.80460000038147, 1512462.270300000905991 ], [ 2656877.354699999094009, 1512483.653999999165535 ], [ 2656873.9425999969244, 1512510.4679000005126 ], [ 2656864.998999997973442, 1512529.204100001603365 ], [ 2656929.175800003111362, 1512534.146999999880791 ], [ 2656933.210799999535084, 1512531.576900001615286 ], [ 2656951.560699999332428, 1512521.538899999111891 ], [ 2656964.505900003015995, 1512516.885400000959635 ] ] ] ] } },
{ "type": "Feature", "properties": { "fid": 163, "OBJECTID": 58381, "CVE_COL": "19048_0164", "ID_COL": 58381, "COLONIA": "Privada de La Mision", "CP": "66360", "CVE_ENT": "19", "NOM_ENT": "Nuevo León", "MUN": "048", "CVE_MUN": "19048", "NOM_MUN": "Santa Catarina", "LOC": "0001", "CVE_LOC": "190480001", "NOM_LOC": "Ciudad Santa Catarina", "SUN_2018": "M19.01", "NOM_SUN": "Monterrey", "POBTOT": 160.975582, "P6A14NAE": 2.197853, "SBASC": 12.50412, "PSDSS": 15.599472, "OVSDE": 0.0, "OVSEE": 0.003241, "OVSAE": 0.163696, "OVPT": 1.507027, "OVHAC": 12.046097, "OVSREF": 0.670987, "OVSINT": 13.154701, "OVSCEL": 3.918717, "IM_2020": 153.30669880252799, "GM_2020": "Muy bajo", "IMN_2020": 0.9774222680711, "CLASIF": "Residencial" }, "geometry": { "type": "MultiPolygon", "coordinates": [ [ [ [ 2654698.754799999296665, 1517074.93019999936223 ], [ 2654658.441200003027916, 1517094.602800000458956 ], [ 2654617.629699997603893, 1517114.518300000578165 ], [ 2654573.705899998545647, 1517135.952599998563528 ], [ 2654538.880000002682209, 1517152.947200000286102 ], [ 2654557.76129999756813, 1517197.586399998515844 ], [ 2654563.794299997389317, 1517194.811599999666214 ], [ 2654627.959899999201298, 1517165.30519999936223 ], [ 2654640.713500000536442, 1517188.279699999839067 ], [ 2654647.384800001978874, 1517188.528299998492002 ], [ 2654657.758400000631809, 1517207.636700000613928 ], [ 2654662.383000001311302, 1517205.849199999123812 ], [ 2654723.639700002968311, 1517174.912099998444319 ], [ 2654728.164800003170967, 1517172.684099998325109 ], [ 2654722.062100000679493, 1517151.447599999606609 ], [ 2654720.688400000333786, 1517146.936999998986721 ], [ 2654700.204999998211861, 1517079.690400000661612 ], [ 2654698.754799999296665, 1517074.93019999936223 ] ] ] ] } },
{ "type": "Feature", "properties": { "fid": 164, "OBJECTID": 58383, "CVE_COL": "19048_0165", "ID_COL": 58383, "COLONIA": "Privada Granadas", "CP": "66350", "CVE_ENT": "19", "NOM_ENT": "Nuevo León", "MUN": "048", "CVE_MUN": "19048", "NOM_MUN": "Santa Catarina", "LOC": "0001", "CVE_LOC": "190480001", "NOM_LOC": "Ciudad Santa Catarina", "SUN_2018": "M19.01", "NOM_SUN": "Monterrey", "POBTOT": 24.648628, "P6A14NAE": 4.050017, "SBASC": 10.076749, "PSDSS": 14.206746, "OVSDE": 0.056255, "OVSEE": 0.075007, "OVSAE": 0.0, "OVPT": 0.76164, "OVHAC": 11.191307, "OVSREF": 1.032413, "OVSINT": 10.989844, "OVSCEL": 3.389435, "IM_2020": 153.25577790537699, "GM_2020": "Muy bajo", "IMN_2020": 0.97709761677289997, "CLASIF": "Colonia" }, "geometry": { "type": "MultiPolygon", "coordinates": [ [ [ [ 2654152.877099998295307, 1514940.75 ], [ 2654151.964400000870228, 1514937.624299999326468 ], [ 2654138.7434, 1514876.691500000655651 ], [ 2654138.160999998450279, 1514873.409600000828505 ], [ 2654164.734399996697903, 1514870.530799999833107 ], [ 2654214.998199999332428, 1514865.086500000208616 ], [ 2654214.320100001990795, 1514863.002099998295307 ], [ 2654200.820699997246265, 1514807.835099998861551 ], [ 2654115.383100003004074, 1514810.3213 ], [ 2654109.855400003492832, 1514810.964499998837709 ], [ 2654113.802599996328354, 1514830.199700001627207 ], [ 2654115.480999998748302, 1514838.378899998962879 ], [ 2654124.588899999856949, 1514875.149000000208616 ], [ 2654131.864600002765656, 1514903.034200001507998 ], [ 2654136.559399999678135, 1514924.611200001090765 ], [ 2654140.516099996864796, 1514942.638300001621246 ], [ 2654152.877099998295307, 1514940.75 ] ] ] ] } },
{ "type": "Feature", "properties": { "fid": 165, "OBJECTID": 58385, "CVE_COL": "19048_0166", "ID_COL": 58385, "COLONIA": "Privada La Escondida Ii", "CP": "66350", "CVE_ENT": "19", "NOM_ENT": "Nuevo León", "MUN": "048", "CVE_MUN": "19048", "NOM_MUN": "Santa Catarina", "LOC": "0001", "CVE_LOC": "190480001", "NOM_LOC": "Ciudad Santa Catarina", "SUN_2018": "M19.01", "NOM_SUN": "Monterrey", "POBTOT": 21.486264, "P6A14NAE": 2.151344, "SBASC": 14.147652, "PSDSS": 15.402779, "OVSDE": 0.000482, "OVSEE": 0.000643, "OVSAE": 0.0, "OVPT": 0.282309, "OVHAC": 11.632716, "OVSREF": 0.928115, "OVSINT": 14.431669, "OVSCEL": 5.728501, "IM_2020": 153.23534438531601, "GM_2020": "Muy bajo", "IMN_2020": 0.97696734081180003, "CLASIF": "Colonia" }, "geometry": { "type": "MultiPolygon", "coordinates": [ [ [ [ 2654124.588899999856949, 1514875.149000000208616 ], [ 2654115.480999998748302, 1514838.378899998962879 ], [ 2654113.802599996328354, 1514830.199700001627207 ], [ 2654107.797600001096725, 1514830.559500001370907 ], [ 2654040.2449000030756, 1514843.1554000005126 ], [ 2654053.794399999082088, 1514882.526299998164177 ], [ 2654077.197800002992153, 1514896.453400000929832 ], [ 2654078.529100000858307, 1514906.939800001680851 ], [ 2654087.835199996829033, 1514883.339600000530481 ], [ 2654124.588899999856949, 1514875.149000000208616 ] ] ] ] } },
{ "type": "Feature", "properties": { "fid": 166, "OBJECTID": 58386, "CVE_COL": "19048_0167", "ID_COL": 58386, "COLONIA": "Privada Las Flores", "CP": "66357", "CVE_ENT": "19", "NOM_ENT": "Nuevo León", "MUN": "048", "CVE_MUN": "19048", "NOM_MUN": "Santa Catarina", "LOC": "0001", "CVE_LOC": "190480001", "NOM_LOC": "Ciudad Santa Catarina", "SUN_2018": "M19.01", "NOM_SUN": "Monterrey", "POBTOT": 181.516327, "P6A14NAE": 2.002002, "SBASC": 9.266488, "PSDSS": 13.249308, "OVSDE": 0.0, "OVSEE": 0.0, "OVSAE": 0.0, "OVPT": 0.124805, "OVHAC": 10.312013, "OVSREF": 0.280987, "OVSINT": 9.313572, "OVSCEL": 1.575663, "IM_2020": 154.199261725127, "GM_2020": "Muy bajo", "IMN_2020": 0.98311289270140001, "CLASIF": "Colonia" }, "geometry": { "type": "MultiPolygon", "coordinates": [ [ [ [ 2652285.041500002145767, 1514193.757500000298023 ], [ 2652270.979999996721745, 1514175.056499999016523 ], [ 2652267.674999997019768, 1514169.627999998629093 ], [ 2652232.552500002086163, 1514091.468299999833107 ], [ 2652227.396300002932549, 1514094.320700000971556 ], [ 2651930.463699996471405, 1514209.544300001114607 ], [ 2651980.202299997210503, 1514306.965399999171495 ], [ 2652279.549800001084805, 1514195.698300000280142 ], [ 2652285.041500002145767, 1514193.757500000298023 ] ] ] ] } },
{ "type": "Feature", "properties": { "fid": 167, "OBJECTID": 58388, "CVE_COL": "19048_0168", "ID_COL": 58388, "COLONIA": "Privada Montejo", "CP": "66354", "CVE_ENT": "19", "NOM_ENT": "Nuevo León", "MUN": "048", "CVE_MUN": "19048", "NOM_MUN": "Santa Catarina", "LOC": "0001", "CVE_LOC": "190480001", "NOM_LOC": "Ciudad Santa Catarina", "SUN_2018": "M19.01", "NOM_SUN": "Monterrey", "POBTOT": 85.762198, "P6A14NAE": 1.733082, "SBASC": 12.034321, "PSDSS": 13.245229, "OVSDE": 0.0, "OVSEE": 0.0, "OVSAE": 0.0, "OVPT": 0.0, "OVHAC": 8.834524, "OVSREF": 0.376768, "OVSINT": 10.501562, "OVSCEL": 3.666844, "IM_2020": 153.96888328955299, "GM_2020": "Muy bajo", "IMN_2020": 0.98164409182860002, "CLASIF": "Fraccionamiento" }, "geometry": { "type": "MultiPolygon", "coordinates": [ [ [ [ 2653824.677299998700619, 1513243.140299998223782 ], [ 2653849.955300003290176, 1513223.773899998515844 ], [ 2653879.526699997484684, 1513197.490299999713898 ], [ 2653905.737700000405312, 1513162.339600000530481 ], [ 2653929.108199998736382, 1513142.417199999094009 ], [ 2653953.972599998116493, 1513121.208500001579523 ], [ 2653982.250299997627735, 1513096.405699998140335 ], [ 2654029.78830000013113, 1513054.286100000143051 ], [ 2654055.9287, 1513031.125199999660254 ], [ 2654089.501500003039837, 1513001.380199998617172 ], [ 2654114.100100003182888, 1512979.584199998527765 ], [ 2654118.262100003659725, 1512971.971700001507998 ], [ 2654085.859099999070168, 1512941.709499999880791 ], [ 2654081.250100001692772, 1512939.338599998503923 ], [ 2654076.641199998557568, 1512936.967700000852346 ], [ 2654066.615099996328354, 1512929.101300001144409 ], [ 2654058.181500002741814, 1512921.269499998539686 ], [ 2653805.991800002753735, 1513123.564399998635054 ], [ 2653699.381399996578693, 1513081.63569999858737 ], [ 2653619.554799996316433, 1513062.511199999600649 ], [ 2653613.085900001227856, 1513060.961399998515844 ], [ 2653582.927199997007847, 1513142.811299998313189 ], [ 2653644.580799996852875, 1513165.439800001680851 ], [ 2653664.746200002729893, 1513172.856499999761581 ], [ 2653670.603200003504753, 1513174.186799999326468 ], [ 2653730.643799997866154, 1513190.992499999701977 ], [ 2653740.786499999463558, 1513194.9679000005126 ], [ 2653744.508000001311302, 1513217.685400001704693 ], [ 2653745.195200003683567, 1513221.880399998277426 ], [ 2653746.291000001132488, 1513228.5691 ], [ 2653749.258400000631809, 1513246.6831 ], [ 2653750.774400003254414, 1513255.9375 ], [ 2653824.677299998700619, 1513243.140299998223782 ] ] ] ] } },
{ "type": "Feature", "properties": { "fid": 168, "OBJECTID": 58389, "CVE_COL": "19048_0169", "ID_COL": 58389, "COLONIA": "Privada Olivos", "CP": "66357", "CVE_ENT": "19", "NOM_ENT": "Nuevo León", "MUN": "048", "CVE_MUN": "19048", "NOM_MUN": "Santa Catarina", "LOC": "0001", "CVE_LOC": "190480001", "NOM_LOC": "Ciudad Santa Catarina", "SUN_2018": "M19.01", "NOM_SUN": "Monterrey", "POBTOT": 138.187042, "P6A14NAE": 2.002002, "SBASC": 9.266489, "PSDSS": 13.249309, "OVSDE": 0.0, "OVSEE": 0.0, "OVSAE": 0.0, "OVPT": 0.124805, "OVHAC": 10.312013, "OVSREF": 0.280987, "OVSINT": 9.313573, "OVSCEL": 1.575663, "IM_2020": 154.19926164404001, "GM_2020": "Muy bajo", "IMN_2020": 0.98311289218440001, "CLASIF": "Colonia" }, "geometry": { "type": "MultiPolygon", "coordinates": [ [ [ [ 2652468.280699998140335, 1514177.552700001746416 ], [ 2652423.479099996387959, 1514154.3462999984622 ], [ 2652411.140100002288818, 1514137.268100000917912 ], [ 2652398.125600002706051, 1514106.561099998652935 ], [ 2652285.909500002861023, 1514181.633200000971556 ], [ 2652292.919100001454353, 1514190.93470000103116 ], [ 2652285.041500002145767, 1514193.757500000298023 ], [ 2652301.251199997961521, 1514213.919100001454353 ], [ 2652335.735299997031689, 1514244.329900000244379 ], [ 2652493.64639999717474, 1514303.791799999773502 ], [ 2652537.778300002217293, 1514276.680399999022484 ], [ 2652543.057899996638298, 1514273.432500001043081 ], [ 2652559.899700000882149, 1514263.068 ], [ 2652558.339800000190735, 1514259.106499999761581 ], [ 2652541.067500002682209, 1514215.254900000989437 ], [ 2652468.280699998140335, 1514177.552700001746416 ] ] ] ] } },
{ "type": "Feature", "properties": { "fid": 169, "OBJECTID": 58391, "CVE_COL": "19048_0170", "ID_COL": 58391, "COLONIA": "Privada Rdcial Ondara", "CP": "66146", "CVE_ENT": "19", "NOM_ENT": "Nuevo León", "MUN": "048", "CVE_MUN": "19048", "NOM_MUN": "Santa Catarina", "LOC": "0001", "CVE_LOC": "190480001", "NOM_LOC": "Ciudad Santa Catarina", "SUN_2018": "M19.01", "NOM_SUN": "Monterrey", "POBTOT": 35.050078, "P6A14NAE": 3.205128, "SBASC": 14.474664, "PSDSS": 17.560671, "OVSDE": 0.061577, "OVSEE": 0.0, "OVSAE": 0.0, "OVPT": 0.560873, "OVHAC": 11.216116, "OVSREF": 0.337233, "OVSINT": 17.48374, "OVSCEL": 3.446309, "IM_2020": 152.91539476183399, "GM_2020": "Muy bajo", "IMN_2020": 0.97492746982709999, "CLASIF": "Colonia" }, "geometry": { "type": "MultiPolygon", "coordinates": [ [ [ [ 2655916.17960000038147, 1514036.197299998253584 ], [ 2655895.177400000393391, 1514041.491700001060963 ], [ 2655856.841899998486042, 1514051.155699998140335 ], [ 2655801.94539999961853, 1514065.636799998581409 ], [ 2655781.646300002932549, 1514080.644400000572205 ], [ 2655760.413699999451637, 1514089.488299999386072 ], [ 2655768.442699998617172, 1514129.330899998545647 ], [ 2655770.0574000030756, 1514266.913499999791384 ], [ 2655772.45549999922514, 1514265.311500001698732 ], [ 2655895.7787000015378, 1514236.703400000929832 ], [ 2655895.837700001895428, 1514190.519000001251698 ], [ 2655993.464599996805191, 1514137.947500001639128 ], [ 2655964.392200000584126, 1514104.358800001442432 ], [ 2655931.646799996495247, 1514042.032900001853704 ], [ 2655916.17960000038147, 1514036.197299998253584 ] ] ] ] } },
{ "type": "Feature", "properties": { "fid": 170, "OBJECTID": 58392, "CVE_COL": "19048_0171", "ID_COL": 58392, "COLONIA": "Privada Roble", "CP": "66357", "CVE_ENT": "19", "NOM_ENT": "Nuevo León", "MUN": "048", "CVE_MUN": "19048", "NOM_MUN": "Santa Catarina", "LOC": "0001", "CVE_LOC": "190480001", "NOM_LOC": "Ciudad Santa Catarina", "SUN_2018": "M19.01", "NOM_SUN": "Monterrey", "POBTOT": 142.018158, "P6A14NAE": 2.002002, "SBASC": 9.266488, "PSDSS": 13.249308, "OVSDE": 0.0, "OVSEE": 0.0, "OVSAE": 0.0, "OVPT": 0.124805, "OVHAC": 10.312013, "OVSREF": 0.280987, "OVSINT": 9.313572, "OVSCEL": 1.575663, "IM_2020": 154.199261759634, "GM_2020": "Muy bajo", "IMN_2020": 0.98311289292140003, "CLASIF": "Colonia" }, "geometry": { "type": "MultiPolygon", "coordinates": [ [ [ [ 2652493.64639999717474, 1514303.791799999773502 ], [ 2652335.735299997031689, 1514244.329900000244379 ], [ 2652301.251199997961521, 1514213.919100001454353 ], [ 2652179.994999997317791, 1514268.975600000470877 ], [ 2652185.539399996399879, 1514274.4912 ], [ 2652270.918600000441074, 1514357.206900000572205 ], [ 2652370.459600001573563, 1514388.339200001209974 ], [ 2652380.136699996888638, 1514392.533100001513958 ], [ 2652410.843699999153614, 1514364.497699998319149 ], [ 2652450.598800003528595, 1514331.093600001186132 ], [ 2652493.64639999717474, 1514303.791799999773502 ] ] ] ] } },
{ "type": "Feature", "properties": { "fid": 171, "OBJECTID": 58393, "CVE_COL": "19048_0172", "ID_COL": 58393, "COLONIA": "Privada San Antonio", "CP": "66366", "CVE_ENT": "19", "NOM_ENT": "Nuevo León", "MUN": "048", "CVE_MUN": "19048", "NOM_MUN": "Santa Catarina", "LOC": "0001", "CVE_LOC": "190480001", "NOM_LOC": "Ciudad Santa Catarina", "SUN_2018": "M19.01", "NOM_SUN": "Monterrey", "POBTOT": 121.043205, "P6A14NAE": 6.52819, "SBASC": 23.938619, "PSDSS": 21.523438, "OVSDE": 0.156128, "OVSEE": 0.039032, "OVSAE": 2.068696, "OVPT": 3.395784, "OVHAC": 21.194379, "OVSREF": 4.332553, "OVSINT": 34.42623, "OVSCEL": 6.518345, "IM_2020": 149.72844548103001, "GM_2020": "Medio", "IMN_2020": 0.95460875434629999, "CLASIF": "Fraccionamiento" }, "geometry": { "type": "MultiPolygon", "coordinates": [ [ [ [ 2653864.774300001561642, 1516439.559000000357628 ], [ 2653869.325099997222424, 1516438.1754 ], [ 2653828.068800002336502, 1516300.153599999845028 ], [ 2653826.694200001657009, 1516296.012699998915195 ], [ 2653821.582099996507168, 1516297.741799999028444 ], [ 2653724.535899996757507, 1516332.623799998313189 ], [ 2653733.748599998652935, 1516374.342700000852346 ], [ 2653734.824100002646446, 1516379.212900001555681 ], [ 2653757.211599998176098, 1516468.292700000107288 ], [ 2653864.774300001561642, 1516439.559000000357628 ] ] ] ] } },
{ "type": "Feature", "properties": { "fid": 172, "OBJECTID": 58395, "CVE_COL": "19048_0173", "ID_COL": 58395, "COLONIA": "Privada San Miguel La Huasteca", "CP": "66370", "CVE_ENT": "19", "NOM_ENT": "Nuevo León", "MUN": "048", "CVE_MUN": "19048", "NOM_MUN": "Santa Catarina", "LOC": "0001", "CVE_LOC": "190480001", "NOM_LOC": "Ciudad Santa Catarina", "SUN_2018": "M19.01", "NOM_SUN": "Monterrey", "POBTOT": 22.595535, "P6A14NAE": 6.644806, "SBASC": 17.908442, "PSDSS": 17.287067, "OVSDE": 0.0, "OVSEE": 0.0, "OVSAE": 0.0, "OVPT": 0.694604, "OVHAC": 8.464181, "OVSREF": 0.700545, "OVSINT": 16.154817, "OVSCEL": 10.800565, "IM_2020": 151.51267905418601, "GM_2020": "Bajo", "IMN_2020": 0.96598431483689995, "CLASIF": "Fraccionamiento" }, "geometry": { "type": "MultiPolygon", "coordinates": [ [ [ [ 2654176.375399999320507, 1514456.641699999570847 ], [ 2654151.707800000905991, 1514397.427499998360872 ], [ 2654136.039099998772144, 1514351.108199998736382 ], [ 2654126.672399997711182, 1514315.205600000917912 ], [ 2654096.799800001084805, 1514325.383600000292063 ], [ 2654079.514799997210503, 1514331.21000000089407 ], [ 2654100.757200002670288, 1514392.370799999684095 ], [ 2654116.792499996721745, 1514388.277199998497963 ], [ 2654128.639300003647804, 1514416.803100001066923 ], [ 2654145.710699997842312, 1514464.843899998813868 ], [ 2654176.375399999320507, 1514456.641699999570847 ] ] ] ] } },
{ "type": "Feature", "properties": { "fid": 173, "OBJECTID": 58396, "CVE_COL": "19048_0174", "ID_COL": 58396, "COLONIA": "Privada San Patricio", "CP": "66354", "CVE_ENT": "19", "NOM_ENT": "Nuevo León", "MUN": "048", "CVE_MUN": "19048", "NOM_MUN": "Santa Catarina", "LOC": "0001", "CVE_LOC": "190480001", "NOM_LOC": "Ciudad Santa Catarina", "SUN_2018": "M19.01", "NOM_SUN": "Monterrey", "POBTOT": 200.970658, "P6A14NAE": 4.82517, "SBASC": 19.920809, "PSDSS": 19.923281, "OVSDE": 0.0, "OVSEE": 0.0, "OVSAE": 0.0, "OVPT": 0.085614, "OVHAC": 17.776705, "OVSREF": 2.187294, "OVSINT": 21.130092, "OVSCEL": 5.470304, "IM_2020": 151.60209099526799, "GM_2020": "Bajo", "IMN_2020": 0.96655436965459995, "CLASIF": "Colonia" }, "geometry": { "type": "MultiPolygon", "coordinates": [ [ [ [ 2654135.348999999463558, 1513667.804000001400709 ], [ 2654123.732199996709824, 1513668.536100000143051 ], [ 2653977.749799996614456, 1513648.4206000007689 ], [ 2653950.383299998939037, 1513703.149999998509884 ], [ 2653931.043600000441074, 1513699.823800001293421 ], [ 2653927.7550999969244, 1513723.291299998760223 ], [ 2653930.9956, 1513741.729299999773502 ], [ 2653929.940999999642372, 1513749.014400001615286 ], [ 2653941.769199997186661, 1513747.5 ], [ 2653964.537399999797344, 1513744.336800001561642 ], [ 2654106.527699999511242, 1513756.190699998289347 ], [ 2654108.175399996340275, 1513751.891800001263618 ], [ 2654122.358599998056889, 1513709.885000001639128 ], [ 2654135.348999999463558, 1513667.804000001400709 ] ] ] ] } },
{ "type": "Feature", "properties": { "fid": 174, "OBJECTID": 58397, "CVE_COL": "19048_0175", "ID_COL": 58397, "COLONIA": "Privada San Pedro Residencial", "CP": "66367", "CVE_ENT": "19", "NOM_ENT": "Nuevo León", "MUN": "048", "CVE_MUN": "19048", "NOM_MUN": "Santa Catarina", "LOC": "0001", "CVE_LOC": "190480001", "NOM_LOC": "Ciudad Santa Catarina", "SUN_2018": "M19.01", "NOM_SUN": "Monterrey", "POBTOT": 764.12988, "P6A14NAE": 0.787994, "SBASC": 7.45334, "PSDSS": 12.808792, "OVSDE": 0.0, "OVSEE": 0.0, "OVSAE": 5.6e-05, "OVPT": 0.077479, "OVHAC": 13.712736, "OVSREF": 0.465087, "OVSINT": 34.385637, "OVSCEL": 1.471503, "IM_2020": 154.25182101473399, "GM_2020": "Muy bajo", "IMN_2020": 0.98344798973540004, "CLASIF": "Fraccionamiento" }, "geometry": { "type": "MultiPolygon", "coordinates": [ [ [ [ 2649063.9679000005126, 1518596.416400000452995 ], [ 2649045.219499997794628, 1518598.761599998921156 ], [ 2648921.285499997437, 1518660.049100000411272 ], [ 2648969.066600002348423, 1518879.620099999010563 ], [ 2648973.105999998748302, 1518882.527899999171495 ], [ 2648514.973099999129772, 1519005.990499999374151 ], [ 2648573.247900001704693, 1519184.28489999845624 ], [ 2648828.935199998319149, 1519070.237799998372793 ], [ 2649006.516500003635883, 1519029.6206 ], [ 2649013.277699999511242, 1519027.866399999707937 ], [ 2648996.060900002717972, 1518957.790699999779463 ], [ 2649091.432700000703335, 1518924.886700000613928 ], [ 2649096.6199000030756, 1518912.697299998253584 ], [ 2649089.244300000369549, 1518884.240200001746416 ], [ 2649083.965700000524521, 1518872.437399998307228 ], [ 2649085.439400002360344, 1518833.101100001484156 ], [ 2649087.05969999730587, 1518646.136199999600649 ], [ 2649082.637500002980232, 1518623.279800001531839 ], [ 2649073.683300003409386, 1518610.781700000166893 ], [ 2649063.9679000005126, 1518596.416400000452995 ] ] ] ] } },
{ "type": "Feature", "properties": { "fid": 175, "OBJECTID": 58398, "CVE_COL": "19048_0176", "ID_COL": 58398, "COLONIA": "Privada Valle Poniente", "CP": "66354", "CVE_ENT": "19", "NOM_ENT": "Nuevo León", "MUN": "048", "CVE_MUN": "19048", "NOM_MUN": "Santa Catarina", "LOC": "0001", "CVE_LOC": "190480001", "NOM_LOC": "Ciudad Santa Catarina", "SUN_2018": "M19.01", "NOM_SUN": "Monterrey", "POBTOT": 247.857285, "P6A14NAE": 3.764706, "SBASC": 15.887183, "PSDSS": 14.653692, "OVSDE": 0.0, "OVSEE": 0.0, "OVSAE": 0.0, "OVPT": 0.057208, "OVHAC": 12.471396, "OVSREF": 1.001144, "OVSINT": 12.128146, "OVSCEL": 5.69222, "IM_2020": 152.826009730338, "GM_2020": "Muy bajo", "IMN_2020": 0.97435758657409999, "CLASIF": "Fraccionamiento" }, "geometry": { "type": "MultiPolygon", "coordinates": [ [ [ [ 2654161.428099997341633, 1513596.516600001603365 ], [ 2654162.638099998235703, 1513576.370999999344349 ], [ 2654164.427500002086163, 1513531.363099999725819 ], [ 2654165.755999997258186, 1513488.335499998182058 ], [ 2654048.505500003695488, 1513477.940499998629093 ], [ 2654030.614600002765656, 1513530.50620000064373 ], [ 2654027.749899998307228, 1513539.426199998706579 ], [ 2654008.863099999725819, 1513592.909299999475479 ], [ 2654013.550800003111362, 1513590.856800001114607 ], [ 2654037.928599998354912, 1513595.969900000840425 ], [ 2654132.589000001549721, 1513607.984900001436472 ], [ 2654152.586499996483326, 1513614.975099999457598 ], [ 2654160.017800003290176, 1513619.995799999684095 ], [ 2654161.428099997341633, 1513596.516600001603365 ] ] ] ] } },
{ "type": "Feature", "properties": { "fid": 176, "OBJECTID": 58399, "CVE_COL": "19048_0177", "ID_COL": 58399, "COLONIA": "Privada Vistas A La Sierra", "CP": "66375", "CVE_ENT": "19", "NOM_ENT": "Nuevo León", "MUN": "048", "CVE_MUN": "19048", "NOM_MUN": "Santa Catarina", "LOC": "0001", "CVE_LOC": "190480001", "NOM_LOC": "Ciudad Santa Catarina", "SUN_2018": "M19.01", "NOM_SUN": "Monterrey", "POBTOT": 44.963551, "P6A14NAE": 6.586826, "SBASC": 17.857143, "PSDSS": 17.224164, "OVSDE": 0.0, "OVSEE": 0.0, "OVSAE": 0.0, "OVPT": 0.701754, "OVHAC": 8.320802, "OVSREF": 0.651629, "OVSINT": 16.0401, "OVSCEL": 10.927318, "IM_2020": 151.53274264725999, "GM_2020": "Bajo", "IMN_2020": 0.96611223229120002, "CLASIF": "Fraccionamiento" }, "geometry": { "type": "MultiPolygon", "coordinates": [ [ [ [ 2654130.334200002253056, 1514573.487199999392033 ], [ 2654130.390900000929832, 1514561.398200001567602 ], [ 2654130.425899997353554, 1514553.925700001418591 ], [ 2654130.456500001251698, 1514547.405200000852346 ], [ 2654135.111900001764297, 1514537.940699998289347 ], [ 2654128.487700000405312, 1514540.058400001376867 ], [ 2654056.931199997663498, 1514562.934500001370907 ], [ 2654045.650600001215935, 1514546.3462999984622 ], [ 2653968.251400001347065, 1514552.389800000935793 ], [ 2654018.953100003302097, 1514661.019099999219179 ], [ 2654104.491499997675419, 1514647.597199998795986 ], [ 2654072.898199997842312, 1514595.234200000762939 ], [ 2654126.467100001871586, 1514574.951200000941753 ], [ 2654130.334200002253056, 1514573.487199999392033 ] ] ] ] } },
{ "type": "Feature", "properties": { "fid": 177, "OBJECTID": 58400, "CVE_COL": "19048_0178", "ID_COL": 58400, "COLONIA": "Privadas Acueducto", "CP": "66100", "CVE_ENT": "19", "NOM_ENT": "Nuevo León", "MUN": "048", "CVE_MUN": "19048", "NOM_MUN": "Santa Catarina", "LOC": "0001", "CVE_LOC": "190480001", "NOM_LOC": "Ciudad Santa Catarina", "SUN_2018": "M19.01", "NOM_SUN": "Monterrey", "POBTOT": 254.85881, "P6A14NAE": 7.671957, "SBASC": 21.420071, "PSDSS": 20.56872, "OVSDE": 0.032062, "OVSEE": 0.096185, "OVSAE": 0.224431, "OVPT": 0.866218, "OVHAC": 22.699583, "OVSREF": 2.949663, "OVSINT": 25.754658, "OVSCEL": 6.829112, "IM_2020": 150.281817655711, "GM_2020": "Bajo", "IMN_2020": 0.95813683426899998, "CLASIF": "Fraccionamiento" }, "geometry": { "type": "MultiPolygon", "coordinates": [ [ [ [ 2657610.178599998354912, 1514335.142400000244379 ], [ 2657528.277000002563, 1514300.684099998325109 ], [ 2657499.467600002884865, 1514352.60700000077486 ], [ 2657494.155199997127056, 1514362.181400001049042 ], [ 2657469.731499999761581, 1514406.19990000128746 ], [ 2657543.429399996995926, 1514470.561000000685453 ], [ 2657695.915500000119209, 1514611.000900000333786 ], [ 2657782.794699996709824, 1514411.340700000524521 ], [ 2657705.550899997353554, 1514375.268199998885393 ], [ 2657633.0779, 1514344.778900001198053 ], [ 2657610.178599998354912, 1514335.142400000244379 ] ] ] ] } },
{ "type": "Feature", "properties": { "fid": 178, "OBJECTID": 58401, "CVE_COL": "19048_0179", "ID_COL": 58401, "COLONIA": "Privadas de La Montaña", "CP": "66359", "CVE_ENT": "19", "NOM_ENT": "Nuevo León", "MUN": "048", "CVE_MUN": "19048", "NOM_MUN": "Santa Catarina", "LOC": "0001", "CVE_LOC": "190480001", "NOM_LOC": "Ciudad Santa Catarina", "SUN_2018": "M19.01", "NOM_SUN": "Monterrey", "POBTOT": 690.314332, "P6A14NAE": 0.918676, "SBASC": 12.425237, "PSDSS": 15.033819, "OVSDE": 0.0, "OVSEE": 0.0, "OVSAE": 0.0, "OVPT": 0.206983, "OVHAC": 10.105105, "OVSREF": 0.620442, "OVSINT": 11.613261, "OVSCEL": 2.99783, "IM_2020": 153.95292053215101, "GM_2020": "Muy bajo", "IMN_2020": 0.98154231966420002, "CLASIF": "Fraccionamiento" }, "geometry": { "type": "MultiPolygon", "coordinates": [ [ [ [ 2649982.872400000691414, 1516265.245000001043081 ], [ 2649979.365299999713898, 1516260.795800000429153 ], [ 2649954.707099996507168, 1516146.336500000208616 ], [ 2649902.888800002634525, 1516017.455699998885393 ], [ 2649897.186499997973442, 1516003.272900000214577 ], [ 2649819.294600002467632, 1515809.542500000447035 ], [ 2649817.553599998354912, 1515805.138399999588728 ], [ 2649794.759300000965595, 1515814.582899998873472 ], [ 2649732.7566, 1515840.703299999237061 ], [ 2649646.675700001418591, 1515876.261 ], [ 2649719.930299997329712, 1516052.759700000286102 ], [ 2649720.880500003695488, 1516055.049100000411272 ], [ 2649732.729800000786781, 1516084.959399998188019 ], [ 2649779.432700000703335, 1516189.536499999463558 ], [ 2649826.373400002717972, 1516319.924199998378754 ], [ 2649839.226000003516674, 1516322.435499999672174 ], [ 2649982.872400000691414, 1516265.245000001043081 ] ] ] ] } },
{ "type": "Feature", "properties": { "fid": 179, "OBJECTID": 58402, "CVE_COL": "19048_0180", "ID_COL": 58402, "COLONIA": "Privadas de Santa Catarina 1Er  Sector", "CP": "66350", "CVE_ENT": "19", "NOM_ENT": "Nuevo León", "MUN": "048", "CVE_MUN": "19048", "NOM_MUN": "Santa Catarina", "LOC": "0001", "CVE_LOC": "190480001", "NOM_LOC": "Ciudad Santa Catarina", "SUN_2018": "M19.01", "NOM_SUN": "Monterrey", "POBTOT": 1605.022773, "P6A14NAE": 3.156554, "SBASC": 7.590053, "PSDSS": 12.459834, "OVSDE": 0.0, "OVSEE": 0.00322, "OVSAE": 0.350116, "OVPT": 0.050264, "OVHAC": 11.917796, "OVSREF": 0.879656, "OVSINT": 7.749815, "OVSCEL": 1.021087, "IM_2020": 154.06255243587299, "GM_2020": "Muy bajo", "IMN_2020": 0.98224128888619999, "CLASIF": "Fraccionamiento" }, "geometry": { "type": "MultiPolygon", "coordinates": [ [ [ [ 2649984.084399998188019, 1516751.659299999475479 ], [ 2649983.530599996447563, 1516746.155699998140335 ], [ 2649972.535099998116493, 1516685.743599999696016 ], [ 2649969.698399998247623, 1516672.2939000017941 ], [ 2649968.486100003123283, 1516666.344399999827147 ], [ 2649968.096699997782707, 1516663.059500001370907 ], [ 2649949.20160000026226, 1516572.801199998706579 ], [ 2649949.005300000309944, 1516570.318199999630451 ], [ 2649948.380400002002716, 1516565.829599998891354 ], [ 2649932.984700001776218, 1516466.517200000584126 ], [ 2649918.980800002813339, 1516364.994100000709295 ], [ 2649910.654100000858307, 1516328.552299998700619 ], [ 2649779.37219999730587, 1516381.315600000321865 ], [ 2649756.751900002360344, 1516390.404199998825788 ], [ 2649742.040899999439716, 1516396.315000001341105 ], [ 2649691.825400002300739, 1516416.491300001740456 ], [ 2649680.646300002932549, 1516420.982900001108646 ], [ 2649661.883500002324581, 1516428.521499998867512 ], [ 2649665.094999998807907, 1516460.639899998903275 ], [ 2649580.93469999730587, 1516580.987399999052286 ], [ 2649619.144400000572205, 1516727.102200001478195 ], [ 2649629.884199999272823, 1516771.858199998736382 ], [ 2649645.938500002026558, 1516787.8301 ], [ 2649650.271300002932549, 1516809.371399998664856 ], [ 2649660.869699999690056, 1516808.155900001525879 ], [ 2649701.942900002002716, 1516802.411800000816584 ], [ 2649744.727099999785423, 1516797.434599999338388 ], [ 2649759.518200002610683, 1516795.356899999082088 ], [ 2649797.545400001108646, 1516789.211100000888109 ], [ 2649840.031400002539158, 1516782.11430000141263 ], [ 2649881.693899996578693, 1516774.722899999469519 ], [ 2649922.415700003504753, 1516766.065999999642372 ], [ 2649962.731600001454353, 1516756.985100001096725 ], [ 2649984.084399998188019, 1516751.659299999475479 ] ] ] ] } },
{ "type": "Feature", "properties": { "fid": 180, "OBJECTID": 58403, "CVE_COL": "19048_0181", "ID_COL": 58403, "COLONIA": "Privadas de Santa Catarina 2Do Sector", "CP": "66350", "CVE_ENT": "19", "NOM_ENT": "Nuevo León", "MUN": "048", "CVE_MUN": "19048", "NOM_MUN": "Santa Catarina", "LOC": "0001", "CVE_LOC": "190480001", "NOM_LOC": "Ciudad Santa Catarina", "SUN_2018": "M19.01", "NOM_SUN": "Monterrey", "POBTOT": 1792.345315, "P6A14NAE": 3.206707, "SBASC": 6.976239, "PSDSS": 11.607429, "OVSDE": 0.0, "OVSEE": 0.014726, "OVSAE": 0.026998, "OVPT": 0.018408, "OVHAC": 10.50217, "OVSREF": 0.801596, "OVSINT": 6.368549, "OVSCEL": 0.695038, "IM_2020": 154.26939686398799, "GM_2020": "Muy bajo", "IMN_2020": 0.98356004632890004, "CLASIF": "Fraccionamiento" }, "geometry": { "type": "MultiPolygon", "coordinates": [ [ [ [ 2650039.989200003445148, 1517073.000700000673532 ], [ 2650039.796099998056889, 1517067.662900000810623 ], [ 2650011.449600003659725, 1516896.989700000733137 ], [ 2650009.507799997925758, 1516886.842399999499321 ], [ 2649985.677500002086163, 1516760.258000001311302 ], [ 2649984.084399998188019, 1516751.659299999475479 ], [ 2649962.731600001454353, 1516756.985100001096725 ], [ 2649922.415700003504753, 1516766.065999999642372 ], [ 2649881.693899996578693, 1516774.722899999469519 ], [ 2649840.031400002539158, 1516782.11430000141263 ], [ 2649797.545400001108646, 1516789.211100000888109 ], [ 2649759.518200002610683, 1516795.356899999082088 ], [ 2649744.727099999785423, 1516797.434599999338388 ], [ 2649701.942900002002716, 1516802.411800000816584 ], [ 2649660.869699999690056, 1516808.155900001525879 ], [ 2649650.271300002932549, 1516809.371399998664856 ], [ 2649684.988799996674061, 1517038.628800000995398 ], [ 2649684.411899998784065, 1517068.883000001311302 ], [ 2649505.351099997758865, 1517074.400100000202656 ], [ 2649509.208999998867512, 1517080.545800000429153 ], [ 2649514.619300000369549, 1517115.307599999010563 ], [ 2649691.769199997186661, 1517112.391800001263618 ], [ 2649792.455799996852875, 1517107.516399998217821 ], [ 2649806.267099998891354, 1517105.340799998492002 ], [ 2649803.033699996769428, 1517065.320000000298023 ], [ 2649934.493000000715256, 1517070.118900001049042 ], [ 2649974.998999997973442, 1517070.4831000007689 ], [ 2650017.854800000786781, 1517072.453400000929832 ], [ 2650039.989200003445148, 1517073.000700000673532 ] ] ] ] } },
{ "type": "Feature", "properties": { "fid": 181, "OBJECTID": 58404, "CVE_COL": "19048_0182", "ID_COL": 58404, "COLONIA": "Privadas de Santa Catarina, Sector Elite", "CP": "66350", "CVE_ENT": "19", "NOM_ENT": "Nuevo León", "MUN": "048", "CVE_MUN": "19048", "NOM_MUN": "Santa Catarina", "LOC": "0001", "CVE_LOC": "190480001", "NOM_LOC": "Ciudad Santa Catarina", "SUN_2018": "M19.01", "NOM_SUN": "Monterrey", "POBTOT": 740.666863, "P6A14NAE": 2.826702, "SBASC": 6.074092, "PSDSS": 11.35116, "OVSDE": 0.0, "OVSEE": 0.148509, "OVSAE": 0.337078, "OVPT": 0.194347, "OVHAC": 6.879125, "OVSREF": 0.2312, "OVSINT": 5.504853, "OVSCEL": 0.252295, "IM_2020": 154.48851616749701, "GM_2020": "Muy bajo", "IMN_2020": 0.98495706347360001, "CLASIF": "Fraccionamiento" }, "geometry": { "type": "MultiPolygon", "coordinates": [ [ [ [ 2649650.271300002932549, 1516809.371399998664856 ], [ 2649645.938500002026558, 1516787.8301 ], [ 2649629.884199999272823, 1516771.858199998736382 ], [ 2649619.144400000572205, 1516727.102200001478195 ], [ 2649580.93469999730587, 1516580.987399999052286 ], [ 2649665.094999998807907, 1516460.639899998903275 ], [ 2649661.883500002324581, 1516428.521499998867512 ], [ 2649605.582500003278255, 1516451.1426 ], [ 2649502.713799998164177, 1516492.474199999123812 ], [ 2649438.07769999653101, 1516518.444299999624491 ], [ 2649458.872000001370907, 1516740.023800000548363 ], [ 2649433.27929999679327, 1516841.967099998146296 ], [ 2649488.167700000107288, 1517047.027300000190735 ], [ 2649505.351099997758865, 1517074.400100000202656 ], [ 2649684.411899998784065, 1517068.883000001311302 ], [ 2649684.988799996674061, 1517038.628800000995398 ], [ 2649650.271300002932549, 1516809.371399998664856 ] ] ] ] } },
{ "type": "Feature", "properties": { "fid": 182, "OBJECTID": 58406, "CVE_COL": "19048_0183", "ID_COL": 58406, "COLONIA": "Privadas del Pte 1 Sector", "CP": "66365", "CVE_ENT": "19", "NOM_ENT": "Nuevo León", "MUN": "048", "CVE_MUN": "19048", "NOM_MUN": "Santa Catarina", "LOC": "0001", "CVE_LOC": "190480001", "NOM_LOC": "Ciudad Santa Catarina", "SUN_2018": "M19.01", "NOM_SUN": "Monterrey", "POBTOT": 566.428223, "P6A14NAE": 2.991453, "SBASC": 9.051724, "PSDSS": 15.90547, "OVSDE": 0.0, "OVSEE": 0.0, "OVSAE": 0.053079, "OVPT": 0.437898, "OVHAC": 15.180468, "OVSREF": 0.37155, "OVSINT": 13.176752, "OVSCEL": 2.003715, "IM_2020": 153.520543714849, "GM_2020": "Muy bajo", "IMN_2020": 0.9787856578045, "CLASIF": "Fraccionamiento" }, "geometry": { "type": "MultiPolygon", "coordinates": [ [ [ [ 2656784.405500002205372, 1516950.278599999845028 ], [ 2656775.547899998724461, 1516883.8706 ], [ 2656752.337700001895428, 1516750.731100000441074 ], [ 2656746.383500002324581, 1516646.682399999350309 ], [ 2656713.89580000191927, 1516660.410700000822544 ], [ 2656707.309900000691414, 1516662.727699998766184 ], [ 2656665.613200001418591, 1516681.200300000607967 ], [ 2656638.94990000128746, 1516692.3026 ], [ 2656626.857299998402596, 1516697.562199998646975 ], [ 2656574.57039999961853, 1516720.304200001060963 ], [ 2656577.204499997198582, 1516726.103399999439716 ], [ 2656572.212300002574921, 1516727.673000000417233 ], [ 2656561.71000000089407, 1516733.282600000500679 ], [ 2656636.322800002992153, 1516914.478799998760223 ], [ 2656639.565200001001358, 1516924.430799998342991 ], [ 2656642.066200003027916, 1516932.373399998992682 ], [ 2656661.737499997019768, 1516935.131700001657009 ], [ 2656671.798900000751019, 1516937.777800001204014 ], [ 2656764.692800000309944, 1516950.7346 ], [ 2656770.090599998831749, 1516951.312800001353025 ], [ 2656784.405500002205372, 1516950.278599999845028 ] ] ] ] } },
{ "type": "Feature", "properties": { "fid": 183, "OBJECTID": 58407, "CVE_COL": "19048_0184", "ID_COL": 58407, "COLONIA": "Privadas del Pte 2 Sector", "CP": "66365", "CVE_ENT": "19", "NOM_ENT": "Nuevo León", "MUN": "048", "CVE_MUN": "19048", "NOM_MUN": "Santa Catarina", "LOC": "0001", "CVE_LOC": "190480001", "NOM_LOC": "Ciudad Santa Catarina", "SUN_2018": "M19.01", "NOM_SUN": "Monterrey", "POBTOT": 191.048828, "P6A14NAE": 2.991453, "SBASC": 9.051724, "PSDSS": 15.905469, "OVSDE": 0.0, "OVSEE": 0.0, "OVSAE": 0.053079, "OVPT": 0.437898, "OVHAC": 15.180467, "OVSREF": 0.37155, "OVSINT": 13.176751, "OVSCEL": 2.003716, "IM_2020": 153.52054383470801, "GM_2020": "Muy bajo", "IMN_2020": 0.97878565856870003, "CLASIF": "Fraccionamiento" }, "geometry": { "type": "MultiPolygon", "coordinates": [ [ [ [ 2656626.857299998402596, 1516697.562199998646975 ], [ 2656624.113600000739098, 1516691.10700000077486 ], [ 2656552.194499999284744, 1516521.916299998760223 ], [ 2656534.195500001311302, 1516529.438000001013279 ], [ 2656529.697300001978874, 1516532.696800000965595 ], [ 2656516.120300002396107, 1516537.841099999845028 ], [ 2656497.2179000005126, 1516545.75730000063777 ], [ 2656491.006899997591972, 1516549.248599998652935 ], [ 2656482.009400002658367, 1516553.246500000357628 ], [ 2656555.534199997782707, 1516719.6081000007689 ], [ 2656558.91669999808073, 1516727.097699999809265 ], [ 2656561.71000000089407, 1516733.282600000500679 ], [ 2656572.212300002574921, 1516727.673000000417233 ], [ 2656577.204499997198582, 1516726.103399999439716 ], [ 2656574.57039999961853, 1516720.304200001060963 ], [ 2656626.857299998402596, 1516697.562199998646975 ] ] ] ] } },
{ "type": "Feature", "properties": { "fid": 184, "OBJECTID": 58408, "CVE_COL": "19048_0185", "ID_COL": 58408, "COLONIA": "Privadas del Pte 3 Sector", "CP": "66365", "CVE_ENT": "19", "NOM_ENT": "Nuevo León", "MUN": "048", "CVE_MUN": "19048", "NOM_MUN": "Santa Catarina", "LOC": "0001", "CVE_LOC": "190480001", "NOM_LOC": "Ciudad Santa Catarina", "SUN_2018": "M19.01", "NOM_SUN": "Monterrey", "POBTOT": 357.871796, "P6A14NAE": 3.000008, "SBASC": 9.076643, "PSDSS": 15.915752, "OVSDE": 0.0, "OVSEE": 0.000105, "OVSAE": 0.053067, "OVPT": 0.437143, "OVHAC": 15.175032, "OVSREF": 0.371995, "OVSINT": 13.180993, "OVSCEL": 2.00762, "IM_2020": 153.51596120258699, "GM_2020": "Muy bajo", "IMN_2020": 0.97875644153700003, "CLASIF": "Fraccionamiento" }, "geometry": { "type": "MultiPolygon", "coordinates": [ [ [ [ 2656746.383500002324581, 1516646.682399999350309 ], [ 2656746.118299998342991, 1516642.0472999997437 ], [ 2656759.125200003385544, 1516638.619899999350309 ], [ 2656744.769400000572205, 1516629.73369999974966 ], [ 2656735.940499998629093, 1516617.590300001204014 ], [ 2656716.449500001966953, 1516546.238200001418591 ], [ 2656703.609499998390675, 1516477.624299999326468 ], [ 2656702.764700002968311, 1516467.651200000196695 ], [ 2656673.622500002384186, 1516477.968699999153614 ], [ 2656659.478799998760223, 1516481.27250000089407 ], [ 2656654.527699999511242, 1516480.834899999201298 ], [ 2656571.93860000371933, 1516508.205600000917912 ], [ 2656564.76799999922514, 1516512.579799998551607 ], [ 2656550.8191, 1516517.99040000140667 ], [ 2656552.194499999284744, 1516521.916299998760223 ], [ 2656624.113600000739098, 1516691.10700000077486 ], [ 2656626.857299998402596, 1516697.562199998646975 ], [ 2656638.94990000128746, 1516692.3026 ], [ 2656665.613200001418591, 1516681.200300000607967 ], [ 2656707.309900000691414, 1516662.727699998766184 ], [ 2656713.89580000191927, 1516660.410700000822544 ], [ 2656746.383500002324581, 1516646.682399999350309 ] ] ] ] } },
{ "type": "Feature", "properties": { "fid": 185, "OBJECTID": 58409, "CVE_COL": "19048_0186", "ID_COL": 58409, "COLONIA": "Privadas del Pte 4 Sector", "CP": "66365", "CVE_ENT": "19", "NOM_ENT": "Nuevo León", "MUN": "048", "CVE_MUN": "19048", "NOM_MUN": "Santa Catarina", "LOC": "0001", "CVE_LOC": "190480001", "NOM_LOC": "Ciudad Santa Catarina", "SUN_2018": "M19.01", "NOM_SUN": "Monterrey", "POBTOT": 425.864563, "P6A14NAE": 5.170781, "SBASC": 14.501335, "PSDSS": 18.276514, "OVSDE": 0.0, "OVSEE": 0.024321, "OVSAE": 0.050355, "OVPT": 0.263643, "OVHAC": 13.927174, "OVSREF": 0.47432, "OVSINT": 14.1552, "OVSCEL": 2.904141, "IM_2020": 152.437526074743, "GM_2020": "Muy bajo", "IMN_2020": 0.97188076997880002, "CLASIF": "Fraccionamiento" }, "geometry": { "type": "MultiPolygon", "coordinates": [ [ [ [ 2656552.194499999284744, 1516521.916299998760223 ], [ 2656550.8191, 1516517.99040000140667 ], [ 2656564.76799999922514, 1516512.579799998551607 ], [ 2656571.93860000371933, 1516508.205600000917912 ], [ 2656654.527699999511242, 1516480.834899999201298 ], [ 2656659.478799998760223, 1516481.27250000089407 ], [ 2656673.622500002384186, 1516477.968699999153614 ], [ 2656702.764700002968311, 1516467.651200000196695 ], [ 2656695.426899999380112, 1516433.463500000536442 ], [ 2656677.628200002014637, 1516348.919599998742342 ], [ 2656660.052799999713898, 1516267.885899998247623 ], [ 2656574.200599998235703, 1516301.5810999982059 ], [ 2656610.797600001096725, 1516388.8597999997437 ], [ 2656527.437600001692772, 1516422.519000001251698 ], [ 2656496.593500003218651, 1516435.229899998754263 ], [ 2656450.5033999979496, 1516453.434500001370907 ], [ 2656438.760499998927116, 1516457.644000001251698 ], [ 2656475.011699996888638, 1516541.014600001275539 ], [ 2656482.009400002658367, 1516553.246500000357628 ], [ 2656491.006899997591972, 1516549.248599998652935 ], [ 2656497.2179000005126, 1516545.75730000063777 ], [ 2656516.120300002396107, 1516537.841099999845028 ], [ 2656529.697300001978874, 1516532.696800000965595 ], [ 2656534.195500001311302, 1516529.438000001013279 ], [ 2656552.194499999284744, 1516521.916299998760223 ] ] ] ] } },
{ "type": "Feature", "properties": { "fid": 186, "OBJECTID": 58410, "CVE_COL": "19048_0187", "ID_COL": 58410, "COLONIA": "Privadas Las Catarinas", "CP": "66364", "CVE_ENT": "19", "NOM_ENT": "Nuevo León", "MUN": "048", "CVE_MUN": "19048", "NOM_MUN": "Santa Catarina", "LOC": "0001", "CVE_LOC": "190480001", "NOM_LOC": "Ciudad Santa Catarina", "SUN_2018": "M19.01", "NOM_SUN": "Monterrey", "POBTOT": 201.885849, "P6A14NAE": 1.75334, "SBASC": 10.7057, "PSDSS": 14.284122, "OVSDE": 0.0, "OVSEE": 0.0, "OVSAE": 0.0, "OVPT": 0.001121, "OVHAC": 11.26727, "OVSREF": 0.346757, "OVSINT": 11.756683, "OVSCEL": 2.676798, "IM_2020": 153.95709563851901, "GM_2020": "Muy bajo", "IMN_2020": 0.9815689384745, "CLASIF": "Fraccionamiento" }, "geometry": { "type": "MultiPolygon", "coordinates": [ [ [ [ 2650687.327799998223782, 1514998.211399998515844 ], [ 2650658.068599998950958, 1514942.425000000745058 ], [ 2650648.844700001180172, 1514884.25279999896884 ], [ 2650643.464100003242493, 1514870.51069999858737 ], [ 2650526.927400000393391, 1514924.852899998426437 ], [ 2650512.551299996674061, 1514930.661699999123812 ], [ 2650529.768200002610683, 1514973.946800000965595 ], [ 2650555.860200002789497, 1515040.152699999511242 ], [ 2650615.493100002408028, 1515013.786400001496077 ], [ 2650663.535800002515316, 1514991.742199998348951 ], [ 2650667.403300002217293, 1514993.438499998301268 ], [ 2650687.327799998223782, 1514998.211399998515844 ] ] ] ] } },
{ "type": "Feature", "properties": { "fid": 187, "OBJECTID": 58411, "CVE_COL": "19048_0188", "ID_COL": 58411, "COLONIA": "Privadas Sierra Madre Rdcial", "CP": "66354", "CVE_ENT": "19", "NOM_ENT": "Nuevo León", "MUN": "048", "CVE_MUN": "19048", "NOM_MUN": "Santa Catarina", "LOC": "0001", "CVE_LOC": "190480001", "NOM_LOC": "Ciudad Santa Catarina", "SUN_2018": "M19.01", "NOM_SUN": "Monterrey", "POBTOT": 540.893147, "P6A14NAE": 3.779995, "SBASC": 16.200725, "PSDSS": 14.688186, "OVSDE": 0.0, "OVSEE": 0.0, "OVSAE": 0.001634, "OVPT": 0.072309, "OVHAC": 12.506797, "OVSREF": 0.99799, "OVSINT": 12.467984, "OVSCEL": 5.812304, "IM_2020": 152.783311752044, "GM_2020": "Muy bajo", "IMN_2020": 0.97408536132159995, "CLASIF": "Fraccionamiento" }, "geometry": { "type": "MultiPolygon", "coordinates": [ [ [ [ 2654186.556500002741814, 1513286.394999999552965 ], [ 2654181.793999999761581, 1513285.825599998235703 ], [ 2654172.32209999859333, 1513284.944400001317263 ], [ 2654108.799500003457069, 1513278.0669 ], [ 2654088.920400001108646, 1513312.208700001239777 ], [ 2654073.334100000560284, 1513339.044599998742342 ], [ 2654054.130199998617172, 1513372.116599999368191 ], [ 2654035.456900000572205, 1513404.271499998867512 ], [ 2654114.589599996805191, 1513419.8445999994874 ], [ 2654383.155799999833107, 1513424.021999999880791 ], [ 2654384.4463, 1513331.313000001013279 ], [ 2654184.833800002932549, 1513311.671999998390675 ], [ 2654186.556500002741814, 1513286.394999999552965 ] ] ] ] } },
{ "type": "Feature", "properties": { "fid": 188, "OBJECTID": 58412, "CVE_COL": "19048_0189", "ID_COL": 58412, "COLONIA": "Pro Vivienda del Poniente 1 Sector", "CP": "66129", "CVE_ENT": "19", "NOM_ENT": "Nuevo León", "MUN": "048", "CVE_MUN": "19048", "NOM_MUN": "Santa Catarina", "LOC": "0001", "CVE_LOC": "190480001", "NOM_LOC": "Ciudad Santa Catarina", "SUN_2018": "M19.01", "NOM_SUN": "Monterrey", "POBTOT": 239.892133, "P6A14NAE": 7.771947, "SBASC": 25.83179, "PSDSS": 21.041069, "OVSDE": 5.7e-05, "OVSEE": 0.026787, "OVSAE": 0.050304, "OVPT": 0.405022, "OVHAC": 19.621453, "OVSREF": 2.440292, "OVSINT": 24.750832, "OVSCEL": 6.200372, "IM_2020": 150.21891894932699, "GM_2020": "Bajo", "IMN_2020": 0.95773581724409995, "CLASIF": "Colonia" }, "geometry": { "type": "MultiPolygon", "coordinates": [ [ [ [ 2656697.5287000015378, 1515806.150199998170137 ], [ 2656684.698899999260902, 1515774.915300000458956 ], [ 2656678.293799996376038, 1515759.321800000965595 ], [ 2656662.801299996674061, 1515720.746500000357628 ], [ 2656652.379000000655651, 1515694.795699998736382 ], [ 2656635.02419999986887, 1515654.222600001841784 ], [ 2656619.776399999856949, 1515617.133299998939037 ], [ 2656617.739, 1515612.177400000393391 ], [ 2656603.396200001239777, 1515569.027199998497963 ], [ 2656551.282499998807907, 1515583.67509999871254 ], [ 2656515.07039999961853, 1515596.146099999547005 ], [ 2656523.287699997425079, 1515634.166700001806021 ], [ 2656530.76240000128746, 1515668.750900000333786 ], [ 2656539.767899997532368, 1515710.231300000101328 ], [ 2656545.434299997985363, 1515736.331500001251698 ], [ 2656558.18469999730587, 1515792.929999999701977 ], [ 2656564.645000003278255, 1515821.390000000596046 ], [ 2656659.874200001358986, 1515810.661499999463558 ], [ 2656697.5287000015378, 1515806.150199998170137 ] ] ] ] } },
{ "type": "Feature", "properties": { "fid": 189, "OBJECTID": 58413, "CVE_COL": "19048_0190", "ID_COL": 58413, "COLONIA": "Pro Vivienda del Poniente 2 Sector", "CP": "66129", "CVE_ENT": "19", "NOM_ENT": "Nuevo León", "MUN": "048", "CVE_MUN": "19048", "NOM_MUN": "Santa Catarina", "LOC": "0001", "CVE_LOC": "190480001", "NOM_LOC": "Ciudad Santa Catarina", "SUN_2018": "M19.01", "NOM_SUN": "Monterrey", "POBTOT": 666.478141, "P6A14NAE": 7.767586, "SBASC": 19.423127, "PSDSS": 20.662747, "OVSDE": 0.0, "OVSEE": 0.047221, "OVSAE": 0.047782, "OVPT": 0.101329, "OVHAC": 12.888323, "OVSREF": 0.590813, "OVSINT": 15.276386, "OVSCEL": 3.854966, "IM_2020": 151.282234144803, "GM_2020": "Bajo", "IMN_2020": 0.96451509015360004, "CLASIF": "Colonia" }, "geometry": { "type": "MultiPolygon", "coordinates": [ [ [ [ 2656871.137500002980232, 1516222.361400000751019 ], [ 2656851.007600001990795, 1516174.558200001716614 ], [ 2656829.489200003445148, 1516123.819699998944998 ], [ 2656820.57490000128746, 1516110.805399999022484 ], [ 2656807.020000003278255, 1516091.17960000038147 ], [ 2656784.569600000977516, 1516138.105000000447035 ], [ 2656760.072599999606609, 1516183.873799998313189 ], [ 2656644.112300001084805, 1516198.875900000333786 ], [ 2656559.113099999725819, 1516227.7652000002563 ], [ 2656480.598899997770786, 1516255.146800000220537 ], [ 2656364.61710000038147, 1516295.594900000840425 ], [ 2656376.48200000077486, 1516334.984000001102686 ], [ 2656389.538400001823902, 1516374.4353 ], [ 2656400.756300002336502, 1516369.750100001692772 ], [ 2656414.225900001823902, 1516364.124499998986721 ], [ 2656452.163199998438358, 1516349.051600001752377 ], [ 2656502.517499998211861, 1516330.069600000977516 ], [ 2656557.587600000202656, 1516308.101399999111891 ], [ 2656574.200599998235703, 1516301.5810999982059 ], [ 2656660.052799999713898, 1516267.885899998247623 ], [ 2656677.628200002014637, 1516348.919599998742342 ], [ 2656695.426899999380112, 1516433.463500000536442 ], [ 2656734.977700002491474, 1516422.055599998682737 ], [ 2656777.513400003314018, 1516411.6233000010252 ], [ 2656762.112099997699261, 1516333.373199999332428 ], [ 2656740.062600001692772, 1516226.731499999761581 ], [ 2656761.202500000596046, 1516224.03999999910593 ], [ 2656773.484300002455711, 1516228.744600001722574 ], [ 2656800.645999997854233, 1516239.149700000882149 ], [ 2656823.526500001549721, 1516232.932599999010563 ], [ 2656860.21000000089407, 1516226.985800001770258 ], [ 2656871.137500002980232, 1516222.361400000751019 ] ] ] ] } },
{ "type": "Feature", "properties": { "fid": 190, "OBJECTID": 58414, "CVE_COL": "19048_0191", "ID_COL": 58414, "COLONIA": "Pro Vivienda del Poniente 3 Sector", "CP": "66129", "CVE_ENT": "19", "NOM_ENT": "Nuevo León", "MUN": "048", "CVE_MUN": "19048", "NOM_MUN": "Santa Catarina", "LOC": "0001", "CVE_LOC": "190480001", "NOM_LOC": "Ciudad Santa Catarina", "SUN_2018": "M19.01", "NOM_SUN": "Monterrey", "POBTOT": 555.934469, "P6A14NAE": 2.991705, "SBASC": 9.053328, "PSDSS": 15.905895, "OVSDE": 0.0, "OVSEE": 0.0, "OVSAE": 0.053092, "OVPT": 0.437939, "OVHAC": 15.181846, "OVSREF": 0.371655, "OVSINT": 13.178161, "OVSCEL": 2.004014, "IM_2020": 153.520252295398, "GM_2020": "Muy bajo", "IMN_2020": 0.97878379983050001, "CLASIF": "Colonia" }, "geometry": { "type": "MultiPolygon", "coordinates": [ [ [ [ 2656832.796099998056889, 1517107.100600000470877 ], [ 2656824.893399998545647, 1517077.294199999421835 ], [ 2656888.097000002861023, 1516991.006400000303984 ], [ 2656882.827799998223782, 1516922.060400001704693 ], [ 2656892.949000000953674, 1516921.865699999034405 ], [ 2656887.290399998426437, 1516866.031199999153614 ], [ 2656886.179099999368191, 1516861.123199999332428 ], [ 2656878.865800000727177, 1516828.833799999207258 ], [ 2656877.621799997985363, 1516823.342399999499321 ], [ 2656868.53320000320673, 1516785.026799999177456 ], [ 2656867.666299998760223, 1516779.366300001740456 ], [ 2656863.117200002074242, 1516747.568300001323223 ], [ 2656862.046599999070168, 1516742.680399999022484 ], [ 2656853.660700000822544, 1516696.0929000005126 ], [ 2656838.78999999910593, 1516699.852200001478195 ], [ 2656831.358900003135204, 1516669.478500001132488 ], [ 2656829.108400002121925, 1516661.337000001221895 ], [ 2656820.242700003087521, 1516625.105999998748302 ], [ 2656759.125200003385544, 1516638.619899999350309 ], [ 2656746.118299998342991, 1516642.0472999997437 ], [ 2656746.383500002324581, 1516646.682399999350309 ], [ 2656752.337700001895428, 1516750.731100000441074 ], [ 2656775.547899998724461, 1516883.8706 ], [ 2656784.405500002205372, 1516950.278599999845028 ], [ 2656795.30629999935627, 1516949.49100000038743 ], [ 2656794.066799998283386, 1516964.997900001704693 ], [ 2656796.237499997019768, 1516974.3246 ], [ 2656806.040799997746944, 1517019.6402000002563 ], [ 2656805.840499997138977, 1517037.043600000441074 ], [ 2656803.073299996554852, 1517097.107599999755621 ], [ 2656803.611900001764297, 1517112.588199999183416 ], [ 2656832.796099998056889, 1517107.100600000470877 ] ] ] ] } },
{ "type": "Feature", "properties": { "fid": 191, "OBJECTID": 58415, "CVE_COL": "19048_0192", "ID_COL": 58415, "COLONIA": "Pro Vivienda del Poniente 4 Sector", "CP": "66366", "CVE_ENT": "19", "NOM_ENT": "Nuevo León", "MUN": "048", "CVE_MUN": "19048", "NOM_MUN": "Santa Catarina", "LOC": "0001", "CVE_LOC": "190480001", "NOM_LOC": "Ciudad Santa Catarina", "SUN_2018": "M19.01", "NOM_SUN": "Monterrey", "POBTOT": 299.34021, "P6A14NAE": 6.52819, "SBASC": 23.93862, "PSDSS": 21.523437, "OVSDE": 0.156128, "OVSEE": 0.039032, "OVSAE": 2.068696, "OVPT": 3.395785, "OVHAC": 21.194379, "OVSREF": 4.332552, "OVSINT": 34.426228, "OVSCEL": 6.518345, "IM_2020": 149.728445416699, "GM_2020": "Medio", "IMN_2020": 0.95460875393610001, "CLASIF": "Colonia" }, "geometry": { "type": "MultiPolygon", "coordinates": [ [ [ [ 2653864.774300001561642, 1516439.559000000357628 ], [ 2653757.211599998176098, 1516468.292700000107288 ], [ 2653766.770300000905991, 1516511.8048 ], [ 2653773.476300001144409, 1516542.509799998253584 ], [ 2653783.532600000500679, 1516586.869300000369549 ], [ 2653792.436499997973442, 1516633.749800000339746 ], [ 2653806.039800003170967, 1516678.811900001019239 ], [ 2653839.696199998259544, 1516790.301600001752377 ], [ 2653957.680200003087521, 1516748.866700001060963 ], [ 2653913.775399997830391, 1516608.938900001347065 ], [ 2653903.833400003612041, 1516562.548599999397993 ], [ 2653895.68129999935627, 1516518.358199998736382 ], [ 2653886.709200002253056, 1516476.723799999803305 ], [ 2653875.664300002157688, 1516483.140700001269579 ], [ 2653868.44030000269413, 1516454.735199999064207 ], [ 2653864.774300001561642, 1516439.559000000357628 ] ] ] ] } },
{ "type": "Feature", "properties": { "fid": 192, "OBJECTID": 58416, "CVE_COL": "19048_0193", "ID_COL": 58416, "COLONIA": "Protexa 1Er Y 2Do Sector", "CP": "66170", "CVE_ENT": "19", "NOM_ENT": "Nuevo León", "MUN": "048", "CVE_MUN": "19048", "NOM_MUN": "Santa Catarina", "LOC": "0001", "CVE_LOC": "190480001", "NOM_LOC": "Ciudad Santa Catarina", "SUN_2018": "M19.01", "NOM_SUN": "Monterrey", "POBTOT": 1358.388172, "P6A14NAE": 5.248894, "SBASC": 15.091142, "PSDSS": 15.985901, "OVSDE": 1.9e-05, "OVSEE": 6.3e-05, "OVSAE": 0.000816, "OVPT": 0.259663, "OVHAC": 12.852244, "OVSREF": 0.695686, "OVSINT": 12.795436, "OVSCEL": 3.772705, "IM_2020": 152.54795448158501, "GM_2020": "Muy bajo", "IMN_2020": 0.97258481738650004, "CLASIF": "Colonia" }, "geometry": { "type": "MultiPolygon", "coordinates": [ [ [ [ 2656255.221900001168251, 1513974.282400000840425 ], [ 2656290.453699998557568, 1513948.882399998605251 ], [ 2656285.5691, 1513935.827599998563528 ], [ 2656294.122100003063679, 1513899.041299998760223 ], [ 2656301.35809999704361, 1513882.08390000090003 ], [ 2656293.71169999986887, 1513871.486200001090765 ], [ 2656280.377099998295307, 1513884.285799998790026 ], [ 2656260.24549999833107, 1513903.277300000190735 ], [ 2656204.29169999808073, 1513796.608399998396635 ], [ 2656226.686999998986721, 1513781.166400000452995 ], [ 2656230.156099997460842, 1513779.386799998581409 ], [ 2656318.552500002086163, 1513734.049899999052286 ], [ 2656321.210100002586842, 1513732.686700001358986 ], [ 2656308.713600002229214, 1513715.99040000140667 ], [ 2656276.948299996554852, 1513670.619800001382828 ], [ 2656183.770599998533726, 1513654.548500001430511 ], [ 2656186.813100002706051, 1513616.908399999141693 ], [ 2656187.560999996960163, 1513572.798599999397993 ], [ 2656187.930399999022484, 1513551.013000000268221 ], [ 2656143.278399996459484, 1513546.918800000101328 ], [ 2655999.150799997150898, 1513553.380899999290705 ], [ 2655909.305399999022484, 1513570.280699998140335 ], [ 2655829.307300001382828, 1513607.2787000015378 ], [ 2655758.962999999523163, 1513657.51410000026226 ], [ 2655693.04389999806881, 1513693.447200000286102 ], [ 2655658.456299997866154, 1513724.71169999986887 ], [ 2655659.71509999781847, 1513731.037799999117851 ], [ 2655665.033299997448921, 1513758.565600000321865 ], [ 2655742.3301, 1513714.2511 ], [ 2655748.360699996352196, 1513736.604299999773502 ], [ 2655753.151799999177456, 1513778.214099999517202 ], [ 2655803.353100001811981, 1513766.046900000423193 ], [ 2655812.824699997901917, 1513746.697500001639128 ], [ 2655827.986299999058247, 1513745.481899999082088 ], [ 2655952.0735, 1513721.245700001716614 ], [ 2655978.690700002014637, 1513761.4463 ], [ 2655987.35530000180006, 1513774.532600000500679 ], [ 2655906.757600001990795, 1513859.855700001120567 ], [ 2655967.794299997389317, 1513853.436099998652935 ], [ 2655974.453299999237061, 1513873.314599998295307 ], [ 2656054.635600000619888, 1513900.960200000554323 ], [ 2656109.6272, 1513910.173900000751019 ], [ 2656143.513999998569489, 1513939.895199999213219 ], [ 2656172.618699997663498, 1513978.037999998778105 ], [ 2656176.161899998784065, 1513983.458399999886751 ], [ 2656246.508100003004074, 1513970.329799998551607 ], [ 2656255.221900001168251, 1513974.282400000840425 ] ] ] ] } },
{ "type": "Feature", "properties": { "fid": 193, "OBJECTID": 58417, "CVE_COL": "19048_0194", "ID_COL": 58417, "COLONIA": "Puerta de Las Mitras", "CP": "66350", "CVE_ENT": "19", "NOM_ENT": "Nuevo León", "MUN": "048", "CVE_MUN": "19048", "NOM_MUN": "Santa Catarina", "LOC": "0001", "CVE_LOC": "190480001", "NOM_LOC": "Ciudad Santa Catarina", "SUN_2018": "M19.01", "NOM_SUN": "Monterrey", "POBTOT": 2849.241699, "P6A14NAE": 3.296718, "SBASC": 10.365903, "PSDSS": 15.42375, "OVSDE": 0.0, "OVSEE": 0.0, "OVSAE": 0.238617, "OVPT": 0.032053, "OVHAC": 12.433243, "OVSREF": 0.968616, "OVSINT": 10.654563, "OVSCEL": 2.877806, "IM_2020": 153.452914168653, "GM_2020": "Muy bajo", "IMN_2020": 0.97835447883479998, "CLASIF": "Fraccionamiento" }, "geometry": { "type": "MultiPolygon", "coordinates": [ [ [ [ 2650342.166900001466274, 1517066.823800001293421 ], [ 2650337.431400001049042, 1517037.09910000115633 ], [ 2650336.136699996888638, 1517029.332899998873472 ], [ 2650328.483300000429153, 1516983.422400001436472 ], [ 2650320.829899996519089, 1516937.511799998581409 ], [ 2650313.070500001311302, 1516890.965700000524521 ], [ 2650305.342500001192093, 1516844.607599999755621 ], [ 2650297.828500002622604, 1516799.533399999141693 ], [ 2650290.211499996483326, 1516753.841699998825788 ], [ 2650282.852899998426437, 1516708.279899999499321 ], [ 2650266.30349999666214, 1516617.072799999266863 ], [ 2650254.795000001788139, 1516538.695300001651049 ], [ 2650248.795400001108646, 1516425.561099998652935 ], [ 2650215.032899998128414, 1516254.176699999719858 ], [ 2650206.1831, 1516209.814300000667572 ], [ 2650183.002099998295307, 1516219.1283 ], [ 2650098.01519999653101, 1516253.275600001215935 ], [ 2650081.555100001394749, 1516259.88910000026226 ], [ 2649992.389499999582767, 1516295.715300001204014 ], [ 2649929.215499997138977, 1516321.053199999034405 ], [ 2649910.654100000858307, 1516328.552299998700619 ], [ 2649918.980800002813339, 1516364.994100000709295 ], [ 2649932.984700001776218, 1516466.517200000584126 ], [ 2649948.380400002002716, 1516565.829599998891354 ], [ 2649949.005300000309944, 1516570.318199999630451 ], [ 2649949.20160000026226, 1516572.801199998706579 ], [ 2649968.096699997782707, 1516663.059500001370907 ], [ 2649968.486100003123283, 1516666.344399999827147 ], [ 2649969.698399998247623, 1516672.2939000017941 ], [ 2649972.535099998116493, 1516685.743599999696016 ], [ 2649983.530599996447563, 1516746.155699998140335 ], [ 2649984.084399998188019, 1516751.659299999475479 ], [ 2649985.677500002086163, 1516760.258000001311302 ], [ 2650009.507799997925758, 1516886.842399999499321 ], [ 2650011.449600003659725, 1516896.989700000733137 ], [ 2650039.796099998056889, 1517067.662900000810623 ], [ 2650039.989200003445148, 1517073.000700000673532 ], [ 2650061.529399998486042, 1517072.424699999392033 ], [ 2650106.609399996697903, 1517073.529899999499321 ], [ 2650166.428800001740456, 1517074.996300000697374 ], [ 2650214.22749999910593, 1517076.168000001460314 ], [ 2650225.566600002348423, 1517076.445999998599291 ], [ 2650271.864399999380112, 1517077.580899998545647 ], [ 2650342.166900001466274, 1517066.823800001293421 ] ] ] ] } },
{ "type": "Feature", "properties": { "fid": 194, "OBJECTID": 58418, "CVE_COL": "19048_0195", "ID_COL": 58418, "COLONIA": "Puerta del Sol", "CP": "66350", "CVE_ENT": "19", "NOM_ENT": "Nuevo León", "MUN": "048", "CVE_MUN": "19048", "NOM_MUN": "Santa Catarina", "LOC": "0001", "CVE_LOC": "190480001", "NOM_LOC": "Ciudad Santa Catarina", "SUN_2018": "M19.01", "NOM_SUN": "Monterrey", "POBTOT": 2669.053291, "P6A14NAE": 10.121436, "SBASC": 31.405592, "PSDSS": 26.094622, "OVSDE": 0.110312, "OVSEE": 0.000355, "OVSAE": 0.128485, "OVPT": 1.165522, "OVHAC": 29.801517, "OVSREF": 1.79293, "OVSINT": 32.281051, "OVSCEL": 8.242891, "IM_2020": 148.273082396761, "GM_2020": "Medio", "IMN_2020": 0.94532994071450005, "CLASIF": "Colonia" }, "geometry": { "type": "MultiPolygon", "coordinates": [ [ [ [ 2651882.844200000166893, 1515142.480599999427795 ], [ 2651856.63849999755621, 1515152.311599999666214 ], [ 2651821.657999999821186, 1515172.800799999386072 ], [ 2651810.557099997997284, 1515181.236400000751019 ], [ 2651803.015799999237061, 1515186.967099998146296 ], [ 2651788.661300003528595, 1515197.875199999660254 ], [ 2651745.067800000309944, 1515235.979899998754263 ], [ 2651700.769799999892712, 1515274.816700000315905 ], [ 2651695.261, 1515279.637800000607967 ], [ 2651633.794600002467632, 1515333.430300001055002 ], [ 2651578.156700000166893, 1515382.122099999338388 ], [ 2651554.640900000929832, 1515402.701999999582767 ], [ 2651504.934000000357628, 1515446.079 ], [ 2651496.352799996733665, 1515453.227800000458956 ], [ 2651453.299699999392033, 1515490.785100001841784 ], [ 2651449.090400002896786, 1515494.412500001490116 ], [ 2651428.864799998700619, 1515511.842300001531839 ], [ 2651278.064499996602535, 1515641.796999998390675 ], [ 2651214.290799997746944, 1515696.147399999201298 ], [ 2651198.464000001549721, 1515709.404699999839067 ], [ 2651097.005999997258186, 1515794.427499998360872 ], [ 2651090.118500001728535, 1515800.158300001174212 ], [ 2651083.026600003242493, 1515806.1338 ], [ 2651074.544600002467632, 1515812.942800000309944 ], [ 2651038.859099999070168, 1515841.729499999433756 ], [ 2650898.7993, 1515936.707100000232458 ], [ 2650990.218599997460842, 1515917.531300000846386 ], [ 2651114.310500003397465, 1515914.445099998265505 ], [ 2651294.161300003528595, 1515920.119199998676777 ], [ 2651364.909199997782707, 1515922.351199999451637 ], [ 2651445.27419999986887, 1515925.261199999600649 ], [ 2651523.565200001001358, 1515927.3564000017941 ], [ 2651551.328599996864796, 1515928.232200000435114 ], [ 2651667.000100001692772, 1515931.88120000064373 ], [ 2651689.177100002765656, 1515932.568999998271465 ], [ 2651739.99719999730587, 1515934.147900000214577 ], [ 2651875.911200001835823, 1515938.471500001847744 ], [ 2651893.73650000244379, 1515939.0337999984622 ], [ 2651918.55629999935627, 1515939.816700000315905 ], [ 2651934.141500003635883, 1515940.308299999684095 ], [ 2651992.870899997651577, 1515942.160900000482798 ], [ 2652045.492799997329712, 1515943.820799998939037 ], [ 2652096.788900002837181, 1515945.438900001347065 ], [ 2652118.134700000286102, 1515946.112199999392033 ], [ 2652186.517800003290176, 1515948.208999998867512 ], [ 2652355.844200000166893, 1515953.610300000756979 ], [ 2652369.969300001859665, 1515954.055799998342991 ], [ 2652361.527999997138977, 1515930.361299999058247 ], [ 2652331.129600003361702, 1515845.033900000154972 ], [ 2652298.727099999785423, 1515754.081199999898672 ], [ 2652268.18469999730587, 1515667.393300000578165 ], [ 2652252.679499998688698, 1515622.240800000727177 ], [ 2652237.4746999964118, 1515578.611999999731779 ], [ 2652203.813500002026558, 1515479.077100001275539 ], [ 2652163.914800003170967, 1515358.663899999111891 ], [ 2652133.426299996674061, 1515270.588700000196695 ], [ 2652102.649400003254414, 1515181.6798 ], [ 2652011.348099999129772, 1515212.969500001519918 ], [ 2652006.842500001192093, 1515214.3277000002563 ], [ 2651917.791599996387959, 1515243.376499999314547 ], [ 2651882.844200000166893, 1515142.480599999427795 ] ], [ [ 2651768.430699996650219, 1515454.073399998247623 ], [ 2651709.314099997282028, 1515497.773699998855591 ], [ 2651698.409999996423721, 1515487.190999999642372 ], [ 2651688.524099998176098, 1515478.169700000435114 ], [ 2651708.58839999884367, 1515461.810400001704693 ], [ 2651672.416400000452995, 1515358.401399999856949 ], [ 2651718.075000002980232, 1515337.697200000286102 ], [ 2651768.430699996650219, 1515454.073399998247623 ] ] ] ] } },
{ "type": "Feature", "properties": { "fid": 195, "OBJECTID": 58419, "CVE_COL": "19048_0196", "ID_COL": 58419, "COLONIA": "Rdcial Cordilleras", "CP": "66196", "CVE_ENT": "19", "NOM_ENT": "Nuevo León", "MUN": "048", "CVE_MUN": "19048", "NOM_MUN": "Santa Catarina", "LOC": "0001", "CVE_LOC": "190480001", "NOM_LOC": "Ciudad Santa Catarina", "SUN_2018": "M19.01", "NOM_SUN": "Monterrey", "POBTOT": 726.829664, "P6A14NAE": 5.8715, "SBASC": 7.680408, "PSDSS": 11.214583, "OVSDE": 0.0, "OVSEE": 0.068917, "OVSAE": 0.068917, "OVPT": 0.758092, "OVHAC": 5.854475, "OVSREF": 0.206752, "OVSINT": 7.718755, "OVSCEL": 1.791854, "IM_2020": 153.608762776216, "GM_2020": "Muy bajo", "IMN_2020": 0.97934810729770005, "CLASIF": "Fraccionamiento" }, "geometry": { "type": "MultiPolygon", "coordinates": [ [ [ [ 2655794.050499998033047, 1512683.166200000792742 ], [ 2655788.60639999806881, 1512664.007599998265505 ], [ 2655783.645000003278255, 1512646.548000000417233 ], [ 2655752.563799999654293, 1512537.166600000113249 ], [ 2655632.240199998021126, 1512499.43189999833703 ], [ 2655593.28490000218153, 1512562.740499999374151 ], [ 2655292.143100000917912, 1512376.242600001394749 ], [ 2655286.853399999439716, 1512380.912300001829863 ], [ 2655250.941299997270107, 1512412.619100000709295 ], [ 2655162.564999997615814, 1512452.150199998170137 ], [ 2655022.269400000572205, 1512496.308800000697374 ], [ 2655036.315399996936321, 1512522.799800001084805 ], [ 2655062.627300001680851, 1512546.702799998223782 ], [ 2655106.88910000026226, 1512576.4543999992311 ], [ 2655175.66160000115633, 1512618.063400000333786 ], [ 2655104.175800003111362, 1512738.279599998146296 ], [ 2655102.696199998259544, 1512741.322599999606609 ], [ 2655115.549199998378754, 1512752.641100000590086 ], [ 2655154.517800003290176, 1512781.230000000447035 ], [ 2655201.508299998939037, 1512814.769499998539686 ], [ 2655417.988899998366833, 1512923.86259999871254 ], [ 2655528.236400000751019, 1512974.383099999278784 ], [ 2655548.068000003695488, 1512991.106499999761581 ], [ 2655578.9956, 1513002.973000001162291 ], [ 2655594.68129999935627, 1512975.354699999094009 ], [ 2655644.258900001645088, 1512886.899000000208616 ], [ 2655680.442800000309944, 1512852.798599999397993 ], [ 2655765.962600000202656, 1512790.975499998778105 ], [ 2655769.449699997901917, 1512777.590799998492002 ], [ 2655776.809199996292591, 1512749.343100000172853 ], [ 2655794.050499998033047, 1512683.166200000792742 ] ] ] ] } },
{ "type": "Feature", "properties": { "fid": 196, "OBJECTID": 58420, "CVE_COL": "19048_0197", "ID_COL": 58420, "COLONIA": "Rdcial Cuauhtemoc", "CP": "66360", "CVE_ENT": "19", "NOM_ENT": "Nuevo León", "MUN": "048", "CVE_MUN": "19048", "NOM_MUN": "Santa Catarina", "LOC": "0001", "CVE_LOC": "190480001", "NOM_LOC": "Ciudad Santa Catarina", "SUN_2018": "M19.01", "NOM_SUN": "Monterrey", "POBTOT": 1016.286957, "P6A14NAE": 2.50051, "SBASC": 15.13636, "PSDSS": 16.997595, "OVSDE": 0.0, "OVSEE": 0.174064, "OVSAE": 0.066559, "OVPT": 0.308445, "OVHAC": 10.181669, "OVSREF": 0.379063, "OVSINT": 9.874694, "OVSCEL": 3.775389, "IM_2020": 153.10798526226699, "GM_2020": "Muy bajo", "IMN_2020": 0.97615534992109998, "CLASIF": "Colonia" }, "geometry": { "type": "MultiPolygon", "coordinates": [ [ [ [ 2655432.38120000064373, 1516044.998599998652935 ], [ 2655451.3926, 1516017.703600000590086 ], [ 2655499.786700002849102, 1515948.223099999129772 ], [ 2655505.915500000119209, 1515939.423900000751019 ], [ 2655535.600599996745586, 1515892.005800001323223 ], [ 2655549.49549999833107, 1515869.810400001704693 ], [ 2655566.777800001204014, 1515844.512699998915195 ], [ 2655573.432099997997284, 1515834.772199999541044 ], [ 2655584.652099996805191, 1515818.348400000482798 ], [ 2655600.876500003039837, 1515794.599300000816584 ], [ 2655622.947400003671646, 1515762.291999999433756 ], [ 2655641.314000003039837, 1515735.4070999994874 ], [ 2655678.076700001955032, 1515681.594000000506639 ], [ 2655705.588899999856949, 1515641.4662000015378 ], [ 2655722.319700002670288, 1515617.063499998301268 ], [ 2655678.298299998044968, 1515591.41440000012517 ], [ 2655618.416400000452995, 1515600.848099999129772 ], [ 2655565.441299997270107, 1515605.950599998235703 ], [ 2655465.83219999819994, 1515626.6162 ], [ 2655409.335699997842312, 1515649.784600000828505 ], [ 2655387.694300003349781, 1515652.441399998962879 ], [ 2655311.688000001013279, 1515710.993500001728535 ], [ 2655229.837999999523163, 1515790.6743 ], [ 2655198.338699996471405, 1515812.646999999880791 ], [ 2655112.753700003027916, 1515860.641399998217821 ], [ 2655061.788900002837181, 1515884.617800001055002 ], [ 2655051.873700000345707, 1515899.012800000607967 ], [ 2654948.723600000143051, 1515915.358199998736382 ], [ 2654988.780900001525879, 1515947.271899998188019 ], [ 2654972.267499998211861, 1515989.171100001782179 ], [ 2654968.439400002360344, 1516031.928800001740456 ], [ 2654983.723999999463558, 1516055.599800001829863 ], [ 2655009.740299999713898, 1516099.59569999948144 ], [ 2655035.399899996817112, 1516140.476599998772144 ], [ 2655058.011100001633167, 1516179.812699999660254 ], [ 2655064.065999999642372, 1516197.746800001710653 ], [ 2655090.726999998092651, 1516186.685699999332428 ], [ 2655265.382399998605251, 1516113.4518 ], [ 2655432.38120000064373, 1516044.998599998652935 ] ] ] ] } },
{ "type": "Feature", "properties": { "fid": 197, "OBJECTID": 58421, "CVE_COL": "19048_0198", "ID_COL": 58421, "COLONIA": "Rdcial de La Sierra", "CP": "66358", "CVE_ENT": "19", "NOM_ENT": "Nuevo León", "MUN": "048", "CVE_MUN": "19048", "NOM_MUN": "Santa Catarina", "LOC": "0001", "CVE_LOC": "190480001", "NOM_LOC": "Ciudad Santa Catarina", "SUN_2018": "M19.01", "NOM_SUN": "Monterrey", "POBTOT": 739.430481, "P6A14NAE": 5.429072, "SBASC": 11.094147, "PSDSS": 13.042588, "OVSDE": 0.0, "OVSEE": 0.0, "OVSAE": 0.0, "OVPT": 0.020475, "OVHAC": 12.44117, "OVSREF": 0.613874, "OVSINT": 11.479435, "OVSCEL": 2.721506, "IM_2020": 153.13346184611399, "GM_2020": "Muy bajo", "IMN_2020": 0.97631777844230005, "CLASIF": "Fraccionamiento" }, "geometry": { "type": "MultiPolygon", "coordinates": [ [ [ [ 2651578.156700000166893, 1515382.122099999338388 ], [ 2651575.296599999070168, 1515375.087499998509884 ], [ 2651487.930399999022484, 1515158.9868 ], [ 2651486.032499998807907, 1515154.292199999094009 ], [ 2651466.042999997735023, 1515104.856800001114607 ], [ 2651446.863600000739098, 1515057.424600001424551 ], [ 2651451.312899999320507, 1515052.171599999070168 ], [ 2651449.101999998092651, 1515045.269000001251698 ], [ 2651433.64580000191927, 1515003.730200000107288 ], [ 2651427.042599998414516, 1515006.058400001376867 ], [ 2651324.3015, 1515043.998399998992682 ], [ 2651292.498000003397465, 1515057.741099998354912 ], [ 2651289.390000000596046, 1515059.57490000128746 ], [ 2651282.011500000953674, 1515063.8871 ], [ 2651296.76240000128746, 1515103.24040000140667 ], [ 2651312.210100002586842, 1515142.625100001692772 ], [ 2651328.268899999558926, 1515180.791400000452995 ], [ 2651342.732299998402596, 1515220.953699998557568 ], [ 2651357.717399999499321, 1515256.7820999994874 ], [ 2651360.833499997854233, 1515264.232299998402596 ], [ 2651377.876400001347065, 1515308.103900000452995 ], [ 2651392.588100001215935, 1515348.94029999896884 ], [ 2651406.936200000345707, 1515389.475900001823902 ], [ 2651421.982199996709824, 1515427.69310000166297 ], [ 2651437.240099996328354, 1515466.199700001627207 ], [ 2651449.090400002896786, 1515494.412500001490116 ], [ 2651453.299699999392033, 1515490.785100001841784 ], [ 2651496.352799996733665, 1515453.227800000458956 ], [ 2651504.934000000357628, 1515446.079 ], [ 2651554.640900000929832, 1515402.701999999582767 ], [ 2651578.156700000166893, 1515382.122099999338388 ] ] ] ] } },
{ "type": "Feature", "properties": { "fid": 198, "OBJECTID": 58422, "CVE_COL": "19048_0199", "ID_COL": 58422, "COLONIA": "Rdcial de La Sierra Sector Lomas", "CP": "66358", "CVE_ENT": "19", "NOM_ENT": "Nuevo León", "MUN": "048", "CVE_MUN": "19048", "NOM_MUN": "Santa Catarina", "LOC": null, "CVE_LOC": null, "NOM_LOC": null, "SUN_2018": "M19.01", "NOM_SUN": "Monterrey", "POBTOT": 694.074448, "P6A14NAE": 4.651748, "SBASC": 14.653476, "PSDSS": 15.188956, "OVSDE": 0.0, "OVSEE": 0.0, "OVSAE": 0.0, "OVPT": 0.337553, "OVHAC": 12.673759, "OVSREF": 0.831077, "OVSINT": 14.194975, "OVSCEL": 3.670077, "IM_2020": 152.75557811969901, "GM_2020": "Muy bajo", "IMN_2020": 0.9739085427609, "CLASIF": "Fraccionamiento" }, "geometry": { "type": "MultiPolygon", "coordinates": [ [ [ [ 2651292.498000003397465, 1515057.741099998354912 ], [ 2651324.3015, 1515043.998399998992682 ], [ 2651427.042599998414516, 1515006.058400001376867 ], [ 2651433.64580000191927, 1515003.730200000107288 ], [ 2651415.23369999974966, 1514957.484099999070168 ], [ 2651359.284000001847744, 1514812.464899998158216 ], [ 2651350.364699997007847, 1514789.346500001847744 ], [ 2651354.533399999141693, 1514783.639800000935793 ], [ 2651376.572499997913837, 1514779.503800000995398 ], [ 2651433.909100003540516, 1514763.29109999909997 ], [ 2651465.485100001096725, 1514746.717399999499321 ], [ 2651481.76519999653101, 1514738.1722999997437 ], [ 2651477.288400001823902, 1514735.861000001430511 ], [ 2651468.820900000631809, 1514716.001899998635054 ], [ 2651464.708999998867512, 1514711.227800000458956 ], [ 2651447.326099999248981, 1514670.562899999320507 ], [ 2651442.807199999690056, 1514662.969300001859665 ], [ 2651413.517300002276897, 1514588.317099999636412 ], [ 2651410.840599998831749, 1514582.168999999761581 ], [ 2651393.997400000691414, 1514538.2368 ], [ 2651389.957000002264977, 1514530.185199998319149 ], [ 2651375.454899996519089, 1514486.304000001400709 ], [ 2651370.41669999808073, 1514481.041400000452995 ], [ 2651343.009900003671646, 1514405.961800001561642 ], [ 2651340.821900002658367, 1514398.887499999254942 ], [ 2651305.316699996590614, 1514311.104200001806021 ], [ 2651303.929399996995926, 1514307.674199998378754 ], [ 2651302.639200001955032, 1514304.226700000464916 ], [ 2651305.218999996781349, 1514303.238099999725819 ], [ 2651349.783699996769428, 1514284.164000000804663 ], [ 2651366.86599999666214, 1514277.163400001823902 ], [ 2651366.011, 1514274.831199999898672 ], [ 2651350.691500000655651, 1514226.723299998790026 ], [ 2651343.694200001657009, 1514212.512699998915195 ], [ 2651321.477799996733665, 1514226.634199999272823 ], [ 2651308.957400001585484, 1514186.804099999368191 ], [ 2651277.235600002110004, 1514162.378499999642372 ], [ 2651229.842600002884865, 1514158.911200001835823 ], [ 2651150.48589999973774, 1514197.955699998885393 ], [ 2651134.736900001764297, 1514194.569499999284744 ], [ 2651122.082299999892712, 1514188.816599998623133 ], [ 2651104.561499997973442, 1514182.957499999552965 ], [ 2651084.408699996769428, 1514186.169700000435114 ], [ 2650561.695600003004074, 1514398.61769999936223 ], [ 2650582.527199998497963, 1514494.365499999374151 ], [ 2650586.774599999189377, 1514539.252700001001358 ], [ 2650588.693199999630451, 1514584.843600001186132 ], [ 2650596.080700002610683, 1514626.058299999684095 ], [ 2650604.156800001859665, 1514666.549499999731779 ], [ 2650615.445500001311302, 1514696.658700000494719 ], [ 2650633.984999999403954, 1514736.631400000303984 ], [ 2650637.518700003623962, 1514780.0099 ], [ 2650630.29619999974966, 1514837.338799998164177 ], [ 2650643.464100003242493, 1514870.51069999858737 ], [ 2650648.844700001180172, 1514884.25279999896884 ], [ 2650958.804399996995926, 1514763.070900000631809 ], [ 2651132.131999999284744, 1514695.30629999935627 ], [ 2651139.824799999594688, 1514693.581700000911951 ], [ 2651145.080300003290176, 1514706.563400000333786 ], [ 2651158.00789999961853, 1514738.495999999344349 ], [ 2651175.13120000064373, 1514780.792300000786781 ], [ 2651189.506999999284744, 1514816.302000001072884 ], [ 2651194.784999996423721, 1514829.339299999177456 ], [ 2651199.35980000346899, 1514840.639400001615286 ], [ 2651228.382100000977516, 1514912.344999998807907 ], [ 2651246.243600003421307, 1514956.779399998486042 ], [ 2651261.043399997055531, 1514995.735599998384714 ], [ 2651264.916599996387959, 1515005.930599998682737 ], [ 2651267.211099997162819, 1515026.521099999547005 ], [ 2651282.011500000953674, 1515063.8871 ], [ 2651292.498000003397465, 1515057.741099998354912 ] ] ] ] } },
{ "type": "Feature", "properties": { "fid": 199, "OBJECTID": 58423, "CVE_COL": "19048_0200", "ID_COL": 58423, "COLONIA": "Rdcial El Castillo", "CP": "66350", "CVE_ENT": "19", "NOM_ENT": "Nuevo León", "MUN": "048", "CVE_MUN": "19048", "NOM_MUN": "Santa Catarina", "LOC": "0001", "CVE_LOC": "190480001", "NOM_LOC": "Ciudad Santa Catarina", "SUN_2018": "M19.01", "NOM_SUN": "Monterrey", "POBTOT": 1075.172921, "P6A14NAE": 5.033191, "SBASC": 18.021675, "PSDSS": 19.949835, "OVSDE": 0.0, "OVSEE": 0.0, "OVSAE": 0.084041, "OVPT": 0.112463, "OVHAC": 16.169603, "OVSREF": 2.49413, "OVSINT": 18.127277, "OVSCEL": 4.151169, "IM_2020": 151.83540850092101, "GM_2020": "Bajo", "IMN_2020": 0.96804190886420005, "CLASIF": "Colonia" }, "geometry": { "type": "MultiPolygon", "coordinates": [ [ [ [ 2653099.736299999058247, 1514096.950599998235703 ], [ 2653104.126500003039837, 1514059.826999999582767 ], [ 2653101.507299996912479, 1514060.356899999082088 ], [ 2653097.555600002408028, 1514059.867499999701977 ], [ 2653066.812299996614456, 1514056.059900000691414 ], [ 2653057.120399996638298, 1514054.156100001186132 ], [ 2652950.500100001692772, 1514042.6239 ], [ 2652934.409100003540516, 1514039.46000000089407 ], [ 2652830.907499998807907, 1514026.784099999815226 ], [ 2652821.442500002682209, 1514025.624899998307228 ], [ 2652789.920500002801418, 1514018.715700000524521 ], [ 2652783.3596, 1514015.914000000804663 ], [ 2652781.696900002658367, 1514027.645399998873472 ], [ 2652778.789499998092651, 1514048.159499999135733 ], [ 2652768.174199998378754, 1514123.058299999684095 ], [ 2652764.373000003397465, 1514149.169599998742342 ], [ 2652749.448299996554852, 1514248.915600001811981 ], [ 2652796.267899997532368, 1514254.933299999684095 ], [ 2652912.835299998521805, 1514269.257199998944998 ], [ 2652988.920400001108646, 1514278.404599998146296 ], [ 2652987.909100003540516, 1514282.101399999111891 ], [ 2652968.375299997627735, 1514353.541799999773502 ], [ 2652967.355899997055531, 1514357.271000001579523 ], [ 2653066.859899997711182, 1514364.741900000721216 ], [ 2653069.164200000464916, 1514346.961899999529123 ], [ 2653070.053800001740456, 1514339.185899998992682 ], [ 2653074.672600001096725, 1514302.228900000452995 ], [ 2653076.231499999761581, 1514289.024500001221895 ], [ 2653080.380300000309944, 1514256.558899998664856 ], [ 2653086.263400003314018, 1514210.900100000202656 ], [ 2653092.999799996614456, 1514153.925299998372793 ], [ 2653096.634999997913837, 1514123.180599998682737 ], [ 2653099.736299999058247, 1514096.950599998235703 ] ] ] ] } },
{ "type": "Feature", "properties": { "fid": 200, "OBJECTID": 58424, "CVE_COL": "19048_0201", "ID_COL": 58424, "COLONIA": "Rdcial La Huasteca", "CP": "66350", "CVE_ENT": "19", "NOM_ENT": "Nuevo León", "MUN": "048", "CVE_MUN": "19048", "NOM_MUN": "Santa Catarina", "LOC": "0001", "CVE_LOC": "190480001", "NOM_LOC": "Ciudad Santa Catarina", "SUN_2018": "M19.01", "NOM_SUN": "Monterrey", "POBTOT": 277.946994, "P6A14NAE": 4.958307, "SBASC": 20.216338, "PSDSS": 20.529874, "OVSDE": 0.0, "OVSEE": 0.000208, "OVSAE": 0.0, "OVPT": 0.080001, "OVHAC": 18.378027, "OVSREF": 2.322705, "OVSINT": 21.960129, "OVSCEL": 5.362069, "IM_2020": 151.47961132287301, "GM_2020": "Bajo", "IMN_2020": 0.96577348819200004, "CLASIF": "Fraccionamiento" }, "geometry": { "type": "MultiPolygon", "coordinates": [ [ [ [ 2654106.527699999511242, 1513756.190699998289347 ], [ 2653964.537399999797344, 1513744.336800001561642 ], [ 2653941.769199997186661, 1513747.5 ], [ 2653929.940999999642372, 1513749.014400001615286 ], [ 2653924.267300002276897, 1513788.470400001853704 ], [ 2653923.272399999201298, 1513795.917399998754263 ], [ 2653912.105599999427795, 1513879.502700001001358 ], [ 2654049.805299997329712, 1513904.808699999004602 ], [ 2654072.492399998009205, 1513844.028000000864267 ], [ 2654099.995899997651577, 1513773.2324 ], [ 2654106.527699999511242, 1513756.190699998289347 ] ] ] ] } },
{ "type": "Feature", "properties": { "fid": 201, "OBJECTID": 58425, "CVE_COL": "19048_0202", "ID_COL": 58425, "COLONIA": "Rdcial Panoramica", "CP": "66350", "CVE_ENT": "19", "NOM_ENT": "Nuevo León", "MUN": "048", "CVE_MUN": "19048", "NOM_MUN": "Santa Catarina", "LOC": "0001", "CVE_LOC": "190480001", "NOM_LOC": "Ciudad Santa Catarina", "SUN_2018": "M19.01", "NOM_SUN": "Monterrey", "POBTOT": 207.994324, "P6A14NAE": 6.331256, "SBASC": 22.447117, "PSDSS": 17.713152, "OVSDE": 0.0, "OVSEE": 0.020695, "OVSAE": 0.0, "OVPT": 0.020696, "OVHAC": 16.007591, "OVSREF": 1.17212, "OVSINT": 20.613034, "OVSCEL": 7.600722, "IM_2020": 151.204394726755, "GM_2020": "Bajo", "IMN_2020": 0.96401881711970006, "CLASIF": "Fraccionamiento" }, "geometry": { "type": "MultiPolygon", "coordinates": [ [ [ [ 2653571.733199998736382, 1514049.07149999961257 ], [ 2653584.808700002729893, 1513953.579900000244379 ], [ 2653539.217500001192093, 1513951.379000000655651 ], [ 2653497.581200003623962, 1513950.472100000828505 ], [ 2653452.88849999755621, 1513948.592099998146296 ], [ 2653448.200499996542931, 1513981.425500001758337 ], [ 2653441.359099999070168, 1514029.3412000015378 ], [ 2653439.286700002849102, 1514043.856199998408556 ], [ 2653431.6765, 1514097.155900001525879 ], [ 2653564.5625, 1514102.0537 ], [ 2653571.733199998736382, 1514049.07149999961257 ] ] ] ] } },
{ "type": "Feature", "properties": { "fid": 202, "OBJECTID": 58426, "CVE_COL": "19048_0203", "ID_COL": 58426, "COLONIA": "Rdcial Privadas La Huasteca", "CP": "66354", "CVE_ENT": "19", "NOM_ENT": "Nuevo León", "MUN": "048", "CVE_MUN": "19048", "NOM_MUN": "Santa Catarina", "LOC": "0001", "CVE_LOC": "190480001", "NOM_LOC": "Ciudad Santa Catarina", "SUN_2018": "M19.01", "NOM_SUN": "Monterrey", "POBTOT": 842.092689, "P6A14NAE": 4.508036, "SBASC": 19.992723, "PSDSS": 15.864218, "OVSDE": 0.0, "OVSEE": 0.0, "OVSAE": 0.161146, "OVPT": 0.574861, "OVHAC": 12.376172, "OVSREF": 0.668202, "OVSINT": 15.071999, "OVSCEL": 5.926063, "IM_2020": 152.177797951504, "GM_2020": "Bajo", "IMN_2020": 0.97022484722220004, "CLASIF": "Fraccionamiento" }, "geometry": { "type": "MultiPolygon", "coordinates": [ [ [ [ 2654778.040200002491474, 1512363.424600001424551 ], [ 2654791.103900000452995, 1512244.777300000190735 ], [ 2654776.324199996888638, 1512264.147799998521805 ], [ 2654771.651199996471405, 1512270.959199998527765 ], [ 2654764.725500002503395, 1512290.227099999785423 ], [ 2654759.020000003278255, 1512324.469999998807907 ], [ 2654741.5449, 1512353.07660000026226 ], [ 2654726.731499999761581, 1512368.7544 ], [ 2654714.176100000739098, 1512378.183600001037121 ], [ 2654666.4425999969244, 1512414.031700000166893 ], [ 2654650.198399998247623, 1512420.816799998283386 ], [ 2654594.267800003290176, 1512521.609900001436472 ], [ 2654603.933700002729893, 1512526.204999998211861 ], [ 2654697.766099996864796, 1512578.372600000351667 ], [ 2654708.168399997055531, 1512650.082499999552965 ], [ 2654664.7544, 1512708.410000000149012 ], [ 2654568.141000002622604, 1512652.451299998909235 ], [ 2654535.32660000026226, 1512629.046700000762939 ], [ 2654507.353699997067451, 1512668.896099999547005 ], [ 2654502.814300000667572, 1512661.592599999159575 ], [ 2654447.930200003087521, 1512739.576699998229742 ], [ 2654441.379199996590614, 1512748.888300001621246 ], [ 2654412.063000001013279, 1512790.559300001710653 ], [ 2654400.41889999806881, 1512810.397900000214577 ], [ 2654394.342100001871586, 1512820.7511 ], [ 2654410.88400000333786, 1512829.796399999409914 ], [ 2654444.616099998354912, 1512780.351500000804663 ], [ 2654600.040100000798702, 1512869.819600000977516 ], [ 2654700.584100000560284, 1512886.380899999290705 ], [ 2654740.326099999248981, 1512890.175000000745058 ], [ 2654735.722099997103214, 1512832.930500000715256 ], [ 2654747.534000001847744, 1512797.944699998944998 ], [ 2654749.614200003445148, 1512772.887299999594688 ], [ 2654766.865699999034405, 1512690.280299998819828 ], [ 2654770.785099998116493, 1512671.513300001621246 ], [ 2654762.704300001263618, 1512564.349800001829863 ], [ 2654765.074299998581409, 1512485.695500001311302 ], [ 2654778.040200002491474, 1512363.424600001424551 ] ] ] ] } },
{ "type": "Feature", "properties": { "fid": 203, "OBJECTID": 58427, "CVE_COL": "19048_0204", "ID_COL": 58427, "COLONIA": "Rdcial Robles", "CP": "66359", "CVE_ENT": "19", "NOM_ENT": "Nuevo León", "MUN": "048", "CVE_MUN": "19048", "NOM_MUN": "Santa Catarina", "LOC": "0001", "CVE_LOC": "190480001", "NOM_LOC": "Ciudad Santa Catarina", "SUN_2018": "M19.01", "NOM_SUN": "Monterrey", "POBTOT": 937.459739, "P6A14NAE": 7.311535, "SBASC": 14.517232, "PSDSS": 15.744601, "OVSDE": 0.0, "OVSEE": 0.0, "OVSAE": 0.682042, "OVPT": 0.146331, "OVHAC": 15.724707, "OVSREF": 0.268885, "OVSINT": 15.142092, "OVSCEL": 4.121087, "IM_2020": 151.964762911078, "GM_2020": "Bajo", "IMN_2020": 0.96886662090840003, "CLASIF": "Fraccionamiento" }, "geometry": { "type": "MultiPolygon", "coordinates": [ [ [ [ 2650576.046099998056889, 1515843.301600001752377 ], [ 2650551.4628000035882, 1515782.280000001192093 ], [ 2650533.536100000143051, 1515740.090599998831749 ], [ 2650516.525799997150898, 1515698.667599998414516 ], [ 2650514.663699999451637, 1515693.653799999505281 ], [ 2650499.947999998927116, 1515654.23759999871254 ], [ 2650496.671899996697903, 1515646.055599998682737 ], [ 2650484.735100001096725, 1515616.243500001728535 ], [ 2650466.994999997317791, 1515574.058200001716614 ], [ 2650451.866099998354912, 1515531.929900001734495 ], [ 2650433.287299998104572, 1515483.912799999117851 ], [ 2650415.942900002002716, 1515490.826499998569489 ], [ 2650293.307599999010563, 1515539.71059999987483 ], [ 2650248.029700003564358, 1515557.75899999961257 ], [ 2650260.450599998235703, 1515591.881400000303984 ], [ 2650265.53830000013113, 1515605.858300000429153 ], [ 2650273.284000001847744, 1515625.571699999272823 ], [ 2650281.995800003409386, 1515647.528799999505281 ], [ 2650287.656400002539158, 1515661.795899998396635 ], [ 2650298.825900003314018, 1515689.947700001299381 ], [ 2650302.535599999129772, 1515699.297499999403954 ], [ 2650315.10980000346899, 1515730.989599999040365 ], [ 2650329.295900002121925, 1515766.74439999833703 ], [ 2650331.930399999022484, 1515773.384399998933077 ], [ 2650343.018200002610683, 1515801.330200001597404 ], [ 2650348.989, 1515816.379200000315905 ], [ 2650355.801600001752377, 1515833.549699999392033 ], [ 2650364.541000001132488, 1515855.576499998569489 ], [ 2650370.903599999845028, 1515870.76069999858737 ], [ 2650385.737999998033047, 1515905.342099998146296 ], [ 2650390.556800000369549, 1515918.6754 ], [ 2650479.543799996376038, 1515881.9054000005126 ], [ 2650576.046099998056889, 1515843.301600001752377 ] ] ] ] } },
{ "type": "Feature", "properties": { "fid": 204, "OBJECTID": 58428, "CVE_COL": "19048_0205", "ID_COL": 58428, "COLONIA": "Rdcial Santa  Catarina 1Er, 2Do, 3Er Y 4To Sector", "CP": "66350", "CVE_ENT": "19", "NOM_ENT": "Nuevo León", "MUN": "048", "CVE_MUN": "19048", "NOM_MUN": "Santa Catarina", "LOC": "0001", "CVE_LOC": "190480001", "NOM_LOC": "Ciudad Santa Catarina", "SUN_2018": "M19.01", "NOM_SUN": "Monterrey", "POBTOT": 1390.517498, "P6A14NAE": 2.939167, "SBASC": 10.174886, "PSDSS": 15.978777, "OVSDE": 0.0, "OVSEE": 0.0, "OVSAE": 1.313835, "OVPT": 0.176485, "OVHAC": 15.817767, "OVSREF": 1.09385, "OVSINT": 12.73771, "OVSCEL": 2.597617, "IM_2020": 153.273840766164, "GM_2020": "Muy bajo", "IMN_2020": 0.97721277835739995, "CLASIF": "Fraccionamiento" }, "geometry": { "type": "MultiPolygon", "coordinates": [ [ [ [ 2650961.890299998223782, 1516934.063499998301268 ], [ 2650956.471600003540516, 1516910.098099999129772 ], [ 2650933.277199998497963, 1516774.31870000064373 ], [ 2650904.713600002229214, 1516626.711199998855591 ], [ 2650859.79110000282526, 1516634.058800000697374 ], [ 2650812.589100003242493, 1516642.756099998950958 ], [ 2650774.114699997007847, 1516650.2456 ], [ 2650771.038099996745586, 1516650.877000000327826 ], [ 2650677.533399999141693, 1516666.366700001060963 ], [ 2650670.485600002110004, 1516670.421 ], [ 2650643.482900001108646, 1516666.659600000828505 ], [ 2650597.672700002789497, 1516673.080600000917912 ], [ 2650551.501900002360344, 1516679.572799999266863 ], [ 2650505.9529, 1516685.97749999910593 ], [ 2650463.446000002324581, 1516691.9543999992311 ], [ 2650418.13740000128746, 1516698.325300000607967 ], [ 2650375.027000002563, 1516703.6114999987185 ], [ 2650328.229900002479553, 1516705.691700000315905 ], [ 2650282.852899998426437, 1516708.279899999499321 ], [ 2650290.211499996483326, 1516753.841699998825788 ], [ 2650297.828500002622604, 1516799.533399999141693 ], [ 2650305.342500001192093, 1516844.607599999755621 ], [ 2650313.070500001311302, 1516890.965700000524521 ], [ 2650320.829899996519089, 1516937.511799998581409 ], [ 2650328.483300000429153, 1516983.422400001436472 ], [ 2650336.136699996888638, 1517029.332899998873472 ], [ 2650337.431400001049042, 1517037.09910000115633 ], [ 2650342.166900001466274, 1517066.823800001293421 ], [ 2650520.181199997663498, 1517031.785500001162291 ], [ 2650622.217600002884865, 1517000.963199999183416 ], [ 2650692.171999998390675, 1516988.153900001198053 ], [ 2650829.024999998509884, 1516970.691599998623133 ], [ 2650961.890299998223782, 1516934.063499998301268 ] ] ] ] } },
{ "type": "Feature", "properties": { "fid": 205, "OBJECTID": 58429, "CVE_COL": "19048_0206", "ID_COL": 58429, "COLONIA": "Real de Santa Catarina", "CP": "66351", "CVE_ENT": "19", "NOM_ENT": "Nuevo León", "MUN": "048", "CVE_MUN": "19048", "NOM_MUN": "Santa Catarina", "LOC": "0001", "CVE_LOC": "190480001", "NOM_LOC": "Ciudad Santa Catarina", "SUN_2018": "M19.01", "NOM_SUN": "Monterrey", "POBTOT": 2224.108789, "P6A14NAE": 2.408594, "SBASC": 8.486261, "PSDSS": 14.118843, "OVSDE": 0.0, "OVSEE": 0.0, "OVSAE": 0.026862, "OVPT": 0.019187, "OVHAC": 13.130513, "OVSREF": 0.602768, "OVSINT": 11.060298, "OVSCEL": 2.049886, "IM_2020": 153.949581746582, "GM_2020": "Muy bajo", "IMN_2020": 0.98152103290119996, "CLASIF": "Fraccionamiento" }, "geometry": { "type": "MultiPolygon", "coordinates": [ [ [ [ 2653973.89190000295639, 1518557.5132 ], [ 2653973.816100001335144, 1518557.347600001841784 ], [ 2653894.624499998986721, 1518384.524599999189377 ], [ 2653891.742799997329712, 1518378.761199999600649 ], [ 2653865.980200000107288, 1518320.118599999696016 ], [ 2653862.972800001502037, 1518313.074700001627207 ], [ 2653857.729400001466274, 1518312.821600001305342 ], [ 2653836.153800003230572, 1518313.119600001722574 ], [ 2653784.502599999308586, 1518314.011 ], [ 2653732.00280000269413, 1518314.934799998998642 ], [ 2653645.415799997746944, 1518315.710700001567602 ], [ 2653601.253799997270107, 1518315.916499998420477 ], [ 2653589.700900003314018, 1518316.434599999338388 ], [ 2653538.418799996376038, 1518316.740899998694658 ], [ 2653508.075000002980232, 1518316.511500000953674 ], [ 2653481.916500002145767, 1518316.55689999833703 ], [ 2653487.589100003242493, 1518328.334399998188019 ], [ 2653558.012599997222424, 1518476.648400001227856 ], [ 2653561.4353, 1518484.203099999576807 ], [ 2653644.7051, 1518662.309599999338388 ], [ 2653659.071900002658367, 1518692.431200001388788 ], [ 2653930.374600000679493, 1518602.924499999731779 ], [ 2653924.967299997806549, 1518583.55180000141263 ], [ 2653931.933600001037121, 1518579.511199999600649 ], [ 2653937.675899997353554, 1518574.526799999177456 ], [ 2653973.89190000295639, 1518557.5132 ] ] ] ] } },
{ "type": "Feature", "properties": { "fid": 206, "OBJECTID": 58430, "CVE_COL": "19048_0207", "ID_COL": 58430, "COLONIA": "Real del Valle 1Er Sector", "CP": "66357", "CVE_ENT": "19", "NOM_ENT": "Nuevo León", "MUN": "048", "CVE_MUN": "19048", "NOM_MUN": "Santa Catarina", "LOC": "0001", "CVE_LOC": "190480001", "NOM_LOC": "Ciudad Santa Catarina", "SUN_2018": "M19.01", "NOM_SUN": "Monterrey", "POBTOT": 830.915646, "P6A14NAE": 2.086958, "SBASC": 9.697392, "PSDSS": 13.546624, "OVSDE": 0.000137, "OVSEE": 0.000137, "OVSAE": 0.002729, "OVPT": 0.124055, "OVHAC": 10.58796, "OVSREF": 0.360755, "OVSINT": 9.724069, "OVSCEL": 1.734937, "IM_2020": 154.09968945673501, "GM_2020": "Muy bajo", "IMN_2020": 0.98247805969559998, "CLASIF": "Fraccionamiento" }, "geometry": { "type": "MultiPolygon", "coordinates": [ [ [ [ 2652946.444200001657009, 1514776.412300001829863 ], [ 2652857.221699997782707, 1514596.260499998927116 ], [ 2652854.201800003647804, 1514597.222800001502037 ], [ 2652847.424800001084805, 1514599.116599999368191 ], [ 2652845.192400000989437, 1514599.829999998211861 ], [ 2652806.2324, 1514612.281500000506639 ], [ 2652792.683700002729893, 1514573.225099999457598 ], [ 2652756.521999999880791, 1514467.21169999986887 ], [ 2652684.295500002801418, 1514444.02250000089407 ], [ 2652674.247299998998642, 1514440.882800001651049 ], [ 2652626.319200001657009, 1514425.907299999147654 ], [ 2652626.969700001180172, 1514421.273400001227856 ], [ 2652653.235600002110004, 1514234.1721 ], [ 2652667.611900001764297, 1514085.774900000542402 ], [ 2652660.837300002574921, 1514088.1385000012815 ], [ 2652611.551600001752377, 1514105.33390000090003 ], [ 2652605.266199998557568, 1514112.7364999987185 ], [ 2652594.380300000309944, 1514117.9221 ], [ 2652520.831200003623962, 1514152.702399998903275 ], [ 2652515.051899999380112, 1514155.435400001704693 ], [ 2652468.280699998140335, 1514177.552700001746416 ], [ 2652541.067500002682209, 1514215.254900000989437 ], [ 2652558.339800000190735, 1514259.106499999761581 ], [ 2652559.899700000882149, 1514263.068 ], [ 2652543.057899996638298, 1514273.432500001043081 ], [ 2652537.778300002217293, 1514276.680399999022484 ], [ 2652493.64639999717474, 1514303.791799999773502 ], [ 2652450.598800003528595, 1514331.093600001186132 ], [ 2652410.843699999153614, 1514364.497699998319149 ], [ 2652380.136699996888638, 1514392.533100001513958 ], [ 2652375.719300001859665, 1514396.566199999302626 ], [ 2652312.864399999380112, 1514421.944400001317263 ], [ 2652265.784000001847744, 1514439.43189999833703 ], [ 2652221.101999998092651, 1514455.701900001615286 ], [ 2652179.801100000739098, 1514469.561500001698732 ], [ 2652130.170999996364117, 1514479.385099999606609 ], [ 2652083.585600003600121, 1514488.192099999636412 ], [ 2652047.747400000691414, 1514507.655600000172853 ], [ 2651872.706299997866154, 1514498.8761 ], [ 2651881.869300000369549, 1514522.711300000548363 ], [ 2651897.149899996817112, 1514562.460700001567602 ], [ 2651899.644400000572205, 1514568.948800001293421 ], [ 2651914.412799999117851, 1514610.492800001055002 ], [ 2651929.18129999935627, 1514652.036899998784065 ], [ 2651943.933399997651577, 1514682.520700000226498 ], [ 2652048.324100002646446, 1514647.561000000685453 ], [ 2652095.269799999892712, 1514631.851500000804663 ], [ 2652186.358800001442432, 1514602.583500001579523 ], [ 2652290.034599997103214, 1514566.722199998795986 ], [ 2652259.236299999058247, 1514472.002099998295307 ], [ 2652361.732299998402596, 1514439.755899999290705 ], [ 2652394.339199997484684, 1514531.128499999642372 ], [ 2652404.258400000631809, 1514527.74549999833107 ], [ 2652411.577299997210503, 1514525.249299999326468 ], [ 2652514.474799998104572, 1514490.154899999499321 ], [ 2652528.180200003087521, 1514531.387600000947714 ], [ 2652536.538599997758865, 1514556.534200001507998 ], [ 2652562.036700002849102, 1514547.990699999034405 ], [ 2652609.353500001132488, 1514531.167500000447035 ], [ 2652725.288800001144409, 1514491.041700001806021 ], [ 2652738.942800000309944, 1514486.545000001788139 ], [ 2652743.228500001132488, 1514481.831700000911951 ], [ 2652745.82320000231266, 1514489.1184 ], [ 2652790.307599999010563, 1514614.036499999463558 ], [ 2652791.478100001811981, 1514617.324000000953674 ], [ 2652794.934199996292591, 1514623.877700001001358 ], [ 2652814.456600002944469, 1514681.137499999254942 ], [ 2652816.422899998724461, 1514688.187199998646975 ], [ 2652818.167400002479553, 1514693.882599998265505 ], [ 2652811.467399999499321, 1514694.745299998670816 ], [ 2652847.887999996542931, 1514794.425000000745058 ], [ 2652852.882600001990795, 1514808.0962999984622 ], [ 2652867.477300003170967, 1514803.134100001305342 ], [ 2652881.676100000739098, 1514798.592599999159575 ], [ 2652946.444200001657009, 1514776.412300001829863 ] ] ] ] } },
{ "type": "Feature", "properties": { "fid": 207, "OBJECTID": 58431, "CVE_COL": "19048_0208", "ID_COL": 58431, "COLONIA": "Real del Valle 2Do Sector", "CP": "66357", "CVE_ENT": "19", "NOM_ENT": "Nuevo León", "MUN": "048", "CVE_MUN": "19048", "NOM_MUN": "Santa Catarina", "LOC": "0001", "CVE_LOC": "190480001", "NOM_LOC": "Ciudad Santa Catarina", "SUN_2018": "M19.01", "NOM_SUN": "Monterrey", "POBTOT": 4033.764247, "P6A14NAE": 2.016873, "SBASC": 9.326748, "PSDSS": 13.290898, "OVSDE": 0.0, "OVSEE": 0.0, "OVSAE": 0.00051, "OVPT": 0.124761, "OVHAC": 10.349321, "OVSREF": 0.294619, "OVSINT": 9.37013, "OVSCEL": 1.59254, "IM_2020": 154.18496416755301, "GM_2020": "Muy bajo", "IMN_2020": 0.98302173718590002, "CLASIF": "Fraccionamiento" }, "geometry": { "type": "MultiPolygon", "coordinates": [ [ [ [ 2651872.706299997866154, 1514498.8761 ], [ 2652047.747400000691414, 1514507.655600000172853 ], [ 2652083.585600003600121, 1514488.192099999636412 ], [ 2652130.170999996364117, 1514479.385099999606609 ], [ 2652179.801100000739098, 1514469.561500001698732 ], [ 2652221.101999998092651, 1514455.701900001615286 ], [ 2652265.784000001847744, 1514439.43189999833703 ], [ 2652312.864399999380112, 1514421.944400001317263 ], [ 2652375.719300001859665, 1514396.566199999302626 ], [ 2652269.51519999653101, 1514363.400100000202656 ], [ 2652174.174699999392033, 1514271.530000001192093 ], [ 2652133.448899999260902, 1514287.572799999266863 ], [ 2652088.771700002253056, 1514306.860500000417233 ], [ 2652048.065600000321865, 1514321.082499999552965 ], [ 2652001.536399997770786, 1514338.403200000524521 ], [ 2651985.508699998259544, 1514322.442400000989437 ], [ 2651981.85419999808073, 1514316.460900001227856 ], [ 2651980.202299997210503, 1514306.965399999171495 ], [ 2651930.463699996471405, 1514209.544300001114607 ], [ 2652227.396300002932549, 1514094.320700000971556 ], [ 2652232.552500002086163, 1514091.468299999833107 ], [ 2652237.299699999392033, 1514083.803800001740456 ], [ 2652515.799999997019768, 1513925.5945999994874 ], [ 2652619.971699997782707, 1513866.709100000560284 ], [ 2652672.502899996936321, 1513867.853700000792742 ], [ 2652674.435900002717972, 1514006.377000000327826 ], [ 2652779.704499997198582, 1514013.971200000494719 ], [ 2652783.3596, 1514015.914000000804663 ], [ 2652789.920500002801418, 1514018.715700000524521 ], [ 2652821.442500002682209, 1514025.624899998307228 ], [ 2652830.907499998807907, 1514026.784099999815226 ], [ 2652934.409100003540516, 1514039.46000000089407 ], [ 2652950.500100001692772, 1514042.6239 ], [ 2653057.120399996638298, 1514054.156100001186132 ], [ 2653066.812299996614456, 1514056.059900000691414 ], [ 2653097.555600002408028, 1514059.867499999701977 ], [ 2653101.507299996912479, 1514060.356899999082088 ], [ 2653104.126500003039837, 1514059.826999999582767 ], [ 2653104.584100000560284, 1514055.949200000613928 ], [ 2653109.700499996542931, 1514012.676199998706579 ], [ 2653114.496100001037121, 1513972.116300001740456 ], [ 2653117.46509999781847, 1513947.00560000166297 ], [ 2653118.997599996626377, 1513934.0439000017941 ], [ 2653130.423299998044968, 1513837.408100001513958 ], [ 2653135.875200003385544, 1513791.297200001776218 ], [ 2653139.094300001859665, 1513764.071199998259544 ], [ 2653148.353000000119209, 1513751.0735 ], [ 2653155.490900002419949, 1513664.607299998402596 ], [ 2652801.550800003111362, 1513560.680300001055002 ], [ 2652208.037500001490116, 1513742.061700001358986 ], [ 2651775.520700000226498, 1513881.6831 ], [ 2651348.36710000038147, 1514073.328400000929832 ], [ 2651403.077100001275539, 1514262.323699999600649 ], [ 2651423.301899999380112, 1514315.036699999123812 ], [ 2651442.054999999701977, 1514363.914099998772144 ], [ 2651473.455600000917912, 1514445.7555 ], [ 2651492.855599999427795, 1514496.318599998950958 ], [ 2651512.101099997758865, 1514546.479299999773502 ], [ 2651543.765100002288818, 1514629.00730000063777 ], [ 2651552.353299997746944, 1514625.6097999997437 ], [ 2651872.706299997866154, 1514498.8761 ] ] ] ] } },
{ "type": "Feature", "properties": { "fid": 208, "OBJECTID": 58432, "CVE_COL": "19048_0209", "ID_COL": 58432, "COLONIA": "Real del Valle 3Er Sector Las Nubes", "CP": "66350", "CVE_ENT": "19", "NOM_ENT": "Nuevo León", "MUN": "048", "CVE_MUN": "19048", "NOM_MUN": "Santa Catarina", "LOC": "0001", "CVE_LOC": "190480001", "NOM_LOC": "Ciudad Santa Catarina", "SUN_2018": "M19.01", "NOM_SUN": "Monterrey", "POBTOT": 258.028351, "P6A14NAE": 2.002002, "SBASC": 9.266489, "PSDSS": 13.249309, "OVSDE": 0.0, "OVSEE": 0.0, "OVSAE": 0.0, "OVPT": 0.124805, "OVHAC": 10.312012, "OVSREF": 0.280987, "OVSINT": 9.313573, "OVSCEL": 1.575663, "IM_2020": 154.199261652638, "GM_2020": "Muy bajo", "IMN_2020": 0.98311289223919995, "CLASIF": "Fraccionamiento" }, "geometry": { "type": "MultiPolygon", "coordinates": [ [ [ [ 2652468.280699998140335, 1514177.552700001746416 ], [ 2652515.051899999380112, 1514155.435400001704693 ], [ 2652520.831200003623962, 1514152.702399998903275 ], [ 2652594.380300000309944, 1514117.9221 ], [ 2652605.266199998557568, 1514112.7364999987185 ], [ 2652595.350599996745586, 1514102.209600001573563 ], [ 2652557.207400001585484, 1514018.343499999493361 ], [ 2652515.799999997019768, 1513925.5945999994874 ], [ 2652237.299699999392033, 1514083.803800001740456 ], [ 2652232.552500002086163, 1514091.468299999833107 ], [ 2652267.674999997019768, 1514169.627999998629093 ], [ 2652270.979999996721745, 1514175.056499999016523 ], [ 2652285.041500002145767, 1514193.757500000298023 ], [ 2652292.919100001454353, 1514190.93470000103116 ], [ 2652285.909500002861023, 1514181.633200000971556 ], [ 2652398.125600002706051, 1514106.561099998652935 ], [ 2652411.140100002288818, 1514137.268100000917912 ], [ 2652423.479099996387959, 1514154.3462999984622 ], [ 2652468.280699998140335, 1514177.552700001746416 ] ] ] ] } },
{ "type": "Feature", "properties": { "fid": 209, "OBJECTID": 58433, "CVE_COL": "19048_0210", "ID_COL": 58433, "COLONIA": "Real del Valle Sector Los Angeles", "CP": "66350", "CVE_ENT": "19", "NOM_ENT": "Nuevo León", "MUN": "048", "CVE_MUN": "19048", "NOM_MUN": "Santa Catarina", "LOC": "0001", "CVE_LOC": "190480001", "NOM_LOC": "Ciudad Santa Catarina", "SUN_2018": "M19.01", "NOM_SUN": "Monterrey", "POBTOT": 134.185425, "P6A14NAE": 2.002002, "SBASC": 9.266489, "PSDSS": 13.249308, "OVSDE": 0.0, "OVSEE": 0.0, "OVSAE": 0.0, "OVPT": 0.124805, "OVHAC": 10.312012, "OVSREF": 0.280987, "OVSINT": 9.313572, "OVSCEL": 1.575663, "IM_2020": 154.199261728887, "GM_2020": "Muy bajo", "IMN_2020": 0.98311289272540003, "CLASIF": "Fraccionamiento" }, "geometry": { "type": "MultiPolygon", "coordinates": [ [ [ [ 2652667.611900001764297, 1514085.774900000542402 ], [ 2652674.435900002717972, 1514006.377000000327826 ], [ 2652672.502899996936321, 1513867.853700000792742 ], [ 2652619.971699997782707, 1513866.709100000560284 ], [ 2652515.799999997019768, 1513925.5945999994874 ], [ 2652557.207400001585484, 1514018.343499999493361 ], [ 2652595.350599996745586, 1514102.209600001573563 ], [ 2652605.266199998557568, 1514112.7364999987185 ], [ 2652611.551600001752377, 1514105.33390000090003 ], [ 2652660.837300002574921, 1514088.1385000012815 ], [ 2652667.611900001764297, 1514085.774900000542402 ] ] ] ] } },
{ "type": "Feature", "properties": { "fid": 210, "OBJECTID": 58434, "CVE_COL": "19048_0211", "ID_COL": 58434, "COLONIA": "Real del Valle Sector Mirador", "CP": "66357", "CVE_ENT": "19", "NOM_ENT": "Nuevo León", "MUN": "048", "CVE_MUN": "19048", "NOM_MUN": "Santa Catarina", "LOC": "0001", "CVE_LOC": "190480001", "NOM_LOC": "Ciudad Santa Catarina", "SUN_2018": "M19.01", "NOM_SUN": "Monterrey", "POBTOT": 55.788429, "P6A14NAE": 2.002002, "SBASC": 9.266489, "PSDSS": 13.249308, "OVSDE": 0.0, "OVSEE": 0.0, "OVSAE": 0.0, "OVPT": 0.124805, "OVHAC": 10.312013, "OVSREF": 0.280987, "OVSINT": 9.313573, "OVSCEL": 1.575663, "IM_2020": 154.19926171089199, "GM_2020": "Muy bajo", "IMN_2020": 0.98311289261059998, "CLASIF": "Colonia" }, "geometry": { "type": "MultiPolygon", "coordinates": [ [ [ [ 2652174.174699999392033, 1514271.530000001192093 ], [ 2652179.994999997317791, 1514268.975600000470877 ], [ 2652301.251199997961521, 1514213.919100001454353 ], [ 2652285.041500002145767, 1514193.757500000298023 ], [ 2652279.549800001084805, 1514195.698300000280142 ], [ 2651980.202299997210503, 1514306.965399999171495 ], [ 2651981.85419999808073, 1514316.460900001227856 ], [ 2651985.508699998259544, 1514322.442400000989437 ], [ 2652001.536399997770786, 1514338.403200000524521 ], [ 2652048.065600000321865, 1514321.082499999552965 ], [ 2652088.771700002253056, 1514306.860500000417233 ], [ 2652133.448899999260902, 1514287.572799999266863 ], [ 2652174.174699999392033, 1514271.530000001192093 ] ] ] ] } },
{ "type": "Feature", "properties": { "fid": 211, "OBJECTID": 58436, "CVE_COL": "19048_0212", "ID_COL": 58436, "COLONIA": "Rincon de La Huasteca", "CP": "66365", "CVE_ENT": "19", "NOM_ENT": "Nuevo León", "MUN": "048", "CVE_MUN": "19048", "NOM_MUN": "Santa Catarina", "LOC": "0001", "CVE_LOC": "190480001", "NOM_LOC": "Ciudad Santa Catarina", "SUN_2018": "M19.01", "NOM_SUN": "Monterrey", "POBTOT": 70.137688, "P6A14NAE": 6.412826, "SBASC": 22.193415, "PSDSS": 17.609527, "OVSDE": 0.0, "OVSEE": 0.021299, "OVSAE": 0.0, "OVPT": 0.021299, "OVHAC": 15.821976, "OVSREF": 1.171209, "OVSINT": 20.379046, "OVSCEL": 7.544757, "IM_2020": 151.22315385143099, "GM_2020": "Bajo", "IMN_2020": 0.96413841780459997, "CLASIF": "Fraccionamiento" }, "geometry": { "type": "MultiPolygon", "coordinates": [ [ [ [ 2653809.772100001573563, 1514018.514899998903275 ], [ 2653801.717500001192093, 1514073.452399998903275 ], [ 2653797.125699996948242, 1514102.941199999302626 ], [ 2653801.270000003278255, 1514103.495700001716614 ], [ 2653872.282600000500679, 1514113.058400001376867 ], [ 2653875.57150000333786, 1514114.314399998635054 ], [ 2653879.386399999260902, 1514091.420499999076128 ], [ 2653883.772900000214577, 1514064.03830000013113 ], [ 2653885.440999999642372, 1514052.704500000923872 ], [ 2653888.988200001418591, 1514031.225999999791384 ], [ 2653885.194799996912479, 1514031.380300000309944 ], [ 2653812.426299996674061, 1514018.956599999219179 ], [ 2653809.772100001573563, 1514018.514899998903275 ] ] ] ] } },
{ "type": "Feature", "properties": { "fid": 212, "OBJECTID": 58437, "CVE_COL": "19048_0213", "ID_COL": 58437, "COLONIA": "Rincon de Las Huertas 1 Sector", "CP": "66350", "CVE_ENT": "19", "NOM_ENT": "Nuevo León", "MUN": "048", "CVE_MUN": "19048", "NOM_MUN": "Santa Catarina", "LOC": "0001", "CVE_LOC": "190480001", "NOM_LOC": "Ciudad Santa Catarina", "SUN_2018": "M19.01", "NOM_SUN": "Monterrey", "POBTOT": 513.855971, "P6A14NAE": 2.13548, "SBASC": 14.181808, "PSDSS": 15.412939, "OVSDE": 6.9999999999999999e-06, "OVSEE": 1.0000000000000001e-05, "OVSAE": 0.0, "OVPT": 0.278228, "OVHAC": 11.636473, "OVSREF": 0.927228, "OVSINT": 14.461006, "OVSCEL": 5.748413, "IM_2020": 153.23513843072999, "GM_2020": "Muy bajo", "IMN_2020": 0.97696602772770003, "CLASIF": "Fraccionamiento" }, "geometry": { "type": "MultiPolygon", "coordinates": [ [ [ [ 2653914.940700002014637, 1515472.843299999833107 ], [ 2653913.010300002992153, 1515449.151799999177456 ], [ 2654090.954800002276897, 1515451.33219999819994 ], [ 2654135.353399999439716, 1515451.142799999564886 ], [ 2654139.274300001561642, 1515451.022199999541044 ], [ 2654144.818899996578693, 1515450.93019999936223 ], [ 2654214.645000003278255, 1515451.266800001263618 ], [ 2654239.793300002813339, 1515453.161400001496077 ], [ 2654245.25110000371933, 1515452.19310000166297 ], [ 2654237.580799996852875, 1515402.400199998170137 ], [ 2654210.258000001311302, 1515350.379999998956919 ], [ 2654178.608300000429153, 1515305.576400000602007 ], [ 2654171.898999996483326, 1515294.440400000661612 ], [ 2654138.865500003099442, 1515231.614500001072884 ], [ 2654132.134099997580051, 1515233.403299998492002 ], [ 2653879.911799997091293, 1515286.766800001263618 ], [ 2653679.282999999821186, 1515329.2162000015378 ], [ 2653690.883100003004074, 1515371.496300000697374 ], [ 2653692.461199998855591, 1515420.461599998176098 ], [ 2653686.955899998545647, 1515443.920800000429153 ], [ 2653832.991800002753735, 1515413.398200001567602 ], [ 2653833.876999996602535, 1515425.611999999731779 ], [ 2653831.087399996817112, 1515439.217500001192093 ], [ 2653839.183399997651577, 1515449.569699998944998 ], [ 2653856.719300001859665, 1515447.04109999909997 ], [ 2653860.420699998736382, 1515439.605799999088049 ], [ 2653905.412299998104572, 1515429.82209999859333 ], [ 2653908.127300001680851, 1515473.646299999207258 ], [ 2653914.940700002014637, 1515472.843299999833107 ] ] ] ] } },
{ "type": "Feature", "properties": { "fid": 213, "OBJECTID": 58438, "CVE_COL": "19048_0214", "ID_COL": 58438, "COLONIA": "Rincon de Las Huertas 2 Sector", "CP": "66350", "CVE_ENT": "19", "NOM_ENT": "Nuevo León", "MUN": "048", "CVE_MUN": "19048", "NOM_MUN": "Santa Catarina", "LOC": "0001", "CVE_LOC": "190480001", "NOM_LOC": "Ciudad Santa Catarina", "SUN_2018": "M19.01", "NOM_SUN": "Monterrey", "POBTOT": 35.63876, "P6A14NAE": 2.135231, "SBASC": 14.182344, "PSDSS": 15.413099, "OVSDE": 0.0, "OVSEE": 0.0, "OVSAE": 0.0, "OVPT": 0.278164, "OVHAC": 11.636533, "OVSREF": 0.927214, "OVSINT": 14.461467, "OVSCEL": 5.748725, "IM_2020": 153.23513522110301, "GM_2020": "Muy bajo", "IMN_2020": 0.97696600726439997, "CLASIF": "Fraccionamiento" }, "geometry": { "type": "MultiPolygon", "coordinates": [ [ [ [ 2653914.940700002014637, 1515472.843299999833107 ], [ 2653908.127300001680851, 1515473.646299999207258 ], [ 2653865.109399996697903, 1515476.78660000115633 ], [ 2653827.909100003540516, 1515487.393100000917912 ], [ 2653817.336099997162819, 1515492.326499998569489 ], [ 2653817.563400000333786, 1515494.370200000703335 ], [ 2653844.336499996483326, 1515537.878800000995398 ], [ 2653895.307099997997284, 1515550.148800000548363 ], [ 2653908.234999999403954, 1515553.26240000128746 ], [ 2653909.511500000953674, 1515556.7212999984622 ], [ 2653914.775700002908707, 1515558.399000000208616 ], [ 2653919.472999997437, 1515558.025699999183416 ], [ 2653923.412799999117851, 1515554.985399998724461 ], [ 2653924.08500000089407, 1515549.087699998170137 ], [ 2653922.1300999969244, 1515545.239500001072884 ], [ 2653918.604000002145767, 1515541.764699999243021 ], [ 2653914.940700002014637, 1515472.843299999833107 ] ] ] ] } },
{ "type": "Feature", "properties": { "fid": 214, "OBJECTID": 58439, "CVE_COL": "19048_0215", "ID_COL": 58439, "COLONIA": "Rincon de Las Huertas 3 Sector", "CP": "66350", "CVE_ENT": "19", "NOM_ENT": "Nuevo León", "MUN": "048", "CVE_MUN": "19048", "NOM_MUN": "Santa Catarina", "LOC": "0001", "CVE_LOC": "190480001", "NOM_LOC": "Ciudad Santa Catarina", "SUN_2018": "M19.01", "NOM_SUN": "Monterrey", "POBTOT": 45.790169, "P6A14NAE": 2.135231, "SBASC": 14.182344, "PSDSS": 15.413099, "OVSDE": 0.0, "OVSEE": 0.0, "OVSAE": 0.0, "OVPT": 0.278164, "OVHAC": 11.636532, "OVSREF": 0.927214, "OVSINT": 14.461467, "OVSCEL": 5.748725, "IM_2020": 153.235135186745, "GM_2020": "Muy bajo", "IMN_2020": 0.97696600704530001, "CLASIF": "Fraccionamiento" }, "geometry": { "type": "MultiPolygon", "coordinates": [ [ [ [ 2654214.645000003278255, 1515451.266800001263618 ], [ 2654144.818899996578693, 1515450.93019999936223 ], [ 2654139.274300001561642, 1515451.022199999541044 ], [ 2654135.353399999439716, 1515451.142799999564886 ], [ 2654090.954800002276897, 1515451.33219999819994 ], [ 2654089.228100001811981, 1515513.317600000649691 ], [ 2654215.082800000905991, 1515512.256400000303984 ], [ 2654215.11370000243187, 1515458.55460000038147 ], [ 2654214.645000003278255, 1515451.266800001263618 ] ] ] ] } },
{ "type": "Feature", "properties": { "fid": 215, "OBJECTID": 58440, "CVE_COL": "19048_0216", "ID_COL": 58440, "COLONIA": "Rincon de Las Mitras (Fomerrey 2)", "CP": "66139", "CVE_ENT": "19", "NOM_ENT": "Nuevo León", "MUN": "048", "CVE_MUN": "19048", "NOM_MUN": "Santa Catarina", "LOC": "0001", "CVE_LOC": "190480001", "NOM_LOC": "Ciudad Santa Catarina", "SUN_2018": "M19.01", "NOM_SUN": "Monterrey", "POBTOT": 3825.381251, "P6A14NAE": 10.289135, "SBASC": 39.700328, "PSDSS": 31.529008, "OVSDE": 0.0, "OVSEE": 2.7e-05, "OVSAE": 0.053757, "OVPT": 0.663655, "OVHAC": 30.045087, "OVSREF": 2.616167, "OVSINT": 34.463397, "OVSCEL": 12.697415, "IM_2020": 146.99808268988201, "GM_2020": "Alto", "IMN_2020": 0.93720105192479997, "CLASIF": "Colonia" }, "geometry": { "type": "MultiPolygon", "coordinates": [ [ [ [ 2657244.479599997401237, 1516131.611000001430511 ], [ 2657240.764899998903275, 1516122.720300000160933 ], [ 2657219.663900002837181, 1516076.124899998307228 ], [ 2657200.309600003063679, 1516030.401099998503923 ], [ 2657184.342299997806549, 1515987.678800001740456 ], [ 2657179.392499998211861, 1515975.831999998539686 ], [ 2657162.648400001227856, 1515937.690000001341105 ], [ 2657145.656499996781349, 1515899.141600001603365 ], [ 2657125.574299998581409, 1515854.07880000025034 ], [ 2657105.491999998688698, 1515809.015999998897314 ], [ 2657081.729599997401237, 1515755.69539999961853 ], [ 2656939.348399996757507, 1515777.932300001382828 ], [ 2656934.830899998545647, 1515750.333399999886751 ], [ 2656933.975500002503395, 1515745.107700001448393 ], [ 2656929.770999997854233, 1515719.421 ], [ 2656923.07769999653101, 1515678.52930000051856 ], [ 2656918.767800003290176, 1515652.198399998247623 ], [ 2656875.906000003218651, 1515659.23759999871254 ], [ 2656851.691699996590614, 1515540.085900001227856 ], [ 2656838.15820000320673, 1515541.109099999070168 ], [ 2656808.870099999010563, 1515543.32319999858737 ], [ 2656766.584399998188019, 1515548.019600000232458 ], [ 2656641.704599998891354, 1515561.888900000602007 ], [ 2656603.396200001239777, 1515569.027199998497963 ], [ 2656617.739, 1515612.177400000393391 ], [ 2656619.776399999856949, 1515617.133299998939037 ], [ 2656635.02419999986887, 1515654.222600001841784 ], [ 2656652.379000000655651, 1515694.795699998736382 ], [ 2656662.801299996674061, 1515720.746500000357628 ], [ 2656678.293799996376038, 1515759.321800000965595 ], [ 2656684.698899999260902, 1515774.915300000458956 ], [ 2656697.5287000015378, 1515806.150199998170137 ], [ 2656716.456699997186661, 1515852.2314000017941 ], [ 2656732.522600002586842, 1515891.610599998384714 ], [ 2656748.588500000536442, 1515930.989900000393391 ], [ 2656765.056000001728535, 1515971.353399999439716 ], [ 2656769.731499999761581, 1515983.836199998855591 ], [ 2656778.919299997389317, 1516010.854200001806021 ], [ 2656783.024800002574921, 1516022.927000001072884 ], [ 2656793.305799998342991, 1516053.159699998795986 ], [ 2656807.020000003278255, 1516091.17960000038147 ], [ 2656820.57490000128746, 1516110.805399999022484 ], [ 2656829.489200003445148, 1516123.819699998944998 ], [ 2656851.007600001990795, 1516174.558200001716614 ], [ 2656871.137500002980232, 1516222.361400000751019 ], [ 2656891.7993, 1516274.150100000202656 ], [ 2656909.163000002503395, 1516317.672400001436472 ], [ 2656932.862800002098083, 1516377.075800001621246 ], [ 2656980.527400001883507, 1516356.851500000804663 ], [ 2656990.210900001227856, 1516352.742800001055002 ], [ 2657037.82880000025034, 1516332.538400001823902 ], [ 2657074.399400003254414, 1516296.4375 ], [ 2657082.758100003004074, 1516288.186200000345707 ], [ 2657107.893399998545647, 1516263.373799998313189 ], [ 2657146.092500001192093, 1516225.665300000458956 ], [ 2657155.413999997079372, 1516216.539900001138449 ], [ 2657180.021999999880791, 1516193.074799999594688 ], [ 2657244.479599997401237, 1516131.611000001430511 ] ] ] ] } },
{ "type": "Feature", "properties": { "fid": 216, "OBJECTID": 58441, "CVE_COL": "19048_0217", "ID_COL": 58441, "COLONIA": "Rincon de Las Palmas", "CP": "66351", "CVE_ENT": "19", "NOM_ENT": "Nuevo León", "MUN": "048", "CVE_MUN": "19048", "NOM_MUN": "Santa Catarina", "LOC": "0001", "CVE_LOC": "190480001", "NOM_LOC": "Ciudad Santa Catarina", "SUN_2018": "M19.01", "NOM_SUN": "Monterrey", "POBTOT": 4132.429745, "P6A14NAE": 3.079351, "SBASC": 10.624994, "PSDSS": 17.001916, "OVSDE": 0.0, "OVSEE": 0.00639, "OVSAE": 0.014719, "OVPT": 0.051193, "OVHAC": 13.932373, "OVSREF": 0.898129, "OVSINT": 13.129468, "OVSCEL": 2.255071, "IM_2020": 153.35228824849199, "GM_2020": "Muy bajo", "IMN_2020": 0.97771292816629995, "CLASIF": "Fraccionamiento" }, "geometry": { "type": "MultiPolygon", "coordinates": [ [ [ [ 2653862.972800001502037, 1518313.074700001627207 ], [ 2653859.925200000405312, 1518306.961399998515844 ], [ 2653829.351800002157688, 1518243.915800001472235 ], [ 2653827.927100002765656, 1518241.0099 ], [ 2653826.502499997615814, 1518238.103900000452995 ], [ 2653823.652800001204014, 1518232.287300001829863 ], [ 2653781.3772, 1518146.028900001198053 ], [ 2653777.605200000107288, 1518137.232299998402596 ], [ 2653758.18129999935627, 1518095.1689000017941 ], [ 2653756.443400003015995, 1518091.402800001204014 ], [ 2653754.711000002920628, 1518087.637600000947714 ], [ 2653723.145000003278255, 1518019.191599998623133 ], [ 2653717.814599998295307, 1518009.174800001084805 ], [ 2653691.493199996650219, 1517944.8257 ], [ 2653688.300200000405312, 1517939.818500000983477 ], [ 2653680.183700002729893, 1517895.584300000220537 ], [ 2653646.8574, 1517799.530299998819828 ], [ 2653560.074199996888638, 1517619.113600000739098 ], [ 2653520.769000001251698, 1517638.256400000303984 ], [ 2653481.453400000929832, 1517657.40430000051856 ], [ 2653442.215899996459484, 1517676.514199998229742 ], [ 2653426.74549999833107, 1517684.048700001090765 ], [ 2653412.015600003302097, 1517691.222600001841784 ], [ 2653405.926700003445148, 1517694.188099998980761 ], [ 2653370.383599996566772, 1517711.498700000345707 ], [ 2653329.1897, 1517731.561299998313189 ], [ 2653288.716600000858307, 1517751.272900000214577 ], [ 2653249.467500001192093, 1517770.388300001621246 ], [ 2653229.024499997496605, 1517780.344700001180172 ], [ 2653481.916500002145767, 1518316.55689999833703 ], [ 2653508.075000002980232, 1518316.511500000953674 ], [ 2653538.418799996376038, 1518316.740899998694658 ], [ 2653589.700900003314018, 1518316.434599999338388 ], [ 2653601.253799997270107, 1518315.916499998420477 ], [ 2653645.415799997746944, 1518315.710700001567602 ], [ 2653732.00280000269413, 1518314.934799998998642 ], [ 2653784.502599999308586, 1518314.011 ], [ 2653836.153800003230572, 1518313.119600001722574 ], [ 2653857.729400001466274, 1518312.821600001305342 ], [ 2653862.972800001502037, 1518313.074700001627207 ] ] ] ] } },
{ "type": "Feature", "properties": { "fid": 217, "OBJECTID": 58442, "CVE_COL": "19048_0218", "ID_COL": 58442, "COLONIA": "Rincon del Poniente", "CP": "66351", "CVE_ENT": "19", "NOM_ENT": "Nuevo León", "MUN": "048", "CVE_MUN": "19048", "NOM_MUN": "Santa Catarina", "LOC": "0001", "CVE_LOC": "190480001", "NOM_LOC": "Ciudad Santa Catarina", "SUN_2018": "M19.01", "NOM_SUN": "Monterrey", "POBTOT": 3305.167444, "P6A14NAE": 3.640143, "SBASC": 17.574465, "PSDSS": 18.826007, "OVSDE": 0.000475, "OVSEE": 0.000507, "OVSAE": 0.001782, "OVPT": 0.15922, "OVHAC": 17.942105, "OVSREF": 0.315349, "OVSINT": 14.41767, "OVSCEL": 4.978528, "IM_2020": 152.295481696053, "GM_2020": "Bajo", "IMN_2020": 0.97097515176469995, "CLASIF": "Unidad habitacional" }, "geometry": { "type": "MultiPolygon", "coordinates": [ [ [ [ 2653560.074199996888638, 1517619.113600000739098 ], [ 2653496.141099996864796, 1517493.580200001597404 ], [ 2653481.963500000536442, 1517499.904899999499321 ], [ 2653457.106600001454353, 1517447.32319999858737 ], [ 2653439.468099996447563, 1517410.000399999320507 ], [ 2653421.728200003504753, 1517372.455899998545647 ], [ 2653419.458200000226498, 1517367.634399998933077 ], [ 2653403.286700002849102, 1517333.464200001209974 ], [ 2653385.889899998903275, 1517296.630800001323223 ], [ 2653361.596699997782707, 1517245.218400001525879 ], [ 2653346.980999998748302, 1517214.300700001418591 ], [ 2653329.120399996638298, 1517176.509799998253584 ], [ 2653311.375799998641014, 1517138.955899998545647 ], [ 2653293.070000000298023, 1517100.195999998599291 ], [ 2653283.533600002527237, 1517080.003800000995398 ], [ 2653262.410700000822544, 1517091.24040000140667 ], [ 2653226.880500003695488, 1517110.141199998557568 ], [ 2653188.596900001168251, 1517130.5066 ], [ 2653164.396300002932549, 1517143.380399998277426 ], [ 2653153.226000003516674, 1517153.062399998307228 ], [ 2653121.244499996304512, 1517187.160199999809265 ], [ 2653111.364699997007847, 1517208.645199999213219 ], [ 2653062.585100002586842, 1517314.723000001162291 ], [ 2653040.436800003051758, 1517377.076699998229742 ], [ 2653047.173699997365475, 1517391.167399998754263 ], [ 2653050.59179999679327, 1517398.315900001674891 ], [ 2653105.837899997830391, 1517513.8673 ], [ 2653107.837399996817112, 1517518.111900001764297 ], [ 2653110.720499999821186, 1517524.28770000115037 ], [ 2653177.02080000191927, 1517667.787599999457598 ], [ 2653180.103799998760223, 1517674.46059999987483 ], [ 2653225.60980000346899, 1517772.953299999237061 ], [ 2653229.024499997496605, 1517780.344700001180172 ], [ 2653249.467500001192093, 1517770.388300001621246 ], [ 2653288.716600000858307, 1517751.272900000214577 ], [ 2653329.1897, 1517731.561299998313189 ], [ 2653370.383599996566772, 1517711.498700000345707 ], [ 2653405.926700003445148, 1517694.188099998980761 ], [ 2653412.015600003302097, 1517691.222600001841784 ], [ 2653426.74549999833107, 1517684.048700001090765 ], [ 2653442.215899996459484, 1517676.514199998229742 ], [ 2653481.453400000929832, 1517657.40430000051856 ], [ 2653520.769000001251698, 1517638.256400000303984 ], [ 2653560.074199996888638, 1517619.113600000739098 ] ] ] ] } },
{ "type": "Feature", "properties": { "fid": 218, "OBJECTID": 58444, "CVE_COL": "19048_0219", "ID_COL": 58444, "COLONIA": "San Francisco", "CP": "66368", "CVE_ENT": "19", "NOM_ENT": "Nuevo León", "MUN": "048", "CVE_MUN": "19048", "NOM_MUN": "Santa Catarina", "LOC": "0001", "CVE_LOC": "190480001", "NOM_LOC": "Ciudad Santa Catarina", "SUN_2018": "M19.01", "NOM_SUN": "Monterrey", "POBTOT": 1187.336308, "P6A14NAE": 7.161638, "SBASC": 35.973173, "PSDSS": 29.373283, "OVSDE": 0.189007, "OVSEE": 0.094258, "OVSAE": 0.718098, "OVPT": 3.781853, "OVHAC": 31.909519, "OVSREF": 4.069779, "OVSINT": 46.094597, "OVSCEL": 11.93358, "IM_2020": 147.36424993349399, "GM_2020": "Medio", "IMN_2020": 0.93953558799229997, "CLASIF": "Colonia" }, "geometry": { "type": "MultiPolygon", "coordinates": [ [ [ [ 2653283.533600002527237, 1517080.003800000995398 ], [ 2653332.456000000238419, 1517056.288400001823902 ], [ 2653335.835400000214577, 1517054.650199998170137 ], [ 2653419.233199998736382, 1517014.191199999302626 ], [ 2653436.849200002849102, 1517005.778799999505281 ], [ 2653429.638099998235703, 1516981.907900001853704 ], [ 2653427.256700001657009, 1516971.584199998527765 ], [ 2653420.110299997031689, 1516940.603300001472235 ], [ 2653407.121200002729893, 1516890.58729999884963 ], [ 2653393.82039999961853, 1516839.370799999684095 ], [ 2653381.243199996650219, 1516790.94029999896884 ], [ 2653368.238799996674061, 1516740.865200001746416 ], [ 2653355.80349999666214, 1516692.981600001454353 ], [ 2653337.205700002610683, 1516621.368200000375509 ], [ 2653327.10869999974966, 1516630.66330000013113 ], [ 2653222.221400000154972, 1516727.237100001424551 ], [ 2653194.2179000005126, 1516753.000500001013279 ], [ 2653051.178999997675419, 1516885.269600000232458 ], [ 2652986.157600000500679, 1516961.084399998188019 ], [ 2652984.032799996435642, 1516973.448300000280142 ], [ 2652973.693000003695488, 1517033.613099999725819 ], [ 2652966.969999998807907, 1517072.732099998742342 ], [ 2653159.204300001263618, 1517113.064800001680851 ], [ 2653164.396300002932549, 1517143.380399998277426 ], [ 2653188.596900001168251, 1517130.5066 ], [ 2653226.880500003695488, 1517110.141199998557568 ], [ 2653262.410700000822544, 1517091.24040000140667 ], [ 2653283.533600002527237, 1517080.003800000995398 ] ] ] ] } },
{ "type": "Feature", "properties": { "fid": 219, "OBJECTID": 58445, "CVE_COL": "19048_0220", "ID_COL": 58445, "COLONIA": "San Gilberto", "CP": "66369", "CVE_ENT": "19", "NOM_ENT": "Nuevo León", "MUN": "048", "CVE_MUN": "19048", "NOM_MUN": "Santa Catarina", "LOC": "0001", "CVE_LOC": "190480001", "NOM_LOC": "Ciudad Santa Catarina", "SUN_2018": "M19.01", "NOM_SUN": "Monterrey", "POBTOT": 11409.71243, "P6A14NAE": 7.90744, "SBASC": 33.71053, "PSDSS": 23.238731, "OVSDE": 0.006604, "OVSEE": 0.132655, "OVSAE": 0.105972, "OVPT": 0.618657, "OVHAC": 27.965198, "OVSREF": 2.36878, "OVSINT": 30.754832, "OVSCEL": 8.760165, "IM_2020": 148.87242518994699, "GM_2020": "Medio", "IMN_2020": 0.9491511109363, "CLASIF": "Colonia" }, "geometry": { "type": "MultiPolygon", "coordinates": [ [ [ [ 2654294.488899998366833, 1517646.980700001120567 ], [ 2654222.053999997675419, 1517494.505800001323223 ], [ 2654203.438799999654293, 1517456.466899998486042 ], [ 2654185.79839999973774, 1517418.849599998444319 ], [ 2654167.938199996948242, 1517380.7632 ], [ 2654150.0779, 1517342.676899999380112 ], [ 2654133.981200002133846, 1517306.740499999374151 ], [ 2654116.554799996316433, 1517269.407200001180172 ], [ 2654099.612300001084805, 1517231.6107 ], [ 2654081.465300001204014, 1517194.735500000417233 ], [ 2654060.410599999129772, 1517152.094399999827147 ], [ 2654040.570100001990795, 1517109.655999999493361 ], [ 2654023.672399997711182, 1517073.511999998241663 ], [ 2654005.488399997353554, 1517034.61710000038147 ], [ 2653988.013999998569489, 1516997.239700000733137 ], [ 2653967.371799997985363, 1516955.453299999237061 ], [ 2653947.561899997293949, 1516913.661499999463558 ], [ 2653930.177199997007847, 1516876.971200000494719 ], [ 2653902.745300002396107, 1516819.07660000026226 ], [ 2653854.707500003278255, 1516836.332899998873472 ], [ 2653776.2478, 1516864.517299998551607 ], [ 2653741.376400001347065, 1516877.043800000101328 ], [ 2653657.078900001943111, 1516907.325199998915195 ], [ 2653564.843800000846386, 1516944.1338 ], [ 2653529.246699996292591, 1516961.500599998980761 ], [ 2653436.849200002849102, 1517005.778799999505281 ], [ 2653419.233199998736382, 1517014.191199999302626 ], [ 2653335.835400000214577, 1517054.650199998170137 ], [ 2653332.456000000238419, 1517056.288400001823902 ], [ 2653283.533600002527237, 1517080.003800000995398 ], [ 2653293.070000000298023, 1517100.195999998599291 ], [ 2653311.375799998641014, 1517138.955899998545647 ], [ 2653329.120399996638298, 1517176.509799998253584 ], [ 2653346.980999998748302, 1517214.300700001418591 ], [ 2653361.596699997782707, 1517245.218400001525879 ], [ 2653385.889899998903275, 1517296.630800001323223 ], [ 2653403.286700002849102, 1517333.464200001209974 ], [ 2653419.458200000226498, 1517367.634399998933077 ], [ 2653421.728200003504753, 1517372.455899998545647 ], [ 2653439.468099996447563, 1517410.000399999320507 ], [ 2653457.106600001454353, 1517447.32319999858737 ], [ 2653481.963500000536442, 1517499.904899999499321 ], [ 2653496.141099996864796, 1517493.580200001597404 ], [ 2653560.074199996888638, 1517619.113600000739098 ], [ 2653646.8574, 1517799.530299998819828 ], [ 2653680.183700002729893, 1517895.584300000220537 ], [ 2653688.300200000405312, 1517939.818500000983477 ], [ 2653707.090499997138977, 1517928.501800000667572 ], [ 2653749.106899999082088, 1517909.406899999827147 ], [ 2653777.489100001752377, 1517893.854699999094009 ], [ 2653789.605099998414516, 1517887.951699998229742 ], [ 2653815.421499997377396, 1517876.261999998241663 ], [ 2653832.901900000870228, 1517868.648299999535084 ], [ 2653852.463299997150898, 1517858.892200000584126 ], [ 2653874.905699998140335, 1517849.131999999284744 ], [ 2653893.189000003039837, 1517841.380699999630451 ], [ 2653917.148999996483326, 1517829.736900001764297 ], [ 2653928.952500000596046, 1517824.000599998980761 ], [ 2653940.241499997675419, 1517818.5143 ], [ 2653960.373099997639656, 1517808.730700001120567 ], [ 2653977.356700003147125, 1517800.476799998432398 ], [ 2653986.44200000166893, 1517796.061500001698732 ], [ 2654002.994999997317791, 1517788.017000000923872 ], [ 2654029.541599996387959, 1517775.115699999034405 ], [ 2654047.13570000231266, 1517766.56529999896884 ], [ 2654065.880900003015995, 1517757.455400001257658 ], [ 2654089.218400001525879, 1517746.128499999642372 ], [ 2654129.447999998927116, 1517726.602899998426437 ], [ 2654183.120399996638298, 1517701.493999999016523 ], [ 2654225.973600000143051, 1517680.442200001329184 ], [ 2654256.56870000064373, 1517664.937699999660254 ], [ 2654281.590700000524521, 1517653.550000000745058 ], [ 2654294.488899998366833, 1517646.980700001120567 ] ] ] ] } },
{ "type": "Feature", "properties": { "fid": 220, "OBJECTID": 58446, "CVE_COL": "19048_0221", "ID_COL": 58446, "COLONIA": "San Gregorio", "CP": "66373", "CVE_ENT": "19", "NOM_ENT": "Nuevo León", "MUN": "048", "CVE_MUN": "19048", "NOM_MUN": "Santa Catarina", "LOC": "0001", "CVE_LOC": "190480001", "NOM_LOC": "Ciudad Santa Catarina", "SUN_2018": "M19.01", "NOM_SUN": "Monterrey", "POBTOT": 364.641009, "P6A14NAE": 7.676186, "SBASC": 19.131189, "PSDSS": 18.78271, "OVSDE": 0.0, "OVSEE": 0.0, "OVSAE": 0.0, "OVPT": 0.51741, "OVHAC": 11.941544, "OVSREF": 1.831837, "OVSINT": 18.869502, "OVSCEL": 7.831874, "IM_2020": 151.11153801813501, "GM_2020": "Bajo", "IMN_2020": 0.96342679984019997, "CLASIF": "Colonia" }, "geometry": { "type": "MultiPolygon", "coordinates": [ [ [ [ 2654253.813500002026558, 1513931.98759999871254 ], [ 2654177.070900000631809, 1513929.2346 ], [ 2654131.876199997961521, 1513926.348700001835823 ], [ 2654092.096799999475479, 1513919.44539999961853 ], [ 2654049.805299997329712, 1513904.808699999004602 ], [ 2654029.602899998426437, 1513947.105099998414516 ], [ 2654016.280900001525879, 1514015.858399998396635 ], [ 2654002.17790000140667, 1514104.037200000137091 ], [ 2654048.218900002539158, 1514105.802700001746416 ], [ 2654090.842600002884865, 1514105.738000001758337 ], [ 2654151.670999996364117, 1514097.114 ], [ 2654157.842299997806549, 1514096.53770000115037 ], [ 2654197.006499998271465, 1514092.890000000596046 ], [ 2654221.438799999654293, 1513982.563700001686811 ], [ 2654257.794299997389317, 1513984.020899999886751 ], [ 2654253.813500002026558, 1513931.98759999871254 ] ] ] ] } },
{ "type": "Feature", "properties": { "fid": 221, "OBJECTID": 58447, "CVE_COL": "19048_0222", "ID_COL": 58447, "COLONIA": "San Humberto", "CP": "66120", "CVE_ENT": "19", "NOM_ENT": "Nuevo León", "MUN": "048", "CVE_MUN": "19048", "NOM_MUN": "Santa Catarina", "LOC": "0001", "CVE_LOC": "190480001", "NOM_LOC": "Ciudad Santa Catarina", "SUN_2018": "M19.01", "NOM_SUN": "Monterrey", "POBTOT": 1648.194891, "P6A14NAE": 7.749323, "SBASC": 19.232486, "PSDSS": 20.556019, "OVSDE": 2.1e-05, "OVSEE": 0.047689, "OVSAE": 0.047711, "OVPT": 0.095859, "OVHAC": 12.719671, "OVSREF": 0.573181, "OVSINT": 15.094773, "OVSCEL": 3.770868, "IM_2020": 151.32185832794201, "GM_2020": "Bajo", "IMN_2020": 0.96476771811609996, "CLASIF": "Colonia" }, "geometry": { "type": "MultiPolygon", "coordinates": [ [ [ [ 2656644.112300001084805, 1516198.875900000333786 ], [ 2656634.8882, 1516155.564800001680851 ], [ 2656625.462899997830391, 1516111.308699999004602 ], [ 2656617.053800001740456, 1516071.8246 ], [ 2656608.288000002503395, 1516031.260899998247623 ], [ 2656599.411499999463558, 1515990.185600001364946 ], [ 2656590.645700000226498, 1515949.621800001710653 ], [ 2656581.90259999781847, 1515909.163499999791384 ], [ 2656573.159500002861023, 1515868.705200001597404 ], [ 2656564.645000003278255, 1515821.390000000596046 ], [ 2656514.504699997603893, 1515828.173099998384714 ], [ 2656162.28999999910593, 1515866.238499999046326 ], [ 2656236.912699997425079, 1516021.812199998646975 ], [ 2656243.860200002789497, 1516036.296500001102686 ], [ 2656306.691399998962879, 1516172.550799999386072 ], [ 2656321.093000002205372, 1516199.460499998182058 ], [ 2656359.356700003147125, 1516182.5439000017941 ], [ 2656350.320900000631809, 1516160.681400001049042 ], [ 2656387.68469999730587, 1516143.528200000524521 ], [ 2656397.438100002706051, 1516164.065200001001358 ], [ 2656434.118699997663498, 1516146.652899999171495 ], [ 2656450.244499996304512, 1516180.17680000141263 ], [ 2656452.233000002801418, 1516184.500500001013279 ], [ 2656478.5559, 1516250.059099998325109 ], [ 2656480.598899997770786, 1516255.146800000220537 ], [ 2656559.113099999725819, 1516227.7652000002563 ], [ 2656644.112300001084805, 1516198.875900000333786 ] ] ] ] } },
{ "type": "Feature", "properties": { "fid": 222, "OBJECTID": 58448, "CVE_COL": "19048_0223", "ID_COL": 58448, "COLONIA": "San Isidro de Los Guerra", "CP": "66190", "CVE_ENT": "19", "NOM_ENT": "Nuevo León", "MUN": "048", "CVE_MUN": "19048", "NOM_MUN": "Santa Catarina", "LOC": "0001", "CVE_LOC": "190480001", "NOM_LOC": "Ciudad Santa Catarina", "SUN_2018": "M19.01", "NOM_SUN": "Monterrey", "POBTOT": 218.59166, "P6A14NAE": 7.462687, "SBASC": 31.140352, "PSDSS": 23.361975, "OVSDE": 0.0, "OVSEE": 0.0, "OVSAE": 0.027412, "OVPT": 0.164474, "OVHAC": 28.536183, "OVSREF": 4.057017, "OVSINT": 28.179824, "OVSCEL": 8.771929, "IM_2020": 149.21999919977401, "GM_2020": "Medio", "IMN_2020": 0.95136710397290003, "CLASIF": "Colonia" }, "geometry": { "type": "MultiPolygon", "coordinates": [ [ [ [ 2656648.572400003671646, 1513430.536899998784065 ], [ 2656647.265000000596046, 1513422.815000001341105 ], [ 2656633.518899999558926, 1513357.066799998283386 ], [ 2656629.160199999809265, 1513330.360199999064207 ], [ 2656602.938199996948242, 1513187.966499999165535 ], [ 2656571.068899996578693, 1513195.240499999374151 ], [ 2656469.623199999332428, 1513215.258200000971556 ], [ 2656466.822899997234344, 1513260.79450000077486 ], [ 2656421.400499999523163, 1513259.714999999850988 ], [ 2656417.699400000274181, 1513280.420299999415874 ], [ 2656412.332800000905991, 1513327.7347999997437 ], [ 2656407.518299996852875, 1513328.788100000470877 ], [ 2656384.969499997794628, 1513334.243000000715256 ], [ 2656382.797200001776218, 1513334.751299999654293 ], [ 2656340.36599999666214, 1513358.599599998444319 ], [ 2656334.33219999819994, 1513393.732500001788139 ], [ 2656376.666799999773502, 1513398.000300001353025 ], [ 2656403.357600003480911, 1513401.688499998301268 ], [ 2656388.46000000089407, 1513445.61939999833703 ], [ 2656419.159500002861023, 1513449.085200000554323 ], [ 2656415.904899999499321, 1513544.541600000113249 ], [ 2656550.378499999642372, 1513602.11259999871254 ], [ 2656566.580899998545647, 1513608.997499998658895 ], [ 2656602.690099999308586, 1513623.408500000834465 ], [ 2656610.152999997138977, 1513601.903000000864267 ], [ 2656620.187200002372265, 1513593.284600000828505 ], [ 2656632.471500001847744, 1513584.598600000143051 ], [ 2656641.577399998903275, 1513556.339899998158216 ], [ 2656642.725299999117851, 1513530.801399998366833 ], [ 2656645.250600002706051, 1513480.660500001162291 ], [ 2656648.572400003671646, 1513430.536899998784065 ] ] ] ] } },
{ "type": "Feature", "properties": { "fid": 223, "OBJECTID": 58449, "CVE_COL": "19048_0224", "ID_COL": 58449, "COLONIA": "Santa Catalina", "CP": "66376", "CVE_ENT": "19", "NOM_ENT": "Nuevo León", "MUN": "048", "CVE_MUN": "19048", "NOM_MUN": "Santa Catarina", "LOC": "0001", "CVE_LOC": "190480001", "NOM_LOC": "Ciudad Santa Catarina", "SUN_2018": "M19.01", "NOM_SUN": "Monterrey", "POBTOT": 486.277419, "P6A14NAE": 4.914311, "SBASC": 20.070645, "PSDSS": 20.395693, "OVSDE": 0.0, "OVSEE": 0.0, "OVSAE": 0.0, "OVPT": 0.079848, "OVHAC": 18.239463, "OVSREF": 2.297372, "OVSINT": 21.70191, "OVSCEL": 5.349192, "IM_2020": 151.51917985809001, "GM_2020": "Bajo", "IMN_2020": 0.96602576136560003, "CLASIF": "Colonia" }, "geometry": { "type": "MultiPolygon", "coordinates": [ [ [ [ 2654795.314099997282028, 1513766.376899998635054 ], [ 2654793.565800003707409, 1513720.523699998855591 ], [ 2654785.728500001132488, 1513693.868700001388788 ], [ 2654774.307199999690056, 1513654.086300000548363 ], [ 2654762.885899998247623, 1513614.303800001740456 ], [ 2654652.075099997222424, 1513615.22580000013113 ], [ 2654570.510200001299381, 1513618.676899999380112 ], [ 2654572.721900001168251, 1513657.076099999248981 ], [ 2654574.791799999773502, 1513693.080200001597404 ], [ 2654534.323899999260902, 1513695.168000001460314 ], [ 2654493.056800000369549, 1513696.158300001174212 ], [ 2654477.425499998033047, 1513695.767400000244379 ], [ 2654477.994800001382828, 1513706.04450000077486 ], [ 2654477.961000002920628, 1513736.28830000013113 ], [ 2654478.403499998152256, 1513754.6721 ], [ 2654478.399599999189377, 1513776.170200001448393 ], [ 2654508.863899998366833, 1513775.209600001573563 ], [ 2654575.517700001597404, 1513773.301699999719858 ], [ 2654579.074000000953674, 1513773.1897 ], [ 2654790.859300002455711, 1513766.5168999992311 ], [ 2654795.314099997282028, 1513766.376899998635054 ] ] ] ] } },
{ "type": "Feature", "properties": { "fid": 224, "OBJECTID": 58450, "CVE_COL": "19048_0225", "ID_COL": 58450, "COLONIA": "Santa Catarina", "CP": "66354", "CVE_ENT": "19", "NOM_ENT": "Nuevo León", "MUN": "048", "CVE_MUN": "19048", "NOM_MUN": "Santa Catarina", "LOC": "0001", "CVE_LOC": "190480001", "NOM_LOC": "Ciudad Santa Catarina", "SUN_2018": "M19.01", "NOM_SUN": "Monterrey", "POBTOT": 1129.913029, "P6A14NAE": 4.470996, "SBASC": 19.930644, "PSDSS": 15.808253, "OVSDE": 0.0, "OVSEE": 0.0, "OVSAE": 0.151405, "OVPT": 0.549999, "OVHAC": 12.409778, "OVSREF": 0.689088, "OVSINT": 15.103646, "OVSCEL": 5.995664, "IM_2020": 152.19124504070999, "GM_2020": "Bajo", "IMN_2020": 0.97031058049109997, "CLASIF": "Unidad habitacional" }, "geometry": { "type": "MultiPolygon", "coordinates": [ [ [ [ 2654723.132200002670288, 1513341.741399999707937 ], [ 2654734.553000003099442, 1513321.365499999374151 ], [ 2654765.609200000762939, 1513308.80290000140667 ], [ 2654771.594200000166893, 1513260.172899998724461 ], [ 2654761.308499999344349, 1513216.005899999290705 ], [ 2654743.93639999628067, 1513212.660500001162291 ], [ 2654697.232900001108646, 1513203.624899998307228 ], [ 2654647.843500003218651, 1513191.245799999684095 ], [ 2654600.977099999785423, 1513179.576999999582767 ], [ 2654591.359999999403954, 1513176.146200001239777 ], [ 2654551.974799998104572, 1513162.141699999570847 ], [ 2654524.473499998450279, 1513152.436200000345707 ], [ 2654511.651399999856949, 1513148.038899999111891 ], [ 2654479.711000002920628, 1513136.567400000989437 ], [ 2654468.212999999523163, 1513132.4912 ], [ 2654435.890100002288818, 1513121.050200000405312 ], [ 2654428.056999996304512, 1513118.0912000015378 ], [ 2654350.496100001037121, 1513088.969200000166893 ], [ 2654310.462999999523163, 1513073.937899999320507 ], [ 2654256.189099997282028, 1513052.234400000423193 ], [ 2654244.733199998736382, 1513069.48030000180006 ], [ 2654234.507799997925758, 1513068.437300000339746 ], [ 2654202.8596, 1513122.194699998944998 ], [ 2654187.034699998795986, 1513149.20890000090003 ], [ 2654174.975900001823902, 1513169.8293999992311 ], [ 2654160.253100000321865, 1513194.980700001120567 ], [ 2654140.179999999701977, 1513227.665699999779463 ], [ 2654122.857199996709824, 1513255.488299999386072 ], [ 2654108.799500003457069, 1513278.0669 ], [ 2654172.32209999859333, 1513284.944400001317263 ], [ 2654181.793999999761581, 1513285.825599998235703 ], [ 2654186.556500002741814, 1513286.394999999552965 ], [ 2654235.601700000464916, 1513291.044199999421835 ], [ 2654283.272200003266335, 1513294.644400000572205 ], [ 2654333.24040000140667, 1513299.692200001329184 ], [ 2654374.9054000005126, 1513303.325599998235703 ], [ 2654419.45440000295639, 1513307.065699998289347 ], [ 2654470.819499999284744, 1513311.377900000661612 ], [ 2654469.267099998891354, 1513354.293099999427795 ], [ 2654517.546599999070168, 1513358.885600000619888 ], [ 2654559.371899999678135, 1513362.228700000792742 ], [ 2654607.85249999910593, 1513368.107999999076128 ], [ 2654651.181100003421307, 1513372.019900001585484 ], [ 2654726.690700002014637, 1513379.701200000941753 ], [ 2654723.459299996495247, 1513357.318999998271465 ], [ 2654723.132200002670288, 1513341.741399999707937 ] ] ] ] } },
{ "type": "Feature", "properties": { "fid": 225, "OBJECTID": 58452, "CVE_COL": "19048_0226", "ID_COL": 58452, "COLONIA": "Santa Cecilia Rdcial I", "CP": "66364", "CVE_ENT": "19", "NOM_ENT": "Nuevo León", "MUN": "048", "CVE_MUN": "19048", "NOM_MUN": "Santa Catarina", "LOC": "0001", "CVE_LOC": "190480001", "NOM_LOC": "Ciudad Santa Catarina", "SUN_2018": "M19.01", "NOM_SUN": "Monterrey", "POBTOT": 344.289605, "P6A14NAE": 1.758019, "SBASC": 10.717171, "PSDSS": 14.288129, "OVSDE": 0.0, "OVSEE": 0.0, "OVSAE": 0.0, "OVPT": 2.8e-05, "OVHAC": 11.267984, "OVSREF": 0.348244, "OVSINT": 11.760044, "OVSCEL": 2.680988, "IM_2020": 153.954644127953, "GM_2020": "Muy bajo", "IMN_2020": 0.98155330862250001, "CLASIF": "Fraccionamiento" }, "geometry": { "type": "MultiPolygon", "coordinates": [ [ [ [ 2650763.189400002360344, 1515171.531100001186132 ], [ 2650754.126800000667572, 1515154.25 ], [ 2650749.615699999034405, 1515145.646699998527765 ], [ 2650687.327799998223782, 1514998.211399998515844 ], [ 2650667.403300002217293, 1514993.438499998301268 ], [ 2650663.535800002515316, 1514991.742199998348951 ], [ 2650615.493100002408028, 1515013.786400001496077 ], [ 2650555.860200002789497, 1515040.152699999511242 ], [ 2650582.256700001657009, 1515103.896299999207258 ], [ 2650625.082000002264977, 1515207.422200001776218 ], [ 2650618.012100003659725, 1515227.056499999016523 ], [ 2650716.059799998998642, 1515189.556600000709295 ], [ 2650763.189400002360344, 1515171.531100001186132 ] ] ] ] } },
{ "type": "Feature", "properties": { "fid": 226, "OBJECTID": 58453, "CVE_COL": "19048_0227", "ID_COL": 58453, "COLONIA": "Santa Cecilia Rdcial Ii", "CP": "66364", "CVE_ENT": "19", "NOM_ENT": "Nuevo León", "MUN": "048", "CVE_MUN": "19048", "NOM_MUN": "Santa Catarina", "LOC": "0001", "CVE_LOC": "190480001", "NOM_LOC": "Ciudad Santa Catarina", "SUN_2018": "M19.01", "NOM_SUN": "Monterrey", "POBTOT": 722.538029, "P6A14NAE": 1.764648, "SBASC": 10.791089, "PSDSS": 14.413098, "OVSDE": 0.0, "OVSEE": 0.0, "OVSAE": 0.0, "OVPT": 6.9999999999999999e-06, "OVHAC": 11.219391, "OVSREF": 0.349256, "OVSINT": 11.784554, "OVSCEL": 2.726953, "IM_2020": 153.93685845942301, "GM_2020": "Muy bajo", "IMN_2020": 0.98143991430499999, "CLASIF": "Fraccionamiento" }, "geometry": { "type": "MultiPolygon", "coordinates": [ [ [ [ 2650896.0304000005126, 1515486.808499999344349 ], [ 2650879.695000000298023, 1515444.867800001055002 ], [ 2650876.570500001311302, 1515436.767000000923872 ], [ 2650862.201899997889996, 1515399.513599999248981 ], [ 2650845.20380000025034, 1515359.714800000190735 ], [ 2650828.821400001645088, 1515319.929400000721216 ], [ 2650813.422200001776218, 1515281.310199998319149 ], [ 2650799.200199998915195, 1515242.902100000530481 ], [ 2650783.917499996721745, 1515203.746199999004602 ], [ 2650770.203500002622604, 1515167.135400000959635 ], [ 2650763.189400002360344, 1515171.531100001186132 ], [ 2650716.059799998998642, 1515189.556600000709295 ], [ 2650618.012100003659725, 1515227.056499999016523 ], [ 2650637.210600003600121, 1515280.0077 ], [ 2650655.39130000025034, 1515325.291499998420477 ], [ 2650672.510799996554852, 1515367.9189000017941 ], [ 2650728.281599998474121, 1515505.72239999845624 ], [ 2650744.382200002670288, 1515547.4391999989748 ], [ 2650749.639399997889996, 1515545.338199999183416 ], [ 2650889.457999996840954, 1515489.4358000010252 ], [ 2650896.0304000005126, 1515486.808499999344349 ] ] ] ] } },
{ "type": "Feature", "properties": { "fid": 227, "OBJECTID": 58454, "CVE_COL": "19048_0228", "ID_COL": 58454, "COLONIA": "Santa Julia", "CP": "66376", "CVE_ENT": "19", "NOM_ENT": "Nuevo León", "MUN": "048", "CVE_MUN": "19048", "NOM_MUN": "Santa Catarina", "LOC": "0001", "CVE_LOC": "190480001", "NOM_LOC": "Ciudad Santa Catarina", "SUN_2018": "M19.01", "NOM_SUN": "Monterrey", "POBTOT": 847.550098, "P6A14NAE": 5.047817, "SBASC": 20.13986, "PSDSS": 20.475511, "OVSDE": 0.0, "OVSEE": 0.0, "OVSAE": 0.0, "OVPT": 0.101135, "OVHAC": 18.098397, "OVSREF": 2.310592, "OVSINT": 21.828076, "OVSCEL": 5.457166, "IM_2020": 151.47084548340999, "GM_2020": "Bajo", "IMN_2020": 0.9657176007014, "CLASIF": "Colonia" }, "geometry": { "type": "MultiPolygon", "coordinates": [ [ [ [ 2654805.469200000166893, 1514032.721900001168251 ], [ 2654795.314099997282028, 1513766.376899998635054 ], [ 2654790.859300002455711, 1513766.5168999992311 ], [ 2654579.074000000953674, 1513773.1897 ], [ 2654575.517700001597404, 1513773.301699999719858 ], [ 2654508.863899998366833, 1513775.209600001573563 ], [ 2654478.399599999189377, 1513776.170200001448393 ], [ 2654439.795699998736382, 1513785.324999999254942 ], [ 2654443.659699998795986, 1513838.032900001853704 ], [ 2654445.589500002563, 1513922.02250000089407 ], [ 2654516.726499997079372, 1513919.280999999493361 ], [ 2654614.902900002896786, 1513914.43299999833107 ], [ 2654626.11089999973774, 1513943.682599999010563 ], [ 2654645.185000002384186, 1513988.343100000172853 ], [ 2654646.296800002455711, 1513990.541499998420477 ], [ 2654649.321099996566772, 1513996.522199999541044 ], [ 2654649.976499997079372, 1514033.885800000280142 ], [ 2654653.835699997842312, 1514033.857299998402596 ], [ 2654800.688199996948242, 1514032.758200000971556 ], [ 2654805.469200000166893, 1514032.721900001168251 ] ] ] ] } },
{ "type": "Feature", "properties": { "fid": 228, "OBJECTID": 58455, "CVE_COL": "19048_0229", "ID_COL": 58455, "COLONIA": "Santa Magdalena", "CP": "66147", "CVE_ENT": "19", "NOM_ENT": "Nuevo León", "MUN": "048", "CVE_MUN": "19048", "NOM_MUN": "Santa Catarina", "LOC": "0001", "CVE_LOC": "190480001", "NOM_LOC": "Ciudad Santa Catarina", "SUN_2018": "M19.01", "NOM_SUN": "Monterrey", "POBTOT": 737.566408, "P6A14NAE": 7.719206, "SBASC": 34.18877, "PSDSS": 21.336182, "OVSDE": 0.0, "OVSEE": 0.0, "OVSAE": 0.054588, "OVPT": 0.806196, "OVHAC": 28.479545, "OVSREF": 4.905197, "OVSINT": 37.261347, "OVSCEL": 9.2289, "IM_2020": 148.85513615503899, "GM_2020": "Medio", "IMN_2020": 0.94904088295639999, "CLASIF": "Colonia" }, "geometry": { "type": "MultiPolygon", "coordinates": [ [ [ [ 2657081.897600002586842, 1515261.544599998742342 ], [ 2657013.626599997282028, 1515238.5548 ], [ 2656863.335799999535084, 1515195.785300001502037 ], [ 2656790.0658999979496, 1515191.933400001376867 ], [ 2656675.99210000038147, 1515196.221400000154972 ], [ 2656580.767800003290176, 1515196.355099998414516 ], [ 2656582.598099999129772, 1515203.275600001215935 ], [ 2656593.415899999439716, 1515230.045000001788139 ], [ 2656609.947700001299381, 1515271.825500000268221 ], [ 2656612.921999998390675, 1515279.342500001192093 ], [ 2656618.727099999785423, 1515279.507399998605251 ], [ 2656648.049199998378754, 1515280.234400000423193 ], [ 2656692.685900002717972, 1515281.386799998581409 ], [ 2656716.056900002062321, 1515282.295499999076128 ], [ 2656718.136600002646446, 1515286.951499998569489 ], [ 2656751.532200001180172, 1515361.729299999773502 ], [ 2656754.086599998176098, 1515367.449499998241663 ], [ 2656757.067400000989437, 1515373.820300001651049 ], [ 2656775.233000002801418, 1515412.646699998527765 ], [ 2656777.168099999427795, 1515416.783300001174212 ], [ 2656778.446400001645088, 1515419.3882 ], [ 2656836.4824, 1515537.692600000649691 ], [ 2656838.15820000320673, 1515541.109099999070168 ], [ 2656851.691699996590614, 1515540.085900001227856 ], [ 2656892.693499997258186, 1515540.046100001782179 ], [ 2657002.211800001561642, 1515541.040500000119209 ], [ 2657020.50789999961853, 1515541.206599999219179 ], [ 2657129.172499999403954, 1515545.811599999666214 ], [ 2657112.284999996423721, 1515492.002000000327826 ], [ 2657096.681100003421307, 1515444.329500000923872 ], [ 2657082.263400003314018, 1515404.342799998819828 ], [ 2657060.398999996483326, 1515348.1239 ], [ 2657051.816699996590614, 1515327.412999998778105 ], [ 2657056.832999996840954, 1515309.781599998474121 ], [ 2657070.493199996650219, 1515283.492499999701977 ], [ 2657074.972599998116493, 1515274.8717 ], [ 2657081.897600002586842, 1515261.544599998742342 ] ] ] ] } },
{ "type": "Feature", "properties": { "fid": 229, "OBJECTID": 58456, "CVE_COL": "19048_0230", "ID_COL": 58456, "COLONIA": "Santa Martha 1Er Sector", "CP": "66350", "CVE_ENT": "19", "NOM_ENT": "Nuevo León", "MUN": "048", "CVE_MUN": "19048", "NOM_MUN": "Santa Catarina", "LOC": "0001", "CVE_LOC": "190480001", "NOM_LOC": "Ciudad Santa Catarina", "SUN_2018": "M19.01", "NOM_SUN": "Monterrey", "POBTOT": 500.615112, "P6A14NAE": 3.856041, "SBASC": 31.336405, "PSDSS": 21.253072, "OVSDE": 0.0, "OVSEE": 0.0, "OVSAE": 0.0, "OVPT": 0.0, "OVHAC": 22.369638, "OVSREF": 1.203332, "OVSINT": 28.633139, "OVSCEL": 9.520866, "IM_2020": 150.47572405307599, "GM_2020": "Bajo", "IMN_2020": 0.95937310399620002, "CLASIF": "Colonia" }, "geometry": { "type": "MultiPolygon", "coordinates": [ [ [ [ 2653431.6765, 1514097.155900001525879 ], [ 2653439.286700002849102, 1514043.856199998408556 ], [ 2653441.359099999070168, 1514029.3412000015378 ], [ 2653448.200499996542931, 1513981.425500001758337 ], [ 2653452.88849999755621, 1513948.592099998146296 ], [ 2653455.063100002706051, 1513933.361699998378754 ], [ 2653468.2246999964118, 1513841.180100001394749 ], [ 2653473.623800002038479, 1513803.36600000038743 ], [ 2653479.763999998569489, 1513768.348799999803305 ], [ 2653483.534199997782707, 1513747.385800000280142 ], [ 2653430.625799998641014, 1513742.573100000619888 ], [ 2653380.706399999558926, 1513738.179000001400709 ], [ 2653367.782399997115135, 1513828.627399999648333 ], [ 2653364.629000000655651, 1513850.052799999713898 ], [ 2653362.576300002634525, 1513858.895100001245737 ], [ 2653354.576800003647804, 1513921.270500000566244 ], [ 2653345.727899998426437, 1513966.792700000107288 ], [ 2653340.651399999856949, 1513992.158700000494719 ], [ 2653335.616499997675419, 1514015.620799999684095 ], [ 2653319.094700001180172, 1514126.453000001609325 ], [ 2653426.160599999129772, 1514143.169100001454353 ], [ 2653429.575000002980232, 1514115.107299998402596 ], [ 2653431.6765, 1514097.155900001525879 ] ] ] ] } },
{ "type": "Feature", "properties": { "fid": 230, "OBJECTID": 58457, "CVE_COL": "19048_0231", "ID_COL": 58457, "COLONIA": "Santa Martha 2Do Sector", "CP": "66350", "CVE_ENT": "19", "NOM_ENT": "Nuevo León", "MUN": "048", "CVE_MUN": "19048", "NOM_MUN": "Santa Catarina", "LOC": "0001", "CVE_LOC": "190480001", "NOM_LOC": "Ciudad Santa Catarina", "SUN_2018": "M19.01", "NOM_SUN": "Monterrey", "POBTOT": 842.854965, "P6A14NAE": 4.08377, "SBASC": 28.827575, "PSDSS": 21.011676, "OVSDE": 0.0, "OVSEE": 0.0, "OVSAE": 0.015869, "OVPT": 0.021164, "OVHAC": 21.206382, "OVSREF": 1.447637, "OVSINT": 26.661329, "OVSCEL": 8.510332, "IM_2020": 150.729886437125, "GM_2020": "Bajo", "IMN_2020": 0.96099354182319996, "CLASIF": "Colonia" }, "geometry": { "type": "MultiPolygon", "coordinates": [ [ [ [ 2653319.094700001180172, 1514126.453000001609325 ], [ 2653239.544799998402596, 1514115.723799999803305 ], [ 2653206.852300003170967, 1514111.333999998867512 ], [ 2653099.736299999058247, 1514096.950599998235703 ], [ 2653096.634999997913837, 1514123.180599998682737 ], [ 2653092.999799996614456, 1514153.925299998372793 ], [ 2653086.263400003314018, 1514210.900100000202656 ], [ 2653080.380300000309944, 1514256.558899998664856 ], [ 2653076.231499999761581, 1514289.024500001221895 ], [ 2653074.672600001096725, 1514302.228900000452995 ], [ 2653070.053800001740456, 1514339.185899998992682 ], [ 2653069.164200000464916, 1514346.961899999529123 ], [ 2653066.859899997711182, 1514364.741900000721216 ], [ 2653061.875100001692772, 1514409.870799999684095 ], [ 2653165.337399996817112, 1514422.188400000333786 ], [ 2653275.556100003421307, 1514437.751800000667572 ], [ 2653283.862899996340275, 1514375.991399999707937 ], [ 2653289.447499997913837, 1514331.390599999576807 ], [ 2653294.980899997055531, 1514288.563200000673532 ], [ 2653301.179999999701977, 1514243.217999998480082 ], [ 2653309.299500003457069, 1514185.833799999207258 ], [ 2653319.094700001180172, 1514126.453000001609325 ] ] ] ] } },
{ "type": "Feature", "properties": { "fid": 231, "OBJECTID": 58458, "CVE_COL": "19048_0232", "ID_COL": 58458, "COLONIA": "Sarabia", "CP": "66366", "CVE_ENT": "19", "NOM_ENT": "Nuevo León", "MUN": "048", "CVE_MUN": "19048", "NOM_MUN": "Santa Catarina", "LOC": "0001", "CVE_LOC": "190480001", "NOM_LOC": "Ciudad Santa Catarina", "SUN_2018": "M19.01", "NOM_SUN": "Monterrey", "POBTOT": 3047.046676, "P6A14NAE": 7.507805, "SBASC": 27.060748, "PSDSS": 22.434894, "OVSDE": 0.102038, "OVSEE": 0.116724, "OVSAE": 1.510001, "OVPT": 4.496984, "OVHAC": 25.180759, "OVSREF": 3.845988, "OVSINT": 34.959084, "OVSCEL": 8.577208, "IM_2020": 148.87310187327799, "GM_2020": "Medio", "IMN_2020": 0.94915542519889995, "CLASIF": "Colonia" }, "geometry": { "type": "MultiPolygon", "coordinates": [ [ [ [ 2653337.205700002610683, 1516621.368200000375509 ], [ 2653438.887900002300739, 1516507.13230000063777 ], [ 2653448.091899998486042, 1516522.660900000482798 ], [ 2653459.2544, 1516509.287999998778105 ], [ 2653464.869199998676777, 1516498.801300000399351 ], [ 2653504.070000000298023, 1516459.864100001752377 ], [ 2653546.360600002110004, 1516417.857999999076128 ], [ 2653604.513899996876717, 1516383.307300001382828 ], [ 2653615.748499996960163, 1516394.572999998927116 ], [ 2653703.755699999630451, 1516359.75450000166893 ], [ 2653707.697300001978874, 1516325.297499999403954 ], [ 2653720.276399999856949, 1516313.33500000089407 ], [ 2653711.112899996340275, 1516278.236900001764297 ], [ 2653756.865000002086163, 1516240.840900000184774 ], [ 2653845.923000000417233, 1516245.600099999457598 ], [ 2653883.826499998569489, 1516247.729699999094009 ], [ 2654043.9824, 1516189.362799998372793 ], [ 2654084.39639999717474, 1516174.634300000965595 ], [ 2654131.333200000226498, 1516167.116599999368191 ], [ 2654213.438500002026558, 1516164.994300000369549 ], [ 2654250.831900000572205, 1516157.287500001490116 ], [ 2654279.181599996984005, 1516151.444499999284744 ], [ 2654302.029600001871586, 1516152.336500000208616 ], [ 2654332.649599999189377, 1516146.83500000089407 ], [ 2654377.696800000965595, 1516132.120999999344349 ], [ 2654375.22410000115633, 1516103.445799998939037 ], [ 2654372.751500003039837, 1516074.770700000226498 ], [ 2654290.836999997496605, 1515821.034600000828505 ], [ 2654281.971199996769428, 1515800.903599999845028 ], [ 2654267.903800003230572, 1515764.4037000015378 ], [ 2654266.214000001549721, 1515727.2939000017941 ], [ 2654109.532899998128414, 1515775.587099999189377 ], [ 2653895.894100002944469, 1515826.283599998801947 ], [ 2653682.2820999994874, 1515876.973400000482798 ], [ 2653512.024400003254414, 1515913.2982 ], [ 2653525.38459999859333, 1515935.07660000026226 ], [ 2653668.839900001883507, 1516160.042899999767542 ], [ 2653673.816600002348423, 1516167.874600000679493 ], [ 2653233.304300002753735, 1516449.610100001096725 ], [ 2653054.432899996638298, 1516632.825599998235703 ], [ 2652935.08500000089407, 1516765.112500000745058 ], [ 2652859.202299997210503, 1516845.052299998700619 ], [ 2652922.695500001311302, 1516873.887699998915195 ], [ 2652936.574000000953674, 1516876.07209999859333 ], [ 2652919.331500001251698, 1516953.989599999040365 ], [ 2652925.228200003504753, 1516986.992600001394749 ], [ 2652914.885300002992153, 1517059.648400001227856 ], [ 2652966.969999998807907, 1517072.732099998742342 ], [ 2652973.693000003695488, 1517033.613099999725819 ], [ 2652984.032799996435642, 1516973.448300000280142 ], [ 2652986.157600000500679, 1516961.084399998188019 ], [ 2653051.178999997675419, 1516885.269600000232458 ], [ 2653194.2179000005126, 1516753.000500001013279 ], [ 2653222.221400000154972, 1516727.237100001424551 ], [ 2653327.10869999974966, 1516630.66330000013113 ], [ 2653337.205700002610683, 1516621.368200000375509 ] ] ] ] } },
{ "type": "Feature", "properties": { "fid": 232, "OBJECTID": 58459, "CVE_COL": "19048_0233", "ID_COL": 58459, "COLONIA": "Senderos", "CP": "66363", "CVE_ENT": "19", "NOM_ENT": "Nuevo León", "MUN": "048", "CVE_MUN": "19048", "NOM_MUN": "Santa Catarina", "LOC": "0001", "CVE_LOC": "190480001", "NOM_LOC": "Ciudad Santa Catarina", "SUN_2018": "M19.01", "NOM_SUN": "Monterrey", "POBTOT": 437.107417, "P6A14NAE": 6.563446, "SBASC": 24.433804, "PSDSS": 21.843883, "OVSDE": 0.157425, "OVSEE": 0.041725, "OVSAE": 2.016371, "OVPT": 3.423919, "OVHAC": 21.649652, "OVSREF": 4.326221, "OVSINT": 34.92203, "OVSCEL": 6.740676, "IM_2020": 149.626546065117, "GM_2020": "Medio", "IMN_2020": 0.95395908437760002, "CLASIF": "Fraccionamiento" }, "geometry": { "type": "MultiPolygon", "coordinates": [ [ [ [ 2653564.843800000846386, 1516944.1338 ], [ 2653558.051399998366833, 1516919.174199998378754 ], [ 2653556.614200003445148, 1516913.990800000727177 ], [ 2653448.091899998486042, 1516522.660900000482798 ], [ 2653438.887900002300739, 1516507.13230000063777 ], [ 2653337.205700002610683, 1516621.368200000375509 ], [ 2653355.80349999666214, 1516692.981600001454353 ], [ 2653368.238799996674061, 1516740.865200001746416 ], [ 2653381.243199996650219, 1516790.94029999896884 ], [ 2653393.82039999961853, 1516839.370799999684095 ], [ 2653407.121200002729893, 1516890.58729999884963 ], [ 2653420.110299997031689, 1516940.603300001472235 ], [ 2653427.256700001657009, 1516971.584199998527765 ], [ 2653429.638099998235703, 1516981.907900001853704 ], [ 2653436.849200002849102, 1517005.778799999505281 ], [ 2653529.246699996292591, 1516961.500599998980761 ], [ 2653564.843800000846386, 1516944.1338 ] ] ] ] } },
{ "type": "Feature", "properties": { "fid": 233, "OBJECTID": 58461, "CVE_COL": "19048_0234", "ID_COL": 58461, "COLONIA": "Tepeyac", "CP": "66366", "CVE_ENT": "19", "NOM_ENT": "Nuevo León", "MUN": "048", "CVE_MUN": "19048", "NOM_MUN": "Santa Catarina", "LOC": "0001", "CVE_LOC": "190480001", "NOM_LOC": "Ciudad Santa Catarina", "SUN_2018": "M19.01", "NOM_SUN": "Monterrey", "POBTOT": 1305.046318, "P6A14NAE": 8.360719, "SBASC": 27.18772, "PSDSS": 21.541836, "OVSDE": 0.139292, "OVSEE": 0.185573, "OVSAE": 2.950099, "OVPT": 7.47656, "OVHAC": 27.277248, "OVSREF": 5.74582, "OVSINT": 40.863277, "OVSCEL": 7.078003, "IM_2020": 148.091040333678, "GM_2020": "Medio", "IMN_2020": 0.94416931324310005, "CLASIF": "Colonia" }, "geometry": { "type": "MultiPolygon", "coordinates": [ [ [ [ 2653902.745300002396107, 1516819.07660000026226 ], [ 2653928.900499999523163, 1516809.974399998784065 ], [ 2653966.836400002241135, 1516796.772399999201298 ], [ 2654024.031000003218651, 1516776.868200000375509 ], [ 2654160.032499998807907, 1516729.312800001353025 ], [ 2654201.078299999237061, 1516709.895799998193979 ], [ 2654218.622000001370907, 1516701.596599999815226 ], [ 2654207.55629999935627, 1516686.158900000154972 ], [ 2654183.409299999475479, 1516613.020500000566244 ], [ 2654179.146600000560284, 1516604.464800000190735 ], [ 2654168.251599997282028, 1516571.869800001382828 ], [ 2654166.395199999213219, 1516562.0962999984622 ], [ 2654155.73759999871254, 1516529.848799999803305 ], [ 2654154.065099999308586, 1516523.606499999761581 ], [ 2654152.644500002264977, 1516518.304000001400709 ], [ 2654092.8838, 1516320.878400001674891 ], [ 2654091.899899996817112, 1516313.344799999147654 ], [ 2654114.968500003218651, 1516304.346500001847744 ], [ 2654107.199500001966953, 1516257.568599998950958 ], [ 2654063.520499996840954, 1516275.229400001466274 ], [ 2654045.891500003635883, 1516225.442200001329184 ], [ 2654134.062799997627735, 1516192.918999999761581 ], [ 2654132.250900000333786, 1516180.182700000703335 ], [ 2654132.164300002157688, 1516178.942200001329184 ], [ 2654131.656700000166893, 1516171.716600000858307 ], [ 2654131.333200000226498, 1516167.116599999368191 ], [ 2654084.39639999717474, 1516174.634300000965595 ], [ 2654043.9824, 1516189.362799998372793 ], [ 2653883.826499998569489, 1516247.729699999094009 ], [ 2653823.695699997246265, 1516244.467099998146296 ], [ 2653756.865000002086163, 1516240.840900000184774 ], [ 2653711.112899996340275, 1516278.236900001764297 ], [ 2653720.276399999856949, 1516313.33500000089407 ], [ 2653724.535899996757507, 1516332.623799998313189 ], [ 2653821.582099996507168, 1516297.741799999028444 ], [ 2653826.694200001657009, 1516296.012699998915195 ], [ 2653828.068800002336502, 1516300.153599999845028 ], [ 2653869.325099997222424, 1516438.1754 ], [ 2653864.774300001561642, 1516439.559000000357628 ], [ 2653868.44030000269413, 1516454.735199999064207 ], [ 2653875.664300002157688, 1516483.140700001269579 ], [ 2653886.709200002253056, 1516476.723799999803305 ], [ 2653895.68129999935627, 1516518.358199998736382 ], [ 2653903.833400003612041, 1516562.548599999397993 ], [ 2653913.775399997830391, 1516608.938900001347065 ], [ 2653957.680200003087521, 1516748.866700001060963 ], [ 2653839.696199998259544, 1516790.301600001752377 ], [ 2653854.707500003278255, 1516836.332899998873472 ], [ 2653902.745300002396107, 1516819.07660000026226 ] ] ] ] } },
{ "type": "Feature", "properties": { "fid": 234, "OBJECTID": 58462, "CVE_COL": "19048_0235", "ID_COL": 58462, "COLONIA": "Torres de Santa Catarina", "CP": "66359", "CVE_ENT": "19", "NOM_ENT": "Nuevo León", "MUN": "048", "CVE_MUN": "19048", "NOM_MUN": "Santa Catarina", "LOC": "0001", "CVE_LOC": "190480001", "NOM_LOC": "Ciudad Santa Catarina", "SUN_2018": "M19.01", "NOM_SUN": "Monterrey", "POBTOT": 430.503724, "P6A14NAE": 1.553399, "SBASC": 16.472641, "PSDSS": 15.766998, "OVSDE": 0.0, "OVSEE": 0.0, "OVSAE": 0.0, "OVPT": 0.170174, "OVHAC": 12.720709, "OVSREF": 0.893418, "OVSINT": 14.613853, "OVSCEL": 4.254359, "IM_2020": 153.260804860691, "GM_2020": "Muy bajo", "IMN_2020": 0.97712966663180001, "CLASIF": "Fraccionamiento" }, "geometry": { "type": "MultiPolygon", "coordinates": [ [ [ [ 2650066.652999997138977, 1515646.680300001055002 ], [ 2650047.901199996471405, 1515595.379099998623133 ], [ 2650027.481700003147125, 1515547.806600000709295 ], [ 2650006.52250000089407, 1515492.772300001233816 ], [ 2649906.914700001478195, 1515536.006900001317263 ], [ 2649811.234399996697903, 1515574.151299998164177 ], [ 2649831.720200002193451, 1515626.778900001198053 ], [ 2649851.189099997282028, 1515674.719399999827147 ], [ 2649871.022100001573563, 1515724.640599999576807 ], [ 2650066.652999997138977, 1515646.680300001055002 ] ] ] ] } },
{ "type": "Feature", "properties": { "fid": 235, "OBJECTID": 58463, "CVE_COL": "19048_0236", "ID_COL": 58463, "COLONIA": "Trabajadores", "CP": "66149", "CVE_ENT": "19", "NOM_ENT": "Nuevo León", "MUN": "048", "CVE_MUN": "19048", "NOM_MUN": "Santa Catarina", "LOC": "0001", "CVE_LOC": "190480001", "NOM_LOC": "Ciudad Santa Catarina", "SUN_2018": "M19.01", "NOM_SUN": "Monterrey", "POBTOT": 1073.084979, "P6A14NAE": 6.384154, "SBASC": 29.898309, "PSDSS": 17.687446, "OVSDE": 0.0, "OVSEE": 0.0, "OVSAE": 0.188949, "OVPT": 0.647729, "OVHAC": 26.539197, "OVSREF": 1.769718, "OVSINT": 27.964342, "OVSCEL": 9.416505, "IM_2020": 150.028837647649, "GM_2020": "Bajo", "IMN_2020": 0.95652393479889997, "CLASIF": "Colonia" }, "geometry": { "type": "MultiPolygon", "coordinates": [ [ [ [ 2657912.752999998629093, 1515409.424499999731779 ], [ 2657945.707099996507168, 1515406.988200001418591 ], [ 2657951.389899998903275, 1515406.564800001680851 ], [ 2657977.062799997627735, 1515404.651799999177456 ], [ 2658007.375799998641014, 1515402.393199998885393 ], [ 2658059.565099999308586, 1515398.50450000166893 ], [ 2658057.610100001096725, 1515382.636900000274181 ], [ 2658054.534999996423721, 1515348.354100000113249 ], [ 2658060.39469999819994, 1515297.104499999433756 ], [ 2658042.248099997639656, 1515268.006099998950958 ], [ 2658027.831900000572205, 1515244.907699998468161 ], [ 2658009.040299996733665, 1515214.803199999034405 ], [ 2657942.504199996590614, 1515225.410799998790026 ], [ 2657894.0591000020504, 1515235.658700000494719 ], [ 2657836.658699996769428, 1515241.944299999624491 ], [ 2657736.926299996674061, 1515259.750900000333786 ], [ 2657669.86879999935627, 1515261.36600000038743 ], [ 2657645.926399998366833, 1515259.615200001746416 ], [ 2657547.899099998176098, 1515243.339499998837709 ], [ 2657510.449100002646446, 1515240.6798 ], [ 2657462.964900001883507, 1515247.024999998509884 ], [ 2657413.933899998664856, 1515270.660199999809265 ], [ 2657249.071199998259544, 1515327.838599998503923 ], [ 2657081.897600002586842, 1515261.544599998742342 ], [ 2657074.972599998116493, 1515274.8717 ], [ 2657070.493199996650219, 1515283.492499999701977 ], [ 2657056.832999996840954, 1515309.781599998474121 ], [ 2657051.816699996590614, 1515327.412999998778105 ], [ 2657060.398999996483326, 1515348.1239 ], [ 2657082.263400003314018, 1515404.342799998819828 ], [ 2657096.681100003421307, 1515444.329500000923872 ], [ 2657112.284999996423721, 1515492.002000000327826 ], [ 2657129.172499999403954, 1515545.811599999666214 ], [ 2657198.131099998950958, 1515557.921500001102686 ], [ 2657255.239200003445148, 1515557.398600000888109 ], [ 2657326.692500002682209, 1515543.153000000864267 ], [ 2657404.70269999653101, 1515526.655000001192093 ], [ 2657461.559000000357628, 1515489.488099999725819 ], [ 2657558.181400001049042, 1515436.773600000888109 ], [ 2657565.598300002515316, 1515433.478500001132488 ], [ 2657590.404100000858307, 1515431.968800000846386 ], [ 2657635.735699996352196, 1515429.209800001233816 ], [ 2657745.867899999022484, 1515420.953200001269579 ], [ 2657842.889300003647804, 1515414.103500001132488 ], [ 2657885.862999998033047, 1515411.414700001478195 ], [ 2657912.752999998629093, 1515409.424499999731779 ] ] ] ] } },
{ "type": "Feature", "properties": { "fid": 236, "OBJECTID": 58465, "CVE_COL": "19048_0237", "ID_COL": 58465, "COLONIA": "Union de Colonos", "CP": "66147", "CVE_ENT": "19", "NOM_ENT": "Nuevo León", "MUN": "048", "CVE_MUN": "19048", "NOM_MUN": "Santa Catarina", "LOC": "0001", "CVE_LOC": "190480001", "NOM_LOC": "Ciudad Santa Catarina", "SUN_2018": "M19.01", "NOM_SUN": "Monterrey", "POBTOT": 1800.452367, "P6A14NAE": 7.719688, "SBASC": 34.116052, "PSDSS": 21.338758, "OVSDE": 9.6e-05, "OVSEE": 7.9999999999999996e-06, "OVSAE": 0.053808, "OVPT": 0.80508, "OVHAC": 28.418929, "OVSREF": 4.901904, "OVSINT": 37.200702, "OVSCEL": 9.205399, "IM_2020": 148.864426180511, "GM_2020": "Medio", "IMN_2020": 0.94910011244759995, "CLASIF": "Colonia" }, "geometry": { "type": "MultiPolygon", "coordinates": [ [ [ [ 2656987.484099999070168, 1514809.89469999819994 ], [ 2656372.969700001180172, 1514792.748500000685453 ], [ 2656358.144199997186661, 1514792.215300001204014 ], [ 2656284.13459999859333, 1514789.553599998354912 ], [ 2656262.527500003576279, 1514826.284499999135733 ], [ 2656304.87389999628067, 1514908.544599998742342 ], [ 2656304.79389999806881, 1514913.394999999552965 ], [ 2656304.714000001549721, 1514918.245400000363588 ], [ 2656304.675499998033047, 1514920.580299999564886 ], [ 2656387.104900002479553, 1515145.473299998790026 ], [ 2656396.556199997663498, 1515170.436700001358986 ], [ 2656412.555699996650219, 1515212.678399998694658 ], [ 2656424.421999998390675, 1515244.00789999961853 ], [ 2656447.353500001132488, 1515227.356800001114607 ], [ 2656515.082400001585484, 1515200.618200000375509 ], [ 2656580.767800003290176, 1515196.355099998414516 ], [ 2656675.99210000038147, 1515196.221400000154972 ], [ 2656790.0658999979496, 1515191.933400001376867 ], [ 2656863.335799999535084, 1515195.785300001502037 ], [ 2657013.626599997282028, 1515238.5548 ], [ 2657081.897600002586842, 1515261.544599998742342 ], [ 2657089.516800001263618, 1515246.859499998390675 ], [ 2657091.384300000965595, 1515230.318199999630451 ], [ 2657089.582999996840954, 1515220.731800001114607 ], [ 2657054.852200001478195, 1515119.594000000506639 ], [ 2656998.704999998211861, 1514963.492199998348951 ], [ 2656993.781599998474121, 1514935.748399998992682 ], [ 2656993.037799999117851, 1514920.884500000625849 ], [ 2656992.568400003015995, 1514911.503499999642372 ], [ 2656987.484099999070168, 1514809.89469999819994 ] ] ] ] } },
{ "type": "Feature", "properties": { "fid": 237, "OBJECTID": 58466, "CVE_COL": "19048_0238", "ID_COL": 58466, "COLONIA": "Valle de La Sierra", "CP": "66146", "CVE_ENT": "19", "NOM_ENT": "Nuevo León", "MUN": "048", "CVE_MUN": "19048", "NOM_MUN": "Santa Catarina", "LOC": "0001", "CVE_LOC": "190480001", "NOM_LOC": "Ciudad Santa Catarina", "SUN_2018": "M19.01", "NOM_SUN": "Monterrey", "POBTOT": 62.128339, "P6A14NAE": 3.026784, "SBASC": 14.448039, "PSDSS": 17.808026, "OVSDE": 0.070119, "OVSEE": 0.0, "OVSAE": 0.0, "OVPT": 0.602451, "OVHAC": 11.049813, "OVSREF": 0.300626, "OVSINT": 18.194062, "OVSCEL": 3.420409, "IM_2020": 152.931673718452, "GM_2020": "Muy bajo", "IMN_2020": 0.97503125795129997, "CLASIF": "Fraccionamiento" }, "geometry": { "type": "MultiPolygon", "coordinates": [ [ [ [ 2656216.726099997758865, 1514148.588500000536442 ], [ 2656203.440499998629093, 1514129.796399999409914 ], [ 2656196.1809, 1514119.527699999511242 ], [ 2656148.388599999248981, 1514051.9232 ], [ 2656110.47410000115633, 1514000.528000000864267 ], [ 2656059.163099996745586, 1514005.476300001144409 ], [ 2655951.329999998211861, 1514027.336199998855591 ], [ 2655916.17960000038147, 1514036.197299998253584 ], [ 2655931.646799996495247, 1514042.032900001853704 ], [ 2655964.392200000584126, 1514104.358800001442432 ], [ 2655993.464599996805191, 1514137.947500001639128 ], [ 2655895.837700001895428, 1514190.519000001251698 ], [ 2655895.7787000015378, 1514236.703400000929832 ], [ 2655772.45549999922514, 1514265.311500001698732 ], [ 2655770.0574000030756, 1514266.913499999791384 ], [ 2655853.139799997210503, 1514348.907600000500679 ], [ 2655857.031800001859665, 1514347.092000000178814 ], [ 2656081.119699999690056, 1514223.3015 ], [ 2656127.004900000989437, 1514234.06700000166893 ], [ 2656183.922700002789497, 1514258.773800000548363 ], [ 2656134.273000001907349, 1514194.016399998217821 ], [ 2656209.281599998474121, 1514152.689800001680851 ], [ 2656216.726099997758865, 1514148.588500000536442 ] ] ] ] } },
{ "type": "Feature", "properties": { "fid": 238, "OBJECTID": 58467, "CVE_COL": "19048_0239", "ID_COL": 58467, "COLONIA": "Valle de Santa Cruz Rdcial", "CP": "66350", "CVE_ENT": "19", "NOM_ENT": "Nuevo León", "MUN": "048", "CVE_MUN": "19048", "NOM_MUN": "Santa Catarina", "LOC": "0001", "CVE_LOC": "190480001", "NOM_LOC": "Ciudad Santa Catarina", "SUN_2018": "M19.01", "NOM_SUN": "Monterrey", "POBTOT": 231.680115, "P6A14NAE": 2.135231, "SBASC": 14.182344, "PSDSS": 15.4131, "OVSDE": 0.0, "OVSEE": 0.0, "OVSAE": 0.0, "OVPT": 0.278164, "OVHAC": 11.636533, "OVSREF": 0.927214, "OVSINT": 14.461467, "OVSCEL": 5.748725, "IM_2020": 153.23513512502799, "GM_2020": "Muy bajo", "IMN_2020": 0.9769660066518, "CLASIF": "Fraccionamiento" }, "geometry": { "type": "MultiPolygon", "coordinates": [ [ [ [ 2653879.911799997091293, 1515286.766800001263618 ], [ 2653874.542099997401237, 1515158.503899998962879 ], [ 2653873.637100003659725, 1515136.8871 ], [ 2653874.710900001227856, 1515109.608600001782179 ], [ 2653744.061599999666214, 1515137.833000000566244 ], [ 2653767.968099996447563, 1515008.541999999433756 ], [ 2653762.179899998009205, 1515008.925500001758337 ], [ 2653726.4358000010252, 1515003.892200000584126 ], [ 2653725.808899998664856, 1515008.096099998801947 ], [ 2653708.695699997246265, 1515119.363299999386072 ], [ 2653697.548100002110004, 1515197.312399998307228 ], [ 2653670.265799999237061, 1515312.817600000649691 ], [ 2653679.282999999821186, 1515329.2162000015378 ], [ 2653879.911799997091293, 1515286.766800001263618 ] ] ] ] } },
{ "type": "Feature", "properties": { "fid": 239, "OBJECTID": 58468, "CVE_COL": "19048_0240", "ID_COL": 58468, "COLONIA": "Valles de Las Mitras (Ampliacion Carlos Salinas de Gortari)", "CP": "66119", "CVE_ENT": "19", "NOM_ENT": "Nuevo León", "MUN": "048", "CVE_MUN": "19048", "NOM_MUN": "Santa Catarina", "LOC": "0001", "CVE_LOC": "190480001", "NOM_LOC": "Ciudad Santa Catarina", "SUN_2018": "M19.01", "NOM_SUN": "Monterrey", "POBTOT": 421.641638, "P6A14NAE": 5.044065, "SBASC": 38.399825, "PSDSS": 27.159062, "OVSDE": 0.215937, "OVSEE": 0.282277, "OVSAE": 1.727499, "OVPT": 5.778335, "OVHAC": 34.987476, "OVSREF": 1.737318, "OVSINT": 42.148749, "OVSCEL": 11.69966, "IM_2020": 147.46067384921199, "GM_2020": "Medio", "IMN_2020": 0.94015034835910005, "CLASIF": "Colonia" }, "geometry": { "type": "MultiPolygon", "coordinates": [ [ [ [ 2657982.168200001120567, 1516560.189599998295307 ], [ 2657946.186200000345707, 1516571.1842 ], [ 2657947.430200003087521, 1516581.365899998694658 ], [ 2657932.726000003516674, 1516585.952199999243021 ], [ 2657920.476300001144409, 1516588.518500000238419 ], [ 2657906.032300002872944, 1516584.066799998283386 ], [ 2657914.895199999213219, 1516625.211399998515844 ], [ 2657924.753200002014637, 1516669.821899998933077 ], [ 2657877.881399996578693, 1516683.753800000995398 ], [ 2657904.402400001883507, 1516711.210099998861551 ], [ 2657914.349500000476837, 1516721.508000001311302 ], [ 2657919.39360000193119, 1516726.616900000721216 ], [ 2657931.700000002980232, 1516749.109200000762939 ], [ 2657932.683600001037121, 1516753.56700000166893 ], [ 2657933.667199999094009, 1516758.024700000882149 ], [ 2657933.951300002634525, 1516759.312300000339746 ], [ 2657954.993600003421307, 1516854.689300000667572 ], [ 2658013.045100003480911, 1516791.804200001060963 ], [ 2658018.66330000013113, 1516762.648200001567602 ], [ 2657991.780000001192093, 1516752.943599998950958 ], [ 2658039.518799997866154, 1516570.443300001323223 ], [ 2658016.123700000345707, 1516564.638300001621246 ], [ 2658004.735699996352196, 1516561.285399999469519 ], [ 2657998.184000000357628, 1516560.967300001531839 ], [ 2657990.663999997079372, 1516560.602099999785423 ], [ 2657982.168200001120567, 1516560.189599998295307 ] ] ] ] } },
{ "type": "Feature", "properties": { "fid": 240, "OBJECTID": 58469, "CVE_COL": "19048_0241", "ID_COL": 58469, "COLONIA": "Ventanas de La Huasteca", "CP": "66354", "CVE_ENT": "19", "NOM_ENT": "Nuevo León", "MUN": "048", "CVE_MUN": "19048", "NOM_MUN": "Santa Catarina", "LOC": "0001", "CVE_LOC": "190480001", "NOM_LOC": "Ciudad Santa Catarina", "SUN_2018": "M19.01", "NOM_SUN": "Monterrey", "POBTOT": 344.75356, "P6A14NAE": 4.511262, "SBASC": 20.005581, "PSDSS": 15.868311, "OVSDE": 0.0, "OVSEE": 0.0, "OVSAE": 0.161401, "OVPT": 0.575767, "OVHAC": 12.381803, "OVSREF": 0.668663, "OVSINT": 15.079512, "OVSCEL": 5.929839, "IM_2020": 152.17519671321401, "GM_2020": "Bajo", "IMN_2020": 0.97020826276600003, "CLASIF": "Fraccionamiento" }, "geometry": { "type": "MultiPolygon", "coordinates": [ [ [ [ 2654751.585600003600121, 1512988.191300000995398 ], [ 2654740.326099999248981, 1512890.175000000745058 ], [ 2654700.584100000560284, 1512886.380899999290705 ], [ 2654600.040100000798702, 1512869.819600000977516 ], [ 2654444.616099998354912, 1512780.351500000804663 ], [ 2654410.88400000333786, 1512829.796399999409914 ], [ 2654394.342100001871586, 1512820.7511 ], [ 2654379.531400002539158, 1512845.771000001579523 ], [ 2654416.114799998700619, 1512866.347100000828505 ], [ 2654462.0591000020504, 1512891.941599998623133 ], [ 2654451.895400002598763, 1512910.443399999290705 ], [ 2654456.292300000786781, 1512913.4070999994874 ], [ 2654469.531400002539158, 1512920.068799998611212 ], [ 2654506.721400000154972, 1512939.04280000180006 ], [ 2654530.312200002372265, 1512953.259199999272823 ], [ 2654555.509400002658367, 1512966.873399998992682 ], [ 2654579.682300001382828, 1512968.993000000715256 ], [ 2654606.084700003266335, 1512971.161200001835823 ], [ 2654629.274300001561642, 1512974.534200001507998 ], [ 2654681.60809999704361, 1512985.871100001037121 ], [ 2654693.635600000619888, 1512989.638300001621246 ], [ 2654706.531999997794628, 1512997.407800000160933 ], [ 2654751.585600003600121, 1512988.191300000995398 ] ] ] ] } },
{ "type": "Feature", "properties": { "fid": 241, "OBJECTID": 58470, "CVE_COL": "19048_0242", "ID_COL": 58470, "COLONIA": "Vertice", "CP": "66129", "CVE_ENT": "19", "NOM_ENT": "Nuevo León", "MUN": "048", "CVE_MUN": "19048", "NOM_MUN": "Santa Catarina", "LOC": "0001", "CVE_LOC": "190480001", "NOM_LOC": "Ciudad Santa Catarina", "SUN_2018": "M19.01", "NOM_SUN": "Monterrey", "POBTOT": 333.081031, "P6A14NAE": 3.146355, "SBASC": 10.143239, "PSDSS": 16.290212, "OVSDE": 0.0, "OVSEE": 0.0, "OVSAE": 0.063761, "OVPT": 0.54152, "OVHAC": 16.06779, "OVSREF": 0.443802, "OVSINT": 14.173914, "OVSCEL": 2.30982, "IM_2020": 153.30439287914299, "GM_2020": "Muy bajo", "IMN_2020": 0.97740756642469995, "CLASIF": "Fraccionamiento" }, "geometry": { "type": "MultiPolygon", "coordinates": [ [ [ [ 2657166.707500003278255, 1516957.3581000007689 ], [ 2657163.670699998736382, 1516948.135299999266863 ], [ 2657157.461400002241135, 1516929.282800000160933 ], [ 2657147.323600001633167, 1516938.014600001275539 ], [ 2657106.012999996542931, 1516948.402300000190735 ], [ 2656992.589299999177456, 1516966.703600000590086 ], [ 2656963.069700002670288, 1516934.904800001531839 ], [ 2656952.744400002062321, 1516926.920699998736382 ], [ 2656892.949000000953674, 1516921.865699999034405 ], [ 2656882.827799998223782, 1516922.060400001704693 ], [ 2656888.097000002861023, 1516991.006400000303984 ], [ 2656824.893399998545647, 1517077.294199999421835 ], [ 2656832.796099998056889, 1517107.100600000470877 ], [ 2656949.535899996757507, 1517055.0077 ], [ 2656990.42400000244379, 1517035.724599998444319 ], [ 2657051.790399998426437, 1517009.059599999338388 ], [ 2657102.758100003004074, 1516984.960799999535084 ], [ 2657166.707500003278255, 1516957.3581000007689 ] ] ] ] } },
{ "type": "Feature", "properties": { "fid": 242, "OBJECTID": 58471, "CVE_COL": "19048_0243", "ID_COL": 58471, "COLONIA": "Via Cordillera", "CP": "66196", "CVE_ENT": "19", "NOM_ENT": "Nuevo León", "MUN": "048", "CVE_MUN": "19048", "NOM_MUN": "Santa Catarina", "LOC": "0001", "CVE_LOC": "190480001", "NOM_LOC": "Ciudad Santa Catarina", "SUN_2018": "M19.01", "NOM_SUN": "Monterrey", "POBTOT": 277.715673, "P6A14NAE": 6.385252, "SBASC": 7.774786, "PSDSS": 11.109792, "OVSDE": 0.0, "OVSEE": 0.073351, "OVSAE": 0.073351, "OVPT": 0.80686, "OVHAC": 6.103163, "OVSREF": 0.220053, "OVSINT": 8.2153, "OVSCEL": 1.907123, "IM_2020": 153.462439428376, "GM_2020": "Muy bajo", "IMN_2020": 0.97841520808560001, "CLASIF": "Fraccionamiento" }, "geometry": { "type": "MultiPolygon", "coordinates": [ [ [ [ 2655970.889899998903275, 1512794.879299998283386 ], [ 2655794.050499998033047, 1512683.166200000792742 ], [ 2655776.809199996292591, 1512749.343100000172853 ], [ 2655769.449699997901917, 1512777.590799998492002 ], [ 2655765.962600000202656, 1512790.975499998778105 ], [ 2655680.442800000309944, 1512852.798599999397993 ], [ 2655644.258900001645088, 1512886.899000000208616 ], [ 2655594.68129999935627, 1512975.354699999094009 ], [ 2655578.9956, 1513002.973000001162291 ], [ 2655591.239200003445148, 1513001.697799999266863 ], [ 2655607.579499997198582, 1512999.995900001376867 ], [ 2655664.406099997460842, 1513015.147999998182058 ], [ 2655712.417300000786781, 1513060.236999999731779 ], [ 2655724.085699997842312, 1513070.725999999791384 ], [ 2655730.851300001144409, 1513073.417199999094009 ], [ 2655747.063100002706051, 1513079.8651 ], [ 2655760.928900003433228, 1513082.397300001233816 ], [ 2655810.589699998497963, 1513085.222300000488758 ], [ 2655850.687399998307228, 1513087.193599998950958 ], [ 2655857.543999999761581, 1513087.530900001525879 ], [ 2655864.400600001215935, 1513087.86769999936223 ], [ 2655887.080399997532368, 1513097.331300001591444 ], [ 2655891.644500002264977, 1513099.2357 ], [ 2655894.891500003635883, 1513100.594200000166893 ], [ 2655900.550300002098083, 1513096.268300000578165 ], [ 2655934.376599997282028, 1513040.378699999302626 ], [ 2655965.567699998617172, 1512963.385800000280142 ], [ 2655978.94200000166893, 1512900.813099998980761 ], [ 2655980.204700000584126, 1512886.212799999862909 ], [ 2655981.021600000560284, 1512861.8651 ], [ 2655970.889899998903275, 1512794.879299998283386 ] ] ] ] } },
{ "type": "Feature", "properties": { "fid": 243, "OBJECTID": 58472, "CVE_COL": "19048_0244", "ID_COL": 58472, "COLONIA": "Villa Portales", "CP": "66147", "CVE_ENT": "19", "NOM_ENT": "Nuevo León", "MUN": "048", "CVE_MUN": "19048", "NOM_MUN": "Santa Catarina", "LOC": "0001", "CVE_LOC": "190480001", "NOM_LOC": "Ciudad Santa Catarina", "SUN_2018": "M19.01", "NOM_SUN": "Monterrey", "POBTOT": 56.217307, "P6A14NAE": 6.161282, "SBASC": 12.313019, "PSDSS": 17.699015, "OVSDE": 0.023032, "OVSEE": 0.002964, "OVSAE": 0.025996, "OVPT": 0.348441, "OVHAC": 11.476554, "OVSREF": 0.399444, "OVSINT": 11.533116, "OVSCEL": 3.73053, "IM_2020": 152.457048401196, "GM_2020": "Muy bajo", "IMN_2020": 0.97200523653350002, "CLASIF": "Colonia" }, "geometry": { "type": "MultiPolygon", "coordinates": [ [ [ [ 2655641.314000003039837, 1515735.4070999994874 ], [ 2655622.947400003671646, 1515762.291999999433756 ], [ 2655600.876500003039837, 1515794.599300000816584 ], [ 2655584.652099996805191, 1515818.348400000482798 ], [ 2655592.781199999153614, 1515826.408700000494719 ], [ 2655613.959700003266335, 1515845.012600000947714 ], [ 2655695.156300000846386, 1515834.910999998450279 ], [ 2655687.531300000846386, 1515824.140999998897314 ], [ 2655686.41499999910593, 1515810.813299998641014 ], [ 2655685.763999998569489, 1515768.883200000971556 ], [ 2655641.314000003039837, 1515735.4070999994874 ] ] ] ] } },
{ "type": "Feature", "properties": { "fid": 244, "OBJECTID": 58473, "CVE_COL": "19048_0245", "ID_COL": 58473, "COLONIA": "Villalta", "CP": "66354", "CVE_ENT": "19", "NOM_ENT": "Nuevo León", "MUN": "048", "CVE_MUN": "19048", "NOM_MUN": "Santa Catarina", "LOC": "0001", "CVE_LOC": "190480001", "NOM_LOC": "Ciudad Santa Catarina", "SUN_2018": "M19.01", "NOM_SUN": "Monterrey", "POBTOT": 84.286819, "P6A14NAE": 1.021686, "SBASC": 4.769581, "PSDSS": 14.458825, "OVSDE": 0.0, "OVSEE": 0.0, "OVSAE": 0.0, "OVPT": 0.224247, "OVHAC": 11.996703, "OVSREF": 0.848715, "OVSINT": 13.746925, "OVSCEL": 0.621617, "IM_2020": 154.571487684668, "GM_2020": "Muy bajo", "IMN_2020": 0.98548605672129996, "CLASIF": "Fraccionamiento" }, "geometry": { "type": "MultiPolygon", "coordinates": [ [ [ [ 2649964.986699998378754, 1517411.100600000470877 ], [ 2649966.947300001978874, 1517289.177499998360872 ], [ 2649873.045000001788139, 1517311.2478 ], [ 2649850.789499998092651, 1517317.653400000184774 ], [ 2649837.905799999833107, 1517323.052999999374151 ], [ 2649856.711300000548363, 1517428.446400001645088 ], [ 2649866.55290000140667, 1517444.984999999403954 ], [ 2649907.6554000005126, 1517659.899399999529123 ], [ 2649909.891099996864796, 1517690.51240000128746 ], [ 2649905.609399996697903, 1517707.975299999117851 ], [ 2649847.986699998378754, 1517801.116399999707937 ], [ 2649801.819300003349781, 1517875.741300001740456 ], [ 2649806.884800001978874, 1517893.705899998545647 ], [ 2649976.779200002551079, 1517762.238200001418591 ], [ 2649966.205399997532368, 1517430.270700000226498 ], [ 2649965.73369999974966, 1517427.686099998652935 ], [ 2649964.986699998378754, 1517411.100600000470877 ] ] ] ] } },
{ "type": "Feature", "properties": { "fid": 245, "OBJECTID": 58474, "CVE_COL": "19048_0246", "ID_COL": 58474, "COLONIA": "Villas de La Huasteca", "CP": "66354", "CVE_ENT": "19", "NOM_ENT": "Nuevo León", "MUN": "048", "CVE_MUN": "19048", "NOM_MUN": "Santa Catarina", "LOC": "0001", "CVE_LOC": "190480001", "NOM_LOC": "Ciudad Santa Catarina", "SUN_2018": "M19.01", "NOM_SUN": "Monterrey", "POBTOT": 144.596567, "P6A14NAE": 3.804896, "SBASC": 16.025462, "PSDSS": 14.849159, "OVSDE": 0.0, "OVSEE": 0.0, "OVSAE": 0.0, "OVPT": 0.057981, "OVHAC": 12.667943, "OVSREF": 1.045369, "OVSINT": 12.454783, "OVSCEL": 5.680516, "IM_2020": 152.78155417504601, "GM_2020": "Muy bajo", "IMN_2020": 0.97407415571279998, "CLASIF": "Unidad habitacional" }, "geometry": { "type": "MultiPolygon", "coordinates": [ [ [ [ 2654160.017800003290176, 1513619.995799999684095 ], [ 2654152.586499996483326, 1513614.975099999457598 ], [ 2654132.589000001549721, 1513607.984900001436472 ], [ 2654037.928599998354912, 1513595.969900000840425 ], [ 2654013.550800003111362, 1513590.856800001114607 ], [ 2654008.863099999725819, 1513592.909299999475479 ], [ 2654002.832900002598763, 1513613.413199998438358 ], [ 2653989.570299997925758, 1513642.741999998688698 ], [ 2653977.749799996614456, 1513648.4206000007689 ], [ 2654123.732199996709824, 1513668.536100000143051 ], [ 2654135.348999999463558, 1513667.804000001400709 ], [ 2654155.520999997854233, 1513669.550999999046326 ], [ 2654160.017800003290176, 1513619.995799999684095 ] ] ] ] } },
{ "type": "Feature", "properties": { "fid": 246, "OBJECTID": 58475, "CVE_COL": "19048_0247", "ID_COL": 58475, "COLONIA": "Villas de Las Huertas", "CP": "66350", "CVE_ENT": "19", "NOM_ENT": "Nuevo León", "MUN": "048", "CVE_MUN": "19048", "NOM_MUN": "Santa Catarina", "LOC": "0001", "CVE_LOC": "190480001", "NOM_LOC": "Ciudad Santa Catarina", "SUN_2018": "M19.01", "NOM_SUN": "Monterrey", "POBTOT": 44.058975, "P6A14NAE": 2.135231, "SBASC": 14.182344, "PSDSS": 15.413099, "OVSDE": 0.0, "OVSEE": 0.0, "OVSAE": 0.0, "OVPT": 0.278164, "OVHAC": 11.636532, "OVSREF": 0.927214, "OVSINT": 14.461467, "OVSCEL": 5.748725, "IM_2020": 153.23513517770701, "GM_2020": "Muy bajo", "IMN_2020": 0.97696600698769998, "CLASIF": "Fraccionamiento" }, "geometry": { "type": "MultiPolygon", "coordinates": [ [ [ [ 2654038.148800000548363, 1515134.947599999606609 ], [ 2654023.770199999213219, 1515123.967099998146296 ], [ 2654009.293200001120567, 1515110.765999998897314 ], [ 2653999.722699999809265, 1515096.0777000002563 ], [ 2653995.302199997007847, 1515082.970899999141693 ], [ 2653992.624300003051758, 1515084.135499998927116 ], [ 2653979.841600000858307, 1515086.896899998188019 ], [ 2653874.710900001227856, 1515109.608600001782179 ], [ 2653873.637100003659725, 1515136.8871 ], [ 2653874.542099997401237, 1515158.503899998962879 ], [ 2654033.056100003421307, 1515135.657800000160933 ], [ 2654038.148800000548363, 1515134.947599999606609 ] ] ] ] } },
{ "type": "Feature", "properties": { "fid": 247, "OBJECTID": 58476, "CVE_COL": "19048_0248", "ID_COL": 58476, "COLONIA": "Villas de San Humberto", "CP": "66365", "CVE_ENT": "19", "NOM_ENT": "Nuevo León", "MUN": "048", "CVE_MUN": "19048", "NOM_MUN": "Santa Catarina", "LOC": "0001", "CVE_LOC": "190480001", "NOM_LOC": "Ciudad Santa Catarina", "SUN_2018": "M19.01", "NOM_SUN": "Monterrey", "POBTOT": 223.184519, "P6A14NAE": 7.232817, "SBASC": 18.400934, "PSDSS": 20.138619, "OVSDE": 0.0, "OVSEE": 0.043423, "OVSAE": 0.048215, "OVPT": 0.126576, "OVHAC": 12.942848, "OVSREF": 0.555104, "OVSINT": 14.924332, "OVSCEL": 3.611327, "IM_2020": 151.53378237257201, "GM_2020": "Bajo", "IMN_2020": 0.96611886116449996, "CLASIF": "Fraccionamiento" }, "geometry": { "type": "MultiPolygon", "coordinates": [ [ [ [ 2656574.200599998235703, 1516301.5810999982059 ], [ 2656557.587600000202656, 1516308.101399999111891 ], [ 2656502.517499998211861, 1516330.069600000977516 ], [ 2656452.163199998438358, 1516349.051600001752377 ], [ 2656414.225900001823902, 1516364.124499998986721 ], [ 2656400.756300002336502, 1516369.750100001692772 ], [ 2656402.626299999654293, 1516373.923599999397993 ], [ 2656438.760499998927116, 1516457.644000001251698 ], [ 2656450.5033999979496, 1516453.434500001370907 ], [ 2656496.593500003218651, 1516435.229899998754263 ], [ 2656527.437600001692772, 1516422.519000001251698 ], [ 2656610.797600001096725, 1516388.8597999997437 ], [ 2656574.200599998235703, 1516301.5810999982059 ] ] ] ] } },
{ "type": "Feature", "properties": { "fid": 248, "OBJECTID": 58477, "CVE_COL": "19048_0249", "ID_COL": 58477, "COLONIA": "Villas del Mirador", "CP": "66360", "CVE_ENT": "19", "NOM_ENT": "Nuevo León", "MUN": "048", "CVE_MUN": "19048", "NOM_MUN": "Santa Catarina", "LOC": "0001", "CVE_LOC": "190480001", "NOM_LOC": "Ciudad Santa Catarina", "SUN_2018": "M19.01", "NOM_SUN": "Monterrey", "POBTOT": 5805.816726, "P6A14NAE": 0.838587, "SBASC": 4.589167, "PSDSS": 12.08339, "OVSDE": 0.0, "OVSEE": 0.0, "OVSAE": 0.0, "OVPT": 0.125242, "OVHAC": 5.476676, "OVSREF": 0.195257, "OVSINT": 4.7672, "OVSCEL": 1.112371, "IM_2020": 155.117294084077, "GM_2020": "Muy bajo", "IMN_2020": 0.9889659002833, "CLASIF": "Fraccionamiento" }, "geometry": { "type": "MultiPolygon", "coordinates": [ [ [ [ 2656099.861699998378754, 1517708.479899998754263 ], [ 2656097.61370000243187, 1517704.766199998557568 ], [ 2655985.556999996304512, 1517431.621500000357628 ], [ 2656003.003100000321865, 1517423.01240000128746 ], [ 2655991.741499997675419, 1517398.17850000038743 ], [ 2655999.194899998605251, 1517362.530000001192093 ], [ 2655985.976099997758865, 1517286.587600000202656 ], [ 2655986.528599999845028, 1517245.626800000667572 ], [ 2655994.924900002777576, 1517210.972199998795986 ], [ 2655984.006999999284744, 1517190.240800000727177 ], [ 2655873.071400001645088, 1516979.589800000190735 ], [ 2655871.114200003445148, 1516975.352299999445677 ], [ 2655859.982199996709824, 1516952.943999998271465 ], [ 2655840.160300001502037, 1516918.171999998390675 ], [ 2655818.306699998676777, 1516874.638599999248981 ], [ 2655794.684799998998642, 1516827.582899998873472 ], [ 2655768.026600003242493, 1516774.478399999439716 ], [ 2655732.077100001275539, 1516702.865499999374151 ], [ 2655712.772299997508526, 1516664.409299999475479 ], [ 2655695.205300003290176, 1516629.415199998766184 ], [ 2655690.05009999871254, 1516619.145799998193979 ], [ 2655677.638300001621246, 1516594.420899998396635 ], [ 2655600.3191, 1516632.562199998646975 ], [ 2655567.965300001204014, 1516648.522100001573563 ], [ 2655535.61150000244379, 1516664.48200000077486 ], [ 2655503.644000001251698, 1516680.251400001347065 ], [ 2655472.180799998342991, 1516695.771999999880791 ], [ 2655437.813199996948242, 1516712.725299999117851 ], [ 2655422.511100001633167, 1516720.273699998855591 ], [ 2655427.212399996817112, 1516728.351500000804663 ], [ 2655518.150799997150898, 1516908.269900001585484 ], [ 2655521.246200002729893, 1516914.355000000447035 ], [ 2655499.765500001609325, 1516923.768399998545647 ], [ 2655496.052400000393391, 1516925.4901 ], [ 2655458.018500000238419, 1516943.3235 ], [ 2655452.081000000238419, 1516951.410399999469519 ], [ 2655436.701700001955032, 1516972.35700000077486 ], [ 2655434.160499997437, 1517017.489199999719858 ], [ 2655402.224200002849102, 1517017.1831 ], [ 2655392.425300002098083, 1517145.131099998950958 ], [ 2655342.263599999248981, 1517176.760499998927116 ], [ 2655336.993299998342991, 1517223.858399998396635 ], [ 2655336.400399997830391, 1517229.156899999827147 ], [ 2655363.901900000870228, 1517220.966400001198053 ], [ 2655374.433899998664856, 1517241.951999999582767 ], [ 2655374.145900003612041, 1517249.19029999896884 ], [ 2655373.641800001263618, 1517270.858600001782179 ], [ 2655374.431800000369549, 1517307.308600001037121 ], [ 2655362.568000003695488, 1517451.989399999380112 ], [ 2655422.144100002944469, 1517668.383299998939037 ], [ 2655510.140500001609325, 1517971.414200000464916 ], [ 2655704.928300000727177, 1517884.566100001335144 ], [ 2656099.861699998378754, 1517708.479899998754263 ] ] ] ] } },
{ "type": "Feature", "properties": { "fid": 249, "OBJECTID": 58478, "CVE_COL": "19048_0250", "ID_COL": 58478, "COLONIA": "Villas del Poniente Ii", "CP": "66350", "CVE_ENT": "19", "NOM_ENT": "Nuevo León", "MUN": "048", "CVE_MUN": "19048", "NOM_MUN": "Santa Catarina", "LOC": "0001", "CVE_LOC": "190480001", "NOM_LOC": "Ciudad Santa Catarina", "SUN_2018": "M19.01", "NOM_SUN": "Monterrey", "POBTOT": 33.587387, "P6A14NAE": 4.134762, "SBASC": 9.895833, "PSDSS": 14.154268, "OVSDE": 0.058697, "OVSEE": 0.078263, "OVSAE": 0.0, "OVPT": 0.782626, "OVHAC": 11.171981, "OVSREF": 1.036979, "OVSINT": 10.839366, "OVSCEL": 3.287028, "IM_2020": 153.25649771468599, "GM_2020": "Muy bajo", "IMN_2020": 0.97710220598950004, "CLASIF": "Fraccionamiento" }, "geometry": { "type": "MultiPolygon", "coordinates": [ [ [ [ 2654352.160300001502037, 1515009.967000000178814 ], [ 2654351.471000000834465, 1515006.423700001090765 ], [ 2654338.282700002193451, 1514902.822799999266863 ], [ 2654253.081799998879433, 1514922.664000000804663 ], [ 2654238.86150000244379, 1514926.567699998617172 ], [ 2654252.191799998283386, 1514927.737700000405312 ], [ 2654255.149400003254414, 1514939.318599998950958 ], [ 2654258.510499998927116, 1514979.1875 ], [ 2654269.354900002479553, 1515017.454900000244379 ], [ 2654315.94200000166893, 1515014.701400000602007 ], [ 2654325.741099998354912, 1515014.465500000864267 ], [ 2654352.160300001502037, 1515009.967000000178814 ] ] ] ] } },
{ "type": "Feature", "properties": { "fid": 250, "OBJECTID": 58479, "CVE_COL": "19048_0251", "ID_COL": 58479, "COLONIA": "Virginia Tafich de Canavati", "CP": "66374", "CVE_ENT": "19", "NOM_ENT": "Nuevo León", "MUN": "048", "CVE_MUN": "19048", "NOM_MUN": "Santa Catarina", "LOC": "0001", "CVE_LOC": "190480001", "NOM_LOC": "Ciudad Santa Catarina", "SUN_2018": "M19.01", "NOM_SUN": "Monterrey", "POBTOT": 1153.312069, "P6A14NAE": 7.774291, "SBASC": 19.103949, "PSDSS": 18.733504, "OVSDE": 0.0, "OVSEE": 0.0, "OVSAE": 0.0, "OVPT": 0.529552, "OVHAC": 11.762196, "OVSREF": 1.817865, "OVSINT": 18.783208, "OVSCEL": 7.901137, "IM_2020": 151.096008614629, "GM_2020": "Bajo", "IMN_2020": 0.96332779056719997, "CLASIF": "Fraccionamiento" }, "geometry": { "type": "MultiPolygon", "coordinates": [ [ [ [ 2654079.514799997210503, 1514331.21000000089407 ], [ 2654096.799800001084805, 1514325.383600000292063 ], [ 2654126.672399997711182, 1514315.205600000917912 ], [ 2654135.580399997532368, 1514312.151599999517202 ], [ 2654260.468900002539158, 1514297.486999999731779 ], [ 2654326.383699998259544, 1514290.019099999219179 ], [ 2654347.241499997675419, 1514234.945799998939037 ], [ 2654363.500900000333786, 1514186.079999998211861 ], [ 2654379.047700002789497, 1514138.590399999171495 ], [ 2654394.005199998617172, 1514092.900600001215935 ], [ 2654402.281599998474121, 1514067.619100000709295 ], [ 2654401.104999996721745, 1514045.429699998348951 ], [ 2654398.597300000488758, 1513998.138099998235703 ], [ 2654396.174999997019768, 1513952.456900000572205 ], [ 2654395.945799998939037, 1513940.753699999302626 ], [ 2654395.824299998581409, 1513934.561999998986721 ], [ 2654395.748700000345707, 1513930.696899998933077 ], [ 2654349.673799999058247, 1513931.071800000965595 ], [ 2654344.959700003266335, 1513931.110399998724461 ], [ 2654299.638300001621246, 1513931.864 ], [ 2654253.813500002026558, 1513931.98759999871254 ], [ 2654257.794299997389317, 1513984.020899999886751 ], [ 2654221.438799999654293, 1513982.563700001686811 ], [ 2654197.006499998271465, 1514092.890000000596046 ], [ 2654157.842299997806549, 1514096.53770000115037 ], [ 2654151.670999996364117, 1514097.114 ], [ 2654090.842600002884865, 1514105.738000001758337 ], [ 2654048.218900002539158, 1514105.802700001746416 ], [ 2654002.17790000140667, 1514104.037200000137091 ], [ 2653996.175399996340275, 1514119.551600001752377 ], [ 2653975.172600001096725, 1514154.277100000530481 ], [ 2653960.243500001728535, 1514170.945700000971556 ], [ 2653943.084700003266335, 1514196.448600001633167 ], [ 2653933.571099996566772, 1514233.187899999320507 ], [ 2653942.078599996864796, 1514266.929400000721216 ], [ 2653970.387999996542931, 1514354.768100000917912 ], [ 2654029.843999996781349, 1514348.206799998879433 ], [ 2654065.8684, 1514335.809900000691414 ], [ 2654079.514799997210503, 1514331.21000000089407 ] ] ] ] } },
{ "type": "Feature", "properties": { "fid": 251, "OBJECTID": 58480, "CVE_COL": "19048_0252", "ID_COL": 58480, "COLONIA": "Vision de La Huasteca", "CP": "66351", "CVE_ENT": "19", "NOM_ENT": "Nuevo León", "MUN": "048", "CVE_MUN": "19048", "NOM_MUN": "Santa Catarina", "LOC": "0001", "CVE_LOC": "190480001", "NOM_LOC": "Ciudad Santa Catarina", "SUN_2018": "M19.01", "NOM_SUN": "Monterrey", "POBTOT": 3547.843735, "P6A14NAE": 1.312788, "SBASC": 8.497456, "PSDSS": 16.646443, "OVSDE": 0.0, "OVSEE": 0.0, "OVSAE": 0.009935, "OVPT": 0.627133, "OVHAC": 21.029539, "OVSREF": 0.824764, "OVSINT": 15.75189, "OVSCEL": 1.4481, "IM_2020": 153.66998395402501, "GM_2020": "Muy bajo", "IMN_2020": 0.97973842907060005, "CLASIF": "Fraccionamiento" }, "geometry": { "type": "MultiPolygon", "coordinates": [ [ [ [ 2654574.57769999653101, 1518177.102299999445677 ], [ 2654567.015799999237061, 1518174.427400000393391 ], [ 2654547.321999996900558, 1518129.21680000051856 ], [ 2654537.664599999785423, 1518134.185499999672174 ], [ 2654534.591300003230572, 1518126.673500001430511 ], [ 2654543.75280000269413, 1518122.179499998688698 ], [ 2654458.999399997293949, 1517949.783500000834465 ], [ 2654445.805299997329712, 1517955.016699999570847 ], [ 2654441.874300003051758, 1517947.256499998271465 ], [ 2654439.785700000822544, 1517948.05970000103116 ], [ 2654421.52250000089407, 1517955.58729999884963 ], [ 2654379.8772, 1517975.25789999961853 ], [ 2654353.177000001072884, 1517987.869699999690056 ], [ 2654310.053300000727177, 1518008.321699999272823 ], [ 2654293.480400003492832, 1518016.182300001382828 ], [ 2654274.405199997127056, 1518024.600099999457598 ], [ 2654262.577799998223782, 1518031.283399999141693 ], [ 2654225.455799996852875, 1518048.443900000303984 ], [ 2654213.776699997484684, 1518053.982999999076128 ], [ 2654184.791199997067451, 1518067.729899998754263 ], [ 2654154.866499997675419, 1518081.9222999997437 ], [ 2654140.297899998724461, 1518088.832100000232458 ], [ 2654098.138300001621246, 1518108.8268 ], [ 2654090.455899998545647, 1518112.47069999948144 ], [ 2654036.160199999809265, 1518137.732599999755621 ], [ 2654016.969700001180172, 1518146.468100000172853 ], [ 2653971.419699996709824, 1518168.925799999386072 ], [ 2653991.321699999272823, 1518212.068999998271465 ], [ 2654014.164800003170967, 1518261.588100001215935 ], [ 2654041.023000001907349, 1518319.811099998652935 ], [ 2654017.188500002026558, 1518330.814599998295307 ], [ 2654003.955200001597404, 1518336.125199999660254 ], [ 2653971.805200003087521, 1518351.032600000500679 ], [ 2653959.883100003004074, 1518355.729200001806021 ], [ 2653915.960500001907349, 1518374.853300001472235 ], [ 2653899.537399999797344, 1518382.297699999064207 ], [ 2653894.624499998986721, 1518384.524599999189377 ], [ 2653896.634700000286102, 1518388.829999998211861 ], [ 2653924.233000002801418, 1518449.07209999859333 ], [ 2653960.390500001609325, 1518527.997699998319149 ], [ 2653973.816100001335144, 1518557.347600001841784 ], [ 2653973.89190000295639, 1518557.5132 ], [ 2653977.668200001120567, 1518565.896499998867512 ], [ 2654313.426899999380112, 1518422.604100000113249 ], [ 2654359.977099999785423, 1518297.749899998307228 ], [ 2654479.557599999010563, 1518328.451499998569489 ], [ 2654574.57769999653101, 1518177.102299999445677 ] ] ] ] } },
{ "type": "Feature", "properties": { "fid": 252, "OBJECTID": 58482, "CVE_COL": "19048_0253", "ID_COL": 58482, "COLONIA": "Zimix", "CP": "66358", "CVE_ENT": "19", "NOM_ENT": "Nuevo León", "MUN": "048", "CVE_MUN": "19048", "NOM_MUN": "Santa Catarina", "LOC": "0001", "CVE_LOC": "190480001", "NOM_LOC": "Ciudad Santa Catarina", "SUN_2018": "M19.01", "NOM_SUN": "Monterrey", "POBTOT": 1945.954928, "P6A14NAE": 4.78341, "SBASC": 20.457289, "PSDSS": 21.238734, "OVSDE": 0.000802, "OVSEE": 0.002897, "OVSAE": 0.120937, "OVPT": 0.613574, "OVHAC": 16.843086, "OVSREF": 1.104178, "OVSINT": 23.283375, "OVSCEL": 5.600815, "IM_2020": 151.45102532194801, "GM_2020": "Bajo", "IMN_2020": 0.96559123526979995, "CLASIF": "Colonia" }, "geometry": { "type": "MultiPolygon", "coordinates": [ [ [ [ 2653116.819799996912479, 1515809.525199998170137 ], [ 2653001.546899996697903, 1515790.829900000244379 ], [ 2653002.689800001680851, 1515781.380100000649691 ], [ 2653005.267200000584126, 1515777.94539999961853 ], [ 2653008.249600000679493, 1515762.76410000026226 ], [ 2653014.539200000464916, 1515717.493599999696016 ], [ 2653021.728799998760223, 1515676.551600001752377 ], [ 2653028.601499997079372, 1515634.9397 ], [ 2653033.831500001251698, 1515607.875500001013279 ], [ 2652955.991300001740456, 1515634.041799999773502 ], [ 2652865.481799997389317, 1515663.1173 ], [ 2652835.688100002706051, 1515574.016100000590086 ], [ 2652805.964100003242493, 1515485.918400000780821 ], [ 2652798.51860000193119, 1515487.759700000286102 ], [ 2652789.834899999201298, 1515462.491700001060963 ], [ 2652783.118900001049042, 1515444.280099999159575 ], [ 2652778.584399998188019, 1515431.984200000762939 ], [ 2652764.981100000441074, 1515395.096400000154972 ], [ 2652760.94030000269413, 1515383.604100000113249 ], [ 2652736.351800002157688, 1515305.183899998664856 ], [ 2652729.623099997639656, 1515283.946899998933077 ], [ 2652708.794100001454353, 1515225.8695 ], [ 2652697.423600003123283, 1515189.762499999254942 ], [ 2652683.113300003111362, 1515185.497999999672174 ], [ 2652610.307800002396107, 1515209.153499998152256 ], [ 2652593.027400001883507, 1515156.6570999994874 ], [ 2652579.006399996578693, 1515114.1064000017941 ], [ 2652576.300800003111362, 1515106.178100001066923 ], [ 2652559.555100001394749, 1515057.107799999415874 ], [ 2652549.821400001645088, 1515028.58500000089407 ], [ 2652542.8158999979496, 1515010.202100001275539 ], [ 2652514.992799997329712, 1514922.479299999773502 ], [ 2652487.399499997496605, 1514931.873599998652935 ], [ 2652428.49210000038147, 1514951.8279 ], [ 2652330.442500002682209, 1514985.037200000137091 ], [ 2652318.093299999833107, 1514989.21680000051856 ], [ 2652245.172200001776218, 1515013.876200001686811 ], [ 2652207.689099997282028, 1515026.5929000005126 ], [ 2652156.395300000905991, 1515043.965599998831749 ], [ 2652087.339400000870228, 1515067.368599999696016 ], [ 2652069.976599998772144, 1515073.2423 ], [ 2652064.47860000282526, 1515075.102299999445677 ], [ 2652012.859700001776218, 1515093.880100000649691 ], [ 2651987.830600000917912, 1515103.241799999028444 ], [ 2651976.680600002408028, 1515107.397700000554323 ], [ 2651882.844200000166893, 1515142.480599999427795 ], [ 2651917.791599996387959, 1515243.376499999314547 ], [ 2652006.842500001192093, 1515214.3277000002563 ], [ 2652011.348099999129772, 1515212.969500001519918 ], [ 2652102.649400003254414, 1515181.6798 ], [ 2652133.426299996674061, 1515270.588700000196695 ], [ 2652163.914800003170967, 1515358.663899999111891 ], [ 2652203.813500002026558, 1515479.077100001275539 ], [ 2652237.4746999964118, 1515578.611999999731779 ], [ 2652252.679499998688698, 1515622.240800000727177 ], [ 2652268.18469999730587, 1515667.393300000578165 ], [ 2652298.727099999785423, 1515754.081199999898672 ], [ 2652331.129600003361702, 1515845.033900000154972 ], [ 2652361.527999997138977, 1515930.361299999058247 ], [ 2652369.969300001859665, 1515954.055799998342991 ], [ 2652459.91950000077486, 1515956.89299999922514 ], [ 2652566.875200003385544, 1515960.2665 ], [ 2652667.624600000679493, 1515963.444200001657009 ], [ 2652827.394100002944469, 1515968.483300000429153 ], [ 2652851.871200002729893, 1515969.255300000309944 ], [ 2653150.028399996459484, 1515979.337099999189377 ], [ 2653112.658699996769428, 1515961.40089999884367 ], [ 2653082.467799998819828, 1515931.721599999815226 ], [ 2653116.819799996912479, 1515809.525199998170137 ] ], [ [ 2652614.673100002110004, 1515809.590199999511242 ], [ 2652617.865800000727177, 1515819.117800001055002 ], [ 2652626.858000002801418, 1515845.953099999576807 ], [ 2652539.818000003695488, 1515875.017200000584126 ], [ 2652507.3074000030756, 1515785.8915 ], [ 2652596.488200001418591, 1515755.321699999272823 ], [ 2652614.673100002110004, 1515809.590199999511242 ] ] ] ] } },
{ "type": "Feature", "properties": { "fid": 253, "OBJECTID": 58483, "CVE_COL": "19048_0254", "ID_COL": 58483, "COLONIA": "Zimix Leones", "CP": "66358", "CVE_ENT": "19", "NOM_ENT": "Nuevo León", "MUN": "048", "CVE_MUN": "19048", "NOM_MUN": "Santa Catarina", "LOC": "0001", "CVE_LOC": "190480001", "NOM_LOC": "Ciudad Santa Catarina", "SUN_2018": "M19.01", "NOM_SUN": "Monterrey", "POBTOT": 2870.789266, "P6A14NAE": 2.621418, "SBASC": 15.777283, "PSDSS": 19.993935, "OVSDE": 0.0, "OVSEE": 0.0, "OVSAE": 0.090594, "OVPT": 0.0487, "OVHAC": 15.175322, "OVSREF": 0.770279, "OVSINT": 17.968041, "OVSCEL": 4.485114, "IM_2020": 152.63361316255899, "GM_2020": "Muy bajo", "IMN_2020": 0.97313094291720004, "CLASIF": "Colonia" }, "geometry": { "type": "MultiPolygon", "coordinates": [ [ [ [ 2653033.831500001251698, 1515607.875500001013279 ], [ 2653071.696199998259544, 1515596.545899998396635 ], [ 2653057.214299999177456, 1515547.260000001639128 ], [ 2653045.676100000739098, 1515516.85190000012517 ], [ 2653032.1919, 1515472.589000001549721 ], [ 2653036.424500003457069, 1515421.9560999982059 ], [ 2653043.791299998760223, 1515374.57880000025034 ], [ 2653050.908299997448921, 1515328.44310000166297 ], [ 2653056.678099997341633, 1515286.239999998360872 ], [ 2653037.254299998283386, 1515278.340900000184774 ], [ 2653051.144000001251698, 1515178.418999999761581 ], [ 2653056.050399996340275, 1515132.571199998259544 ], [ 2653101.210100002586842, 1515117.199700001627207 ], [ 2653106.675999999046326, 1515097.842399999499321 ], [ 2653112.914899997413158, 1515054.891100000590086 ], [ 2653271.807499997317791, 1515002.016100000590086 ], [ 2653305.834799997508526, 1515002.572700001299381 ], [ 2653314.647100001573563, 1514943.914599999785423 ], [ 2653328.090700000524521, 1514854.4287 ], [ 2653339.493299998342991, 1514778.527800001204014 ], [ 2653354.055600002408028, 1514681.594799999147654 ], [ 2653243.865699999034405, 1514675.625500001013279 ], [ 2653123.642700001597404, 1514716.388099998235703 ], [ 2653060.358999997377396, 1514737.835400000214577 ], [ 2653039.695200003683567, 1514744.872499998658895 ], [ 2652946.444200001657009, 1514776.412300001829863 ], [ 2652881.676100000739098, 1514798.592599999159575 ], [ 2652867.477300003170967, 1514803.134100001305342 ], [ 2652852.882600001990795, 1514808.0962999984622 ], [ 2652782.123000003397465, 1514832.020500000566244 ], [ 2652785.644500002264977, 1514841.079300001263618 ], [ 2652803.316399998962879, 1514899.222199998795986 ], [ 2652813.3662, 1514928.959699999541044 ], [ 2652791.048900000751019, 1514928.653499998152256 ], [ 2652731.278599999845028, 1514951.870999999344349 ], [ 2652733.046300001442432, 1514956.487500000745058 ], [ 2652733.899899996817112, 1514958.716699998825788 ], [ 2652744.151000000536442, 1514985.488899998366833 ], [ 2652747.711400002241135, 1514994.787200000137091 ], [ 2652741.342699997127056, 1515001.789500001817942 ], [ 2652720.024700000882149, 1515019.554200001060963 ], [ 2652652.725400000810623, 1515042.328099999576807 ], [ 2652666.764799997210503, 1515084.374499998986721 ], [ 2652679.115199998021126, 1515121.3629 ], [ 2652692.5929000005126, 1515161.932599999010563 ], [ 2652695.142499998211861, 1515170.252599999308586 ], [ 2652691.707999996840954, 1515179.03830000013113 ], [ 2652697.423600003123283, 1515189.762499999254942 ], [ 2652708.794100001454353, 1515225.8695 ], [ 2652729.623099997639656, 1515283.946899998933077 ], [ 2652736.351800002157688, 1515305.183899998664856 ], [ 2652760.94030000269413, 1515383.604100000113249 ], [ 2652764.981100000441074, 1515395.096400000154972 ], [ 2652778.584399998188019, 1515431.984200000762939 ], [ 2652783.118900001049042, 1515444.280099999159575 ], [ 2652789.834899999201298, 1515462.491700001060963 ], [ 2652798.51860000193119, 1515487.759700000286102 ], [ 2652805.964100003242493, 1515485.918400000780821 ], [ 2652835.688100002706051, 1515574.016100000590086 ], [ 2652865.481799997389317, 1515663.1173 ], [ 2652955.991300001740456, 1515634.041799999773502 ], [ 2653033.831500001251698, 1515607.875500001013279 ] ] ] ] } },
{ "type": "Feature", "properties": { "fid": 254, "OBJECTID": 103151, "CVE_COL": "19048_0255", "ID_COL": 103151, "COLONIA": "Antigua Santa Catarina", "CP": "66358", "CVE_ENT": "19", "NOM_ENT": "Nuevo León", "MUN": "048", "CVE_MUN": "19048", "NOM_MUN": "Santa Catarina", "LOC": "0001", "CVE_LOC": "190480001", "NOM_LOC": "Ciudad Santa Catarina", "SUN_2018": "M19.01", "NOM_SUN": "Monterrey", "POBTOT": 41.571854, "P6A14NAE": 11.743773, "SBASC": 34.537661, "PSDSS": 27.864953, "OVSDE": 0.142653, "OVSEE": 0.0, "OVSAE": 0.142653, "OVPT": 1.333333, "OVHAC": 33.475986, "OVSREF": 1.997147, "OVSINT": 34.617212, "OVSCEL": 8.892059, "IM_2020": 147.32182930219099, "GM_2020": "Medio", "IMN_2020": 0.93926513099340003, "CLASIF": "Fraccionamiento" }, "geometry": { "type": "MultiPolygon", "coordinates": [ [ [ [ 2651768.430699996650219, 1515454.073399998247623 ], [ 2651718.075000002980232, 1515337.697200000286102 ], [ 2651672.416400000452995, 1515358.401399999856949 ], [ 2651708.58839999884367, 1515461.810400001704693 ], [ 2651688.524099998176098, 1515478.169700000435114 ], [ 2651698.409999996423721, 1515487.190999999642372 ], [ 2651709.314099997282028, 1515497.773699998855591 ], [ 2651768.430699996650219, 1515454.073399998247623 ] ] ] ] } }
]
}
