{
"type": "FeatureCollection",
"name": "secciones",
"crs": { "type": "name", "properties": { "name": "urn:ogc:def:crs:EPSG::32614" } },
"features": [
{ "type": "Feature", "properties": { "gid": 37, "_id": 1965.0, "entidad": 19.0, "distrito": 1.0, "distrito_l": 18.0, "municipio": 48.0, "seccion": 2083.0, "tipo": 2.0, "_control": 1364.0 }, "geometry": { "type": "MultiPolygon", "coordinates": [ [ [ [ 357489.442559737013653, 2840031.945233410224319 ], [ 357497.884148798009846, 2840026.643688810057938 ], [ 357507.383656982972752, 2839886.261761149857193 ], [ 357512.269780532980803, 2839859.388058629818261 ], [ 357517.922095186018851, 2839781.768509230110794 ], [ 357534.119046934996732, 2839732.274009579792619 ], [ 357536.784825976006687, 2839715.004728329833597 ], [ 357537.461262473021634, 2839710.622680179774761 ], [ 357548.770152439014055, 2839594.18444107985124 ], [ 357115.565269262006041, 2839584.868269300088286 ], [ 357081.793919930991251, 2839577.881098450161517 ], [ 357048.28311046899762, 2839654.583650739863515 ], [ 357025.697950294008479, 2839699.259804380126297 ], [ 356964.180887037015054, 2839816.95976353995502 ], [ 357044.004230842983816, 2839848.354706500191242 ], [ 357130.632563237973955, 2839882.426087449770421 ], [ 357145.954475092003122, 2839890.08704084996134 ], [ 357228.969702279020566, 2839922.907001560088247 ], [ 357295.716340977000073, 2839949.295197260100394 ], [ 357325.638711353996769, 2839961.12496697017923 ], [ 357404.01075509598013, 2839995.668082839809358 ], [ 357472.589773747022264, 2840025.894843239802867 ], [ 357489.442559737013653, 2840031.945233410224319 ] ] ] ] } },
{ "type": "Feature", "properties": { "gid": 42, "_id": 1894.0, "entidad": 19.0, "distrito": 1.0, "distrito_l": 18.0, "municipio": 48.0, "seccion": 2007.0, "tipo": 2.0, "_control": 1167.0 }, "geometry": { "type": "MultiPolygon", "coordinates": [ [ [ [ 356593.314158331020735, 2841988.624103549867868 ], [ 356640.745881911017932, 2841967.26878705015406 ], [ 356650.382032438996248, 2841962.930276270024478 ], [ 356697.767247051000595, 2841941.595899640116841 ], [ 356733.709160941012669, 2841904.536860260181129 ], [ 356741.924104347999673, 2841896.066584799904376 ], [ 356766.627243804978207, 2841870.595636850222945 ], [ 356804.169654792000074, 2841831.886354669928551 ], [ 356813.33256742102094, 2841822.517060080077499 ], [ 356837.535609712009318, 2841798.410908469930291 ], [ 356900.932425085979048, 2841735.26788600999862 ], [ 356897.007042525976431, 2841726.419351240154356 ], [ 356874.794600017019548, 2841680.080607950221747 ], [ 356854.355653745995369, 2841634.579183420166373 ], [ 356837.38410699297674, 2841592.018280699849129 ], [ 356832.153557753015775, 2841580.227660010103136 ], [ 356627.569443992979359, 2841610.273422219790518 ], [ 356620.740862592007034, 2841568.89225513022393 ], [ 356613.91228118998697, 2841527.51108804019168 ], [ 356560.062959383998532, 2841534.744587200228125 ], [ 356485.808209722978063, 2841544.71911709010601 ], [ 356490.725353323970921, 2841497.67609455017373 ], [ 356495.933095410000533, 2841447.852874360047281 ], [ 356369.716365993022919, 2841465.474922259803861 ], [ 356367.098746986011975, 2841465.840387349948287 ], [ 356364.48112797900103, 2841466.205852429848164 ], [ 356381.478719289996661, 2841505.40686029009521 ], [ 356398.476310600002762, 2841544.607868140097708 ], [ 356415.898762765980791, 2841584.788719169795513 ], [ 356420.867666819016449, 2841597.224126719869673 ], [ 356430.686651600000914, 2841624.15997903002426 ], [ 356435.07418634701753, 2841636.196049009915441 ], [ 356446.06142694898881, 2841666.336709870025516 ], [ 356460.667266020027455, 2841704.223849980160594 ], [ 356474.710789565986488, 2841723.639470349997282 ], [ 356483.948826643987559, 2841736.516026619821787 ], [ 356504.847202131990343, 2841782.926074690185487 ], [ 356527.934845163021237, 2841834.579897619783878 ], [ 356547.344590492022689, 2841880.312387930229306 ], [ 356568.211420832027216, 2841929.478005529846996 ], [ 356593.314158331020735, 2841988.624103549867868 ] ] ] ] } },
{ "type": "Feature", "properties": { "gid": 79, "_id": 1917.0, "entidad": 19.0, "distrito": 1.0, "distrito_l": 19.0, "municipio": 48.0, "seccion": 2030.0, "tipo": 2.0, "_control": 1218.0 }, "geometry": { "type": "MultiPolygon", "coordinates": [ [ [ [ 354066.112851403013337, 2842892.239292690064758 ], [ 354114.934820246009622, 2842867.083613750059158 ], [ 354155.675514009024482, 2842846.091838189866394 ], [ 354197.262825359997805, 2842824.663840159773827 ], [ 354205.786763762007467, 2842820.271853059995919 ], [ 354240.393787169014104, 2842802.44047119980678 ], [ 354284.041565481980797, 2842779.950810839887708 ], [ 354324.596603644022252, 2842759.054694950114936 ], [ 354364.656940181972459, 2842738.413475680164993 ], [ 354406.758348423987627, 2842716.720587559975684 ], [ 354446.973207973991521, 2842695.999749820213765 ], [ 354488.492814483994152, 2842674.606636940035969 ], [ 354530.012420995975845, 2842653.213524070102721 ], [ 354476.245636134000961, 2842551.265328859910369 ], [ 354435.464980933000334, 2842571.977617209777236 ], [ 354394.684325736016035, 2842592.689905560109764 ], [ 354354.510141264006961, 2842613.094170500058681 ], [ 354313.229304264008533, 2842634.060498659964651 ], [ 354296.833472056023311, 2842615.756535650230944 ], [ 354213.703519842994865, 2842522.952001519966871 ], [ 354178.312099077971652, 2842554.521159229800105 ], [ 354140.029275628970936, 2842588.669448980130255 ], [ 354106.455939200997818, 2842618.616874929983169 ], [ 354070.118858881003689, 2842651.229038950055838 ], [ 354033.78177856298862, 2842683.841202970128506 ], [ 353997.480472224007826, 2842716.421260199975222 ], [ 353983.660523706988897, 2842728.824524960014969 ], [ 354031.701241447997745, 2842824.037879759911448 ], [ 354066.112851403013337, 2842892.239292690064758 ] ] ] ] } },
{ "type": "Feature", "properties": { "gid": 80, "_id": 1897.0, "entidad": 19.0, "distrito": 1.0, "distrito_l": 18.0, "municipio": 48.0, "seccion": 2010.0, "tipo": 2.0, "_control": 1171.0 }, "geometry": { "type": "MultiPolygon", "coordinates": [ [ [ [ 357709.054759835009463, 2842158.645214550197124 ], [ 357730.331581304024439, 2842095.701252390164882 ], [ 357736.683864790014923, 2842059.402457559946924 ], [ 357734.868924364971463, 2842053.957638740073889 ], [ 357733.053983940975741, 2842048.512819909956306 ], [ 357733.507715997984633, 2842028.775350660085678 ], [ 357732.17120426701149, 2842020.93448841990903 ], [ 357718.63805281301029, 2841941.540066610090435 ], [ 357716.167323209985625, 2841927.045131789986044 ], [ 357709.686613056983333, 2841889.024997510015965 ], [ 357721.710585237015039, 2841868.833791660144925 ], [ 357733.961422940017655, 2841835.257405530195683 ], [ 357733.961420184990857, 2841816.200538720004261 ], [ 357724.886718388006557, 2841791.245119200088084 ], [ 357750.069004748016596, 2841783.531621870119125 ], [ 357735.464844541973434, 2841735.989486359991133 ], [ 357721.448777755023912, 2841690.361820199992508 ], [ 357707.432710967026651, 2841644.734154030214995 ], [ 357676.337047246983275, 2841543.505857639946043 ], [ 357632.650465045007877, 2841552.284464309923351 ], [ 357585.788067900983151, 2841561.701235590036958 ], [ 357574.814003424020484, 2841563.906420580111444 ], [ 357540.998465923010372, 2841570.701488730031997 ], [ 357523.417457200004719, 2841574.234307120088488 ], [ 357494.157455908018164, 2841580.113962369970977 ], [ 357530.985927456989884, 2841697.628561839926988 ], [ 357545.236384944990277, 2841743.09981638006866 ], [ 357559.486842430022079, 2841788.571070920210332 ], [ 357574.473602432990447, 2841836.391765759792179 ], [ 357565.529284987016581, 2841839.180952429771423 ], [ 357524.682655920973048, 2841850.820705329999328 ], [ 357541.339449146995321, 2841905.871090750209987 ], [ 357554.086415709985886, 2841953.798701520077884 ], [ 357594.578505107027013, 2841941.617386640049517 ], [ 357622.89242137101246, 2842041.444569780025631 ], [ 357651.228426053014118, 2842149.600245660170913 ], [ 357659.770502481027506, 2842149.828822390176356 ], [ 357667.331458094995469, 2842150.031145390123129 ], [ 357673.91887451702496, 2842150.207417539786547 ], [ 357681.190581876027863, 2842152.29112209007144 ], [ 357709.054759835009463, 2842158.645214550197124 ] ] ] ] } },
{ "type": "Feature", "properties": { "gid": 4061, "_id": 6682.0, "entidad": 19.0, "distrito": 1.0, "distrito_l": 19.0, "municipio": 48.0, "seccion": 2070.0, "tipo": 2.0, "_control": 7297.0 }, "geometry": { "type": "MultiPolygon", "coordinates": [ [ [ [ 353022.305786653363612, 2839821.581481395754963 ], [ 353025.121250336873345, 2839793.321041442453861 ], [ 353026.839276943122968, 2839775.244384398683906 ], [ 353033.316863389336504, 2839721.542745904065669 ], [ 353035.080900386441499, 2839706.918212859425694 ], [ 353040.90415516361827, 2839658.641231070272624 ], [ 353044.8944582270924, 2839625.560111375059932 ], [ 353046.74543089652434, 2839610.21484875259921 ], [ 353057.948390206147451, 2839517.338084256276488 ], [ 353062.544005550502334, 2839479.238697098102421 ], [ 353069.357321015442722, 2839440.933132031466812 ], [ 353071.960143453383353, 2839426.968401789665222 ], [ 353082.389558300201315, 2839385.420031386893243 ], [ 353012.779765183688141, 2839378.057345279958099 ], [ 352967.068996761343442, 2839371.822324070613831 ], [ 352964.206968645565212, 2839390.867820259183645 ], [ 352873.29854831378907, 2839379.055449672974646 ], [ 352874.235212060913909, 2839374.320094063878059 ], [ 352794.358609193877783, 2839349.862762893084437 ], [ 352789.571216709213331, 2839371.562139698304236 ], [ 352797.793042932578828, 2839373.305375005118549 ], [ 352797.688969182840083, 2839401.09306616615504 ], [ 352736.208068293810356, 2839394.18301792209968 ], [ 352731.818674095382448, 2839431.650835872627795 ], [ 352729.672398355440237, 2839447.69886376010254 ], [ 352727.442276106972713, 2839476.514179536607116 ], [ 352723.871859345759731, 2839523.235054241027683 ], [ 352712.91616935672937, 2839618.202151194680482 ], [ 352710.683844152954407, 2839632.144846234004945 ], [ 352707.340261678386014, 2839660.665105698630214 ], [ 352704.046583419956733, 2839701.337041770108044 ], [ 352699.155970248219091, 2839742.982110051438212 ], [ 352693.428123122022953, 2839782.301228649914265 ], [ 352801.332120951497927, 2839794.404302927665412 ], [ 352834.265064732870087, 2839798.098233394790441 ], [ 352912.001523486571386, 2839806.817559409886599 ], [ 353022.305786653363612, 2839821.581481395754963 ] ] ] ] } },
{ "type": "Feature", "properties": { "gid": 75, "_id": 1890.0, "entidad": 19.0, "distrito": 1.0, "distrito_l": 18.0, "municipio": 48.0, "seccion": 2003.0, "tipo": 2.0, "_control": 1162.0 }, "geometry": { "type": "MultiPolygon", "coordinates": [ [ [ [ 356005.884993574989494, 2843303.71467375010252 ], [ 356062.084667927992996, 2843274.18020938988775 ], [ 356226.12554638198344, 2843185.838081699796021 ], [ 356233.641456847020891, 2843161.679784869775176 ], [ 356235.57853655400686, 2843157.63863547006622 ], [ 356237.947793314000592, 2843152.695875240024179 ], [ 356286.09687168902019, 2843052.246926920022815 ], [ 356292.561796616995707, 2843038.759754740167409 ], [ 356276.131080055027269, 2843031.589990130160004 ], [ 356259.700363493990153, 2843024.42022550990805 ], [ 356240.976174733019434, 2842963.501941800117493 ], [ 356233.809527651988901, 2842946.349433030001819 ], [ 356219.322550866985694, 2842913.332614239770919 ], [ 356215.940450288006105, 2842905.624573870096356 ], [ 356199.553963905025739, 2842868.278641770128161 ], [ 356223.201389451976866, 2842856.999058459885418 ], [ 356211.944568341015838, 2842838.054657880216837 ], [ 356209.199001007014886, 2842825.150500250048935 ], [ 356204.256980389996897, 2842805.931542200036347 ], [ 356207.739192361012101, 2842792.748874379787594 ], [ 356211.120890089019667, 2842779.024998920038342 ], [ 356203.982417351973709, 2842761.453380510210991 ], [ 356191.078257570974529, 2842746.627328469883651 ], [ 356165.819053501007147, 2842733.448617550078779 ], [ 356132.048598254972603, 2842732.075839689932764 ], [ 356114.751534672977868, 2842723.564589030109346 ], [ 356108.162175866018515, 2842711.758658169768751 ], [ 356087.570425961981528, 2842649.983436539769173 ], [ 356056.545525130990427, 2842573.10760594997555 ], [ 356046.936045288981404, 2842567.891032820101827 ], [ 356041.994024347979575, 2842546.475622340105474 ], [ 356043.641361050016712, 2842528.904002650175244 ], [ 356028.815303761977702, 2842502.546575619839132 ], [ 356023.873283057997469, 2842482.778504460118711 ], [ 356014.538359561003745, 2842476.189148520119488 ], [ 355988.730040705006104, 2842451.479062419850379 ], [ 355976.100436816981528, 2842432.2601054799743 ], [ 355971.158416915975977, 2842417.983165389858186 ], [ 355955.234134164988063, 2842396.567756500095129 ], [ 355919.54177863599034, 2842364.719201430212706 ], [ 355902.519269298994914, 2842340.558227149769664 ], [ 355879.974253454012796, 2842332.014618809800595 ], [ 355860.356204970972613, 2842313.084927829913795 ], [ 355843.147390072001144, 2842293.466883989982307 ], [ 355838.328921745996922, 2842286.927535910159349 ], [ 355821.808458318992052, 2842260.425966939888895 ], [ 355816.989989437977783, 2842250.100680090021342 ], [ 355829.380322912009433, 2842173.693550429772586 ], [ 355842.803183696989436, 2842087.649485560134053 ], [ 355838.676347321015783, 2841970.705186360049993 ], [ 355822.959430520015303, 2841978.94832772994414 ], [ 355785.702009572996758, 2841998.488940670154989 ], [ 355768.168905869999435, 2842007.684627989772707 ], [ 355772.168172285018954, 2842053.512211340013891 ], [ 355775.946342770010233, 2842096.806257039774209 ], [ 355779.4938769590226, 2842137.457442020066082 ], [ 355783.207232716027647, 2842180.008775920141488 ], [ 355795.287185031978879, 2842215.015969169791788 ], [ 355790.110065567016136, 2842220.193090320099145 ], [ 355766.363241309009027, 2842233.725805679801852 ], [ 355634.303411906003021, 2842302.780509689822793 ], [ 355622.469992013997398, 2842287.495679790154099 ], [ 355607.82325055997353, 2842272.539019980002195 ], [ 355598.574795570981223, 2842270.988591670058668 ], [ 355659.695944700972177, 2842239.66894316021353 ], [ 355643.056855665985495, 2842206.092584810219705 ], [ 355640.605884266027715, 2842201.146719450131059 ], [ 355627.270250015018973, 2842174.236470129806548 ], [ 355610.487930746981874, 2842140.371084569953382 ], [ 355590.914184236025903, 2842100.872820840217173 ], [ 355646.136795548023656, 2842070.796208620071411 ], [ 355642.532304745982401, 2842063.734193560201675 ], [ 355600.167006345000118, 2841980.730964620131999 ], [ 355583.771103716979269, 2841948.607672419864684 ], [ 355566.613066887017339, 2841914.991186460014433 ], [ 355548.93353316897992, 2841880.352969809900969 ], [ 355531.253999449021649, 2841845.714753159787506 ], [ 355382.070139667019248, 2841921.33952420996502 ], [ 355210.76562845997978, 2842008.177768410183489 ], [ 355224.910927162971348, 2842034.318691260181367 ], [ 355245.388134158973116, 2842072.161164550110698 ], [ 355260.310954882996157, 2842099.738970680162311 ], [ 355267.559832639992237, 2842113.135107319802046 ], [ 355277.382075812027324, 2842131.28689800016582 ], [ 355295.248744341020938, 2842164.305020379833877 ], [ 355313.115412871004082, 2842197.323142770212144 ], [ 355337.329271839989815, 2842234.37631038017571 ], [ 355350.336441477993503, 2842258.938281239941716 ], [ 355355.738903908000793, 2842269.139972189906985 ], [ 355374.148535972984973, 2842303.903634009882808 ], [ 355394.379443464975338, 2842342.106484760064632 ], [ 355432.053318375023082, 2842413.247604920063168 ], [ 355459.990315111004747, 2842466.002179449889809 ], [ 355484.745232290995773, 2842512.747902899980545 ], [ 355507.64708950399654, 2842555.994417360052466 ], [ 355539.883935988997109, 2842613.12962348992005 ], [ 355542.04625404701801, 2842616.962023410014808 ], [ 355669.496151603001636, 2842846.694745560176671 ], [ 355661.82110191200627, 2842881.685124590061605 ], [ 355662.162204659020063, 2842922.837787399999797 ], [ 355677.100278656987939, 2842998.82436 ], [ 355670.393897595000453, 2843034.7923185499385 ], [ 355682.248234438011423, 2843059.488845170009881 ], [ 355737.24017449200619, 2843097.686828790232539 ], [ 355751.729071885987651, 2843128.311078589875251 ], [ 355760.949275839026086, 2843124.030267839785665 ], [ 355804.086675429018214, 2843218.866654559969902 ], [ 356005.884993574989494, 2843303.71467375010252 ] ] ] ] } },
{ "type": "Feature", "properties": { "gid": 76, "_id": 1891.0, "entidad": 19.0, "distrito": 1.0, "distrito_l": 18.0, "municipio": 48.0, "seccion": 2004.0, "tipo": 2.0, "_control": 1163.0 }, "geometry": { "type": "MultiPolygon", "coordinates": [ [ [ [ 355634.303411906003021, 2842302.780509689822793 ], [ 355766.363241309009027, 2842233.725805679801852 ], [ 355790.110065567016136, 2842220.193090320099145 ], [ 355795.287185031978879, 2842215.015969169791788 ], [ 355783.207232716027647, 2842180.008775920141488 ], [ 355779.4938769590226, 2842137.457442020066082 ], [ 355775.946342770010233, 2842096.806257039774209 ], [ 355772.168172285018954, 2842053.512211340013891 ], [ 355768.168905869999435, 2842007.684627989772707 ], [ 355785.702009572996758, 2841998.488940670154989 ], [ 355822.959430520015303, 2841978.94832772994414 ], [ 355804.046679140010383, 2841942.726958709768951 ], [ 355777.86682686698623, 2841892.587765799835324 ], [ 355741.485461428994313, 2841911.536400979850441 ], [ 355723.862425155006349, 2841876.481894840020686 ], [ 355707.10265612101648, 2841843.144539270084351 ], [ 355691.086867182981223, 2841811.28705665981397 ], [ 355689.428570733987726, 2841807.988489820156246 ], [ 355671.75448534602765, 2841772.832440370228142 ], [ 355794.473506960028317, 2841711.263487049844116 ], [ 355830.846344200021122, 2841693.014991519972682 ], [ 355893.832404209009837, 2841661.414464270230383 ], [ 355886.537579618976451, 2841647.01848775986582 ], [ 355808.184575083025265, 2841492.392698099836707 ], [ 355670.3717479580082, 2841510.660931089892983 ], [ 355482.268157701008022, 2841535.595621780026704 ], [ 355483.026104762975592, 2841548.4806900001131 ], [ 355476.885914532002062, 2841568.333803569898009 ], [ 355454.224194373004138, 2841590.167679970152676 ], [ 355438.307347110996488, 2841599.263024639803916 ], [ 355412.537211619026493, 2841601.53686399012804 ], [ 355426.940360549022444, 2841634.287585069891065 ], [ 355444.460430959996302, 2841669.896292129997164 ], [ 355494.824388879991602, 2841771.918984900228679 ], [ 355512.97791362402495, 2841808.692732519935817 ], [ 355531.253999449021649, 2841845.714753159787506 ], [ 355548.93353316897992, 2841880.352969809900969 ], [ 355566.613066887017339, 2841914.991186460014433 ], [ 355583.771103716979269, 2841948.607672419864684 ], [ 355600.167006345000118, 2841980.730964620131999 ], [ 355642.532304745982401, 2842063.734193560201675 ], [ 355646.136795548023656, 2842070.796208620071411 ], [ 355590.914184236025903, 2842100.872820840217173 ], [ 355610.487930746981874, 2842140.371084569953382 ], [ 355627.270250015018973, 2842174.236470129806548 ], [ 355640.605884266027715, 2842201.146719450131059 ], [ 355643.056855665985495, 2842206.092584810219705 ], [ 355659.695944700972177, 2842239.66894316021353 ], [ 355598.574795570981223, 2842270.988591670058668 ], [ 355607.82325055997353, 2842272.539019980002195 ], [ 355622.469992013997398, 2842287.495679790154099 ], [ 355634.303411906003021, 2842302.780509689822793 ] ] ] ] } },
{ "type": "Feature", "properties": { "gid": 77, "_id": 1892.0, "entidad": 19.0, "distrito": 1.0, "distrito_l": 18.0, "municipio": 48.0, "seccion": 2005.0, "tipo": 2.0, "_control": 1164.0 }, "geometry": { "type": "MultiPolygon", "coordinates": [ [ [ [ 355822.959430520015303, 2841978.94832772994414 ], [ 355838.676347321015783, 2841970.705186360049993 ], [ 355912.170541736995801, 2841934.307889570016414 ], [ 355942.123762277013157, 2841919.473843609914184 ], [ 355979.058511423005257, 2841901.182262389920652 ], [ 356007.727233941026498, 2841886.984351790044457 ], [ 355974.972953342017718, 2841823.606571060139686 ], [ 356013.034771793987602, 2841805.778837520163506 ], [ 356003.481179093010724, 2841784.01788430986926 ], [ 356040.634024580998812, 2841765.972209230065346 ], [ 356050.87945139297517, 2841786.386118459980935 ], [ 356087.34046253800625, 2841768.095222409814596 ], [ 356076.194604607007932, 2841744.211249460000545 ], [ 356102.201596278988291, 2841730.411615939810872 ], [ 356091.055735398025718, 2841686.358953360002488 ], [ 356077.256100815022364, 2841650.267616029828787 ], [ 356037.980221687001176, 2841574.369658119976521 ], [ 356140.946678993001115, 2841522.886409080121666 ], [ 356136.700636335997842, 2841503.248475050088018 ], [ 356161.115356809983496, 2841446.457687530200928 ], [ 355808.184575083025265, 2841492.392698099836707 ], [ 355886.537579618976451, 2841647.01848775986582 ], [ 355893.832404209009837, 2841661.414464270230383 ], [ 355830.846344200021122, 2841693.014991519972682 ], [ 355794.473506960028317, 2841711.263487049844116 ], [ 355671.75448534602765, 2841772.832440370228142 ], [ 355689.428570733987726, 2841807.988489820156246 ], [ 355691.086867182981223, 2841811.28705665981397 ], [ 355707.10265612101648, 2841843.144539270084351 ], [ 355723.862425155006349, 2841876.481894840020686 ], [ 355741.485461428994313, 2841911.536400979850441 ], [ 355777.86682686698623, 2841892.587765799835324 ], [ 355804.046679140010383, 2841942.726958709768951 ], [ 355822.959430520015303, 2841978.94832772994414 ] ] ] ] } },
{ "type": "Feature", "properties": { "gid": 104, "_id": 1920.0, "entidad": 19.0, "distrito": 1.0, "distrito_l": 19.0, "municipio": 48.0, "seccion": 2033.0, "tipo": 2.0, "_control": 1223.0 }, "geometry": { "type": "MultiPolygon", "coordinates": [ [ [ [ 353495.893767328001559, 2842965.42200028989464 ], [ 353538.920483507972676, 2842936.107084489893168 ], [ 353573.808716576022562, 2842912.337071219924837 ], [ 353608.69694964500377, 2842888.567057949956506 ], [ 353725.195586258021649, 2842829.886645120102912 ], [ 353704.339024530025199, 2842787.695904870051891 ], [ 353686.575887028011493, 2842751.762852730229497 ], [ 353667.460757174005266, 2842713.094855159986764 ], [ 353649.091449667990673, 2842675.93558167014271 ], [ 353627.443884407985024, 2842634.417204299941659 ], [ 353606.632212421973236, 2842592.875132360029966 ], [ 353588.367969995015301, 2842556.403941459953785 ], [ 353559.548343833012041, 2842498.855094769969583 ], [ 353511.676909608999267, 2842517.238617090042681 ], [ 353433.488959958020132, 2842547.264245979953557 ], [ 353398.738258046971168, 2842560.609162730164826 ], [ 353314.732773579016794, 2842592.868833350017667 ], [ 353353.779382422973868, 2842673.167232459876686 ], [ 353372.261712288018316, 2842711.175693219993263 ], [ 353392.549436541972682, 2842752.896903530228883 ], [ 353411.281147036992479, 2842791.418209480121732 ], [ 353430.012857531022746, 2842829.939515439793468 ], [ 353448.291295928996988, 2842867.528678379952908 ], [ 353467.306358410976827, 2842906.632690790109336 ], [ 353495.893767328001559, 2842965.42200028989464 ] ] ] ] } },
{ "type": "Feature", "properties": { "gid": 81, "_id": 1898.0, "entidad": 19.0, "distrito": 1.0, "distrito_l": 18.0, "municipio": 48.0, "seccion": 2011.0, "tipo": 2.0, "_control": 1172.0 }, "geometry": { "type": "MultiPolygon", "coordinates": [ [ [ [ 357805.808676081011072, 2842499.213911300059408 ], [ 357844.27487204602221, 2842408.940322120208293 ], [ 357907.985633304982912, 2842259.422051759902388 ], [ 357884.5851535340189, 2842134.141161889769137 ], [ 357880.590322775999084, 2842112.753739189822227 ], [ 357845.628840830002446, 2841944.04033750994131 ], [ 357828.983497483015526, 2841851.919575289823115 ], [ 357814.450744295027107, 2841761.768541090190411 ], [ 357799.080045325972605, 2841683.1751165301539 ], [ 357774.878543429018464, 2841520.738073170185089 ], [ 357712.371778982982505, 2841535.180116329807788 ], [ 357686.594252196024172, 2841541.135954190045595 ], [ 357676.337047246983275, 2841543.505857639946043 ], [ 357707.432710967026651, 2841644.734154030214995 ], [ 357721.448777755023912, 2841690.361820199992508 ], [ 357735.464844541973434, 2841735.989486359991133 ], [ 357750.069004748016596, 2841783.531621870119125 ], [ 357724.886718388006557, 2841791.245119200088084 ], [ 357733.961420184990857, 2841816.200538720004261 ], [ 357733.961422940017655, 2841835.257405530195683 ], [ 357721.710585237015039, 2841868.833791660144925 ], [ 357709.686613056983333, 2841889.024997510015965 ], [ 357716.167323209985625, 2841927.045131789986044 ], [ 357718.63805281301029, 2841941.540066610090435 ], [ 357732.17120426701149, 2842020.93448841990903 ], [ 357733.507715997984633, 2842028.775350660085678 ], [ 357733.053983940975741, 2842048.512819909956306 ], [ 357734.868924364971463, 2842053.957638740073889 ], [ 357736.683864790014923, 2842059.402457559946924 ], [ 357730.331581304024439, 2842095.701252390164882 ], [ 357709.054759835009463, 2842158.645214550197124 ], [ 357681.190581876027863, 2842152.29112209007144 ], [ 357673.91887451702496, 2842150.207417539786547 ], [ 357667.331458094995469, 2842150.031145390123129 ], [ 357659.770502481027506, 2842149.828822390176356 ], [ 357651.228426053014118, 2842149.600245660170913 ], [ 357613.931346233002841, 2842157.506772730033845 ], [ 357608.719274302013218, 2842158.905858980026096 ], [ 357597.862803684023675, 2842161.914464919827878 ], [ 357585.00524193700403, 2842165.477624429855496 ], [ 357573.699204049014952, 2842168.610816970001906 ], [ 357585.081804696994368, 2842216.377935130149126 ], [ 357595.958291725022718, 2842260.968602770008147 ], [ 357549.1854313230142, 2842275.986333339940757 ], [ 357576.422986641991884, 2842302.983266190160066 ], [ 357586.638855159981176, 2842313.108885500114411 ], [ 357591.816755908017512, 2842318.129878879990429 ], [ 357604.668798935017549, 2842340.451841610018164 ], [ 357605.754183538025245, 2842344.907628380227834 ], [ 357606.839568140974734, 2842349.363415140192956 ], [ 357630.372710345021915, 2842445.985676100011915 ], [ 357805.808676081011072, 2842499.213911300059408 ] ] ] ] } },
{ "type": "Feature", "properties": { "gid": 82, "_id": 1899.0, "entidad": 19.0, "distrito": 1.0, "distrito_l": 18.0, "municipio": 48.0, "seccion": 2012.0, "tipo": 2.0, "_control": 1174.0 }, "geometry": { "type": "MultiPolygon", "coordinates": [ [ [ [ 357467.259046018996742, 2841584.215832519810647 ], [ 357494.157455908018164, 2841580.113962369970977 ], [ 357523.417457200004719, 2841574.234307120088488 ], [ 357540.998465923010372, 2841570.701488730031997 ], [ 357574.814003424020484, 2841563.906420580111444 ], [ 357585.788067900983151, 2841561.701235590036958 ], [ 357632.650465045007877, 2841552.284464309923351 ], [ 357676.337047246983275, 2841543.505857639946043 ], [ 357686.594252196024172, 2841541.135954190045595 ], [ 357712.371778982982505, 2841535.180116329807788 ], [ 357774.878543429018464, 2841520.738073170185089 ], [ 357763.622697855986189, 2841461.832069050054997 ], [ 357757.75111495697638, 2841410.714455340057611 ], [ 357755.085921227990184, 2841387.489224600140005 ], [ 357751.935961941024289, 2841360.039613550063223 ], [ 357746.036021394014824, 2841308.625909899827093 ], [ 357740.112152659974527, 2841257.00368945999071 ], [ 357734.249106604023837, 2841205.911494580097497 ], [ 357725.413279210973997, 2841128.913665980100632 ], [ 357627.93802342901472, 2841151.338900560047477 ], [ 357592.775109600974247, 2841159.428508390206844 ], [ 357583.480229021981359, 2841177.293059229850769 ], [ 357564.401573538023513, 2841213.961804789956659 ], [ 357543.989807305973954, 2841253.192759139928967 ], [ 357523.955002849979792, 2841291.699201459996402 ], [ 357562.178120584983844, 2841311.03559589991346 ], [ 357598.890914767980576, 2841329.607944549992681 ], [ 357579.132328513020184, 2841368.581270810216665 ], [ 357475.83504548901692, 2841567.685684789903462 ], [ 357467.259046018996742, 2841584.215832519810647 ] ] ] ] } },
{ "type": "Feature", "properties": { "gid": 83, "_id": 1900.0, "entidad": 19.0, "distrito": 1.0, "distrito_l": 18.0, "municipio": 48.0, "seccion": 2013.0, "tipo": 2.0, "_control": 1175.0 }, "geometry": { "type": "MultiPolygon", "coordinates": [ [ [ [ 357124.628840765974019, 2841655.366504230070859 ], [ 357172.525891464028973, 2841645.083056639879942 ], [ 357218.198668228986207, 2841635.646525340154767 ], [ 357244.631524201016873, 2841630.185187320224941 ], [ 357264.57427820697194, 2841626.064780460204929 ], [ 357313.022012319008354, 2841616.06162765994668 ], [ 357331.277143399987835, 2841612.292434549890459 ], [ 357339.834939940017648, 2841610.525479950010777 ], [ 357359.852758714987431, 2841606.392339290119708 ], [ 357403.032809176016599, 2841597.476821349933743 ], [ 357449.929965284012724, 2841587.793821160215884 ], [ 357467.259046018996742, 2841584.215832519810647 ], [ 357475.83504548901692, 2841567.685684789903462 ], [ 357579.132328513020184, 2841368.581270810216665 ], [ 357598.890914767980576, 2841329.607944549992681 ], [ 357562.178120584983844, 2841311.03559589991346 ], [ 357523.955002849979792, 2841291.699201459996402 ], [ 357543.989807305973954, 2841253.192759139928967 ], [ 357564.401573538023513, 2841213.961804789956659 ], [ 357583.480229021981359, 2841177.293059229850769 ], [ 357592.775109600974247, 2841159.428508390206844 ], [ 357496.338784534018487, 2841181.614725760184228 ], [ 357456.487283693975769, 2841190.782993630040437 ], [ 357402.617724962008651, 2841203.176267010159791 ], [ 357342.881576879008207, 2841216.919212589971721 ], [ 357243.875923616986256, 2841239.696531679946929 ], [ 357250.961530636006501, 2841300.290614 ], [ 357257.069111743010581, 2841352.520898759830743 ], [ 357260.549573683994822, 2841382.28481267997995 ], [ 357241.961393853009213, 2841418.279734190087765 ], [ 357220.92555775900837, 2841459.014398680068552 ], [ 357201.649129203986377, 2841496.342073520179838 ], [ 357184.605630009027664, 2841529.345811449922621 ], [ 357182.685315747978166, 2841533.064387539867312 ], [ 357162.184802352974657, 2841572.762430990114808 ], [ 357124.628840765974019, 2841655.366504230070859 ] ] ] ] } },
{ "type": "Feature", "properties": { "gid": 84, "_id": 1901.0, "entidad": 19.0, "distrito": 1.0, "distrito_l": 18.0, "municipio": 48.0, "seccion": 2014.0, "tipo": 2.0, "_control": 1176.0 }, "geometry": { "type": "MultiPolygon", "coordinates": [ [ [ [ 357171.483502461982425, 2841957.465257320087403 ], [ 357188.841485669021495, 2841952.27781117008999 ], [ 357348.913239703979343, 2841904.440248799975961 ], [ 357359.93369024398271, 2841901.146778990048915 ], [ 357396.881349485018291, 2841890.104943640064448 ], [ 357524.682655920973048, 2841850.820705329999328 ], [ 357565.529284987016581, 2841839.180952429771423 ], [ 357574.473602432990447, 2841836.391765759792179 ], [ 357559.486842430022079, 2841788.571070920210332 ], [ 357545.236384944990277, 2841743.09981638006866 ], [ 357530.985927456989884, 2841697.628561839926988 ], [ 357494.157455908018164, 2841580.113962369970977 ], [ 357467.259046018996742, 2841584.215832519810647 ], [ 357449.929965284012724, 2841587.793821160215884 ], [ 357403.032809176016599, 2841597.476821349933743 ], [ 357359.852758714987431, 2841606.392339290119708 ], [ 357339.834939940017648, 2841610.525479950010777 ], [ 357331.277143399987835, 2841612.292434549890459 ], [ 357313.022012319008354, 2841616.06162765994668 ], [ 357264.57427820697194, 2841626.064780460204929 ], [ 357244.631524201016873, 2841630.185187320224941 ], [ 357218.198668228986207, 2841635.646525340154767 ], [ 357172.525891464028973, 2841645.083056639879942 ], [ 357124.628840765974019, 2841655.366504230070859 ], [ 357175.125066374021117, 2841805.022906189784408 ], [ 357179.193829851981718, 2841854.156764470040798 ], [ 357176.07266487198649, 2841902.534932469949126 ], [ 357171.483502461982425, 2841957.465257320087403 ] ] ] ] } },
{ "type": "Feature", "properties": { "gid": 85, "_id": 1902.0, "entidad": 19.0, "distrito": 1.0, "distrito_l": 18.0, "municipio": 48.0, "seccion": 2015.0, "tipo": 2.0, "_control": 1177.0 }, "geometry": { "type": "MultiPolygon", "coordinates": [ [ [ [ 356918.793034566973802, 2842084.573196520097554 ], [ 357038.259760806977283, 2842028.724907349795103 ], [ 357027.01904933800688, 2841998.83384351991117 ], [ 357081.541577562980819, 2841979.505434069782495 ], [ 357082.111333173001185, 2841994.701837679836899 ], [ 357091.359005541016813, 2842005.876105519942939 ], [ 357099.836037337023299, 2842007.802702430170029 ], [ 357113.533108461997472, 2842007.337169270031154 ], [ 357117.253512028022669, 2841967.356917129829526 ], [ 357149.33389820199227, 2841964.76865461980924 ], [ 357171.483502461982425, 2841957.465257320087403 ], [ 357176.07266487198649, 2841902.534932469949126 ], [ 357179.193829851981718, 2841854.156764470040798 ], [ 357175.125066374021117, 2841805.022906189784408 ], [ 357124.628840765974019, 2841655.366504230070859 ], [ 357115.448873683984857, 2841658.158261320088059 ], [ 357076.819361653993838, 2841671.100035530049354 ], [ 357077.755721005029045, 2841724.472078320104629 ], [ 356924.05101348797325, 2841783.561811749823391 ], [ 356920.239970316994004, 2841774.07966567017138 ], [ 356900.932425085979048, 2841735.26788600999862 ], [ 356837.535609712009318, 2841798.410908469930291 ], [ 356813.33256742102094, 2841822.517060080077499 ], [ 356804.169654792000074, 2841831.886354669928551 ], [ 356766.627243804978207, 2841870.595636850222945 ], [ 356741.924104347999673, 2841896.066584799904376 ], [ 356744.68330568401143, 2841902.147068710066378 ], [ 356760.873450073995627, 2841937.825477229896933 ], [ 356777.456601088983007, 2841974.369959 ], [ 356794.403638880990911, 2842011.716342269908637 ], [ 356810.495948803029023, 2842047.179151840042323 ], [ 356883.827150368015282, 2842010.756355210207403 ], [ 356900.716028623981401, 2842046.410641510039568 ], [ 356918.793034566973802, 2842084.573196520097554 ] ] ] ] } },
{ "type": "Feature", "properties": { "gid": 86, "_id": 1903.0, "entidad": 19.0, "distrito": 1.0, "distrito_l": 18.0, "municipio": 48.0, "seccion": 2016.0, "tipo": 2.0, "_control": 1178.0 }, "geometry": { "type": "MultiPolygon", "coordinates": [ [ [ [ 356924.05101348797325, 2841783.561811749823391 ], [ 357077.755721005029045, 2841724.472078320104629 ], [ 357076.819361653993838, 2841671.100035530049354 ], [ 357115.448873683984857, 2841658.158261320088059 ], [ 357124.628840765974019, 2841655.366504230070859 ], [ 357162.184802352974657, 2841572.762430990114808 ], [ 357182.685315747978166, 2841533.064387539867312 ], [ 357184.605630009027664, 2841529.345811449922621 ], [ 357201.649129203986377, 2841496.342073520179838 ], [ 357220.92555775900837, 2841459.014398680068552 ], [ 357241.961393853009213, 2841418.279734190087765 ], [ 357260.549573683994822, 2841382.28481267997995 ], [ 357257.069111743010581, 2841352.520898759830743 ], [ 357250.961530636006501, 2841300.290614 ], [ 357243.875923616986256, 2841239.696531679946929 ], [ 357171.450852093985304, 2841260.058311049826443 ], [ 357098.682553727005143, 2841276.65109395980835 ], [ 357041.314379058021586, 2841289.732307760044932 ], [ 357032.588322690979112, 2841291.56581044010818 ], [ 356966.291637195972726, 2841306.839153709821403 ], [ 356960.562226968002506, 2841308.145586079917848 ], [ 356836.367566126980819, 2841336.464718109928071 ], [ 356855.783644229988568, 2841393.856335090007633 ], [ 356873.243921537010465, 2841441.338256409857422 ], [ 356966.031479565019254, 2841418.251324969809502 ], [ 356968.586400342988782, 2841483.461669319774956 ], [ 356899.532800715998746, 2841509.516109480056912 ], [ 356814.502054133976344, 2841542.284219560213387 ], [ 356832.153557753015775, 2841580.227660010103136 ], [ 356837.38410699297674, 2841592.018280699849129 ], [ 356854.355653745995369, 2841634.579183420166373 ], [ 356874.794600017019548, 2841680.080607950221747 ], [ 356897.007042525976431, 2841726.419351240154356 ], [ 356900.932425085979048, 2841735.26788600999862 ], [ 356920.239970316994004, 2841774.07966567017138 ], [ 356924.05101348797325, 2841783.561811749823391 ] ] ] ] } },
{ "type": "Feature", "properties": { "gid": 87, "_id": 1904.0, "entidad": 19.0, "distrito": 1.0, "distrito_l": 18.0, "municipio": 48.0, "seccion": 2017.0, "tipo": 2.0, "_control": 1179.0 }, "geometry": { "type": "MultiPolygon", "coordinates": [ [ [ [ 356627.569443992979359, 2841610.273422219790518 ], [ 356832.153557753015775, 2841580.227660010103136 ], [ 356814.502054133976344, 2841542.284219560213387 ], [ 356899.532800715998746, 2841509.516109480056912 ], [ 356968.586400342988782, 2841483.461669319774956 ], [ 356966.031479565019254, 2841418.251324969809502 ], [ 356873.243921537010465, 2841441.338256409857422 ], [ 356855.783644229988568, 2841393.856335090007633 ], [ 356836.367566126980819, 2841336.464718109928071 ], [ 356734.309599964006338, 2841360.087667770218104 ], [ 356729.248705627978779, 2841361.259092759806663 ], [ 356754.281231929024216, 2841414.294414080213755 ], [ 356775.436972042021807, 2841459.1161576397717 ], [ 356796.592712152982131, 2841503.937901210039854 ], [ 356613.91228118998697, 2841527.51108804019168 ], [ 356620.740862592007034, 2841568.89225513022393 ], [ 356627.569443992979359, 2841610.273422219790518 ] ] ] ] } },
{ "type": "Feature", "properties": { "gid": 88, "_id": 1905.0, "entidad": 19.0, "distrito": 1.0, "distrito_l": 18.0, "municipio": 48.0, "seccion": 2018.0, "tipo": 2.0, "_control": 1181.0 }, "geometry": { "type": "MultiPolygon", "coordinates": [ [ [ [ 356485.808209722978063, 2841544.71911709010601 ], [ 356560.062959383998532, 2841534.744587200228125 ], [ 356613.91228118998697, 2841527.51108804019168 ], [ 356796.592712152982131, 2841503.937901210039854 ], [ 356775.436972042021807, 2841459.1161576397717 ], [ 356754.281231929024216, 2841414.294414080213755 ], [ 356729.248705627978779, 2841361.259092759806663 ], [ 356586.727876453020144, 2841386.706707450095564 ], [ 356581.587116000999231, 2841359.085295849945396 ], [ 356575.829146627977025, 2841328.147608019877225 ], [ 356568.21236114599742, 2841287.222463040146977 ], [ 356563.307781714014709, 2841260.870056920219213 ], [ 356520.411473757994827, 2841268.877374430187047 ], [ 356493.485576088016387, 2841149.731313690077513 ], [ 356479.914969152014237, 2841151.054829239845276 ], [ 356450.546501779987011, 2841153.919080129824579 ], [ 356408.177546699997038, 2841159.560605050064623 ], [ 356283.05188308400102, 2841176.221378189977258 ], [ 356244.731181435985491, 2841184.228695049881935 ], [ 356260.080533355008811, 2841227.255025229882449 ], [ 356262.235269990982488, 2841232.188153630122542 ], [ 356278.36111376300687, 2841269.107216820120811 ], [ 356296.679371676989831, 2841309.479191590100527 ], [ 356307.714887018024456, 2841335.316187100019306 ], [ 356324.11895211902447, 2841373.722346059978008 ], [ 356330.893122778972611, 2841389.244280700106174 ], [ 356344.462342013022862, 2841420.335988380014896 ], [ 356364.48112797900103, 2841466.205852429848164 ], [ 356367.098746986011975, 2841465.840387349948287 ], [ 356369.716365993022919, 2841465.474922259803861 ], [ 356495.933095410000533, 2841447.852874360047281 ], [ 356490.725353323970921, 2841497.67609455017373 ], [ 356485.808209722978063, 2841544.71911709010601 ] ] ] ] } },
{ "type": "Feature", "properties": { "gid": 90, "_id": 1906.0, "entidad": 19.0, "distrito": 1.0, "distrito_l": 18.0, "municipio": 48.0, "seccion": 2019.0, "tipo": 2.0, "_control": 1185.0 }, "geometry": { "type": "MultiPolygon", "coordinates": [ [ [ [ 355150.524015944974963, 2841580.255763719789684 ], [ 355261.016223601996899, 2841566.306564489845186 ], [ 355295.62792817101581, 2841561.936975239776075 ], [ 355482.268157701008022, 2841535.595621780026704 ], [ 355670.3717479580082, 2841510.660931089892983 ], [ 355808.184575083025265, 2841492.392698099836707 ], [ 356161.115356809983496, 2841446.457687530200928 ], [ 356211.327727789001074, 2841438.548401860054582 ], [ 356204.216774881992023, 2841410.104606970213354 ], [ 356190.172684126999229, 2841353.536082779988647 ], [ 356183.910633173014503, 2841327.444975940044969 ], [ 356173.958523996989243, 2841285.979081499855965 ], [ 356165.694771817012224, 2841251.406264939811081 ], [ 356156.609910673985723, 2841213.398198990151286 ], [ 356192.708558458019979, 2841200.080519840121269 ], [ 356155.868662566004787, 2841107.632830389775336 ], [ 356060.412070586986374, 2840868.089770949911326 ], [ 356057.863057774025947, 2840861.693163699936122 ], [ 356028.265968450985383, 2840788.407548349816352 ], [ 356018.227166215016041, 2840763.540926659945399 ], [ 355930.517665336024947, 2840539.460425490047783 ], [ 355783.227845828980207, 2840543.85869211005047 ], [ 355745.277339091990143, 2840654.053900059778243 ], [ 355706.855627756973263, 2840721.879369200207293 ], [ 355572.867072510998696, 2840927.563702419865876 ], [ 355485.393917670007795, 2841061.299782279878855 ], [ 355463.624503149010707, 2841094.582635330036283 ], [ 355457.849503640027251, 2841103.411924690008163 ], [ 355443.591101089026779, 2841126.926568100228906 ], [ 355437.693026410008315, 2841136.653542940039188 ], [ 355360.829543992993422, 2841251.743936920072883 ], [ 355344.55883240501862, 2841276.619925320148468 ], [ 355317.803241358022206, 2841317.526050960179418 ], [ 355282.055770587001462, 2841372.379947890061885 ], [ 355242.734991292003542, 2841432.717027070000768 ], [ 355216.048577453999314, 2841473.666883459780365 ], [ 355209.578028138028458, 2841483.595833320170641 ], [ 355197.626363367016893, 2841501.975997069850564 ], [ 355192.773059463012032, 2841509.382777119986713 ], [ 355179.302472239010967, 2841531.979756089858711 ], [ 355150.524015944974963, 2841580.255763719789684 ] ] ] ] } },
{ "type": "Feature", "properties": { "gid": 91, "_id": 1907.0, "entidad": 19.0, "distrito": 1.0, "distrito_l": 19.0, "municipio": 48.0, "seccion": 2020.0, "tipo": 2.0, "_control": 1188.0 }, "geometry": { "type": "MultiPolygon", "coordinates": [ [ [ [ 355382.070139667019248, 2841921.33952420996502 ], [ 355531.253999449021649, 2841845.714753159787506 ], [ 355512.97791362402495, 2841808.692732519935817 ], [ 355494.824388879991602, 2841771.918984900228679 ], [ 355444.460430959996302, 2841669.896292129997164 ], [ 355426.940360549022444, 2841634.287585069891065 ], [ 355412.537211619026493, 2841601.53686399012804 ], [ 355438.307347110996488, 2841599.263024639803916 ], [ 355454.224194373004138, 2841590.167679970152676 ], [ 355476.885914532002062, 2841568.333803569898009 ], [ 355483.026104762975592, 2841548.4806900001131 ], [ 355482.268157701008022, 2841535.595621780026704 ], [ 355295.62792817101581, 2841561.936975239776075 ], [ 355261.016223601996899, 2841566.306564489845186 ], [ 355150.524015944974963, 2841580.255763719789684 ], [ 355144.560729305027053, 2841589.227773330174387 ], [ 355097.473519193998072, 2841660.072414469905198 ], [ 355078.975605298008304, 2841687.903285500127822 ], [ 355059.632371295010671, 2841722.165998340118676 ], [ 355063.688811334024649, 2841729.827913260087371 ], [ 355178.293636405025609, 2841669.387119949795306 ], [ 355184.820065393985715, 2841665.926986009813845 ], [ 355216.143704154004809, 2841659.515709939878434 ], [ 355261.848634372989181, 2841650.160892390180379 ], [ 355270.865414751984645, 2841688.43371709017083 ], [ 355279.572491207974963, 2841725.391965679824352 ], [ 355287.910725128022023, 2841760.78461711993441 ], [ 355297.478688174975105, 2841801.39700391003862 ], [ 355307.046208119019866, 2841842.00750989979133 ], [ 355339.358858659979887, 2841834.983015479985625 ], [ 355363.585779395012651, 2841883.890797500032932 ], [ 355382.070139667019248, 2841921.33952420996502 ] ] ] ] } },
{ "type": "Feature", "properties": { "gid": 92, "_id": 1908.0, "entidad": 19.0, "distrito": 1.0, "distrito_l": 19.0, "municipio": 48.0, "seccion": 2021.0, "tipo": 2.0, "_control": 1190.0 }, "geometry": { "type": "MultiPolygon", "coordinates": [ [ [ [ 355210.76562845997978, 2842008.177768410183489 ], [ 355382.070139667019248, 2841921.33952420996502 ], [ 355363.585779395012651, 2841883.890797500032932 ], [ 355339.358858659979887, 2841834.983015479985625 ], [ 355307.046208119019866, 2841842.00750989979133 ], [ 355297.478688174975105, 2841801.39700391003862 ], [ 355287.910725128022023, 2841760.78461711993441 ], [ 355279.572491207974963, 2841725.391965679824352 ], [ 355270.865414751984645, 2841688.43371709017083 ], [ 355261.848634372989181, 2841650.160892390180379 ], [ 355216.143704154004809, 2841659.515709939878434 ], [ 355184.820065393985715, 2841665.926986009813845 ], [ 355178.293636405025609, 2841669.387119949795306 ], [ 355063.688811334024649, 2841729.827913260087371 ], [ 355080.528981123992708, 2841761.684992149937898 ], [ 355098.42828032001853, 2841795.562153779901564 ], [ 355118.219845800020266, 2841833.020718790125102 ], [ 355136.307044780987781, 2841867.253509500063956 ], [ 355144.427633418992627, 2841882.622965630143881 ], [ 355154.622308944992255, 2841901.917948449961841 ], [ 355165.870903656003065, 2841923.207634550053626 ], [ 355172.483623714011628, 2841935.723218750208616 ], [ 355185.206335522001609, 2841959.802896929904819 ], [ 355190.998050444002729, 2841970.764603329822421 ], [ 355204.820086391002405, 2841996.924920599907637 ], [ 355210.76562845997978, 2842008.177768410183489 ] ] ] ] } },
{ "type": "Feature", "properties": { "gid": 94, "_id": 1909.0, "entidad": 19.0, "distrito": 1.0, "distrito_l": 19.0, "municipio": 48.0, "seccion": 2022.0, "tipo": 2.0, "_control": 1193.0 }, "geometry": { "type": "MultiPolygon", "coordinates": [ [ [ [ 355260.504625061003026, 2842274.376441279891878 ], [ 355337.329271839989815, 2842234.37631038017571 ], [ 355313.115412871004082, 2842197.323142770212144 ], [ 355295.248744341020938, 2842164.305020379833877 ], [ 355277.382075812027324, 2842131.28689800016582 ], [ 355267.559832639992237, 2842113.135107319802046 ], [ 355260.310954882996157, 2842099.738970680162311 ], [ 355245.388134158973116, 2842072.161164550110698 ], [ 355224.910927162971348, 2842034.318691260181367 ], [ 355210.76562845997978, 2842008.177768410183489 ], [ 355204.820086391002405, 2841996.924920599907637 ], [ 355190.998050444002729, 2841970.764603329822421 ], [ 355185.206335522001609, 2841959.802896929904819 ], [ 355172.483623714011628, 2841935.723218750208616 ], [ 355165.870903656003065, 2841923.207634550053626 ], [ 355154.622308944992255, 2841901.917948449961841 ], [ 355144.427633418992627, 2841882.622965630143881 ], [ 355136.307044780987781, 2841867.253509500063956 ], [ 355118.219845800020266, 2841833.020718790125102 ], [ 355098.42828032001853, 2841795.562153779901564 ], [ 355080.528981123992708, 2841761.684992149937898 ], [ 355063.688811334024649, 2841729.827913260087371 ], [ 355059.632371295010671, 2841722.165998340118676 ], [ 355078.975605298008304, 2841687.903285500127822 ], [ 354912.739658380975015, 2841760.310672199819237 ], [ 354738.918090495979413, 2841837.687555809970945 ], [ 354744.640245372022036, 2841849.241903089918196 ], [ 354751.928165659017395, 2841863.957890990190208 ], [ 354764.938240821997169, 2841890.228226180188358 ], [ 354817.010887729004025, 2841990.992146119941026 ], [ 354841.997915809974074, 2842039.343652079813182 ], [ 354849.592494806973264, 2842035.409303879830986 ], [ 354882.841516344982665, 2842018.184750949963927 ], [ 354914.72679511300521, 2842001.66668074997142 ], [ 354946.612073883996345, 2841985.14861056022346 ], [ 354978.924670735024847, 2841968.409169550053775 ], [ 355009.703822611016221, 2841952.46412497991696 ], [ 355042.437612408015411, 2841935.506486270111054 ], [ 355066.285636237997096, 2841923.15209117019549 ], [ 355076.003604265977629, 2841918.117727850098163 ], [ 355096.703172239998821, 2841959.109920720104128 ], [ 355108.881919277017005, 2841981.099489669781178 ], [ 355116.743391663010698, 2841996.354853560216725 ], [ 355136.2545977110276, 2842032.51818177010864 ], [ 355155.618363116984256, 2842070.62440265994519 ], [ 355169.329790937015787, 2842097.607310479972512 ], [ 355173.52978959097527, 2842106.808083639945835 ], [ 355195.275850781006739, 2842149.81152762984857 ], [ 355205.51510594598949, 2842169.365044449921697 ], [ 355260.504625061003026, 2842274.376441279891878 ] ] ] ] } },
{ "type": "Feature", "properties": { "gid": 95, "_id": 1910.0, "entidad": 19.0, "distrito": 1.0, "distrito_l": 19.0, "municipio": 48.0, "seccion": 2023.0, "tipo": 2.0, "_control": 1196.0 }, "geometry": { "type": "MultiPolygon", "coordinates": [ [ [ [ 354934.314156591019128, 2842444.213361970148981 ], [ 354947.353464404994156, 2842437.424212370067835 ], [ 354967.583193277998362, 2842426.89124102005735 ], [ 355000.577969024016056, 2842409.711918959859759 ], [ 355020.022679121990222, 2842399.587681720033288 ], [ 355034.136516563012265, 2842392.239058990031481 ], [ 355068.629926948982757, 2842374.279445909895003 ], [ 355083.834067878022324, 2842366.363137099891901 ], [ 355099.038208805024624, 2842358.446828300133348 ], [ 355133.185942041978706, 2842340.667198230046779 ], [ 355164.447917231998872, 2842324.390089869964868 ], [ 355196.210908902983647, 2842307.852118299808353 ], [ 355228.357766981003806, 2842291.114279780071229 ], [ 355260.504625061003026, 2842274.376441279891878 ], [ 355205.51510594598949, 2842169.365044449921697 ], [ 355195.275850781006739, 2842149.81152762984857 ], [ 355173.52978959097527, 2842106.808083639945835 ], [ 355169.329790937015787, 2842097.607310479972512 ], [ 355161.387402685999405, 2842103.793534509837627 ], [ 355133.075307480001356, 2842125.845461240038276 ], [ 355103.972195041016676, 2842148.513501110021025 ], [ 355075.12354978302028, 2842170.983339770231396 ], [ 354990.171890054014511, 2842066.602540660183877 ], [ 354963.330246734025422, 2842088.366042470093817 ], [ 354934.432792149018496, 2842111.79641882982105 ], [ 354906.177659221983049, 2842134.705993679817766 ], [ 354875.158294191001914, 2842159.950896610040218 ], [ 354885.249656112981029, 2842171.338272050023079 ], [ 354881.804025452991482, 2842174.133523560129106 ], [ 354877.10233690100722, 2842177.947746059857309 ], [ 354851.893495476979297, 2842198.398298909887671 ], [ 354800.454712598002516, 2842240.127767160069197 ], [ 354796.878452598000877, 2842243.028991090133786 ], [ 354850.789016813971102, 2842310.470031680073589 ], [ 354858.788954316987656, 2842320.477793930098414 ], [ 354886.013383209996391, 2842355.689762869849801 ], [ 354889.836368883028626, 2842362.523167259991169 ], [ 354934.314156591019128, 2842444.213361970148981 ] ] ] ] } },
{ "type": "Feature", "properties": { "gid": 96, "_id": 1911.0, "entidad": 19.0, "distrito": 1.0, "distrito_l": 19.0, "municipio": 48.0, "seccion": 2024.0, "tipo": 2.0, "_control": 1197.0 }, "geometry": { "type": "MultiPolygon", "coordinates": [ [ [ [ 354796.878452598000877, 2842243.028991090133786 ], [ 354800.454712598002516, 2842240.127767160069197 ], [ 354851.893495476979297, 2842198.398298909887671 ], [ 354877.10233690100722, 2842177.947746059857309 ], [ 354881.804025452991482, 2842174.133523560129106 ], [ 354885.249656112981029, 2842171.338272050023079 ], [ 354875.158294191001914, 2842159.950896610040218 ], [ 354906.177659221983049, 2842134.705993679817766 ], [ 354934.432792149018496, 2842111.79641882982105 ], [ 354963.330246734025422, 2842088.366042470093817 ], [ 354990.171890054014511, 2842066.602540660183877 ], [ 355075.12354978302028, 2842170.983339770231396 ], [ 355103.972195041016676, 2842148.513501110021025 ], [ 355133.075307480001356, 2842125.845461240038276 ], [ 355161.387402685999405, 2842103.793534509837627 ], [ 355169.329790937015787, 2842097.607310479972512 ], [ 355155.618363116984256, 2842070.62440265994519 ], [ 355136.2545977110276, 2842032.51818177010864 ], [ 355116.743391663010698, 2841996.354853560216725 ], [ 355108.881919277017005, 2841981.099489669781178 ], [ 355096.703172239998821, 2841959.109920720104128 ], [ 355076.003604265977629, 2841918.117727850098163 ], [ 355066.285636237997096, 2841923.15209117019549 ], [ 355042.437612408015411, 2841935.506486270111054 ], [ 355009.703822611016221, 2841952.46412497991696 ], [ 354978.924670735024847, 2841968.409169550053775 ], [ 354946.612073883996345, 2841985.14861056022346 ], [ 354914.72679511300521, 2842001.66668074997142 ], [ 354882.841516344982665, 2842018.184750949963927 ], [ 354849.592494806973264, 2842035.409303879830986 ], [ 354841.997915809974074, 2842039.343652079813182 ], [ 354814.605903209012467, 2842053.478852860163897 ], [ 354781.241537242021877, 2842070.695989060215652 ], [ 354747.877171277010348, 2842087.913125270046294 ], [ 354714.833897408971097, 2842104.96456714021042 ], [ 354762.43646539200563, 2842196.931402930058539 ], [ 354774.126011067011859, 2842216.654408290050924 ], [ 354796.878452598000877, 2842243.028991090133786 ] ] ] ] } },
{ "type": "Feature", "properties": { "gid": 97, "_id": 1912.0, "entidad": 19.0, "distrito": 1.0, "distrito_l": 19.0, "municipio": 48.0, "seccion": 2025.0, "tipo": 2.0, "_control": 1203.0 }, "geometry": { "type": "MultiPolygon", "coordinates": [ [ [ [ 354552.135896365973167, 2842396.809170450083911 ], [ 354561.365662715979852, 2842389.415452090092003 ], [ 354597.518140239000786, 2842360.454671679995954 ], [ 354632.807836043008137, 2842332.225685299839824 ], [ 354667.819304651988205, 2842303.137315960135311 ], [ 354703.247773975017481, 2842273.084935510065407 ], [ 354779.878039776987862, 2842368.46881789015606 ], [ 354815.333528293995187, 2842339.469424779992551 ], [ 354850.789016813971102, 2842310.470031680073589 ], [ 354796.878452598000877, 2842243.028991090133786 ], [ 354774.126011067011859, 2842216.654408290050924 ], [ 354762.43646539200563, 2842196.931402930058539 ], [ 354714.833897408971097, 2842104.96456714021042 ], [ 354677.60936630400829, 2842124.318592099938542 ], [ 354657.968274337006733, 2842134.530518840067089 ], [ 354634.572457175992895, 2842146.694627180229872 ], [ 354593.392652460024692, 2842168.105104220099747 ], [ 354550.328732419002336, 2842190.495182999875396 ], [ 354510.368782263016328, 2842211.271425180137157 ], [ 354468.120119114988483, 2842233.237630189862102 ], [ 354505.570748601981904, 2842305.220634649973363 ], [ 354538.004733878013212, 2842367.561261199880391 ], [ 354552.135896365973167, 2842396.809170450083911 ] ] ] ] } },
{ "type": "Feature", "properties": { "gid": 98, "_id": 1913.0, "entidad": 19.0, "distrito": 1.0, "distrito_l": 19.0, "municipio": 48.0, "seccion": 2026.0, "tipo": 2.0, "_control": 1208.0 }, "geometry": { "type": "MultiPolygon", "coordinates": [ [ [ [ 354655.232827697007451, 2842588.693300509825349 ], [ 354659.890468556026462, 2842586.293435850180686 ], [ 354697.628224816988222, 2842566.84893367998302 ], [ 354736.657647986023221, 2842546.73889590986073 ], [ 354777.047785627015401, 2842525.927745580207556 ], [ 354813.022768864000682, 2842507.343777239788324 ], [ 354819.560915129026398, 2842503.9616963500157 ], [ 354860.639912697020918, 2842482.573179109953344 ], [ 354898.709955627971794, 2842462.751328110229224 ], [ 354934.314156591019128, 2842444.213361970148981 ], [ 354889.836368883028626, 2842362.523167259991169 ], [ 354886.013383209996391, 2842355.689762869849801 ], [ 354858.788954316987656, 2842320.477793930098414 ], [ 354850.789016813971102, 2842310.470031680073589 ], [ 354815.333528293995187, 2842339.469424779992551 ], [ 354779.878039776987862, 2842368.46881789015606 ], [ 354703.247773975017481, 2842273.084935510065407 ], [ 354667.819304651988205, 2842303.137315960135311 ], [ 354632.807836043008137, 2842332.225685299839824 ], [ 354597.518140239000786, 2842360.454671679995954 ], [ 354561.365662715979852, 2842389.415452090092003 ], [ 354552.135896365973167, 2842396.809170450083911 ], [ 354558.219502598978579, 2842408.145909159909934 ], [ 354585.143177387013566, 2842459.073807570151985 ], [ 354600.511434769025072, 2842486.459181869868189 ], [ 354607.103899027977604, 2842498.432699 ], [ 354655.232827697007451, 2842588.693300509825349 ] ] ] ] } },
{ "type": "Feature", "properties": { "gid": 99, "_id": 1914.0, "entidad": 19.0, "distrito": 1.0, "distrito_l": 19.0, "municipio": 48.0, "seccion": 2027.0, "tipo": 2.0, "_control": 1210.0 }, "geometry": { "type": "MultiPolygon", "coordinates": [ [ [ [ 354468.120119114988483, 2842233.237630189862102 ], [ 354510.368782263016328, 2842211.271425180137157 ], [ 354550.328732419002336, 2842190.495182999875396 ], [ 354593.392652460024692, 2842168.105104220099747 ], [ 354634.572457175992895, 2842146.694627180229872 ], [ 354657.968274337006733, 2842134.530518840067089 ], [ 354677.60936630400829, 2842124.318592099938542 ], [ 354714.833897408971097, 2842104.96456714021042 ], [ 354747.877171277010348, 2842087.913125270046294 ], [ 354781.241537242021877, 2842070.695989060215652 ], [ 354814.605903209012467, 2842053.478852860163897 ], [ 354841.997915809974074, 2842039.343652079813182 ], [ 354817.010887729004025, 2841990.992146119941026 ], [ 354764.938240821997169, 2841890.228226180188358 ], [ 354751.928165659017395, 2841863.957890990190208 ], [ 354744.640245372022036, 2841849.241903089918196 ], [ 354738.918090495979413, 2841837.687555809970945 ], [ 354712.381750324973837, 2841849.380515249911696 ], [ 354624.590826986008324, 2841888.06466306000948 ], [ 354590.564756295003463, 2841903.057893550023437 ], [ 354547.2685125709977, 2841922.135928379837424 ], [ 354507.791712154983543, 2841939.530965640209615 ], [ 354471.07048528600717, 2841955.711788380052894 ], [ 354432.950072340026964, 2841972.509147769771516 ], [ 354395.195482301001903, 2841989.145311139989644 ], [ 354385.623461756971665, 2841993.363121400121599 ], [ 354374.547403704025783, 2841998.243670000229031 ], [ 354368.270552392990794, 2842001.009498570114374 ], [ 354363.284821340988856, 2842003.20640855981037 ], [ 354353.823673275997862, 2842007.375364040024579 ], [ 354363.952177589992061, 2842027.390395299997181 ], [ 354444.218271014979109, 2842186.004966579843313 ], [ 354468.120119114988483, 2842233.237630189862102 ] ] ] ] } },
{ "type": "Feature", "properties": { "gid": 100, "_id": 1915.0, "entidad": 19.0, "distrito": 1.0, "distrito_l": 19.0, "municipio": 48.0, "seccion": 2028.0, "tipo": 2.0, "_control": 1212.0 }, "geometry": { "type": "MultiPolygon", "coordinates": [ [ [ [ 354001.286675259005278, 2842479.173705290071666 ], [ 354018.191097575996537, 2842470.479537270031869 ], [ 354038.643194176023826, 2842459.686139729805291 ], [ 354059.095290777971968, 2842448.892742190044373 ], [ 354074.256500505027361, 2842440.891559380106628 ], [ 354103.313174419978168, 2842425.557178820017725 ], [ 354111.724622507987078, 2842421.11811788007617 ], [ 354144.422715822001919, 2842403.86201319983229 ], [ 354183.929798415978439, 2842383.012529840227216 ], [ 354223.436881010013167, 2842362.163046480156481 ], [ 354262.981325565022416, 2842341.293845700100064 ], [ 354306.309543106006458, 2842318.42779507022351 ], [ 354345.443439055001363, 2842297.775257380213588 ], [ 354382.994753653998487, 2842368.470684930216521 ], [ 354424.212970704014879, 2842349.410349780227989 ], [ 354463.809914958023001, 2842326.730622550006956 ], [ 354505.570748601981904, 2842305.220634649973363 ], [ 354468.120119114988483, 2842233.237630189862102 ], [ 354444.218271014979109, 2842186.004966579843313 ], [ 354363.952177589992061, 2842027.390395299997181 ], [ 354353.823673275997862, 2842007.375364040024579 ], [ 354330.469404169009067, 2842021.030082880053669 ], [ 354316.487853176018689, 2842029.204783060122281 ], [ 354283.148372985015158, 2842049.131170019973069 ], [ 354264.373914881027304, 2842060.35231429990381 ], [ 354234.402780372998677, 2842084.993433080147952 ], [ 354191.916924719000235, 2842119.923676239792258 ], [ 354160.917192914988846, 2842145.410468330141157 ], [ 354130.856811257021036, 2842170.124962700065225 ], [ 354125.796391813026275, 2842174.285445739980787 ], [ 354106.525235185981728, 2842190.129452560096979 ], [ 354091.611686263000593, 2842202.390801250003278 ], [ 354060.309410067973658, 2842228.126333749853075 ], [ 354027.060800070990808, 2842255.462067349813879 ], [ 353993.886332780006342, 2842282.736843660008162 ], [ 353960.390744914999232, 2842310.275633019860834 ], [ 353926.895157051971182, 2842337.814422369934618 ], [ 354001.286675259005278, 2842479.173705290071666 ] ] ] ] } },
{ "type": "Feature", "properties": { "gid": 101, "_id": 1916.0, "entidad": 19.0, "distrito": 1.0, "distrito_l": 19.0, "municipio": 48.0, "seccion": 2029.0, "tipo": 2.0, "_control": 1216.0 }, "geometry": { "type": "MultiPolygon", "coordinates": [ [ [ [ 354530.012420995975845, 2842653.213524070102721 ], [ 354569.865269013971556, 2842632.679213960189372 ], [ 354611.000762493000366, 2842611.484016580041498 ], [ 354655.232827697007451, 2842588.693300509825349 ], [ 354607.103899027977604, 2842498.432699 ], [ 354600.511434769025072, 2842486.459181869868189 ], [ 354585.143177387013566, 2842459.073807570151985 ], [ 354558.219502598978579, 2842408.145909159909934 ], [ 354552.135896365973167, 2842396.809170450083911 ], [ 354538.004733878013212, 2842367.561261199880391 ], [ 354505.570748601981904, 2842305.220634649973363 ], [ 354463.809914958023001, 2842326.730622550006956 ], [ 354424.212970704014879, 2842349.410349780227989 ], [ 354382.994753653998487, 2842368.470684930216521 ], [ 354345.443439055001363, 2842297.775257380213588 ], [ 354306.309543106006458, 2842318.42779507022351 ], [ 354262.981325565022416, 2842341.293845700100064 ], [ 354223.436881010013167, 2842362.163046480156481 ], [ 354183.929798415978439, 2842383.012529840227216 ], [ 354144.422715822001919, 2842403.86201319983229 ], [ 354111.724622507987078, 2842421.11811788007617 ], [ 354103.313174419978168, 2842425.557178820017725 ], [ 354074.256500505027361, 2842440.891559380106628 ], [ 354059.095290777971968, 2842448.892742190044373 ], [ 354038.643194176023826, 2842459.686139729805291 ], [ 354018.191097575996537, 2842470.479537270031869 ], [ 354079.429541243007407, 2842591.161493769846857 ], [ 354106.455939200997818, 2842618.616874929983169 ], [ 354140.029275628970936, 2842588.669448980130255 ], [ 354178.312099077971652, 2842554.521159229800105 ], [ 354213.703519842994865, 2842522.952001519966871 ], [ 354296.833472056023311, 2842615.756535650230944 ], [ 354313.229304264008533, 2842634.060498659964651 ], [ 354354.510141264006961, 2842613.094170500058681 ], [ 354394.684325736016035, 2842592.689905560109764 ], [ 354435.464980933000334, 2842571.977617209777236 ], [ 354476.245636134000961, 2842551.265328859910369 ], [ 354530.012420995975845, 2842653.213524070102721 ] ] ] ] } },
{ "type": "Feature", "properties": { "gid": 102, "_id": 1918.0, "entidad": 19.0, "distrito": 1.0, "distrito_l": 19.0, "municipio": 48.0, "seccion": 2031.0, "tipo": 2.0, "_control": 1220.0 }, "geometry": { "type": "MultiPolygon", "coordinates": [ [ [ [ 353770.667725762003101, 2842764.230360739864409 ], [ 353923.626381560985465, 2842709.942828089930117 ], [ 353945.379719498974737, 2842749.169758790172637 ], [ 353983.660523706988897, 2842728.824524960014969 ], [ 353997.480472224007826, 2842716.421260199975222 ], [ 354033.78177856298862, 2842683.841202970128506 ], [ 354070.118858881003689, 2842651.229038950055838 ], [ 354106.455939200997818, 2842618.616874929983169 ], [ 354079.429541243007407, 2842591.161493769846857 ], [ 354018.191097575996537, 2842470.479537270031869 ], [ 354001.286675259005278, 2842479.173705290071666 ], [ 353926.895157051971182, 2842337.814422369934618 ], [ 353891.756469889020082, 2842361.927425039932132 ], [ 353874.243410639988724, 2842373.945302729960531 ], [ 353856.804225407016929, 2842382.664898839779198 ], [ 353816.002829595992807, 2842403.065604929812253 ], [ 353680.443758815003093, 2842453.806591339875013 ], [ 353623.433255893003661, 2842475.050058980006725 ], [ 353585.619391157000791, 2842489.140403230208904 ], [ 353559.548343833012041, 2842498.855094769969583 ], [ 353588.367969995015301, 2842556.403941459953785 ], [ 353606.632212421973236, 2842592.875132360029966 ], [ 353627.443884407985024, 2842634.417204299941659 ], [ 353652.257351859996561, 2842622.15227572992444 ], [ 353690.267856350983493, 2842603.430676389951259 ], [ 353712.851741739024874, 2842648.598431860096753 ], [ 353732.515914910996798, 2842687.928454769775271 ], [ 353752.073797672986984, 2842727.042517160065472 ], [ 353770.667725762003101, 2842764.230360739864409 ] ] ] ] } },
{ "type": "Feature", "properties": { "gid": 103, "_id": 1919.0, "entidad": 19.0, "distrito": 1.0, "distrito_l": 19.0, "municipio": 48.0, "seccion": 2032.0, "tipo": 2.0, "_control": 1222.0 }, "geometry": { "type": "MultiPolygon", "coordinates": [ [ [ [ 353704.765631633985322, 2843076.985571209806949 ], [ 353819.428210111975204, 2843019.344360040035099 ], [ 353844.794716960983351, 2843006.274184510111809 ], [ 353880.503508247027639, 2842987.875113139860332 ], [ 353919.957422312989365, 2842967.546355019789189 ], [ 353926.378529676992912, 2842964.237858470063657 ], [ 353963.095021446992178, 2842945.319566130172461 ], [ 353999.797306590015069, 2842926.40859379991889 ], [ 354025.107476941018831, 2842913.367445840034634 ], [ 354037.142288825998548, 2842907.166469700168818 ], [ 354055.775701840990223, 2842897.565542770083994 ], [ 354066.112851403013337, 2842892.239292690064758 ], [ 354031.701241447997745, 2842824.037879759911448 ], [ 353983.660523706988897, 2842728.824524960014969 ], [ 353945.379719498974737, 2842749.169758790172637 ], [ 353923.626381560985465, 2842709.942828089930117 ], [ 353770.667725762003101, 2842764.230360739864409 ], [ 353752.073797672986984, 2842727.042517160065472 ], [ 353732.515914910996798, 2842687.928454769775271 ], [ 353712.851741739024874, 2842648.598431860096753 ], [ 353690.267856350983493, 2842603.430676389951259 ], [ 353652.257351859996561, 2842622.15227572992444 ], [ 353627.443884407985024, 2842634.417204299941659 ], [ 353649.091449667990673, 2842675.93558167014271 ], [ 353667.460757174005266, 2842713.094855159986764 ], [ 353686.575887028011493, 2842751.762852730229497 ], [ 353704.339024530025199, 2842787.695904870051891 ], [ 353725.195586258021649, 2842829.886645120102912 ], [ 353608.69694964500377, 2842888.567057949956506 ], [ 353629.636676137975883, 2842929.635927139781415 ], [ 353647.587090984976385, 2842964.841890280134976 ], [ 353666.757727302028798, 2843002.441061189863831 ], [ 353685.93235126597574, 2843040.048053029924631 ], [ 353704.765631633985322, 2843076.985571209806949 ] ] ] ] } },
{ "type": "Feature", "properties": { "gid": 105, "_id": 1921.0, "entidad": 19.0, "distrito": 1.0, "distrito_l": 19.0, "municipio": 48.0, "seccion": 2034.0, "tipo": 2.0, "_control": 1225.0 }, "geometry": { "type": "MultiPolygon", "coordinates": [ [ [ [ 353381.745330543024465, 2843234.494954609777778 ], [ 353417.269151911023073, 2843215.909227 ], [ 353457.466640712984372, 2843197.01630696002394 ], [ 353498.840222649974748, 2843177.570620220154524 ], [ 353582.329813949996606, 2843138.330304009839892 ], [ 353495.893767328001559, 2842965.42200028989464 ], [ 353467.306358410976827, 2842906.632690790109336 ], [ 353448.291295928996988, 2842867.528678379952908 ], [ 353430.012857531022746, 2842829.939515439793468 ], [ 353411.281147036992479, 2842791.418209480121732 ], [ 353392.549436541972682, 2842752.896903530228883 ], [ 353372.261712288018316, 2842711.175693219993263 ], [ 353353.779382422973868, 2842673.167232459876686 ], [ 353314.732773579016794, 2842592.868833350017667 ], [ 353222.897514455020428, 2842631.858255960047245 ], [ 353187.524012513982598, 2842650.080634390003979 ], [ 353095.689255365985446, 2842696.576170910149813 ], [ 353078.179884952027351, 2842705.411209559999406 ], [ 353088.668146724987309, 2842727.192372019868344 ], [ 353106.888151012011804, 2842765.030183659866452 ], [ 353124.765745170996524, 2842802.156906010117382 ], [ 353143.628774065000471, 2842841.330098470207304 ], [ 353161.593895835976582, 2842878.638590999878943 ], [ 353185.115267797023989, 2842923.030693260021508 ], [ 353204.359221848018933, 2842959.167205379810184 ], [ 353223.268079354020301, 2842996.829199580010027 ], [ 353242.363111135025974, 2843034.862009120173752 ], [ 353259.287287299986929, 2843073.154158350080252 ], [ 353282.90170682000462, 2843126.025407549925148 ], [ 353319.903169588011224, 2843106.668153219856322 ], [ 353381.745330543024465, 2843234.494954609777778 ] ] ] ] } },
{ "type": "Feature", "properties": { "gid": 106, "_id": 1922.0, "entidad": 19.0, "distrito": 1.0, "distrito_l": 19.0, "municipio": 48.0, "seccion": 2035.0, "tipo": 2.0, "_control": 1227.0 }, "geometry": { "type": "MultiPolygon", "coordinates": [ [ [ [ 353151.81859635800356, 2843191.887784370221198 ], [ 353165.920104520977475, 2843185.224857400171459 ], [ 353204.642106531013269, 2843166.966788600198925 ], [ 353240.881474442023318, 2843148.008222930133343 ], [ 353282.90170682000462, 2843126.025407549925148 ], [ 353259.287287299986929, 2843073.154158350080252 ], [ 353242.363111135025974, 2843034.862009120173752 ], [ 353223.268079354020301, 2842996.829199580010027 ], [ 353204.359221848018933, 2842959.167205379810184 ], [ 353185.115267797023989, 2842923.030693260021508 ], [ 353161.593895835976582, 2842878.638590999878943 ], [ 353143.628774065000471, 2842841.330098470207304 ], [ 353124.765745170996524, 2842802.156906010117382 ], [ 353106.888151012011804, 2842765.030183659866452 ], [ 353088.668146724987309, 2842727.192372019868344 ], [ 353078.179884952027351, 2842705.411209559999406 ], [ 352995.300794292008504, 2842747.873767119832337 ], [ 352991.942436927987728, 2842749.59311220003292 ], [ 352943.323942217975855, 2842774.483843099791557 ], [ 352953.344361090974417, 2842794.556068390142173 ], [ 352972.579100232978817, 2842833.085796770174056 ], [ 352991.223879255994689, 2842870.416416440159082 ], [ 353009.990325391001534, 2842907.982526329811662 ], [ 353025.347113683994394, 2842938.716269339900464 ], [ 353050.872691983997356, 2842989.822990760207176 ], [ 353069.152300379995722, 2843026.437589969951659 ], [ 353086.142880637024064, 2843060.404028419870883 ], [ 353088.528456041007303, 2843065.197031800169498 ], [ 353107.16828311997233, 2843102.518284169957042 ], [ 353125.701296754996292, 2843139.619023070205003 ], [ 353151.81859635800356, 2843191.887784370221198 ] ] ] ] } },
{ "type": "Feature", "properties": { "gid": 107, "_id": 1923.0, "entidad": 19.0, "distrito": 1.0, "distrito_l": 19.0, "municipio": 48.0, "seccion": 2036.0, "tipo": 2.0, "_control": 1229.0 }, "geometry": { "type": "MultiPolygon", "coordinates": [ [ [ [ 352903.907209152006544, 2843479.097707829903811 ], [ 352924.222119354992174, 2843468.650035580154508 ], [ 352963.225249347975478, 2843448.591275040060282 ], [ 353003.444693166995421, 2843427.906981439795345 ], [ 353044.380410684971139, 2843406.854318359866738 ], [ 353079.700812712020706, 2843388.68953297007829 ], [ 353085.751524791005068, 2843385.577736950013787 ], [ 353100.389064011978917, 2843378.049856650177389 ], [ 353115.762592369981576, 2843370.143467499874532 ], [ 353154.754133037000429, 2843350.090667199809104 ], [ 353193.823406215989962, 2843329.997890170197934 ], [ 353232.882234895019792, 2843309.910484599880874 ], [ 353165.920104520977475, 2843185.224857400171459 ], [ 353151.81859635800356, 2843191.887784370221198 ], [ 353125.701296754996292, 2843139.619023070205003 ], [ 353107.16828311997233, 2843102.518284169957042 ], [ 353088.528456041007303, 2843065.197031800169498 ], [ 353086.142880637024064, 2843060.404028419870883 ], [ 353063.788790244027041, 2843071.869199759792536 ], [ 353025.824954312993214, 2843091.340440860018134 ], [ 352987.861118383007124, 2843110.81168195977807 ], [ 352952.137481149984524, 2843129.133949359878898 ], [ 352913.537788834015373, 2843148.931314339861274 ], [ 352873.830708709021565, 2843169.042700639925897 ], [ 352834.123628586996347, 2843189.15408693999052 ], [ 352795.703209917002823, 2843208.613787310197949 ], [ 352776.446179247985128, 2843218.365351129788905 ], [ 352779.477088564017322, 2843224.505139499902725 ], [ 352903.907209152006544, 2843479.097707829903811 ] ] ] ] } },
{ "type": "Feature", "properties": { "gid": 108, "_id": 1924.0, "entidad": 19.0, "distrito": 1.0, "distrito_l": 19.0, "municipio": 48.0, "seccion": 2037.0, "tipo": 2.0, "_control": 1230.0 }, "geometry": { "type": "MultiPolygon", "coordinates": [ [ [ [ 352776.446179247985128, 2843218.365351129788905 ], [ 352795.703209917002823, 2843208.613787310197949 ], [ 352834.123628586996347, 2843189.15408693999052 ], [ 352873.830708709021565, 2843169.042700639925897 ], [ 352913.537788834015373, 2843148.931314339861274 ], [ 352952.137481149984524, 2843129.133949359878898 ], [ 352987.861118383007124, 2843110.81168195977807 ], [ 353025.824954312993214, 2843091.340440860018134 ], [ 353063.788790244027041, 2843071.869199759792536 ], [ 353086.142880637024064, 2843060.404028419870883 ], [ 353069.152300379995722, 2843026.437589969951659 ], [ 353050.872691983997356, 2842989.822990760207176 ], [ 353025.347113683994394, 2842938.716269339900464 ], [ 353009.990325391001534, 2842907.982526329811662 ], [ 352991.223879255994689, 2842870.416416440159082 ], [ 352972.579100232978817, 2842833.085796770174056 ], [ 352953.344361090974417, 2842794.556068390142173 ], [ 352943.323942217975855, 2842774.483843099791557 ], [ 352922.354099850985222, 2842786.232285770121962 ], [ 352887.081369685009122, 2842805.993981679901481 ], [ 352849.075129806995392, 2842827.287137940060347 ], [ 352825.049951969995163, 2842840.747345199808478 ], [ 352814.042410216003191, 2842850.716442919801921 ], [ 352782.666740581975318, 2842885.664442080073059 ], [ 352773.213817070005462, 2842907.46026623994112 ], [ 352726.541979263012763, 2843015.072601090185344 ], [ 352705.661355508025736, 2843078.185461460147053 ], [ 352712.736397164990194, 2843092.190710660070181 ], [ 352716.32603423402179, 2843099.295800989959389 ], [ 352774.344875756010879, 2843214.14577272022143 ], [ 352776.446179247985128, 2843218.365351129788905 ] ] ] ] } },
{ "type": "Feature", "properties": { "gid": 109, "_id": 1925.0, "entidad": 19.0, "distrito": 1.0, "distrito_l": 19.0, "municipio": 48.0, "seccion": 2038.0, "tipo": 2.0, "_control": 1232.0 }, "geometry": { "type": "MultiPolygon", "coordinates": [ [ [ [ 352825.049951969995163, 2842840.747345199808478 ], [ 352849.075129806995392, 2842827.287137940060347 ], [ 352887.081369685009122, 2842805.993981679901481 ], [ 352922.354099850985222, 2842786.232285770121962 ], [ 352943.323942217975855, 2842774.483843099791557 ], [ 352991.942436927987728, 2842749.59311220003292 ], [ 352995.300794292008504, 2842747.873767119832337 ], [ 353078.179884952027351, 2842705.411209559999406 ], [ 353095.689255365985446, 2842696.576170910149813 ], [ 353087.923858063993976, 2842672.758119020145386 ], [ 353085.306003229983617, 2842662.44110909011215 ], [ 353077.449964036000893, 2842631.480326469987631 ], [ 353063.308943694981281, 2842581.528515019919723 ], [ 353048.828535376000218, 2842530.377847770228982 ], [ 353035.135786761005875, 2842482.009513639844954 ], [ 353020.978065485018305, 2842431.998707740101963 ], [ 353007.439924607984722, 2842384.17651076009497 ], [ 352987.192652371013537, 2842312.654944399837404 ], [ 352977.254679579986259, 2842322.212022440042347 ], [ 352874.019656561024021, 2842421.50688262982294 ], [ 352846.456880414974876, 2842447.996707050129771 ], [ 352705.683881881996058, 2842583.979304099921137 ], [ 352642.036067494016606, 2842661.551152389962226 ], [ 352640.172549879003782, 2842674.016027799807489 ], [ 352631.104397236020304, 2842734.671957230195403 ], [ 352625.208295965974685, 2842774.11036512022838 ], [ 352819.171404448978137, 2842810.412063119933009 ], [ 352825.049951969995163, 2842840.747345199808478 ] ] ] ] } },
{ "type": "Feature", "properties": { "gid": 110, "_id": 1926.0, "entidad": 19.0, "distrito": 1.0, "distrito_l": 19.0, "municipio": 48.0, "seccion": 2039.0, "tipo": 2.0, "_control": 1233.0 }, "geometry": { "type": "MultiPolygon", "coordinates": [ [ [ [ 353095.689255365985446, 2842696.576170910149813 ], [ 353187.524012513982598, 2842650.080634390003979 ], [ 353222.897514455020428, 2842631.858255960047245 ], [ 353314.732773579016794, 2842592.868833350017667 ], [ 353398.738258046971168, 2842560.609162730164826 ], [ 353433.488959958020132, 2842547.264245979953557 ], [ 353511.676909608999267, 2842517.238617090042681 ], [ 353559.548343833012041, 2842498.855094769969583 ], [ 353585.619391157000791, 2842489.140403230208904 ], [ 353623.433255893003661, 2842475.050058980006725 ], [ 353680.443758815003093, 2842453.806591339875013 ], [ 353816.002829595992807, 2842403.065604929812253 ], [ 353856.804225407016929, 2842382.664898839779198 ], [ 353874.243410639988724, 2842373.945302729960531 ], [ 353891.756469889020082, 2842361.927425039932132 ], [ 353926.895157051971182, 2842337.814422369934618 ], [ 353960.390744914999232, 2842310.275633019860834 ], [ 353993.886332780006342, 2842282.736843660008162 ], [ 354027.060800070990808, 2842255.462067349813879 ], [ 354060.309410067973658, 2842228.126333749853075 ], [ 354091.611686263000593, 2842202.390801250003278 ], [ 354106.525235185981728, 2842190.129452560096979 ], [ 354125.796391813026275, 2842174.285445739980787 ], [ 354130.856811257021036, 2842170.124962700065225 ], [ 354160.917192914988846, 2842145.410468330141157 ], [ 354191.916924719000235, 2842119.923676239792258 ], [ 354234.402780372998677, 2842084.993433080147952 ], [ 354264.373914881027304, 2842060.35231429990381 ], [ 354201.788136954011861, 2841930.721424609888345 ], [ 354143.614221499010455, 2841810.107548320200294 ], [ 354106.981612703995779, 2841828.044901969842613 ], [ 354066.331976648012642, 2841847.949214589782059 ], [ 354033.048151139984839, 2841858.304146269802004 ], [ 354021.516159826016519, 2841850.288300670217723 ], [ 354021.556661361013539, 2841798.48303656000644 ], [ 353976.633133307972457, 2841814.247537930030376 ], [ 353945.998706942016724, 2841820.44326950982213 ], [ 353923.030689761973917, 2841820.047272589989007 ], [ 353894.684067192021757, 2841826.536263090092689 ], [ 353857.294642995984759, 2841835.095293989870697 ], [ 353774.874332787992898, 2841839.023572729900479 ], [ 353727.895416878978722, 2841847.601516889873892 ], [ 353687.625888485985342, 2841863.279152940027416 ], [ 353528.042188288003672, 2841925.407895680051297 ], [ 353467.575202054984402, 2841923.44681312981993 ], [ 353400.370891307014972, 2841921.26722374977544 ], [ 353355.235799429006875, 2841959.829256820026785 ], [ 353329.318871651019435, 2841981.971882089972496 ], [ 353313.186933800985571, 2842006.998143509961665 ], [ 353259.423489907989278, 2842036.786008940078318 ], [ 353211.8151235919795, 2842059.674656020011753 ], [ 353183.864054427016526, 2842073.112675569951534 ], [ 353142.404347718984354, 2842130.437096769921482 ], [ 353107.245524021971505, 2842171.713401140179485 ], [ 353093.141391417011619, 2842188.271590780001134 ], [ 353086.8220437039854, 2842195.690477199852467 ], [ 352987.192652371013537, 2842312.654944399837404 ], [ 353007.439924607984722, 2842384.17651076009497 ], [ 353020.978065485018305, 2842431.998707740101963 ], [ 353035.135786761005875, 2842482.009513639844954 ], [ 353048.828535376000218, 2842530.377847770228982 ], [ 353063.308943694981281, 2842581.528515019919723 ], [ 353077.449964036000893, 2842631.480326469987631 ], [ 353085.306003229983617, 2842662.44110909011215 ], [ 353087.923858063993976, 2842672.758119020145386 ], [ 353095.689255365985446, 2842696.576170910149813 ] ] ] ] } },
{ "type": "Feature", "properties": { "gid": 111, "_id": 1927.0, "entidad": 19.0, "distrito": 1.0, "distrito_l": 19.0, "municipio": 48.0, "seccion": 2043.0, "tipo": 2.0, "_control": 1248.0 }, "geometry": { "type": "MultiPolygon", "coordinates": [ [ [ [ 353217.02716837101616, 2841095.089963119942695 ], [ 353221.998441168980207, 2841059.388474630191922 ], [ 353229.949412842979655, 2841002.288103099912405 ], [ 353232.971391036990099, 2840980.585588649846613 ], [ 353241.036953417991754, 2840921.62793728010729 ], [ 353248.880908717983402, 2840864.292293719947338 ], [ 353265.187945324985776, 2840745.27342840982601 ], [ 353150.988141012028791, 2840722.781193930190057 ], [ 353034.118272399005946, 2840703.88434182992205 ], [ 352920.25408216501819, 2840687.411861630156636 ], [ 352908.939589928020723, 2840764.786204009782523 ], [ 352902.710017325996887, 2840807.387303149793297 ], [ 352896.416728932003025, 2840850.424124440178275 ], [ 352894.93658531998517, 2840860.805862039793283 ], [ 352891.493367391987704, 2840890.811087420210242 ], [ 352886.823921007977333, 2840931.502032380085438 ], [ 352883.572283795976546, 2840959.837766409851611 ], [ 352876.980509964982048, 2841017.280444629956037 ], [ 352870.835143261996564, 2841085.554138930048794 ], [ 352980.786828400974628, 2841088.589146490208805 ], [ 353101.573107402015012, 2841091.923222470097244 ], [ 353217.02716837101616, 2841095.089963119942695 ] ] ] ] } },
{ "type": "Feature", "properties": { "gid": 112, "_id": 1928.0, "entidad": 19.0, "distrito": 1.0, "distrito_l": 19.0, "municipio": 48.0, "seccion": 2044.0, "tipo": 2.0, "_control": 1250.0 }, "geometry": { "type": "MultiPolygon", "coordinates": [ [ [ [ 352810.634356372989714, 2841672.242429870180786 ], [ 352867.230677755025681, 2841660.128450139891356 ], [ 352941.004541265021544, 2841644.337757990229875 ], [ 353033.127761550014839, 2841624.619536079932004 ], [ 353106.429833312984556, 2841607.29564436012879 ], [ 353147.283518658019602, 2841597.640462660230696 ], [ 353317.496431188017596, 2841557.429404879920185 ], [ 353530.940123062988278, 2841501.841727830003947 ], [ 353744.410663075977936, 2841446.247058650013059 ], [ 353900.725134046981111, 2841394.312879700213671 ], [ 353887.251861134020146, 2841307.850302109960467 ], [ 353825.128527857013978, 2841234.891523289959878 ], [ 353614.144823235983495, 2841251.301535690203309 ], [ 353575.121693904977292, 2841251.056112970225513 ], [ 353553.551934255985543, 2841250.92045729001984 ], [ 353520.170984493975993, 2841247.762785700149834 ], [ 353474.167054036981426, 2841239.112480760086328 ], [ 353436.813436043972615, 2841237.146506350021809 ], [ 353403.180499544017948, 2841235.603716040030122 ], [ 353323.70276285498403, 2841239.779766330029815 ], [ 353298.055761679017451, 2841238.409319660160691 ], [ 353252.404522810014896, 2841233.214573800098151 ], [ 353219.76925382798072, 2841213.161583229899406 ], [ 353208.75976498099044, 2841202.938489160034806 ], [ 353196.17749058600748, 2841181.705907649826258 ], [ 353209.074273328005802, 2841156.258757799863815 ], [ 353217.02716837101616, 2841095.089963119942695 ], [ 353101.573107402015012, 2841091.923222470097244 ], [ 352980.786828400974628, 2841088.589146490208805 ], [ 352870.835143261996564, 2841085.554138930048794 ], [ 352868.09865522198379, 2841107.204341370146722 ], [ 352865.246518996020313, 2841129.769514610059559 ], [ 352864.425523766025435, 2841136.264961579814553 ], [ 352859.201258977001999, 2841177.597643719986081 ], [ 352854.285995235026348, 2841216.485610169824213 ], [ 352848.786690235021524, 2841259.994320909958333 ], [ 352843.325471472984646, 2841303.201705730054528 ], [ 352839.613129052973818, 2841332.572550320066512 ], [ 352837.475154076004401, 2841349.487512279767543 ], [ 352832.94228205899708, 2841385.350119890179485 ], [ 352832.049356529023498, 2841392.414655969943851 ], [ 352830.414555326977279, 2841405.348670839797705 ], [ 352828.579969390993938, 2841419.863317470066249 ], [ 352826.745383455010597, 2841434.377964099869132 ], [ 352824.159741748007946, 2841454.834719469770789 ], [ 352821.574100041005295, 2841475.291474849916995 ], [ 352820.539048210019246, 2841483.480467949993908 ], [ 352795.391677470004652, 2841617.32022453006357 ], [ 352785.137878097011708, 2841671.893166829831898 ], [ 352810.634356372989714, 2841672.242429870180786 ] ] ] ] } },
{ "type": "Feature", "properties": { "gid": 114, "_id": 1929.0, "entidad": 19.0, "distrito": 1.0, "distrito_l": 19.0, "municipio": 48.0, "seccion": 2045.0, "tipo": 2.0, "_control": 1251.0 }, "geometry": { "type": "MultiPolygon", "coordinates": [ [ [ [ 352785.137878097011708, 2841671.893166829831898 ], [ 352795.391677470004652, 2841617.32022453006357 ], [ 352820.539048210019246, 2841483.480467949993908 ], [ 352821.574100041005295, 2841475.291474849916995 ], [ 352824.159741748007946, 2841454.834719469770789 ], [ 352826.745383455010597, 2841434.377964099869132 ], [ 352828.579969390993938, 2841419.863317470066249 ], [ 352830.414555326977279, 2841405.348670839797705 ], [ 352832.049356529023498, 2841392.414655969943851 ], [ 352832.94228205899708, 2841385.350119890179485 ], [ 352837.475154076004401, 2841349.487512279767543 ], [ 352839.613129052973818, 2841332.572550320066512 ], [ 352843.325471472984646, 2841303.201705730054528 ], [ 352848.786690235021524, 2841259.994320909958333 ], [ 352854.285995235026348, 2841216.485610169824213 ], [ 352859.201258977001999, 2841177.597643719986081 ], [ 352864.425523766025435, 2841136.264961579814553 ], [ 352865.246518996020313, 2841129.769514610059559 ], [ 352868.09865522198379, 2841107.204341370146722 ], [ 352870.835143261996564, 2841085.554138930048794 ], [ 352876.980509964982048, 2841017.280444629956037 ], [ 352883.572283795976546, 2840959.837766409851611 ], [ 352886.823921007977333, 2840931.502032380085438 ], [ 352891.493367391987704, 2840890.811087420210242 ], [ 352894.93658531998517, 2840860.805862039793283 ], [ 352896.416728932003025, 2840850.424124440178275 ], [ 352902.710017325996887, 2840807.387303149793297 ], [ 352908.939589928020723, 2840764.786204009782523 ], [ 352920.25408216501819, 2840687.411861630156636 ], [ 352927.821586707024835, 2840628.30213021999225 ], [ 352939.366229832987301, 2840538.12716674990952 ], [ 352949.158254266018048, 2840461.641870860010386 ], [ 352961.663686408021022, 2840363.962318 ], [ 352850.856769256992266, 2840360.377913780044764 ], [ 352730.995085993024986, 2840403.951388570014387 ], [ 352667.901368772028945, 2840426.878147670067847 ], [ 352647.300358342006803, 2840434.398497450165451 ], [ 352554.32796889799647, 2840468.118432340212166 ], [ 352489.75926503399387, 2840491.814039390068501 ], [ 352475.597270118014421, 2840496.686363989952952 ], [ 352461.046734763018321, 2840501.989873739890754 ], [ 352390.498266155016609, 2840527.568332749884576 ], [ 352262.813713316980284, 2840573.971931890118867 ], [ 352252.563157229975332, 2840577.693853619974107 ], [ 352211.828980499005411, 2840592.457621099893004 ], [ 352145.50105442799395, 2840616.57430115994066 ], [ 352124.168602521996945, 2840624.273284640163183 ], [ 352096.659065257990733, 2840634.313001030124724 ], [ 352037.928293942008168, 2840655.644763459917158 ], [ 351940.172674824018031, 2840691.146928539965302 ], [ 351927.860444562975317, 2840695.615375970024616 ], [ 351855.15720787999453, 2840721.979805219918489 ], [ 351817.786925836000592, 2840735.573268190026283 ], [ 351766.646889370982535, 2840754.145459049846977 ], [ 351697.798430113994982, 2840779.163495500106364 ], [ 351680.487539386027493, 2840785.443289889954031 ], [ 351675.005960850976408, 2840787.43181760981679 ], [ 351713.035777029988822, 2840886.432916549965739 ], [ 351715.678423452016432, 2840893.6442880500108 ], [ 351748.537591905973386, 2840982.271953199990094 ], [ 351781.088734076009132, 2841070.068550960160792 ], [ 351823.79966640699422, 2841190.139745039865375 ], [ 351859.78836968797259, 2841289.376913560088724 ], [ 351947.66298382502282, 2841257.327832779847085 ], [ 352036.548984190972988, 2841225.327716019935906 ], [ 352053.129489436978474, 2841269.681602110154927 ], [ 352070.104808427975513, 2841314.064779580105096 ], [ 352085.704313380003441, 2841356.344278169795871 ], [ 352101.599752229987644, 2841399.308953309897333 ], [ 352010.640178036002908, 2841433.440059650223702 ], [ 352043.74480633798521, 2841525.318397889845073 ], [ 352075.652889497985598, 2841614.260771729983389 ], [ 352091.495770841022022, 2841664.456620989833027 ], [ 352198.996829672018066, 2841665.503554080147296 ], [ 352300.260020354005974, 2841666.489737720228732 ], [ 352460.844043009972665, 2841668.053898340091109 ], [ 352485.445992965018377, 2841668.293229979928583 ], [ 352785.137878097011708, 2841671.893166829831898 ] ] ] ] } },
{ "type": "Feature", "properties": { "gid": 115, "_id": 1930.0, "entidad": 19.0, "distrito": 1.0, "distrito_l": 19.0, "municipio": 48.0, "seccion": 2046.0, "tipo": 2.0, "_control": 1253.0 }, "geometry": { "type": "MultiPolygon", "coordinates": [ [ [ [ 350523.045781248016283, 2841678.36527507007122 ], [ 350614.44869774201652, 2841657.102625139988959 ], [ 350739.020804724015761, 2841651.285116420127451 ], [ 350919.789752964978106, 2841653.045591800007969 ], [ 350990.898776414978784, 2841653.738109449855983 ], [ 351062.0077998630004, 2841654.430627100169659 ], [ 351150.364554208004847, 2841655.291117229964584 ], [ 351178.269600589002948, 2841655.562879330012947 ], [ 351294.531401317974087, 2841656.695131570100784 ], [ 351311.532598787976895, 2841656.860703099984676 ], [ 351411.023492021020502, 2841657.829626590013504 ], [ 351504.508415027987212, 2841658.740059040021151 ], [ 351522.424658211995848, 2841658.914542030077428 ], [ 351547.371155223983806, 2841659.157491370104253 ], [ 351563.035855582973454, 2841659.31004700018093 ], [ 351622.064853905991185, 2841659.884919549804181 ], [ 351674.955184843973257, 2841660.400008750148118 ], [ 351757.12576900102431, 2841661.200252959970385 ], [ 351986.889609632024076, 2841663.437880789861083 ], [ 352001.086742718995083, 2841663.576144060119987 ], [ 352091.495770841022022, 2841664.456620989833027 ], [ 352075.652889497985598, 2841614.260771729983389 ], [ 352043.74480633798521, 2841525.318397889845073 ], [ 352010.640178036002908, 2841433.440059650223702 ], [ 352101.599752229987644, 2841399.308953309897333 ], [ 352085.704313380003441, 2841356.344278169795871 ], [ 352070.104808427975513, 2841314.064779580105096 ], [ 352053.129489436978474, 2841269.681602110154927 ], [ 352036.548984190972988, 2841225.327716019935906 ], [ 351947.66298382502282, 2841257.327832779847085 ], [ 351859.78836968797259, 2841289.376913560088724 ], [ 351823.79966640699422, 2841190.139745039865375 ], [ 351781.088734076009132, 2841070.068550960160792 ], [ 351748.537591905973386, 2840982.271953199990094 ], [ 351715.678423452016432, 2840893.6442880500108 ], [ 351713.035777029988822, 2840886.432916549965739 ], [ 351675.005960850976408, 2840787.43181760981679 ], [ 351623.570151123974938, 2840807.422554870136082 ], [ 351598.635474456998054, 2840817.373592259828001 ], [ 351587.527219247014727, 2840821.791927880141884 ], [ 351494.044492238026578, 2840859.084102380089462 ], [ 351467.938251739018597, 2840869.532190349884331 ], [ 351433.251814829010982, 2840890.877697859890759 ], [ 351422.28663096902892, 2840899.593616209924221 ], [ 351414.837466289987788, 2840905.514749129768461 ], [ 351400.658391329983715, 2840916.785299730021507 ], [ 351357.706685781013221, 2840956.012626620009542 ], [ 351314.063318898028228, 2840995.990817429963499 ], [ 351308.635736919008195, 2841000.953783160075545 ], [ 351248.075719866028521, 2841056.329692769795656 ], [ 351193.258198807016015, 2841106.454680169932544 ], [ 351170.089200519025326, 2841127.640347170177847 ], [ 351114.848125813994557, 2841178.152630839962512 ], [ 351106.133496041991748, 2841186.000030669849366 ], [ 351070.229155966022518, 2841218.331376870162785 ], [ 351066.080710924987216, 2841222.066992470063269 ], [ 351046.147415975981858, 2841240.016640299931169 ], [ 350897.526974463020451, 2841373.847228419966996 ], [ 350834.661925419000909, 2841429.834197869990021 ], [ 350705.243021145986859, 2841543.132259849924594 ], [ 350661.643835229973774, 2841579.900914479978383 ], [ 350523.045781248016283, 2841678.36527507007122 ] ] ] ] } },
{ "type": "Feature", "properties": { "gid": 119, "_id": 1935.0, "entidad": 19.0, "distrito": 1.0, "distrito_l": 19.0, "municipio": 48.0, "seccion": 2052.0, "tipo": 2.0, "_control": 1315.0 }, "geometry": { "type": "MultiPolygon", "coordinates": [ [ [ [ 352037.928293942008168, 2840655.644763459917158 ], [ 352096.659065257990733, 2840634.313001030124724 ], [ 352124.168602521996945, 2840624.273284640163183 ], [ 352145.50105442799395, 2840616.57430115994066 ], [ 352211.828980499005411, 2840592.457621099893004 ], [ 352252.563157229975332, 2840577.693853619974107 ], [ 352232.497019137023017, 2840521.67371350992471 ], [ 352218.249824811995495, 2840481.739216229878366 ], [ 352203.205990984977689, 2840439.571760159917176 ], [ 352188.356933279021177, 2840397.950256240088493 ], [ 352173.813362925022375, 2840357.185025040060282 ], [ 352158.056954486994073, 2840313.020241760183126 ], [ 352143.522495456971228, 2840272.280549370218068 ], [ 352137.799927131971344, 2840256.240346369799227 ], [ 352128.854172986000776, 2840231.165641389787197 ], [ 352114.185850511013996, 2840190.050733420066535 ], [ 352011.601870460028294, 2840227.55230931006372 ], [ 352004.305256456020288, 2840230.219728960189968 ], [ 351894.4246624080115, 2840270.388724510092288 ], [ 351909.174819723004475, 2840309.987608800176531 ], [ 351924.919024150003679, 2840352.255153209902346 ], [ 351940.810943847987801, 2840394.919260160066187 ], [ 351956.221596035000402, 2840436.291336399968714 ], [ 351971.632248222013004, 2840477.663412630092353 ], [ 351986.950549954024609, 2840518.787560999859124 ], [ 352002.720847653981764, 2840561.125156510155648 ], [ 352018.317094595986418, 2840602.995488139800727 ], [ 352037.928293942008168, 2840655.644763459917158 ] ] ] ] } },
{ "type": "Feature", "properties": { "gid": 121, "_id": 1937.0, "entidad": 19.0, "distrito": 1.0, "distrito_l": 19.0, "municipio": 48.0, "seccion": 2054.0, "tipo": 2.0, "_control": 1317.0 }, "geometry": { "type": "MultiPolygon", "coordinates": [ [ [ [ 352730.995085993024986, 2840403.951388570014387 ], [ 352850.856769256992266, 2840360.377913780044764 ], [ 352961.663686408021022, 2840363.962318 ], [ 353078.431036387977656, 2840376.812095659784973 ], [ 353140.901591723028105, 2840383.68680089013651 ], [ 353197.430002283013891, 2840389.993956860154867 ], [ 353207.712471970007755, 2840311.541111189872026 ], [ 353227.121349552005995, 2840153.771030529867858 ], [ 353232.187684645003174, 2840111.575687299948186 ], [ 353243.326491378014907, 2840018.805318879894912 ], [ 353127.750844739028253, 2840018.039088639896363 ], [ 353047.389258190989494, 2840017.506316559854895 ], [ 352999.118971830001101, 2840016.982767770066857 ], [ 352889.107246899977326, 2840013.625707789789885 ], [ 352779.163522552989889, 2840001.093838619999588 ], [ 352773.64266954298364, 2840047.267107659950852 ], [ 352766.435914798988961, 2840107.540298219770193 ], [ 352761.121181971975602, 2840151.98969548009336 ], [ 352752.864505334000569, 2840221.043834569863975 ], [ 352730.995085993024986, 2840403.951388570014387 ] ] ] ] } },
{ "type": "Feature", "properties": { "gid": 126, "_id": 1939.0, "entidad": 19.0, "distrito": 1.0, "distrito_l": 19.0, "municipio": 48.0, "seccion": 2056.0, "tipo": 2.0, "_control": 1319.0 }, "geometry": { "type": "MultiPolygon", "coordinates": [ [ [ [ 353834.187960379000288, 2840422.60213271016255 ], [ 354072.525780608993955, 2840419.689618960022926 ], [ 354100.720494046981912, 2840419.049385460093617 ], [ 354230.906206524989102, 2840416.093183970078826 ], [ 354717.238983681017999, 2840414.927485649939626 ], [ 354541.315474680974148, 2840094.538329630158842 ], [ 354529.009993480984122, 2840071.358082559891045 ], [ 354413.932957189972512, 2839854.5836151400581 ], [ 354281.380284523009323, 2839912.809999519959092 ], [ 354209.142839469015598, 2839920.611970429774374 ], [ 354162.71736722800415, 2839922.364197580143809 ], [ 354112.284828378004022, 2839924.285075129941106 ], [ 354070.947338965022936, 2839929.968290760181844 ], [ 353929.715912622981705, 2839949.385257360059768 ], [ 353863.683419325971045, 2839958.360758199822158 ], [ 353878.701261597976554, 2840002.836655309889466 ], [ 353886.965404058981221, 2840030.508234079927206 ], [ 353945.592833641974721, 2840103.012342690024525 ], [ 353975.405446626013145, 2840139.797276040073484 ], [ 353843.573490832990501, 2840170.632568589877337 ], [ 353815.17896142200334, 2840136.207736410200596 ], [ 353788.473729739023838, 2840158.605680120177567 ], [ 353747.492573886993341, 2840192.976983579806983 ], [ 353743.023695304000285, 2840202.58507657982409 ], [ 353738.554816721996758, 2840212.19316957006231 ], [ 353738.666750536998734, 2840218.743111290037632 ], [ 353738.795025643019471, 2840226.24928326997906 ], [ 353739.002551982994191, 2840238.392936460208148 ], [ 353821.229124928009696, 2840400.333011880051345 ], [ 353824.167123469000217, 2840405.381817750167102 ], [ 353834.187960379000288, 2840422.60213271016255 ] ] ] ] } },
{ "type": "Feature", "properties": { "gid": 127, "_id": 1940.0, "entidad": 19.0, "distrito": 1.0, "distrito_l": 18.0, "municipio": 48.0, "seccion": 2057.0, "tipo": 2.0, "_control": 1320.0 }, "geometry": { "type": "MultiPolygon", "coordinates": [ [ [ [ 354994.539749638992362, 2840631.968217810150236 ], [ 355060.350440215028357, 2840612.120538060087711 ], [ 355153.321096771978773, 2840573.469798449892551 ], [ 355219.086044538998976, 2840558.523208799771965 ], [ 355222.265630519017577, 2840557.800575110130012 ], [ 355252.559441509016324, 2840555.71134224999696 ], [ 355268.37672391301021, 2840555.358058140147477 ], [ 355529.333820800005924, 2840549.529497129842639 ], [ 355783.227845828980207, 2840543.85869211005047 ], [ 355930.517665336024947, 2840539.460425490047783 ], [ 355930.505260723002721, 2840537.114375330042094 ], [ 355930.479492444021162, 2840532.240891839843243 ], [ 355930.453724164981395, 2840527.367408350110054 ], [ 355886.122315844986588, 2840445.670981780160218 ], [ 355907.021397217991762, 2840408.305943480227143 ], [ 355981.415066180983558, 2840409.361162019893527 ], [ 355996.317495764989872, 2840409.572541830129921 ], [ 356613.911701219971292, 2840413.359520180150867 ], [ 356671.830387871013954, 2840405.315489590167999 ], [ 356456.821440791012719, 2840387.629843709990382 ], [ 356323.866993670992088, 2840350.049528949894011 ], [ 356153.46851572097512, 2840145.296974929980934 ], [ 355986.817843277996872, 2839948.526006290223449 ], [ 355988.71775868802797, 2839937.759809399954975 ], [ 356021.016326314012986, 2839793.366109020076692 ], [ 356053.31489394797245, 2839648.972408609930426 ], [ 356031.904586735006887, 2839643.112748750019819 ], [ 355993.15085358399665, 2839632.506469619926065 ], [ 355976.836227165011223, 2839621.025809780228883 ], [ 355967.862068556016311, 2839614.710662879981101 ], [ 355942.26786884397734, 2839596.69993476010859 ], [ 355907.654580303002149, 2839572.342442200053483 ], [ 355894.988465795991942, 2839563.792817329987884 ], [ 355860.156658203981351, 2839590.07500824984163 ], [ 355781.701482089003548, 2839606.071327120065689 ], [ 355715.344563919003122, 2839619.600917830131948 ], [ 355663.915536809014156, 2839625.692819050047547 ], [ 355556.084982929984108, 2839650.006818490102887 ], [ 355520.973305151972454, 2839659.675491020083427 ], [ 355499.994274337019306, 2839665.452468699775636 ], [ 355461.701081048988272, 2839675.997232419904321 ], [ 355406.879192211024929, 2839691.742540330160409 ], [ 355385.143658025015611, 2839684.960237789899111 ], [ 355353.741797509021126, 2839667.34164934 ], [ 355321.430681298021227, 2839648.687527929898351 ], [ 355310.859000724973157, 2839651.265988329891115 ], [ 355289.199948964000214, 2839664.158285759855062 ], [ 355284.945493627979886, 2839675.245659439824522 ], [ 355282.142612592026126, 2839682.550140739884228 ], [ 355280.691038292017765, 2839686.33303313003853 ], [ 355276.049814902013168, 2839702.577324570156634 ], [ 355262.328871260979213, 2839716.298272680025548 ], [ 355255.42214778799098, 2839723.20499840984121 ], [ 355197.664675546984654, 2839751.568054229952395 ], [ 355161.050563082972076, 2839765.491737400181592 ], [ 355091.649528326001018, 2839769.495653579942882 ], [ 354946.522795355005655, 2839777.868371339980513 ], [ 354871.392276846978348, 2839783.510223799850792 ], [ 354534.485088718996849, 2839808.809938109945506 ], [ 354413.932957189972512, 2839854.5836151400581 ], [ 354529.009993480984122, 2840071.358082559891045 ], [ 354541.315474680974148, 2840094.538329630158842 ], [ 354717.238983681017999, 2840414.927485649939626 ], [ 354854.556459703017026, 2840412.087200019974262 ], [ 355129.525993762013968, 2840406.39970821980387 ], [ 355134.77997430798132, 2840406.291034460067749 ], [ 355140.222569333971478, 2840406.264231500215828 ], [ 355418.302680946013425, 2840404.894779750145972 ], [ 355276.71930221200455, 2840455.460297139827162 ], [ 355209.642395552014932, 2840481.056027790065855 ], [ 355202.359733332996257, 2840486.165414050221443 ], [ 355102.634337047988083, 2840556.130978129804134 ], [ 354994.539749638992362, 2840631.968217810150236 ] ] ] ] } },
{ "type": "Feature", "properties": { "gid": 128, "_id": 1941.0, "entidad": 19.0, "distrito": 1.0, "distrito_l": 18.0, "municipio": 48.0, "seccion": 2058.0, "tipo": 2.0, "_control": 1322.0 }, "geometry": { "type": "MultiPolygon", "coordinates": [ [ [ [ 356183.910633173014503, 2841327.444975940044969 ], [ 356275.000739396025892, 2841312.932929189875722 ], [ 356296.679371676989831, 2841309.479191590100527 ], [ 356278.36111376300687, 2841269.107216820120811 ], [ 356262.235269990982488, 2841232.188153630122542 ], [ 356260.080533355008811, 2841227.255025229882449 ], [ 356244.731181435985491, 2841184.228695049881935 ], [ 356283.05188308400102, 2841176.221378189977258 ], [ 356408.177546699997038, 2841159.560605050064623 ], [ 356450.546501779987011, 2841153.919080129824579 ], [ 356479.914969152014237, 2841151.054829239845276 ], [ 356493.485576088016387, 2841149.731313690077513 ], [ 356534.666842961974908, 2841148.794822920113802 ], [ 356644.688375419005752, 2841147.399184950161725 ], [ 356663.068460410984699, 2841147.166031090077013 ], [ 356772.311428903019987, 2841149.415549899917096 ], [ 356754.173368064977694, 2841095.738626469857991 ], [ 356737.458653473004233, 2841048.197635659947991 ], [ 356722.10330601799069, 2841008.350335009861737 ], [ 356698.913763543998357, 2840952.362314970232546 ], [ 356689.840888710983563, 2840931.747906240168959 ], [ 356694.493817319977097, 2840913.929339690133929 ], [ 356707.639329825004097, 2840887.225973969791085 ], [ 356711.950051456980873, 2840878.469314530026168 ], [ 356718.614062805019785, 2840864.932259050197899 ], [ 356725.945763720024843, 2840850.016033980064094 ], [ 356727.459842805983499, 2840833.361136599909514 ], [ 356725.441066059982404, 2840823.771953669842333 ], [ 356688.346574069990311, 2840722.948633260093629 ], [ 356628.539811911992729, 2840567.387490100227296 ], [ 356622.988175650010817, 2840539.629328949842602 ], [ 356621.916202625026926, 2840524.716288629919291 ], [ 356621.239648260991089, 2840515.304221129976213 ], [ 356613.911701219971292, 2840413.359520180150867 ], [ 355996.317495764989872, 2840409.572541830129921 ], [ 355981.415066180983558, 2840409.361162019893527 ], [ 355907.021397217991762, 2840408.305943480227143 ], [ 355886.122315844986588, 2840445.670981780160218 ], [ 355930.453724164981395, 2840527.367408350110054 ], [ 355930.479492444021162, 2840532.240891839843243 ], [ 355930.505260723002721, 2840537.114375330042094 ], [ 355930.517665336024947, 2840539.460425490047783 ], [ 356018.227166215016041, 2840763.540926659945399 ], [ 356028.265968450985383, 2840788.407548349816352 ], [ 356057.863057774025947, 2840861.693163699936122 ], [ 356060.412070586986374, 2840868.089770949911326 ], [ 356155.868662566004787, 2841107.632830389775336 ], [ 356192.708558458019979, 2841200.080519840121269 ], [ 356156.609910673985723, 2841213.398198990151286 ], [ 356165.694771817012224, 2841251.406264939811081 ], [ 356173.958523996989243, 2841285.979081499855965 ], [ 356183.910633173014503, 2841327.444975940044969 ] ] ] ] } },
{ "type": "Feature", "properties": { "gid": 129, "_id": 1942.0, "entidad": 19.0, "distrito": 1.0, "distrito_l": 18.0, "municipio": 48.0, "seccion": 2059.0, "tipo": 2.0, "_control": 1323.0 }, "geometry": { "type": "MultiPolygon", "coordinates": [ [ [ [ 356841.837933721020818, 2841160.071081100031734 ], [ 356899.185573189985007, 2841158.297434410080314 ], [ 356970.641497939010151, 2841142.427146430127323 ], [ 357048.633958815014921, 2841124.151325969956815 ], [ 357104.927610306011047, 2841085.578230320010334 ], [ 357098.871317406010348, 2841061.751512770075351 ], [ 357085.809604117006529, 2841010.364012470003217 ], [ 357073.354752052982803, 2840961.364030609838665 ], [ 357059.995413278986234, 2840908.8056096797809 ], [ 357058.501451956981327, 2840900.646288889925927 ], [ 357054.095682392013259, 2840876.584027930162847 ], [ 357052.309641027008183, 2840866.829502009786665 ], [ 356887.972003085014876, 2840927.863171759992838 ], [ 356718.614062805019785, 2840864.932259050197899 ], [ 356711.950051456980873, 2840878.469314530026168 ], [ 356707.639329825004097, 2840887.225973969791085 ], [ 356694.493817319977097, 2840913.929339690133929 ], [ 356689.840888710983563, 2840931.747906240168959 ], [ 356698.913763543998357, 2840952.362314970232546 ], [ 356722.10330601799069, 2841008.350335009861737 ], [ 356737.458653473004233, 2841048.197635659947991 ], [ 356754.173368064977694, 2841095.738626469857991 ], [ 356772.311428903019987, 2841149.415549899917096 ], [ 356841.837933721020818, 2841160.071081100031734 ] ] ] ] } },
{ "type": "Feature", "properties": { "gid": 130, "_id": 1943.0, "entidad": 19.0, "distrito": 1.0, "distrito_l": 18.0, "municipio": 48.0, "seccion": 2060.0, "tipo": 2.0, "_control": 1324.0 }, "geometry": { "type": "MultiPolygon", "coordinates": [ [ [ [ 356586.727876453020144, 2841386.706707450095564 ], [ 356729.248705627978779, 2841361.259092759806663 ], [ 356734.309599964006338, 2841360.087667770218104 ], [ 356836.367566126980819, 2841336.464718109928071 ], [ 356960.562226968002506, 2841308.145586079917848 ], [ 356966.291637195972726, 2841306.839153709821403 ], [ 357032.588322690979112, 2841291.56581044010818 ], [ 357041.314379058021586, 2841289.732307760044932 ], [ 357098.682553727005143, 2841276.65109395980835 ], [ 357171.450852093985304, 2841260.058311049826443 ], [ 357243.875923616986256, 2841239.696531679946929 ], [ 357342.881576879008207, 2841216.919212589971721 ], [ 357402.617724962008651, 2841203.176267010159791 ], [ 357456.487283693975769, 2841190.782993630040437 ], [ 357496.338784534018487, 2841181.614725760184228 ], [ 357592.775109600974247, 2841159.428508390206844 ], [ 357627.93802342901472, 2841151.338900560047477 ], [ 357725.413279210973997, 2841128.913665980100632 ], [ 357714.493022206006572, 2841055.018588580191135 ], [ 357703.572765199001878, 2840981.123511170037091 ], [ 357651.239195805974305, 2840986.169970269780606 ], [ 357620.842300947988406, 2840989.101103920023888 ], [ 357595.09841169801075, 2840991.583554210141301 ], [ 357589.399980111978948, 2840992.133046669885516 ], [ 357556.35424736601999, 2840995.300303489901125 ], [ 357529.389646149997134, 2840997.887032730039209 ], [ 357486.285881226998754, 2841001.526912579778582 ], [ 357388.98786407901207, 2841010.52743260981515 ], [ 357278.552188577014022, 2841021.227616949938238 ], [ 357233.081605707993731, 2841024.989578370004892 ], [ 357208.199805759009905, 2841027.048148239962757 ], [ 357200.822391516994685, 2841030.519874 ], [ 357104.927610306011047, 2841085.578230320010334 ], [ 357048.633958815014921, 2841124.151325969956815 ], [ 356970.641497939010151, 2841142.427146430127323 ], [ 356899.185573189985007, 2841158.297434410080314 ], [ 356841.837933721020818, 2841160.071081100031734 ], [ 356772.311428903019987, 2841149.415549899917096 ], [ 356663.068460410984699, 2841147.166031090077013 ], [ 356644.688375419005752, 2841147.399184950161725 ], [ 356534.666842961974908, 2841148.794822920113802 ], [ 356493.485576088016387, 2841149.731313690077513 ], [ 356520.411473757994827, 2841268.877374430187047 ], [ 356563.307781714014709, 2841260.870056920219213 ], [ 356568.21236114599742, 2841287.222463040146977 ], [ 356575.829146627977025, 2841328.147608019877225 ], [ 356581.587116000999231, 2841359.085295849945396 ], [ 356586.727876453020144, 2841386.706707450095564 ] ] ] ] } },
{ "type": "Feature", "properties": { "gid": 131, "_id": 1944.0, "entidad": 19.0, "distrito": 1.0, "distrito_l": 18.0, "municipio": 48.0, "seccion": 2061.0, "tipo": 2.0, "_control": 1326.0 }, "geometry": { "type": "MultiPolygon", "coordinates": [ [ [ [ 357104.927610306011047, 2841085.578230320010334 ], [ 357200.822391516994685, 2841030.519874 ], [ 357208.199805759009905, 2841027.048148239962757 ], [ 357233.081605707993731, 2841024.989578370004892 ], [ 357278.552188577014022, 2841021.227616949938238 ], [ 357388.98786407901207, 2841010.52743260981515 ], [ 357486.285881226998754, 2841001.526912579778582 ], [ 357529.389646149997134, 2840997.887032730039209 ], [ 357556.35424736601999, 2840995.300303489901125 ], [ 357589.399980111978948, 2840992.133046669885516 ], [ 357595.09841169801075, 2840991.583554210141301 ], [ 357620.842300947988406, 2840989.101103920023888 ], [ 357651.239195805974305, 2840986.169970269780606 ], [ 357703.572765199001878, 2840981.123511170037091 ], [ 357701.262405698013026, 2840965.228939860127866 ], [ 357697.424449118028861, 2840930.86272293003276 ], [ 357702.189870328002144, 2840879.25991029990837 ], [ 357683.327485436981078, 2840850.430241870228201 ], [ 357668.343120163015556, 2840827.545386069919914 ], [ 357648.810971572005656, 2840797.719275730196387 ], [ 357582.214283046021592, 2840809.827774839941412 ], [ 357533.780328122025821, 2840821.179490750189871 ], [ 357476.265005796973128, 2840828.747304989956319 ], [ 357376.483433727000374, 2840848.812017370015383 ], [ 357309.166435067018028, 2840851.899953090120107 ], [ 357285.080536463996395, 2840850.664778800215572 ], [ 357186.266593476990238, 2840836.460274499841034 ], [ 357148.593777713016607, 2840834.607513070106506 ], [ 357101.039567650994286, 2840842.018558789975941 ], [ 357052.309641027008183, 2840866.829502009786665 ], [ 357054.095682392013259, 2840876.584027930162847 ], [ 357058.501451956981327, 2840900.646288889925927 ], [ 357059.995413278986234, 2840908.8056096797809 ], [ 357073.354752052982803, 2840961.364030609838665 ], [ 357085.809604117006529, 2841010.364012470003217 ], [ 357098.871317406010348, 2841061.751512770075351 ], [ 357104.927610306011047, 2841085.578230320010334 ] ] ] ] } },
{ "type": "Feature", "properties": { "gid": 125, "_id": 1938.0, "entidad": 19.0, "distrito": 1.0, "distrito_l": 19.0, "municipio": 48.0, "seccion": 2055.0, "tipo": 2.0, "_control": 1318.0 }, "geometry": { "type": "MultiPolygon", "coordinates": [ [ [ [ 353491.578841252019629, 2840425.248246179893613 ], [ 353711.793736943975091, 2840424.072312150150537 ], [ 353834.187960379000288, 2840422.60213271016255 ], [ 353824.167123469000217, 2840405.381817750167102 ], [ 353821.229124928009696, 2840400.333011880051345 ], [ 353739.002551982994191, 2840238.392936460208148 ], [ 353738.795025643019471, 2840226.24928326997906 ], [ 353738.666750536998734, 2840218.743111290037632 ], [ 353738.554816721996758, 2840212.19316957006231 ], [ 353743.023695304000285, 2840202.58507657982409 ], [ 353747.492573886993341, 2840192.976983579806983 ], [ 353788.473729739023838, 2840158.605680120177567 ], [ 353815.17896142200334, 2840136.207736410200596 ], [ 353843.573490832990501, 2840170.632568589877337 ], [ 353975.405446626013145, 2840139.797276040073484 ], [ 353945.592833641974721, 2840103.012342690024525 ], [ 353886.965404058981221, 2840030.508234079927206 ], [ 353878.701261597976554, 2840002.836655309889466 ], [ 353863.683419325971045, 2839958.360758199822158 ], [ 353738.554781540995464, 2839975.789409310091287 ], [ 353633.140500747016631, 2840014.316661220043898 ], [ 353573.56556359102251, 2840022.207894410006702 ], [ 353518.56283629097743, 2840020.234026679769158 ], [ 353438.371229948010296, 2840019.817764880135655 ], [ 353361.549231996003073, 2840019.418994190171361 ], [ 353243.326491378014907, 2840018.805318879894912 ], [ 353232.187684645003174, 2840111.575687299948186 ], [ 353227.121349552005995, 2840153.771030529867858 ], [ 353207.712471970007755, 2840311.541111189872026 ], [ 353197.430002283013891, 2840389.993956860154867 ], [ 353310.683021156990435, 2840406.84017348010093 ], [ 353380.46069084800547, 2840417.219497149810195 ], [ 353399.204603144025896, 2840418.573822849895805 ], [ 353491.578841252019629, 2840425.248246179893613 ] ] ] ] } },
{ "type": "Feature", "properties": { "gid": 132, "_id": 1945.0, "entidad": 19.0, "distrito": 1.0, "distrito_l": 18.0, "municipio": 48.0, "seccion": 2062.0, "tipo": 2.0, "_control": 1328.0 }, "geometry": { "type": "MultiPolygon", "coordinates": [ [ [ [ 356887.972003085014876, 2840927.863171759992838 ], [ 357052.309641027008183, 2840866.829502009786665 ], [ 357101.039567650994286, 2840842.018558789975941 ], [ 357148.593777713016607, 2840834.607513070106506 ], [ 357186.266593476990238, 2840836.460274499841034 ], [ 357285.080536463996395, 2840850.664778800215572 ], [ 357309.166435067018028, 2840851.899953090120107 ], [ 357376.483433727000374, 2840848.812017370015383 ], [ 357476.265005796973128, 2840828.747304989956319 ], [ 357533.780328122025821, 2840821.179490750189871 ], [ 357582.214283046021592, 2840809.827774839941412 ], [ 357648.810971572005656, 2840797.719275730196387 ], [ 357588.331414735992439, 2840721.171163639985025 ], [ 357563.373131933971308, 2840687.833394140005112 ], [ 357551.148885968024842, 2840577.970059 ], [ 357541.433022019977216, 2840502.113821149803698 ], [ 357523.430726661987137, 2840490.079101010225713 ], [ 357520.827804932021536, 2840486.422236519865692 ], [ 357515.109091073973104, 2840478.387972009833902 ], [ 357466.670000347017776, 2840410.335525779984891 ], [ 357451.404116772988345, 2840382.086723300162703 ], [ 357458.464483039977495, 2840373.543545410037041 ], [ 357467.181545028986875, 2840363.011390619911253 ], [ 357486.518166980997194, 2840353.213627980090678 ], [ 357550.118666678026784, 2840376.019198880065233 ], [ 357549.899356833018828, 2840365.081947700120509 ], [ 357472.589773747022264, 2840025.894843239802867 ], [ 357404.01075509598013, 2839995.668082839809358 ], [ 357325.638711353996769, 2839961.12496697017923 ], [ 357295.716340977000073, 2839949.295197260100394 ], [ 357228.969702279020566, 2839922.907001560088247 ], [ 357145.954475092003122, 2839890.08704084996134 ], [ 357130.632563237973955, 2839882.426087449770421 ], [ 357044.004230842983816, 2839848.354706500191242 ], [ 356964.180887037015054, 2839816.95976353995502 ], [ 356939.80512907600496, 2839879.640313010197133 ], [ 357009.745412399002817, 2839917.415689430199564 ], [ 356993.822440731979441, 2839947.116637750063092 ], [ 356990.292148837994318, 2839953.257520670071244 ], [ 356962.091561627981719, 2839995.947545030154288 ], [ 356915.36837156699039, 2840061.764368779957294 ], [ 356877.068587898975238, 2840115.71552469022572 ], [ 356872.388303836982232, 2840122.308427080046386 ], [ 356822.103095826983918, 2840193.142902830149978 ], [ 356788.602443245996255, 2840240.333741989918053 ], [ 356671.830387871013954, 2840405.315489590167999 ], [ 356613.911701219971292, 2840413.359520180150867 ], [ 356621.239648260991089, 2840515.304221129976213 ], [ 356621.916202625026926, 2840524.716288629919291 ], [ 356622.988175650010817, 2840539.629328949842602 ], [ 356628.539811911992729, 2840567.387490100227296 ], [ 356688.346574069990311, 2840722.948633260093629 ], [ 356725.441066059982404, 2840823.771953669842333 ], [ 356727.459842805983499, 2840833.361136599909514 ], [ 356725.945763720024843, 2840850.016033980064094 ], [ 356718.614062805019785, 2840864.932259050197899 ], [ 356887.972003085014876, 2840927.863171759992838 ] ] ] ] } },
{ "type": "Feature", "properties": { "gid": 137, "_id": 1950.0, "entidad": 19.0, "distrito": 1.0, "distrito_l": 19.0, "municipio": 48.0, "seccion": 2067.0, "tipo": 2.0, "_control": 1335.0 }, "geometry": { "type": "MultiPolygon", "coordinates": [ [ [ [ 353929.715912622981705, 2839949.385257360059768 ], [ 354070.947338965022936, 2839929.968290760181844 ], [ 354112.284828378004022, 2839924.285075129941106 ], [ 354162.71736722800415, 2839922.364197580143809 ], [ 354209.142839469015598, 2839920.611970429774374 ], [ 354281.380284523009323, 2839912.809999519959092 ], [ 354413.932957189972512, 2839854.5836151400581 ], [ 354405.287714292993769, 2839680.473563919775188 ], [ 354389.262583840987645, 2839413.175042630173266 ], [ 354386.503742870001588, 2839367.157687960192561 ], [ 354378.048920769011602, 2839340.55645103007555 ], [ 354166.91533706698101, 2839351.547519740182906 ], [ 354167.692793584021274, 2839384.492033290211111 ], [ 354168.647268583008554, 2839424.937658130191267 ], [ 354181.56900224898709, 2839468.977013349998742 ], [ 354189.863306918006856, 2839497.24534321995452 ], [ 354193.625627084984444, 2839509.949983059894294 ], [ 354204.801129754981957, 2839547.68753070011735 ], [ 354111.359099618974142, 2839554.639057139866054 ], [ 354115.09010730299633, 2839601.895338660106063 ], [ 353992.431429319025483, 2839608.806521949823946 ], [ 353995.863626761012711, 2839654.636362520046532 ], [ 353999.416823571023997, 2839702.08189737983048 ], [ 354001.083993053005543, 2839724.343469679821283 ], [ 353993.324003504996654, 2839749.917710599955171 ], [ 353979.299919785000384, 2839796.136238779872656 ], [ 353964.72334301302908, 2839844.175592930056155 ], [ 353949.461068694014102, 2839893.612670170143247 ], [ 353929.715912622981705, 2839949.385257360059768 ] ] ] ] } },
{ "type": "Feature", "properties": { "gid": 138, "_id": 1951.0, "entidad": 19.0, "distrito": 1.0, "distrito_l": 19.0, "municipio": 48.0, "seccion": 2068.0, "tipo": 2.0, "_control": 1337.0 }, "geometry": { "type": "MultiPolygon", "coordinates": [ [ [ [ 353573.56556359102251, 2840022.207894410006702 ], [ 353633.140500747016631, 2840014.316661220043898 ], [ 353738.554781540995464, 2839975.789409310091287 ], [ 353863.683419325971045, 2839958.360758199822158 ], [ 353929.715912622981705, 2839949.385257360059768 ], [ 353949.461068694014102, 2839893.612670170143247 ], [ 353964.72334301302908, 2839844.175592930056155 ], [ 353979.299919785000384, 2839796.136238779872656 ], [ 353993.324003504996654, 2839749.917710599955171 ], [ 353953.731441880983766, 2839734.513622030150145 ], [ 353940.523059619998094, 2839588.486009870190173 ], [ 353895.018004716024734, 2839590.234279229771346 ], [ 353848.993604859977495, 2839591.360778380185366 ], [ 353771.851908196986187, 2839590.274286990053952 ], [ 353726.394555295002647, 2839588.364320859778672 ], [ 353686.288479048002046, 2839582.300717710051686 ], [ 353643.490031529974658, 2839568.524533830117434 ], [ 353504.62862093799049, 2839546.118662630207837 ], [ 353425.034795477986336, 2839532.935393149964511 ], [ 353409.247766008018516, 2839652.916959370020777 ], [ 353404.884217953018378, 2839687.983959749806672 ], [ 353397.995984939974733, 2839743.340212659910321 ], [ 353351.731264978996478, 2839738.385586369782686 ], [ 353280.782388199004345, 2839729.189113030210137 ], [ 353275.950706295028795, 2839778.9964878000319 ], [ 353271.388735825021286, 2839807.939677469898015 ], [ 353268.33784991101129, 2839830.864679640159011 ], [ 353261.35250510298647, 2839883.354038299992681 ], [ 353254.620536730973981, 2839933.939472820144147 ], [ 353243.326491378014907, 2840018.805318879894912 ], [ 353361.549231996003073, 2840019.418994190171361 ], [ 353438.371229948010296, 2840019.817764880135655 ], [ 353518.56283629097743, 2840020.234026679769158 ], [ 353573.56556359102251, 2840022.207894410006702 ] ] ] ] } },
{ "type": "Feature", "properties": { "gid": 139, "_id": 1952.0, "entidad": 19.0, "distrito": 1.0, "distrito_l": 19.0, "municipio": 48.0, "seccion": 2069.0, "tipo": 2.0, "_control": 1338.0 }, "geometry": { "type": "MultiPolygon", "coordinates": [ [ [ [ 353243.326491378014907, 2840018.805318879894912 ], [ 353254.620536730973981, 2839933.939472820144147 ], [ 353261.35250510298647, 2839883.354038299992681 ], [ 353268.33784991101129, 2839830.864679640159011 ], [ 353271.388735825021286, 2839807.939677469898015 ], [ 353275.950706295028795, 2839778.9964878000319 ], [ 353160.419359321997035, 2839777.256360650062561 ], [ 353026.839276943006553, 2839775.244384400080889 ], [ 353025.12125033698976, 2839793.321041440125555 ], [ 353022.305786653014366, 2839821.581481399945915 ], [ 352912.00152348697884, 2839806.817559409886599 ], [ 352834.265064732986502, 2839798.098233390133828 ], [ 352801.332120952021796, 2839794.404302929993719 ], [ 352693.428123122022953, 2839782.301228649914265 ], [ 352690.887057911022566, 2839808.71497520012781 ], [ 352687.908620052970946, 2839839.675102619919926 ], [ 352682.389116985024884, 2839897.0489765801467 ], [ 352790.037624722986948, 2839910.149043680168688 ], [ 352784.600573638977949, 2839955.621441150084138 ], [ 352779.163522552989889, 2840001.093838619999588 ], [ 352889.107246899977326, 2840013.625707789789885 ], [ 352999.118971830001101, 2840016.982767770066857 ], [ 353047.389258190989494, 2840017.506316559854895 ], [ 353127.750844739028253, 2840018.039088639896363 ], [ 353243.326491378014907, 2840018.805318879894912 ] ] ] ] } },
{ "type": "Feature", "properties": { "gid": 141, "_id": 1954.0, "entidad": 19.0, "distrito": 1.0, "distrito_l": 19.0, "municipio": 48.0, "seccion": 2071.0, "tipo": 2.0, "_control": 1340.0 }, "geometry": { "type": "MultiPolygon", "coordinates": [ [ [ [ 353275.950706295028795, 2839778.9964878000319 ], [ 353280.782388199004345, 2839729.189113030210137 ], [ 353351.731264978996478, 2839738.385586369782686 ], [ 353397.995984939974733, 2839743.340212659910321 ], [ 353404.884217953018378, 2839687.983959749806672 ], [ 353409.247766008018516, 2839652.916959370020777 ], [ 353425.034795477986336, 2839532.935393149964511 ], [ 353380.067785596998874, 2839525.676283829845488 ], [ 353337.808524783002213, 2839518.890272759832442 ], [ 353310.091175295005087, 2839514.427242210134864 ], [ 353195.147555108997039, 2839495.91909128986299 ], [ 353062.544005551026203, 2839479.238697099965066 ], [ 353057.948390205972828, 2839517.338084260001779 ], [ 353046.745430896990001, 2839610.214848749805242 ], [ 353044.894458226975985, 2839625.560111380182207 ], [ 353040.904155164025724, 2839658.641231069806963 ], [ 353035.080900385975838, 2839706.918212859891355 ], [ 353033.316863388987258, 2839721.542745899874717 ], [ 353026.839276943006553, 2839775.244384400080889 ], [ 353160.419359321997035, 2839777.256360650062561 ], [ 353275.950706295028795, 2839778.9964878000319 ] ] ] ] } },
{ "type": "Feature", "properties": { "gid": 133, "_id": 1946.0, "entidad": 19.0, "distrito": 1.0, "distrito_l": 18.0, "municipio": 48.0, "seccion": 2063.0, "tipo": 2.0, "_control": 1330.0 }, "geometry": { "type": "MultiPolygon", "coordinates": [ [ [ [ 356671.830387871013954, 2840405.315489590167999 ], [ 356788.602443245996255, 2840240.333741989918053 ], [ 356822.103095826983918, 2840193.142902830149978 ], [ 356872.388303836982232, 2840122.308427080046386 ], [ 356877.068587898975238, 2840115.71552469022572 ], [ 356915.36837156699039, 2840061.764368779957294 ], [ 356962.091561627981719, 2839995.947545030154288 ], [ 356990.292148837994318, 2839953.257520670071244 ], [ 356993.822440731979441, 2839947.116637750063092 ], [ 357009.745412399002817, 2839917.415689430199564 ], [ 356939.80512907600496, 2839879.640313010197133 ], [ 356831.105387129005976, 2839823.051792799960822 ], [ 356790.177049393998459, 2839801.744713080115616 ], [ 356698.092865317012183, 2839753.806165880057961 ], [ 356549.979371095017996, 2839680.088605110067874 ], [ 356544.340612673026044, 2839669.710287860129029 ], [ 356541.337252310011536, 2839657.398132930044085 ], [ 356466.167823084106203, 2839657.025983653496951 ], [ 356437.750913882977329, 2839656.027730599977076 ], [ 356407.089349061308894, 2839656.698116992134601 ], [ 356394.185140379471704, 2839656.59012206364423 ], [ 356359.765361200028565, 2839657.732811649795622 ], [ 356351.888729817001149, 2839657.905026820022613 ], [ 356306.507147624972276, 2839667.156631140038371 ], [ 356278.177134978002869, 2839671.97876534005627 ], [ 356266.290504533972126, 2839672.006309220101684 ], [ 356210.991344270994887, 2839672.134449279867113 ], [ 356164.755199096980505, 2839677.271805719938129 ], [ 356152.954923469980713, 2839677.0179328401573 ], [ 356138.152005948999431, 2839676.081041459925473 ], [ 356118.933178794977721, 2839669.403606149833649 ], [ 356112.91730924800504, 2839667.340574789792299 ], [ 356077.737589668016881, 2839655.276339690200984 ], [ 356053.31489394797245, 2839648.972408609930426 ], [ 356021.016326314012986, 2839793.366109020076692 ], [ 355988.71775868802797, 2839937.759809399954975 ], [ 355986.817843277996872, 2839948.526006290223449 ], [ 356153.46851572097512, 2840145.296974929980934 ], [ 356323.866993670992088, 2840350.049528949894011 ], [ 356456.821440791012719, 2840387.629843709990382 ], [ 356671.830387871013954, 2840405.315489590167999 ] ] ] ] } },
{ "type": "Feature", "properties": { "gid": 144, "_id": 1957.0, "entidad": 19.0, "distrito": 1.0, "distrito_l": 19.0, "municipio": 48.0, "seccion": 2075.0, "tipo": 2.0, "_control": 1347.0 }, "geometry": { "type": "MultiPolygon", "coordinates": [ [ [ [ 353539.217596846981905, 2839368.14997680997476 ], [ 353565.507794326986186, 2839312.580176840070635 ], [ 353712.575065481010824, 2839329.591252670157701 ], [ 353724.227186141011771, 2839328.601764069870114 ], [ 353744.526458845008165, 2839329.915212030056864 ], [ 353747.959253198001534, 2839280.042806399986148 ], [ 353992.024468895979226, 2839275.371641169767827 ], [ 354073.961115330981556, 2839272.004314030054957 ], [ 354111.039297300972976, 2839272.53887386014685 ], [ 354160.235872648016084, 2839269.739594249986112 ], [ 354154.976930024975445, 2839222.486488840077072 ], [ 354112.663752625987399, 2839220.783103640191257 ], [ 354105.307528570003342, 2839089.685026050079614 ], [ 354105.017341514991131, 2839083.829618399962783 ], [ 354101.356410169973969, 2839009.959178760182112 ], [ 354052.763197759981267, 2839006.402286420110613 ], [ 354053.383849218022078, 2838963.263544380199164 ], [ 354001.697503653995227, 2838960.055610349867493 ], [ 353956.869809309020638, 2838957.273361289873719 ], [ 353909.778195848979522, 2838954.067332279868424 ], [ 353858.508963441010565, 2838950.576888150069863 ], [ 353809.203166564984713, 2838947.220116049982607 ], [ 353761.294140501006041, 2838943.958437050227076 ], [ 353756.509353267028928, 2838943.54556 ], [ 353689.035488962021191, 2838937.723271870054305 ], [ 353669.815273269021418, 2838972.450843709986657 ], [ 353654.747120819985867, 2838999.746293209958822 ], [ 353636.181751327007078, 2839033.38445439003408 ], [ 353618.129299774998799, 2839066.089951499830931 ], [ 353604.885831271996722, 2839090.083048480097204 ], [ 353588.654822334006894, 2839119.48865106003359 ], [ 353562.516241524019279, 2839166.843730609863997 ], [ 353541.337009569979273, 2839205.213993370067328 ], [ 353537.080905348993838, 2839231.40542946010828 ], [ 353530.372067440999672, 2839274.953137840144336 ], [ 353526.018670511024538, 2839311.848225300200284 ], [ 353521.484943557006773, 2839350.271611690055579 ], [ 353519.719695180014241, 2839365.232111339922994 ], [ 353539.217596846981905, 2839368.14997680997476 ] ] ] ] } },
{ "type": "Feature", "properties": { "gid": 152, "_id": 2658.0, "entidad": 19.0, "distrito": 1.0, "distrito_l": 19.0, "municipio": 48.0, "seccion": 2788.0, "tipo": 2.0, "_control": 3419.0 }, "geometry": { "type": "MultiPolygon", "coordinates": [ [ [ [ 348913.556620681018103, 2843129.998723039869219 ], [ 348867.527119637990836, 2843149.491610419936478 ], [ 348835.952601418015547, 2843168.905598280020058 ], [ 348798.029296842985786, 2843194.400121630169451 ], [ 348660.818829025025479, 2843194.543279530014843 ], [ 348631.984421211993322, 2843193.344071940053254 ], [ 348632.946925889002159, 2843197.480519379954785 ], [ 348633.919807785016019, 2843206.346002909820527 ], [ 348638.231122047989629, 2843233.876421790104359 ], [ 348639.752762425981928, 2843242.75265714013949 ], [ 348642.796043126028962, 2843262.421267549972981 ], [ 348648.967140083026607, 2843301.279453449882567 ], [ 348650.545137450972106, 2843313.170790980104357 ], [ 348652.292205982026644, 2843323.625023739878088 ], [ 348653.024847619002685, 2843329.429799870122224 ], [ 348653.776666391990148, 2843333.026964670047164 ], [ 348654.151988698984496, 2843336.192645859904587 ], [ 348654.659202128998004, 2843339.968568199779838 ], [ 348657.138912248017732, 2843358.679108770098537 ], [ 348658.153339147975203, 2843364.371170800179243 ], [ 348658.885980853985529, 2843370.457732189912349 ], [ 348660.627178923983593, 2843374.919038420077413 ], [ 348661.309334014018532, 2843377.389649319928139 ], [ 348662.943688460974954, 2843386.970347799826413 ], [ 348663.282222090987489, 2843392.076629159972072 ], [ 348663.958115360001102, 2843400.665110929869115 ], [ 348665.375545174989384, 2843416.916168469935656 ], [ 348597.923195581999607, 2843429.266389059834182 ], [ 348607.550531012006104, 2843470.202357050031424 ], [ 348619.067582560994197, 2843510.995415649842471 ], [ 348630.128323261975311, 2843550.416697749868035 ], [ 348641.57900415698532, 2843591.994892459828407 ], [ 348652.668717048014514, 2843635.882100719958544 ], [ 348661.829533919983078, 2843676.398121139965951 ], [ 348672.745700940024108, 2843715.992119249887764 ], [ 348682.640843001019675, 2843755.042590669821948 ], [ 348796.202025873004459, 2843734.535197730176151 ], [ 348802.802056966000237, 2843762.950068640056998 ], [ 348811.069464450993109, 2843748.430000130087137 ], [ 348820.628406058007386, 2843802.353995480109006 ], [ 348828.813259713002481, 2843850.873683089856058 ], [ 348839.097372536023613, 2843902.475000290200114 ], [ 348846.535947484022472, 2843954.906763759907335 ], [ 348850.004191711021122, 2843970.103376610204577 ], [ 348851.294917340972461, 2843981.237414290197194 ], [ 348858.937058692972641, 2844025.735518970061094 ], [ 348867.62131016998319, 2844068.323088330216706 ], [ 348868.417474668996874, 2844076.894893489778042 ], [ 348874.360289286996704, 2844109.104333360213786 ], [ 348876.602235432015732, 2844125.040545079857111 ], [ 348882.280326723004691, 2844150.927688570227474 ], [ 348888.195945435028989, 2844180.389634809922427 ], [ 348876.454694080981426, 2844186.134528949856758 ], [ 348800.252848325995728, 2844259.760375820100307 ], [ 348780.043012565991376, 2844281.080226249992847 ], [ 348693.92748939798912, 2844370.087515649851412 ], [ 348732.945937965007033, 2844388.650389090180397 ], [ 348738.40234073298052, 2844390.008496529888362 ], [ 348743.22379080200335, 2844396.809927700087428 ], [ 348745.946632915001828, 2844391.502083799801767 ], [ 348748.128005567996297, 2844388.968876929953694 ], [ 348765.016051321988925, 2844375.38807340990752 ], [ 348818.776330552995205, 2844333.94199428986758 ], [ 348896.531708139984403, 2844273.91906476020813 ], [ 348908.882534720993135, 2844263.315338240005076 ], [ 348922.864649259019643, 2844253.429894220083952 ], [ 349083.16914671001723, 2844180.224173719994724 ], [ 349086.575617275026161, 2844123.939483509864658 ], [ 349087.248970366024878, 2844106.785588290076703 ], [ 349090.313572027022019, 2844059.693459410220385 ], [ 349090.257031210989226, 2844000.367234100122005 ], [ 349090.314337542979047, 2843996.445964090060443 ], [ 349089.894255990977399, 2843748.911893030162901 ], [ 349088.18886684597237, 2843743.23578354017809 ], [ 349074.624276396003552, 2843727.506310599856079 ], [ 348895.078053337987512, 2843574.508150700014085 ], [ 348893.344935722008813, 2843569.900863110087812 ], [ 348889.06416900100885, 2843566.496616329997778 ], [ 348833.497185671003535, 2843391.337902910076082 ], [ 348824.908151192998048, 2843363.740836889948696 ], [ 348823.08530419197632, 2843360.152563670184463 ], [ 348872.434291190991644, 2843349.498440839815885 ], [ 348998.489404586027376, 2843323.931034890003502 ], [ 349032.304559935990255, 2843316.771476130001247 ], [ 349027.689433826017193, 2843298.51629851013422 ], [ 348920.069422026979737, 2843320.85275387018919 ], [ 348889.991942008025944, 2843325.750111199915409 ], [ 348807.200982520007528, 2843344.14418372977525 ], [ 348802.031807822000701, 2843341.602825549896806 ], [ 348796.897711783007253, 2843311.431156000122428 ], [ 348796.125926652981434, 2843301.509162920061499 ], [ 348800.423843980999663, 2843299.633624389767647 ], [ 348913.556620681018103, 2843129.998723039869219 ] ] ] ] } },
{ "type": "Feature", "properties": { "gid": 153, "_id": 2659.0, "entidad": 19.0, "distrito": 1.0, "distrito_l": 19.0, "municipio": 48.0, "seccion": 2789.0, "tipo": 2.0, "_control": 3420.0 }, "geometry": { "type": "MultiPolygon", "coordinates": [ [ [ [ 348396.498955394024961, 2843491.937830700073391 ], [ 348409.995993165997788, 2843536.256367519963533 ], [ 348421.945523280999623, 2843575.578658310230821 ], [ 348431.949780991999432, 2843616.84622143022716 ], [ 348442.787726853974164, 2843657.002200350165367 ], [ 348450.43046843202319, 2843688.577645040117204 ], [ 348454.876204914995469, 2843698.269763479940593 ], [ 348466.269942912971601, 2843737.036262169945985 ], [ 348478.636317092983518, 2843778.303825289942324 ], [ 348487.390042510000058, 2843819.432440380100161 ], [ 348483.125642077997327, 2843826.530558430124074 ], [ 348467.937319240008947, 2843858.893679180182517 ], [ 348436.951909846975468, 2843881.681155120022595 ], [ 348402.770695961022284, 2843912.11077236989513 ], [ 348373.174766866024584, 2843942.95723369019106 ], [ 348430.00450861902209, 2843997.911177169997245 ], [ 348399.574891443015076, 2844027.090262209996581 ], [ 348371.252437337010633, 2844057.52572632022202 ], [ 348341.494617411983199, 2844086.698964490089566 ], [ 348312.176584333996288, 2844118.240165940020233 ], [ 348318.271402274025604, 2844136.827531539835036 ], [ 348229.919354178011417, 2844093.090573589783162 ], [ 348205.590037664980628, 2844117.567671579774469 ], [ 348360.872418506012764, 2844194.800364150200039 ], [ 348364.578448255022522, 2844188.237141539808363 ], [ 348648.988180797023233, 2843888.815184690058231 ], [ 348650.611544560990296, 2843887.106133630033582 ], [ 348677.614721630990971, 2843845.319725039880723 ], [ 348568.250350061978679, 2843432.279842399992049 ], [ 348551.3783588950173, 2843434.752265260089189 ], [ 348371.6301339979982, 2843471.162225579842925 ], [ 348371.717199756996706, 2843473.403517980128527 ], [ 348376.860737132024951, 2843492.366105339955539 ], [ 348378.127340534003451, 2843494.758578490000218 ], [ 348396.498955394024961, 2843491.937830700073391 ] ] ] ] } },
{ "type": "Feature", "properties": { "gid": 154, "_id": 2660.0, "entidad": 19.0, "distrito": 1.0, "distrito_l": 19.0, "municipio": 48.0, "seccion": 2790.0, "tipo": 2.0, "_control": 3421.0 }, "geometry": { "type": "MultiPolygon", "coordinates": [ [ [ [ 349333.652982571977191, 2843699.659243709873408 ], [ 349241.965041465999093, 2843717.279474639799446 ], [ 349188.591245572024491, 2843727.170952459797263 ], [ 349088.18886684597237, 2843743.23578354017809 ], [ 349089.894255990977399, 2843748.911893030162901 ], [ 349090.314337542979047, 2843996.445964090060443 ], [ 349090.257031210989226, 2844000.367234100122005 ], [ 349090.313572027022019, 2844059.693459410220385 ], [ 349087.248970366024878, 2844106.785588290076703 ], [ 349105.226613976003136, 2844107.225476549938321 ], [ 349108.992706821998581, 2844106.991286859847605 ], [ 349112.597267493023537, 2844106.71788229001686 ], [ 349327.12266275199363, 2844122.003858409821987 ], [ 349439.723305447027087, 2844017.648158569820225 ], [ 349462.171215437992942, 2843688.933722259942442 ], [ 349454.648457385017537, 2843690.979912450071424 ], [ 349440.686218440998346, 2843694.590836320072412 ], [ 349428.409077242016792, 2843693.567741230130196 ], [ 349424.798153385985643, 2843682.734969620127231 ], [ 349333.652982571977191, 2843699.659243709873408 ] ] ] ] } },
{ "type": "Feature", "properties": { "gid": 155, "_id": 2661.0, "entidad": 19.0, "distrito": 1.0, "distrito_l": 19.0, "municipio": 48.0, "seccion": 2791.0, "tipo": 2.0, "_control": 3413.0 }, "geometry": { "type": "MultiPolygon", "coordinates": [ [ [ [ 348442.787726853974164, 2843657.002200350165367 ], [ 348431.949780991999432, 2843616.84622143022716 ], [ 348421.945523280999623, 2843575.578658310230821 ], [ 348409.995993165997788, 2843536.256367519963533 ], [ 348396.498955394024961, 2843491.937830700073391 ], [ 348378.127340534003451, 2843494.758578490000218 ], [ 348376.860737132024951, 2843492.366105339955539 ], [ 348371.717199756996706, 2843473.403517980128527 ], [ 348371.6301339979982, 2843471.162225579842925 ], [ 348247.097840745002031, 2843496.137971050105989 ], [ 348146.303728148981463, 2843517.522256929893047 ], [ 348112.40040277101798, 2843521.497673879843205 ], [ 348091.105929641984403, 2843525.506818530149758 ], [ 348057.389339728979394, 2843532.99710169993341 ], [ 348024.183473888027947, 2843539.469057499896735 ], [ 347969.958519142004661, 2843550.632795379962772 ], [ 347891.782932027010247, 2843564.504796329885721 ], [ 347842.674367304018233, 2843573.652470120228827 ], [ 347830.878682670008857, 2843576.059752710163593 ], [ 347812.342606869002338, 2843668.258675519842654 ], [ 347825.662256370997056, 2843677.254019179847091 ], [ 347841.837523176975083, 2843690.766570180188864 ], [ 347862.679726784990635, 2843709.107709339819849 ], [ 347915.757871976005845, 2843716.471954610198736 ], [ 347926.595817803987302, 2843722.446719639934599 ], [ 347965.779160553007387, 2843742.594183119945228 ], [ 348004.823555272014346, 2843758.434257850050926 ], [ 348033.128033175016753, 2843770.284827960189432 ], [ 348086.941837495018262, 2843785.668070550076663 ], [ 348108.130818655015901, 2843787.923924239818007 ], [ 348121.123051384987775, 2843780.665941690094769 ], [ 348129.182036751997657, 2843785.668070559855551 ], [ 348136.765184374002274, 2843791.568470390047878 ], [ 348142.521047042973805, 2843806.510274149943143 ], [ 348166.290881254011765, 2843815.341133569832891 ], [ 348223.102750140009448, 2843826.254147939849645 ], [ 348434.728741443017498, 2843863.201067930087447 ], [ 348436.951909846975468, 2843881.681155120022595 ], [ 348467.937319240008947, 2843858.893679180182517 ], [ 348483.125642077997327, 2843826.530558430124074 ], [ 348487.390042510000058, 2843819.432440380100161 ], [ 348478.636317092983518, 2843778.303825289942324 ], [ 348466.269942912971601, 2843737.036262169945985 ], [ 348454.876204914995469, 2843698.269763479940593 ], [ 348450.43046843202319, 2843688.577645040117204 ], [ 348442.787726853974164, 2843657.002200350165367 ] ] ] ] } },
{ "type": "Feature", "properties": { "gid": 167, "_id": 2836.0, "entidad": 19.0, "distrito": 1.0, "distrito_l": 19.0, "municipio": 48.0, "seccion": 2967.0, "tipo": 2.0, "_control": 3856.0 }, "geometry": { "type": "MultiPolygon", "coordinates": [ [ [ [ 350264.365249042981304, 2841067.691506559960544 ], [ 350283.300651738012675, 2841112.020759160164744 ], [ 350239.590043745003641, 2841130.866422790102661 ], [ 350297.300994283985347, 2841268.589698240160942 ], [ 350265.642781438014936, 2841282.18260839022696 ], [ 350281.660499222984072, 2841323.623655640054494 ], [ 350303.997196790995076, 2841314.339056429918855 ], [ 350321.927613130013924, 2841358.059386960230768 ], [ 350345.850876707991119, 2841421.83500865008682 ], [ 350378.495596979977563, 2841508.860646049957722 ], [ 350420.963203134015203, 2841609.132661759853363 ], [ 350461.16823667101562, 2841704.062201370019466 ], [ 350498.524282143975142, 2841688.548886320088059 ], [ 350523.045781248016283, 2841678.36527507007122 ], [ 350661.643835229973774, 2841579.900914479978383 ], [ 350705.243021145986859, 2841543.132259849924594 ], [ 350834.661925419000909, 2841429.834197869990021 ], [ 350897.526974463020451, 2841373.847228419966996 ], [ 351046.147415975981858, 2841240.016640299931169 ], [ 351016.870848188002128, 2841253.922445559874177 ], [ 351003.239810387021862, 2841214.140185240190476 ], [ 350891.865469622018281, 2841258.506539899855852 ], [ 350876.603848811995704, 2841217.58765253983438 ], [ 350865.725457548978738, 2841222.150638760067523 ], [ 350852.92947194701992, 2841182.973260589875281 ], [ 350805.645130200020503, 2841201.31958728004247 ], [ 350789.368882105976809, 2841161.948551049921662 ], [ 350773.092544617014937, 2841122.577531979884952 ], [ 350766.580859564011917, 2841118.778636990115047 ], [ 350753.709854785003699, 2841086.353619019966573 ], [ 350751.291664131975267, 2841080.88212828990072 ], [ 350741.555107738007791, 2841084.549136430025101 ], [ 350687.705251868988853, 2841106.627466440200806 ], [ 350669.655360737990122, 2841060.216188540216535 ], [ 350474.521854777005501, 2841139.600785970222205 ], [ 350456.577002293022815, 2841099.998439920134842 ], [ 350439.250900914019439, 2841060.396005900111049 ], [ 350422.937973516993225, 2841021.94343581981957 ], [ 350407.811968315974809, 2840983.677006300073117 ], [ 350391.604284328990616, 2840944.682691600173712 ], [ 350377.027868375997059, 2840908.210431210231036 ], [ 350370.078987021988723, 2840912.779179130215198 ], [ 350323.135885927011259, 2840931.916445139795542 ], [ 350225.476052467012778, 2840971.729371179826558 ], [ 350244.721775711979717, 2841021.690283239819109 ], [ 350264.365249042981304, 2841067.691506559960544 ] ] ] ] } },
{ "type": "Feature", "properties": { "gid": 168, "_id": 2664.0, "entidad": 19.0, "distrito": 1.0, "distrito_l": 19.0, "municipio": 48.0, "seccion": 2794.0, "tipo": 3.0, "_control": 3423.0 }, "geometry": { "type": "MultiPolygon", "coordinates": [ [ [ [ 348304.618350202974398, 2842546.017842070199549 ], [ 347955.366326516028494, 2842650.337539909873158 ], [ 347954.742995658016298, 2842650.448318670038134 ], [ 347956.057376848999411, 2842656.116714749950916 ], [ 347989.759332988003734, 2842692.105589319951832 ], [ 347974.733967713022139, 2842771.353524960111827 ], [ 347933.728272969019599, 2842990.210648939944804 ], [ 347932.670595106028486, 2842996.337198560126126 ], [ 347913.741349494026508, 2843103.452691880054772 ], [ 347891.856329592992552, 2843229.160659899935126 ], [ 347889.996268732997123, 2843239.799512580037117 ], [ 347873.395137563988101, 2843341.390925770159811 ], [ 347868.4751909020124, 2843371.498773769941181 ], [ 347865.179808006971143, 2843392.153969480190426 ], [ 347856.049841472005937, 2843417.36068180995062 ], [ 347841.663276367005892, 2843483.698731749784201 ], [ 347834.248878314974718, 2843549.098187800031155 ], [ 347830.878682670008857, 2843576.059752710163593 ], [ 347842.674367304018233, 2843573.652470120228827 ], [ 347891.782932027010247, 2843564.504796329885721 ], [ 347969.958519142004661, 2843550.632795379962772 ], [ 348024.183473888027947, 2843539.469057499896735 ], [ 348057.389339728979394, 2843532.99710169993341 ], [ 348091.105929641984403, 2843525.506818530149758 ], [ 348112.40040277101798, 2843521.497673879843205 ], [ 348146.303728148981463, 2843517.522256929893047 ], [ 348247.097840745002031, 2843496.137971050105989 ], [ 348371.6301339979982, 2843471.162225579842925 ], [ 348551.3783588950173, 2843434.752265260089189 ], [ 348568.250350061978679, 2843432.279842399992049 ], [ 348597.923195581999607, 2843429.266389059834182 ], [ 348665.375545174989384, 2843416.916168469935656 ], [ 348663.958115360001102, 2843400.665110929869115 ], [ 348663.282222090987489, 2843392.076629159972072 ], [ 348662.943688460974954, 2843386.970347799826413 ], [ 348661.309334014018532, 2843377.389649319928139 ], [ 348660.627178923983593, 2843374.919038420077413 ], [ 348658.885980853985529, 2843370.457732189912349 ], [ 348658.153339147975203, 2843364.371170800179243 ], [ 348657.138912248017732, 2843358.679108770098537 ], [ 348654.659202128998004, 2843339.968568199779838 ], [ 348654.151988698984496, 2843336.192645859904587 ], [ 348653.776666391990148, 2843333.026964670047164 ], [ 348653.024847619002685, 2843329.429799870122224 ], [ 348652.292205982026644, 2843323.625023739878088 ], [ 348650.545137450972106, 2843313.170790980104357 ], [ 348648.967140083026607, 2843301.279453449882567 ], [ 348642.796043126028962, 2843262.421267549972981 ], [ 348639.752762425981928, 2843242.75265714013949 ], [ 348638.231122047989629, 2843233.876421790104359 ], [ 348633.919807785016019, 2843206.346002909820527 ], [ 348632.946925889002159, 2843197.480519379954785 ], [ 348631.984421211993322, 2843193.344071940053254 ], [ 348660.818829025025479, 2843194.543279530014843 ], [ 348798.029296842985786, 2843194.400121630169451 ], [ 348835.952601418015547, 2843168.905598280020058 ], [ 348867.527119637990836, 2843149.491610419936478 ], [ 348913.556620681018103, 2843129.998723039869219 ], [ 348976.604355615971144, 2843112.468683740124106 ], [ 349089.729490538011305, 2843088.721419970039278 ], [ 349275.293575933028478, 2843022.658091200049967 ], [ 349405.615686336008366, 2843009.773630899842829 ], [ 349466.400944914028514, 2843014.645732540171593 ], [ 349483.790773250977509, 2843008.498023869935423 ], [ 349462.362325040972792, 2842900.446886579971761 ], [ 349462.179904741991777, 2842899.527047669980675 ], [ 349453.634601222991478, 2842887.02172550978139 ], [ 349452.562314364011399, 2842881.673038510140032 ], [ 349446.303361903002951, 2842835.964092889800668 ], [ 349442.826170147978701, 2842836.559141240082681 ], [ 349436.087171601015143, 2842836.55249076988548 ], [ 349394.507054630026687, 2842838.121551789809018 ], [ 349346.944892639992759, 2842840.769342250190675 ], [ 349328.101611552992836, 2842842.142041199840605 ], [ 349321.976251957996283, 2842831.451485710218549 ], [ 349321.215905153017957, 2842814.975749739911407 ], [ 349316.936600735003594, 2842811.937846090178937 ], [ 349276.788503765012138, 2842616.350974820088595 ], [ 349238.874519426026382, 2842618.429371839854866 ], [ 349200.855473530013114, 2842621.023457540199161 ], [ 349199.25550640799338, 2842593.00770677998662 ], [ 349272.342167022987269, 2842584.392929300200194 ], [ 349288.123787511023693, 2842582.233339120168239 ], [ 349298.742291542002931, 2842580.780280670151114 ], [ 349339.87090665200958, 2842574.110775529872626 ], [ 349382.734882274991833, 2842568.174195049796253 ], [ 349397.54574466397753, 2842565.763137840200216 ], [ 349405.732269977976102, 2842526.590551329776645 ], [ 349404.064893761998974, 2842508.805204260163009 ], [ 349396.561700464983005, 2842491.853545329999179 ], [ 349377.247925079020206, 2842477.333476820029318 ], [ 349363.498185968026519, 2842402.701459909789264 ], [ 349355.8865374349989, 2842365.911825510207564 ], [ 349315.557194583001547, 2842189.672030940186232 ], [ 349235.388211707992014, 2842223.402141499798745 ], [ 349132.970882909023203, 2842267.170251340139657 ], [ 349068.618337446998339, 2842294.671352089848369 ], [ 348966.443972320004832, 2842338.33563124993816 ], [ 348862.565749444009271, 2842370.932826439850032 ], [ 348304.618350202974398, 2842546.017842070199549 ] ] ] ] } },
{ "type": "Feature", "properties": { "gid": 162, "_id": 1967.0, "entidad": 19.0, "distrito": 1.0, "distrito_l": 19.0, "municipio": 48.0, "seccion": 2085.0, "tipo": 4.0, "_control": 77.0 }, "geometry": { "type": "MultiPolygon", "coordinates": [ [ [ [ 335036.278755864012055, 2831772.48610070021823 ], [ 335072.003980666981079, 2831772.111092320177704 ], [ 335189.719869317021221, 2831765.469627880025655 ], [ 335293.915375419019256, 2831759.590975840110332 ], [ 335324.65668580197962, 2831760.03738065995276 ], [ 335474.259037916024681, 2831762.209806299768388 ], [ 335702.277946948015597, 2831765.520944939926267 ], [ 335901.319199502002448, 2831763.440898490138352 ], [ 336224.97347244300181, 2831709.060387739911675 ], [ 336308.781746987020597, 2831659.740174259990454 ], [ 336752.194968178984709, 2831681.217453199904412 ], [ 337371.148519928974565, 2831750.630539789795876 ], [ 337878.021620755025651, 2831633.139745510183275 ], [ 338178.963511270005256, 2831609.589546820148826 ], [ 338385.784815378021449, 2831622.72959590004757 ], [ 338919.879062224994414, 2831594.831260209903121 ], [ 339136.354888539004605, 2831579.23655551020056 ], [ 339209.561308234988246, 2831573.96286898991093 ], [ 339385.651151966012549, 2831561.277606729883701 ], [ 339456.721591525012627, 2831514.637300100177526 ], [ 339667.114652744028717, 2831528.597878090105951 ], [ 339729.219077087007463, 2831445.496721819974482 ], [ 339705.648914414981846, 2831371.796259589958936 ], [ 339773.109315951995086, 2831195.145130829885602 ], [ 339851.289744663983583, 2830768.482418649829924 ], [ 339887.58287082699826, 2830706.216366500128061 ], [ 339954.470374313998036, 2830591.461281429976225 ], [ 340078.30983364302665, 2830649.12128617009148 ], [ 340131.231516698026098, 2830673.761772430036217 ], [ 340297.712592203984968, 2830748.522217470221221 ], [ 340448.16355067800032, 2830734.20210167998448 ], [ 340541.994138021022081, 2830661.821628069970757 ], [ 340675.574957397009712, 2830456.430306309834123 ], [ 340816.965830078988802, 2830271.359111770056188 ], [ 340941.626618600974325, 2830224.158792309928685 ], [ 341025.75715418899199, 2830213.07870816020295 ], [ 341113.057722577010281, 2830278.459107240196317 ], [ 341142.207930479024071, 2830410.749939360190183 ], [ 341065.01747602398973, 2830646.151441529858857 ], [ 341279.558849820983596, 2830666.861536770127714 ], [ 341358.679355504980776, 2830668.581534469965845 ], [ 341414.779712933988776, 2830662.9014892000705 ], [ 341521.550386874005198, 2830613.331157810054719 ], [ 341697.661512442980893, 2830616.591149140149355 ], [ 341799.732164343004115, 2830615.53112547006458 ], [ 341858.242534291988704, 2830591.970966690219939 ], [ 341936.553018643986434, 2830494.250335440039635 ], [ 342032.603613837971352, 2830381.049603289924562 ], [ 342113.884125526994467, 2830334.299294020049274 ], [ 342307.455354935023934, 2830288.928974859882146 ], [ 342391.685893400979694, 2830290.598971469793469 ], [ 342419.196057934022974, 2830221.468529529869556 ], [ 342364.545687655976508, 2830091.987719330005348 ], [ 342221.024758377985563, 2830016.987268580123782 ], [ 342023.343471903994214, 2829873.706394790206105 ], [ 341956.293029448017478, 2829787.715861829929054 ], [ 341871.192467931017745, 2829678.955187779851258 ], [ 341801.602009652007837, 2829595.534671499859542 ], [ 341820.772107103024609, 2829442.343698950018734 ], [ 342477.636273971991614, 2829254.432400810066611 ], [ 342597.737044640001841, 2829273.572502039838582 ], [ 342611.72697750502266, 2829337.049909870140254 ], [ 342565.520837838004809, 2829548.029354929924011 ], [ 342585.210972682980355, 2829615.394778020214289 ], [ 342670.947598222002853, 2829800.645825160201639 ], [ 342770.442193396971561, 2829953.871889870148152 ], [ 342863.367799174971879, 2830082.947691610082984 ], [ 343163.269522927992512, 2830426.195359400007874 ], [ 343276.985481894982513, 2830574.590735840145499 ], [ 343334.005858123011421, 2830682.366408559959382 ], [ 343402.706828532973304, 2830819.976999349892139 ], [ 343487.46688089199597, 2831036.473624189849943 ], [ 343498.446965122013353, 2831130.704218530096114 ], [ 343751.518616312998347, 2831495.256484239827842 ], [ 343942.646019119012635, 2831618.202114880084991 ], [ 344066.96682446601335, 2831685.747521790210158 ], [ 344150.124343, 2831627.801047990098596 ], [ 344168.371257003978826, 2831603.097100100014359 ], [ 344326.609242614998948, 2831552.777418139856309 ], [ 344392.258876621024683, 2831519.156414689961821 ], [ 344524.759719581983518, 2831494.826239109970629 ], [ 344795.691459420020692, 2831545.536515660118312 ], [ 344887.362041548010893, 2831521.636349509935826 ], [ 344992.042711722024251, 2831528.186373880133033 ], [ 345140.213661880989093, 2831547.036468990147114 ], [ 345339.774947420984972, 2831608.696826579980552 ], [ 345515.596066223981325, 2831576.266592840198427 ], [ 345756.257570275978651, 2831359.555182780139148 ], [ 345885.97839132102672, 2831307.204830539878458 ], [ 346018.799242759996559, 2831321.114897009916604 ], [ 346207.540447634004522, 2831308.934789389837533 ], [ 346369.051494674989954, 2831399.045333339832723 ], [ 346727.733970599016175, 2831203.738032020162791 ], [ 346946.197671788977459, 2831088.303659480065107 ], [ 347065.465362249000464, 2831025.283620310015976 ], [ 347352.367700165021233, 2830873.686850919853896 ], [ 347369.477795100014191, 2830781.711266220081598 ], [ 347458.578360861982219, 2830755.28108467021957 ], [ 347604.549304389976896, 2830817.501454889774323 ], [ 347671.869654855981935, 2830830.229620799887925 ], [ 347770.680372043978423, 2830848.911626960150898 ], [ 347872.216524911986198, 2830823.100273380056024 ], [ 348063.552233898022678, 2830774.461108940187842 ], [ 348231.642148734012153, 2830702.963039860129356 ], [ 348478.064858008001465, 2830596.72991803009063 ], [ 348600.425638314976823, 2830580.149793569929898 ], [ 348874.86737200897187, 2830437.038844210095704 ], [ 349023.258279929985292, 2830170.297132640145719 ], [ 349160.759154082974419, 2830133.156875710003078 ], [ 349434.510967981012072, 2830530.639347409829497 ], [ 349565.261816058016848, 2830603.219785910099745 ], [ 349783.928119532996789, 2830607.266862330026925 ], [ 350008.080223876982927, 2830622.004164500162005 ], [ 350115.795136047992855, 2830629.086084240116179 ], [ 350221.919530357001349, 2830636.063432409893721 ], [ 350303.086544374004006, 2830641.399910610169172 ], [ 350682.648961229017004, 2830558.389325390104204 ], [ 350945.51059601502493, 2830247.097314080223441 ], [ 351062.241265887976624, 2830207.866006609983742 ], [ 351178.971935770008713, 2830168.634699149988592 ], [ 351250.912535575975198, 2830144.456616470124573 ], [ 351203.77221104002092, 2829997.055691060144454 ], [ 351124.201693040027749, 2829941.795353860128671 ], [ 351100.881537079985719, 2829898.68508470011875 ], [ 350978.281815787020605, 2829782.150490070227534 ], [ 350893.740178466017824, 2829689.203791580162942 ], [ 350843.439846244000364, 2829623.433383259922266 ], [ 350801.879566425981466, 2829534.622827739920467 ], [ 350760.38428820099216, 2829453.457320590037853 ], [ 350718.889009965991136, 2829372.29181342991069 ], [ 350702.658888722013216, 2829260.261106930207461 ], [ 350743.5291268969886, 2829108.120137529913336 ], [ 350799.599460416007787, 2828943.059083919972181 ], [ 350887.489996287971735, 2828768.747966719791293 ], [ 350864.842282368976157, 2828550.079320350196213 ], [ 350842.979216622014064, 2828465.362717609852552 ], [ 350986.620575422013644, 2828408.175668669864535 ], [ 351339.332796467002481, 2828162.244056260213256 ], [ 351741.772185380978044, 2828004.254036860074848 ], [ 352097.204909712017979, 2827845.490563380066305 ], [ 352277.758746900013648, 2827764.841393060050905 ], [ 352833.252290441014338, 2827662.140656009782106 ], [ 352946.293005093000829, 2827598.485235350206494 ], [ 353163.539379624999128, 2827482.744468689896166 ], [ 353267.745039499015547, 2827430.659122679848224 ], [ 353485.13964320498053, 2827399.51753814984113 ], [ 353588.696347585006151, 2827380.814304410014302 ], [ 353749.318112040986307, 2827338.92846701014787 ], [ 353843.416425266012084, 2827270.267731050029397 ], [ 353985.67670209397329, 2827166.464645009953529 ], [ 354105.366616423008963, 2827074.985530729871243 ], [ 354167.143267114006449, 2827025.76399966981262 ], [ 354290.696568514977116, 2826927.320937550161034 ], [ 354459.653981629002374, 2826815.69670512015 ], [ 354596.826243331015576, 2826729.397798690013587 ], [ 354697.863705069001298, 2826660.004228020086884 ], [ 355110.486691607977264, 2826365.927095190156251 ], [ 355269.09769237798173, 2826257.171382020227611 ], [ 355451.578899979998823, 2826165.75150512997061 ], [ 355689.712851541000418, 2826066.792233880143613 ], [ 355832.607503928011283, 2826002.115149420220405 ], [ 356064.912742613989394, 2825896.96897854981944 ], [ 356170.499982211971655, 2825841.912995759863406 ], [ 356341.73910727998009, 2825752.624381400179118 ], [ 356479.125367573986296, 2825680.987547209952027 ], [ 356760.371781511988956, 2825420.75967122009024 ], [ 357272.130351040977985, 2824976.572964369785041 ], [ 357443.140589451999404, 2824865.030145809985697 ], [ 357854.082770946028177, 2824612.328168340027332 ], [ 358842.182185998011846, 2824141.110873360186815 ], [ 359061.900524622004014, 2824088.864495819900185 ], [ 359131.872140119026881, 2823962.666259480174631 ], [ 359261.412960951973218, 2823887.365762880071998 ], [ 359368.453645968984347, 2823870.945642740000039 ], [ 359494.01446151197888, 2823933.376019420102239 ], [ 359574.054992250981741, 2824047.286729120183736 ], [ 359595.765154802997131, 2824205.15772608993575 ], [ 359660.07557705999352, 2824268.23811609018594 ], [ 359754.656187332002446, 2824287.648224879987538 ], [ 359854.556835499010049, 2824332.498494049999863 ], [ 359928.717314671026543, 2824352.128607309889048 ], [ 360075.488235166005325, 2824200.147622440010309 ], [ 360174.338858044007793, 2824117.517084119841456 ], [ 360281.309541277005337, 2824090.896899459883571 ], [ 360347.689968323975336, 2824095.306917480193079 ], [ 360439.490556764998473, 2824086.696849210187793 ], [ 360587.541508345981129, 2824090.246849600225687 ], [ 360755.952589998021722, 2824088.486813339870423 ], [ 361025.434303131012712, 2823963.275979869998991 ], [ 361192.395349750004243, 2823783.034812999889255 ], [ 361252.067057645006571, 2823574.097848429810256 ], [ 361261.065741748025175, 2823443.172649260144681 ], [ 361455.006987719971221, 2823441.152607650030404 ], [ 361537.267481921997387, 2823203.141087200026959 ], [ 361554.007569560024422, 2823065.270211029797792 ], [ 361619.517975730996113, 2822962.589550610166043 ], [ 361873.58958878798876, 2822824.788639650214463 ], [ 362125.091185141005553, 2822684.467713139951229 ], [ 362180.101518830982968, 2822546.196828700136393 ], [ 362233.291853695991449, 2822497.186510220170021 ], [ 362304.362303854024503, 2822450.546204119920731 ], [ 362411.142983185010962, 2822400.9858742300421 ], [ 362599.744191384001169, 2822370.965656130108982 ], [ 362663.264594912005123, 2822337.145432409830391 ], [ 362850.505770693009254, 2822141.394164130091667 ], [ 362992.256661828025244, 2821999.673244980163872 ], [ 363246.068224956979975, 2821517.630152150057256 ], [ 363362.17894926702138, 2821360.869141379836947 ], [ 363620.620579059002921, 2821133.777663860004395 ], [ 363724.451232937979512, 2821035.797027490101755 ], [ 363876.202185227011796, 2820868.465944440104067 ], [ 364005.382999341003597, 2820749.815173310227692 ], [ 364109.163652311020996, 2820646.734504600055516 ], [ 364121.315310498990584, 2820572.664269059896469 ], [ 364182.435693759005517, 2820556.724159460049123 ], [ 364228.175978962972295, 2820533.294004530180246 ], [ 364380.128234616015106, 2820552.740642049815506 ], [ 364578.15819270000793, 2820578.084239630028605 ], [ 364844.26988325297134, 2820664.554750760085881 ], [ 364945.484540414006915, 2820743.423527299892157 ], [ 364975.41824633901706, 2820774.220242979936302 ], [ 365061.584427446010523, 2820880.035918150097132 ], [ 365181.079931133019272, 2820894.186364910099655 ], [ 365182.812047220009845, 2820870.1060068202205 ], [ 365172.041969697980676, 2820801.375572610180825 ], [ 365102.291515272983816, 2820697.554924109950662 ], [ 365116.909262234985363, 2820475.614511259831488 ], [ 365149.252607673988678, 2820336.211281539872289 ], [ 365182.641956089006271, 2820224.981916930060834 ], [ 365292.452650010003708, 2820234.031959069892764 ], [ 365430.873533595004119, 2820309.08241571020335 ], [ 365525.711945747025311, 2820347.107958460226655 ], [ 365619.139733090007212, 2820395.082934880163521 ], [ 365915.636589577014092, 2820296.362268019933254 ], [ 365996.797092907014303, 2820234.321863470133394 ], [ 366065.147514751995914, 2820167.301429119892418 ], [ 366038.777333942998666, 2820063.030771649908274 ], [ 366030.117262342013419, 2819940.729997409973294 ], [ 366039.682311694021337, 2819861.579494229983538 ], [ 366049.247361047018785, 2819782.428991049993783 ], [ 366081.517549354000948, 2819672.448289250023663 ], [ 366169.037025026977062, 2819595.741200360003859 ], [ 366258.978648806980345, 2819527.797347569838166 ], [ 366430.799725449993275, 2819475.001989129930735 ], [ 366500.660160784027539, 2819436.026732380036265 ], [ 366581.02064577298006, 2819277.085713460110128 ], [ 366585.060653268010356, 2819146.994887960143387 ], [ 366551.430433382978663, 2819091.254539110232145 ], [ 366474.569943280017469, 2819053.804312199819833 ], [ 366410.808241705992259, 2819057.024089970160276 ], [ 366364.307932690018788, 2818988.663663149811327 ], [ 366291.787447392998729, 2818858.097845579963177 ], [ 366219.266962075023912, 2818727.532027990091592 ], [ 366337.117684959026519, 2818471.310385920107365 ], [ 366297.817414383986033, 2818346.769601699896157 ], [ 366563.769092715985607, 2818101.748009189963341 ], [ 366576.339170437015127, 2818078.667860980145633 ], [ 366683.462296772981063, 2817768.76364136999473 ], [ 366683.772059370996431, 2817754.237411660142243 ], [ 366687.209816416027024, 2817593.02476448006928 ], [ 366542.188846043020021, 2817334.443145080003887 ], [ 366451.072406449005939, 2817210.743461159989238 ], [ 366407.987956052005757, 2817152.252008690033108 ], [ 366380.267739543982316, 2816882.250299809966236 ], [ 366528.638613712973893, 2816301.86659615021199 ], [ 366632.719274760980625, 2816234.48615359980613 ], [ 366661.70341328100767, 2816073.596703949850053 ], [ 366658.84940975898644, 2815997.064643390011042 ], [ 366753.010011978971306, 2815965.484429419972003 ], [ 366806.52035522897495, 2815954.72435342008248 ], [ 366895.540923654974904, 2815918.094108149874955 ], [ 366907.860995506984182, 2815864.413765760138631 ], [ 367004.491612271987833, 2815822.603486530017108 ], [ 367133.252418196003418, 2815652.962391530163586 ], [ 367227.27301714301575, 2815603.532064329832792 ], [ 367234.203049299016129, 2815514.21149653987959 ], [ 367194.982780556019861, 2815399.880776669830084 ], [ 367204.082820267998613, 2815264.639917150139809 ], [ 367254.013123049982823, 2815128.969048989936709 ], [ 367229.356897562975064, 2815026.706889300141484 ], [ 367165.723736769985408, 2814943.748144399840385 ], [ 366949.84234800201375, 2814757.306990949902683 ], [ 366817.711446919012815, 2814671.729897399898618 ], [ 366759.991132304014172, 2814634.346236790064722 ], [ 366642.380386019998696, 2814607.526082799769938 ], [ 366569.986982943024486, 2814550.475316309835762 ], [ 366524.229627111984883, 2814514.415508219972253 ], [ 366474.969303047982976, 2814420.584919549990445 ], [ 366521.599565860989969, 2814193.153469730168581 ], [ 366710.830723965016659, 2813928.531764130108058 ], [ 366794.331239075982012, 2813840.961196800228208 ], [ 366862.061646859976463, 2813697.450276589952409 ], [ 366877.671707215020433, 2813421.898525440134108 ], [ 366728.289471426978707, 2813252.617215639911592 ], [ 366575.438724751991685, 2813117.146722829900682 ], [ 366482.749179876991548, 2813186.337148250080645 ], [ 366332.116907466028351, 2813177.706797509919852 ], [ 366122.866906245995779, 2813179.897157220169902 ], [ 365893.964097439020406, 2813274.087473 ], [ 365789.573428885021713, 2813303.227673170156777 ], [ 365672.092670242011081, 2813291.697617089841515 ], [ 365572.682031643984374, 2813305.487719119992107 ], [ 365447.871231621014886, 2813334.847923700232059 ], [ 365259.730031671002507, 2813420.958497770130634 ], [ 365133.080662083986681, 2813225.937587270047516 ], [ 365037.791804532986134, 2812980.227788189891726 ], [ 364935.882260704995133, 2812717.44602994993329 ], [ 364874.02248097100528, 2812421.114358449820429 ], [ 364858.846606325008906, 2812348.404125900007784 ], [ 364850.582074750971515, 2812308.826553499791771 ], [ 364823.388558768026996, 2812178.600982009898871 ], [ 364822.317017522989772, 2812046.019833249971271 ], [ 364875.337349248991814, 2811976.619384849909693 ], [ 364958.437865309009794, 2811840.598509049974382 ], [ 365110.350302999024279, 2811693.667863020207733 ], [ 365105.919493380992208, 2811638.972903360147029 ], [ 365085.801474865991622, 2811546.903034119866788 ], [ 364935.007661600015126, 2811471.106166409794241 ], [ 364694.496100823977031, 2811394.57571577001363 ], [ 364456.434554068022408, 2811305.265183669980615 ], [ 364244.173178686993197, 2811251.384872789960355 ], [ 364042.251872156979516, 2811212.694656880106777 ], [ 363964.815306044998579, 2811070.59639398008585 ], [ 363793.540204118005931, 2810756.301795510109514 ], [ 363683.609447524009738, 2810420.859681569971144 ], [ 363523.928392842994072, 2810241.488566089887172 ], [ 363400.207574196974747, 2810092.337637189775705 ], [ 363316.79702845599968, 2810034.557282600086182 ], [ 363233.386482706002425, 2809976.776928020175546 ], [ 355402.10675815900322, 2814431.756398600060493 ], [ 354648.164712616009638, 2814921.569868510123342 ], [ 354476.260915259015746, 2815119.710907829925418 ], [ 354322.924534404999577, 2815229.186609719879925 ], [ 353867.399619185016491, 2815405.268044529948384 ], [ 353043.771796551009174, 2815642.124446719884872 ], [ 352721.262672776007093, 2815713.495120009873062 ], [ 352655.734760186984204, 2815719.702669369988143 ], [ 352552.278612472000532, 2815456.013343589846045 ], [ 352512.208321377984248, 2815237.141961410176009 ], [ 346241.921125610009767, 2816948.61423930991441 ], [ 343208.751014498993754, 2817663.24530194979161 ], [ 340419.071059948997572, 2818320.562117619905621 ], [ 340659.106003834982403, 2819858.888390630017966 ], [ 340696.538004198984709, 2820098.776662149932235 ], [ 340790.795209212985355, 2820734.834918249864131 ], [ 340603.023323368979618, 2820860.395187799818814 ], [ 340236.741004936979152, 2821007.016178709920496 ], [ 339980.239389948023017, 2821160.147192370146513 ], [ 339655.617355368973222, 2821408.328819840215147 ], [ 339551.456803087028675, 2822090.253157829865813 ], [ 339576.156996263016481, 2822301.634492760058492 ], [ 339565.106960497971158, 2822510.845819939859211 ], [ 339483.90645086101722, 2822567.796194470021874 ], [ 337001.090639878995717, 2822909.92878544004634 ], [ 336982.300606150995009, 2823420.112019990105182 ], [ 340363.41226255800575, 2823703.523239620029926 ], [ 340590.127862242981791, 2823664.925170649774373 ], [ 340796.894093315990176, 2826212.071132380049676 ], [ 340245.654271357983816, 2826134.288076910190284 ], [ 339819.08858851500554, 2826312.159872729796916 ], [ 337408.260445721971337, 2826232.016032840125263 ], [ 337177.985832892009057, 2829149.668277959804982 ], [ 336064.193945393024478, 2829095.056003049947321 ], [ 335589.784336777986027, 2829392.533067190088332 ], [ 335451.788963909028098, 2829017.79845531983301 ], [ 334338.583030852023512, 2829027.362647280097008 ], [ 333515.008508298022207, 2830475.720075729768723 ], [ 333596.834479329001624, 2830507.468338329810649 ], [ 333689.385076194012072, 2830590.643849030137062 ], [ 333743.975440650014207, 2830712.474610799923539 ], [ 333833.066050031979103, 2830997.136397200170904 ], [ 333954.746852306008805, 2831210.057724019978195 ], [ 334144.406042037007865, 2831413.705369890201837 ], [ 334343.549371492001228, 2831631.830327299889177 ], [ 334531.998222456022631, 2831740.144628109876066 ], [ 335036.278755864012055, 2831772.48610070021823 ] ] ] ] } },
{ "type": "Feature", "properties": { "gid": 163, "_id": 2662.0, "entidad": 19.0, "distrito": 1.0, "distrito_l": 19.0, "municipio": 48.0, "seccion": 2792.0, "tipo": 2.0, "_control": 3414.0 }, "geometry": { "type": "MultiPolygon", "coordinates": [ [ [ [ 349128.565699219005182, 2843521.249980940017849 ], [ 349119.950921655981801, 2843480.399261880200356 ], [ 349113.559312624973245, 2843440.382230979856104 ], [ 349104.388743015006185, 2843398.975719839800149 ], [ 349092.913754092005547, 2843349.120891639962792 ], [ 349121.340401894005481, 2843342.284926060121506 ], [ 349133.330474712012801, 2843339.763936390168965 ], [ 349125.518526519008446, 2843297.881229040212929 ], [ 349032.304559935990255, 2843316.771476130001247 ], [ 348998.489404586027376, 2843323.931034890003502 ], [ 348872.434291190991644, 2843349.498440839815885 ], [ 348823.08530419197632, 2843360.152563670184463 ], [ 348824.908151192998048, 2843363.740836889948696 ], [ 348833.497185671003535, 2843391.337902910076082 ], [ 348889.06416900100885, 2843566.496616329997778 ], [ 348893.344935722008813, 2843569.900863110087812 ], [ 348895.078053337987512, 2843574.508150700014085 ], [ 349074.624276396003552, 2843727.506310599856079 ], [ 349088.18886684597237, 2843743.23578354017809 ], [ 349188.591245572024491, 2843727.170952459797263 ], [ 349241.965041465999093, 2843717.279474639799446 ], [ 349238.334638165018987, 2843701.951886110007763 ], [ 349230.067230715998448, 2843661.587485149968415 ], [ 349222.841933452989906, 2843629.629439639858902 ], [ 349215.338740188977681, 2843590.723992920015007 ], [ 349207.279754785005935, 2843547.372209439985454 ], [ 349249.24205801502103, 2843539.869016150012612 ], [ 349240.627280506014358, 2843499.296193149872124 ], [ 349128.565699219005182, 2843521.249980940017849 ] ] ] ] } },
{ "type": "Feature", "properties": { "gid": 164, "_id": 2663.0, "entidad": 19.0, "distrito": 1.0, "distrito_l": 19.0, "municipio": 48.0, "seccion": 2793.0, "tipo": 2.0, "_control": 3411.0 }, "geometry": { "type": "MultiPolygon", "coordinates": [ [ [ [ 349519.28754257899709, 2843215.911698250100017 ], [ 349521.927555067988578, 2843198.265299209859222 ], [ 349483.790773250977509, 2843008.498023869935423 ], [ 349466.400944914028514, 2843014.645732540171593 ], [ 349405.615686336008366, 2843009.773630899842829 ], [ 349275.293575933028478, 2843022.658091200049967 ], [ 349089.729490538011305, 2843088.721419970039278 ], [ 348976.604355615971144, 2843112.468683740124106 ], [ 348913.556620681018103, 2843129.998723039869219 ], [ 348800.423843980999663, 2843299.633624389767647 ], [ 348796.125926652981434, 2843301.509162920061499 ], [ 348796.897711783007253, 2843311.431156000122428 ], [ 348802.031807822000701, 2843341.602825549896806 ], [ 348807.200982520007528, 2843344.14418372977525 ], [ 348889.991942008025944, 2843325.750111199915409 ], [ 348920.069422026979737, 2843320.85275387018919 ], [ 349027.689433826017193, 2843298.51629851013422 ], [ 349032.304559935990255, 2843316.771476130001247 ], [ 349125.518526519008446, 2843297.881229040212929 ], [ 349133.330474712012801, 2843339.763936390168965 ], [ 349121.340401894005481, 2843342.284926060121506 ], [ 349092.913754092005547, 2843349.120891639962792 ], [ 349104.388743015006185, 2843398.975719839800149 ], [ 349113.559312624973245, 2843440.382230979856104 ], [ 349119.950921655981801, 2843480.399261880200356 ], [ 349128.565699219005182, 2843521.249980940017849 ], [ 349240.627280506014358, 2843499.296193149872124 ], [ 349249.24205801502103, 2843539.869016150012612 ], [ 349207.279754785005935, 2843547.372209439985454 ], [ 349215.338740188977681, 2843590.723992920015007 ], [ 349222.841933452989906, 2843629.629439639858902 ], [ 349230.067230715998448, 2843661.587485149968415 ], [ 349238.334638165018987, 2843701.951886110007763 ], [ 349241.965041465999093, 2843717.279474639799446 ], [ 349333.652982571977191, 2843699.659243709873408 ], [ 349424.798153385985643, 2843682.734969620127231 ], [ 349428.409077242016792, 2843693.567741230130196 ], [ 349440.686218440998346, 2843694.590836320072412 ], [ 349454.648457385017537, 2843690.979912450071424 ], [ 349462.171215437992942, 2843688.933722259942442 ], [ 349465.962685537000652, 2843668.351456199772656 ], [ 349636.951923532993533, 2843532.147889100015163 ], [ 349621.707496408023871, 2843326.172113489825279 ], [ 349619.057011857978068, 2843198.948858149815351 ], [ 349618.526629812025931, 2843196.363188129849732 ], [ 349519.28754257899709, 2843215.911698250100017 ] ] ] ] } },
{ "type": "Feature", "properties": { "gid": 170, "_id": 2665.0, "entidad": 19.0, "distrito": 1.0, "distrito_l": 19.0, "municipio": 48.0, "seccion": 2795.0, "tipo": 2.0, "_control": 3424.0 }, "geometry": { "type": "MultiPolygon", "coordinates": [ [ [ [ 352091.495770841022022, 2841664.456620989833027 ], [ 352001.086742718995083, 2841663.576144060119987 ], [ 351986.889609632024076, 2841663.437880789861083 ], [ 351757.12576900102431, 2841661.200252959970385 ], [ 351674.955184843973257, 2841660.400008750148118 ], [ 351622.064853905991185, 2841659.884919549804181 ], [ 351563.035855582973454, 2841659.31004700018093 ], [ 351547.371155223983806, 2841659.157491370104253 ], [ 351522.424658211995848, 2841658.914542030077428 ], [ 351504.508415027987212, 2841658.740059040021151 ], [ 351411.023492021020502, 2841657.829626590013504 ], [ 351311.532598787976895, 2841656.860703099984676 ], [ 351294.531401317974087, 2841656.695131570100784 ], [ 351178.269600589002948, 2841655.562879330012947 ], [ 351150.364554208004847, 2841655.291117229964584 ], [ 351062.0077998630004, 2841654.430627100169659 ], [ 350990.898776414978784, 2841653.738109449855983 ], [ 350919.789752964978106, 2841653.045591800007969 ], [ 350739.020804724015761, 2841651.285116420127451 ], [ 350614.44869774201652, 2841657.102625139988959 ], [ 350523.045781248016283, 2841678.36527507007122 ], [ 350498.524282143975142, 2841688.548886320088059 ], [ 350461.16823667101562, 2841704.062201370019466 ], [ 350437.539922379015479, 2841713.87462875014171 ], [ 350436.8027039829758, 2841730.203916360158473 ], [ 350447.17051361798076, 2841773.845425240229815 ], [ 350530.310101546987426, 2842206.00397791992873 ], [ 350550.305698663985822, 2842304.956548170186579 ], [ 350552.923205939994659, 2842318.691715420223773 ], [ 350550.548560213996097, 2842324.736268389970064 ], [ 350537.164204403001349, 2842328.406172379851341 ], [ 350544.099239490984473, 2842371.284657509997487 ], [ 350499.139549628016539, 2842379.648734440095723 ], [ 350451.919806685007643, 2842389.418316409923136 ], [ 350413.439750090008602, 2842397.783578800037503 ], [ 350429.674314061994664, 2842492.470951870083809 ], [ 350332.879076677025296, 2842428.120844719931483 ], [ 350309.795556702010799, 2842420.317964720074087 ], [ 350282.59136982599739, 2842417.131512380205095 ], [ 350301.588536205003038, 2842537.159064180217683 ], [ 350333.93101314100204, 2842712.051821690052748 ], [ 350338.537895318993833, 2842738.977090329863131 ], [ 350268.555652918992564, 2842753.375371220055968 ], [ 350166.744563595973887, 2842786.568885569926351 ], [ 350177.579781885026023, 2842812.420098950155079 ], [ 350150.611180712992791, 2842828.088257529772818 ], [ 349980.124033007014077, 2842954.486036640126258 ], [ 349880.954822228988633, 2842976.384600540157408 ], [ 349809.628071247017942, 2842999.534510939847678 ], [ 349771.525636927981395, 2843000.840226919855922 ], [ 349684.806257068004925, 2842957.301566290203482 ], [ 349598.463348033023067, 2842888.790344960056245 ], [ 349488.997009841026738, 2842891.666149289812893 ], [ 349463.005088548990898, 2842900.052463530097157 ], [ 349462.362325040972792, 2842900.446886579971761 ], [ 349483.790773250977509, 2843008.498023869935423 ], [ 349521.927555067988578, 2843198.265299209859222 ], [ 349519.28754257899709, 2843215.911698250100017 ], [ 349618.526629812025931, 2843196.363188129849732 ], [ 349835.390903980995063, 2843154.066437189932913 ], [ 350074.039838359982241, 2843105.139885739888996 ], [ 350690.725580273021478, 2842976.663689500186592 ], [ 350974.957165140018333, 2842921.313328240066767 ], [ 351087.417835574015044, 2842896.674057730007917 ], [ 351181.39905310497852, 2842878.370599640067667 ], [ 351271.860374845971819, 2842863.93902690988034 ], [ 351642.50540121900849, 2842793.893100739922374 ], [ 351678.41032277001068, 2842773.668723979964852 ], [ 351721.162709454016294, 2842730.450390209909528 ], [ 351730.361943698022515, 2842722.994477959815413 ], [ 351766.818393800989725, 2842687.880520329810679 ], [ 351783.586537702009082, 2842662.516879110131413 ], [ 351792.83753824501764, 2842646.602248849812895 ], [ 351829.412348164012656, 2842583.891328359954059 ], [ 351867.442539571027737, 2842517.887910350225866 ], [ 351942.762006290024146, 2842407.076177020091563 ], [ 352013.700196892023087, 2842316.716025609988719 ], [ 352106.118848339014221, 2842228.977572950068861 ], [ 352126.675364274007734, 2842203.405374790076166 ], [ 352164.04790566401789, 2842171.957720669917762 ], [ 352211.162433575023897, 2842131.835348939988762 ], [ 352260.8594239759841, 2842090.241128719877452 ], [ 352372.438266849028878, 2841999.601113279815763 ], [ 352421.418659084010869, 2841968.944100560154766 ], [ 352442.574594523000997, 2841928.35924491006881 ], [ 352452.936685283028055, 2841905.476294400170445 ], [ 352466.321052560990211, 2841881.72983630001545 ], [ 352460.844043009972665, 2841668.053898340091109 ], [ 352300.260020354005974, 2841666.489737720228732 ], [ 352198.996829672018066, 2841665.503554080147296 ], [ 352091.495770841022022, 2841664.456620989833027 ] ] ] ] } },
{ "type": "Feature", "properties": { "gid": 171, "_id": 2666.0, "entidad": 19.0, "distrito": 1.0, "distrito_l": 19.0, "municipio": 48.0, "seccion": 2796.0, "tipo": 2.0, "_control": 3425.0 }, "geometry": { "type": "MultiPolygon", "coordinates": [ [ [ [ 349810.274409032019321, 2841977.712469540070742 ], [ 349841.119141308998223, 2842141.135340599808842 ], [ 349850.554247873020358, 2842192.687006549909711 ], [ 349758.374815145973116, 2842206.287250730209053 ], [ 349776.355419920000713, 2842303.876944719813764 ], [ 349778.707260432012845, 2842316.566052560228854 ], [ 349794.000290811003651, 2842399.077986639924347 ], [ 349780.921685349021573, 2842401.827152320183814 ], [ 349796.209014489024412, 2842485.712475650012493 ], [ 349805.131215412984602, 2842533.428894709795713 ], [ 349812.33860250597354, 2842579.759209290146828 ], [ 349821.487497200025246, 2842625.720171960070729 ], [ 349833.283324870979413, 2842622.623819530010223 ], [ 349840.968139597971458, 2842669.934403739869595 ], [ 349848.942575906985439, 2842716.485665679909289 ], [ 349857.851085568021517, 2842762.629304840229452 ], [ 349871.809169473999646, 2842837.881004130002111 ], [ 349860.414003789017443, 2842837.850249680224806 ], [ 349812.378787720983382, 2842837.720607249997556 ], [ 349752.263487672025803, 2842837.558361830189824 ], [ 349706.96039954997832, 2842837.436093150172383 ], [ 349685.337759334011935, 2842838.486574590206146 ], [ 349663.093753357999958, 2842838.421828479971737 ], [ 349620.005741945991758, 2842837.381856549996883 ], [ 349578.447785864002071, 2842837.903599029872566 ], [ 349535.563522710988764, 2842837.229108389932662 ], [ 349493.067524563986808, 2842836.748384430073202 ], [ 349446.303361903002951, 2842835.964092889800668 ], [ 349452.562314364011399, 2842881.673038510140032 ], [ 349453.634601222991478, 2842887.02172550978139 ], [ 349462.179904741991777, 2842899.527047669980675 ], [ 349462.362325040972792, 2842900.446886579971761 ], [ 349463.005088548990898, 2842900.052463530097157 ], [ 349488.997009841026738, 2842891.666149289812893 ], [ 349598.463348033023067, 2842888.790344960056245 ], [ 349684.806257068004925, 2842957.301566290203482 ], [ 349771.525636927981395, 2843000.840226919855922 ], [ 349809.628071247017942, 2842999.534510939847678 ], [ 349880.954822228988633, 2842976.384600540157408 ], [ 349980.124033007014077, 2842954.486036640126258 ], [ 350150.611180712992791, 2842828.088257529772818 ], [ 350177.579781885026023, 2842812.420098950155079 ], [ 350166.744563595973887, 2842786.568885569926351 ], [ 350268.555652918992564, 2842753.375371220055968 ], [ 350338.537895318993833, 2842738.977090329863131 ], [ 350333.93101314100204, 2842712.051821690052748 ], [ 350301.588536205003038, 2842537.159064180217683 ], [ 350282.59136982599739, 2842417.131512380205095 ], [ 350309.795556702010799, 2842420.317964720074087 ], [ 350332.879076677025296, 2842428.120844719931483 ], [ 350429.674314061994664, 2842492.470951870083809 ], [ 350413.439750090008602, 2842397.783578800037503 ], [ 350451.919806685007643, 2842389.418316409923136 ], [ 350499.139549628016539, 2842379.648734440095723 ], [ 350544.099239490984473, 2842371.284657509997487 ], [ 350537.164204403001349, 2842328.406172379851341 ], [ 350550.548560213996097, 2842324.736268389970064 ], [ 350552.923205939994659, 2842318.691715420223773 ], [ 350550.305698663985822, 2842304.956548170186579 ], [ 350530.310089386999607, 2842206.003914330154657 ], [ 350447.17051361798076, 2841773.845425240229815 ], [ 350436.8027039829758, 2841730.203916360158473 ], [ 350437.539922379015479, 2841713.87462875014171 ], [ 350367.743478271993808, 2841742.859616519883275 ], [ 350272.969173858000431, 2841782.217734440229833 ], [ 350156.97774246201152, 2841830.386955650057644 ], [ 350091.414156023005489, 2841857.614371169824153 ], [ 350008.709839603980072, 2841892.910965169779956 ], [ 349902.940328706987202, 2841938.111631270032376 ], [ 349833.353802839003038, 2841967.849476280156523 ], [ 349810.274409032019321, 2841977.712469540070742 ] ] ] ] } },
{ "type": "Feature", "properties": { "gid": 172, "_id": 2667.0, "entidad": 19.0, "distrito": 1.0, "distrito_l": 19.0, "municipio": 48.0, "seccion": 2797.0, "tipo": 2.0, "_control": 3426.0 }, "geometry": { "type": "MultiPolygon", "coordinates": [ [ [ [ 349315.557194583001547, 2842189.672030940186232 ], [ 349355.8865374349989, 2842365.911825510207564 ], [ 349363.498185968026519, 2842402.701459909789264 ], [ 349377.247925079020206, 2842477.333476820029318 ], [ 349396.561700464983005, 2842491.853545329999179 ], [ 349404.064893761998974, 2842508.805204260163009 ], [ 349405.732269977976102, 2842526.590551329776645 ], [ 349397.54574466397753, 2842565.763137840200216 ], [ 349382.734882274991833, 2842568.174195049796253 ], [ 349339.87090665200958, 2842574.110775529872626 ], [ 349298.742291542002931, 2842580.780280670151114 ], [ 349288.123787511023693, 2842582.233339120168239 ], [ 349272.342167022987269, 2842584.392929300200194 ], [ 349199.25550640799338, 2842593.00770677998662 ], [ 349200.855473530013114, 2842621.023457540199161 ], [ 349238.874519426026382, 2842618.429371839854866 ], [ 349276.788503765012138, 2842616.350974820088595 ], [ 349316.936600735003594, 2842811.937846090178937 ], [ 349321.215905153017957, 2842814.975749739911407 ], [ 349321.976251957996283, 2842831.451485710218549 ], [ 349328.101611552992836, 2842842.142041199840605 ], [ 349346.944892639992759, 2842840.769342250190675 ], [ 349394.507054630026687, 2842838.121551789809018 ], [ 349436.087171601015143, 2842836.55249076988548 ], [ 349442.826170147978701, 2842836.559141240082681 ], [ 349446.303361903002951, 2842835.964092889800668 ], [ 349493.067524563986808, 2842836.748384430073202 ], [ 349535.563522710988764, 2842837.229108389932662 ], [ 349578.447785864002071, 2842837.903599029872566 ], [ 349620.005741945991758, 2842837.381856549996883 ], [ 349663.093753357999958, 2842838.421828479971737 ], [ 349685.337759334011935, 2842838.486574590206146 ], [ 349706.96039954997832, 2842837.436093150172383 ], [ 349752.263487672025803, 2842837.558361830189824 ], [ 349812.378787720983382, 2842837.720607249997556 ], [ 349860.414003789017443, 2842837.850249680224806 ], [ 349871.809169473999646, 2842837.881004130002111 ], [ 349857.851085568021517, 2842762.629304840229452 ], [ 349848.942575906985439, 2842716.485665679909289 ], [ 349840.968139597971458, 2842669.934403739869595 ], [ 349833.283324870979413, 2842622.623819530010223 ], [ 349821.487497200025246, 2842625.720171960070729 ], [ 349812.33860250597354, 2842579.759209290146828 ], [ 349805.131215412984602, 2842533.428894709795713 ], [ 349796.209014489024412, 2842485.712475650012493 ], [ 349780.921685349021573, 2842401.827152320183814 ], [ 349794.000290811003651, 2842399.077986639924347 ], [ 349778.707260432012845, 2842316.566052560228854 ], [ 349776.355419920000713, 2842303.876944719813764 ], [ 349758.374815145973116, 2842206.287250730209053 ], [ 349850.554247873020358, 2842192.687006549909711 ], [ 349841.119141308998223, 2842141.135340599808842 ], [ 349810.274409032019321, 2841977.712469540070742 ], [ 349725.66030187899014, 2842013.872360739856958 ], [ 349709.272484340996016, 2842020.875704740174115 ], [ 349620.497998928010929, 2842058.813536180183291 ], [ 349553.328047701972537, 2842087.520611669868231 ], [ 349532.145990015007555, 2842096.582518389914185 ], [ 349408.415456070972141, 2842149.458839850034565 ], [ 349385.894382560974918, 2842159.083234780002385 ], [ 349371.247884552984033, 2842165.342424910049886 ], [ 349315.557194583001547, 2842189.672030940186232 ] ] ] ] } },
{ "type": "Feature", "properties": { "gid": 173, "_id": 2668.0, "entidad": 19.0, "distrito": 1.0, "distrito_l": 19.0, "municipio": 48.0, "seccion": 2798.0, "tipo": 2.0, "_control": 3427.0 }, "geometry": { "type": "MultiPolygon", "coordinates": [ [ [ [ 352705.683881881996058, 2842583.979304099921137 ], [ 352846.456880414974876, 2842447.996707050129771 ], [ 352874.019656561024021, 2842421.50688262982294 ], [ 352977.254679579986259, 2842322.212022440042347 ], [ 352987.192652371013537, 2842312.654944399837404 ], [ 353086.8220437039854, 2842195.690477199852467 ], [ 353093.141391417011619, 2842188.271590780001134 ], [ 353107.245524021971505, 2842171.713401140179485 ], [ 353142.404347718984354, 2842130.437096769921482 ], [ 353183.864054427016526, 2842073.112675569951534 ], [ 353211.8151235919795, 2842059.674656020011753 ], [ 353259.423489907989278, 2842036.786008940078318 ], [ 353313.186933800985571, 2842006.998143509961665 ], [ 353329.318871651019435, 2841981.971882089972496 ], [ 353355.235799429006875, 2841959.829256820026785 ], [ 353400.370891307014972, 2841921.26722374977544 ], [ 353467.575202054984402, 2841923.44681312981993 ], [ 353528.042188288003672, 2841925.407895680051297 ], [ 353687.625888485985342, 2841863.279152940027416 ], [ 353727.895416878978722, 2841847.601516889873892 ], [ 353774.874332787992898, 2841839.023572729900479 ], [ 353857.294642995984759, 2841835.095293989870697 ], [ 353894.684067192021757, 2841826.536263090092689 ], [ 353923.030689761973917, 2841820.047272589989007 ], [ 353945.998706942016724, 2841820.44326950982213 ], [ 353976.633133307972457, 2841814.247537930030376 ], [ 354021.556661361013539, 2841798.48303656000644 ], [ 354018.445676469011232, 2841769.735771279782057 ], [ 354015.334691577008925, 2841740.988506009802222 ], [ 353927.507647987978999, 2841487.927645990159363 ], [ 353918.162323535012547, 2841467.901957840193063 ], [ 353903.234337504021823, 2841431.549108690116554 ], [ 353900.725134046981111, 2841394.312879700213671 ], [ 353744.410663075977936, 2841446.247058650013059 ], [ 353530.940123062988278, 2841501.841727830003947 ], [ 353317.496431188017596, 2841557.429404879920185 ], [ 353147.283518658019602, 2841597.640462660230696 ], [ 353106.429833312984556, 2841607.29564436012879 ], [ 353033.127761550014839, 2841624.619536079932004 ], [ 352941.004541265021544, 2841644.337757990229875 ], [ 352867.230677755025681, 2841660.128450139891356 ], [ 352810.634356372989714, 2841672.242429870180786 ], [ 352785.137878097011708, 2841671.893166829831898 ], [ 352485.445992965018377, 2841668.293229979928583 ], [ 352460.844043009972665, 2841668.053898340091109 ], [ 352466.321052560990211, 2841881.72983630001545 ], [ 352473.157205322000664, 2841888.637387880124152 ], [ 352484.076181554002687, 2841906.202697409782559 ], [ 352516.431702810979914, 2841981.010986019857228 ], [ 352530.359697473992128, 2842082.290745450183749 ], [ 352586.448356717999559, 2842465.83476473018527 ], [ 352705.683881881996058, 2842583.979304099921137 ] ] ] ] } },
{ "type": "Feature", "properties": { "gid": 174, "_id": 2837.0, "entidad": 19.0, "distrito": 1.0, "distrito_l": 19.0, "municipio": 48.0, "seccion": 2968.0, "tipo": 2.0, "_control": 3859.0 }, "geometry": { "type": "MultiPolygon", "coordinates": [ [ [ [ 350978.844259486999363, 2840994.343410439789295 ], [ 350959.876180083025247, 2840947.287866769824177 ], [ 350955.863670153019484, 2840936.527063949964941 ], [ 350944.190992456977256, 2840906.433376090135425 ], [ 350936.165950598020572, 2840888.559527430217713 ], [ 350928.505796590005048, 2840870.320895500015467 ], [ 350916.468265737988986, 2840839.132870549801737 ], [ 350912.455812054977287, 2840830.196007169783115 ], [ 350896.153405688994098, 2840788.805584259796888 ], [ 350878.532029499008786, 2840753.95859574014321 ], [ 350808.692518335999921, 2840779.821495439857244 ], [ 350765.700847818981856, 2840795.802605490200222 ], [ 350727.20091658399906, 2840810.560866329818964 ], [ 350711.129750864987727, 2840815.726187549997121 ], [ 350693.48470480699325, 2840821.615550810005516 ], [ 350587.370335736020934, 2840864.095080739818513 ], [ 350549.272378526977263, 2840881.417705089785159 ], [ 350502.033783302991651, 2840900.372491850052029 ], [ 350459.137097790022381, 2840917.584962519817054 ], [ 350391.604284328990616, 2840944.682691600173712 ], [ 350407.811968315974809, 2840983.677006300073117 ], [ 350422.937973516993225, 2841021.94343581981957 ], [ 350439.250900914019439, 2841060.396005900111049 ], [ 350456.577002293022815, 2841099.998439920134842 ], [ 350474.521854777005501, 2841139.600785970222205 ], [ 350669.655360737990122, 2841060.216188540216535 ], [ 350687.705251868988853, 2841106.627466440200806 ], [ 350741.555107738007791, 2841084.549136430025101 ], [ 350751.291664131975267, 2841080.88212828990072 ], [ 350753.709854785003699, 2841086.353619019966573 ], [ 350766.580859564011917, 2841118.778636990115047 ], [ 350773.092544617014937, 2841122.577531979884952 ], [ 350789.368882105976809, 2841161.948551049921662 ], [ 350805.645130200020503, 2841201.31958728004247 ], [ 350852.92947194701992, 2841182.973260589875281 ], [ 350865.725457548978738, 2841222.150638760067523 ], [ 350876.603848811995704, 2841217.58765253983438 ], [ 350891.865469622018281, 2841258.506539899855852 ], [ 351003.239810387021862, 2841214.140185240190476 ], [ 351016.870848188002128, 2841253.922445559874177 ], [ 351046.147415975981858, 2841240.016640299931169 ], [ 351066.080710924987216, 2841222.066992470063269 ], [ 351070.229155966022518, 2841218.331376870162785 ], [ 351058.729428899008781, 2841192.049931969959289 ], [ 351043.4089139829739, 2841154.113637700211257 ], [ 351028.088494686991908, 2841114.718213240150362 ], [ 351012.038540546025615, 2841074.958013189956546 ], [ 350994.89431359001901, 2841033.738791049923748 ], [ 350978.844259486999363, 2840994.343410439789295 ] ] ] ] } },
{ "type": "Feature", "properties": { "gid": 176, "_id": 2780.0, "entidad": 19.0, "distrito": 1.0, "distrito_l": 19.0, "municipio": 48.0, "seccion": 2911.0, "tipo": 2.0, "_control": 3717.0 }, "geometry": { "type": "MultiPolygon", "coordinates": [ [ [ [ 354021.556661378010176, 2841798.483036569785327 ], [ 354021.516159783990588, 2841850.288300670217723 ], [ 354033.048137867997866, 2841858.304137030150741 ], [ 354066.331976677989587, 2841847.949214589782059 ], [ 354106.981612726987805, 2841828.044901969842613 ], [ 354143.614221549010836, 2841810.107548320200294 ], [ 354201.788136920018587, 2841930.721424620132893 ], [ 354264.373913623974659, 2842060.352379910182208 ], [ 354283.148372985015158, 2842049.131170019973069 ], [ 354316.487853176018689, 2842029.204783060122281 ], [ 354330.469404168019537, 2842021.030082880053669 ], [ 354353.823673275997862, 2842007.375364040024579 ], [ 354363.284821341978386, 2842003.20640855981037 ], [ 354368.270552392990794, 2842001.009498570114374 ], [ 354374.547403704025783, 2841998.243669989984483 ], [ 354385.623461756971665, 2841993.363121400121599 ], [ 354395.195482300012372, 2841989.145311139989644 ], [ 354432.950072338979226, 2841972.509147769771516 ], [ 354471.07048528600717, 2841955.711788380052894 ], [ 354507.791712154983543, 2841939.530965640209615 ], [ 354547.26851257198723, 2841922.135928379837424 ], [ 354590.564756295992993, 2841903.057893550023437 ], [ 354624.590826985018793, 2841888.06466306000948 ], [ 354712.381750324973837, 2841849.380515249911696 ], [ 354738.918090494989883, 2841837.687555809970945 ], [ 354912.739636831975076, 2841760.310681790113449 ], [ 355078.975605298008304, 2841687.903285489883274 ], [ 355097.473519193008542, 2841660.072414469905198 ], [ 355144.560729306016583, 2841589.227773330174387 ], [ 355150.524015949980821, 2841580.255763719789684 ], [ 355179.302472239010967, 2841531.979756089858711 ], [ 355192.773059464001562, 2841509.382777119986713 ], [ 355197.626363366027363, 2841501.975997069850564 ], [ 355209.578028139017988, 2841483.595833320170641 ], [ 355216.048577454988845, 2841473.666883450001478 ], [ 355242.734991291014012, 2841432.717027070000768 ], [ 355282.055770587001462, 2841372.379947890061885 ], [ 355317.803241358022206, 2841317.526050960179418 ], [ 355344.55883240501862, 2841276.619925320148468 ], [ 355360.829511702002492, 2841251.74398647993803 ], [ 355437.693026386026759, 2841136.653542929794639 ], [ 355443.591099952987861, 2841126.926633560098708 ], [ 355457.849503640027251, 2841103.411924690008163 ], [ 355463.624503149010707, 2841094.582635330036283 ], [ 355485.393917669018265, 2841061.299782279878855 ], [ 355440.272723963018507, 2841082.233892930205911 ], [ 355378.330890331009869, 2841144.103694240096956 ], [ 355349.647354736982379, 2841177.694489790126681 ], [ 355317.26372365700081, 2841203.850499509833753 ], [ 355287.218342837993987, 2841213.537739050108939 ], [ 355249.202417830994818, 2841217.936275819782168 ], [ 355130.722517593007069, 2841223.837384319864213 ], [ 355088.087257603008766, 2841233.743082049768418 ], [ 355062.761597300996073, 2841242.046577190048993 ], [ 355023.41542578098597, 2841262.160325849894434 ], [ 354907.040317156992387, 2841357.107420079875737 ], [ 354830.183441213972401, 2841414.908872229978442 ], [ 354766.96722451900132, 2841459.704939240124077 ], [ 354728.356893002986908, 2841486.856720780022442 ], [ 354698.67537752300268, 2841507.729528420139104 ], [ 354678.516017525980715, 2841522.45399134978652 ], [ 354646.341315624013077, 2841545.954499669838697 ], [ 354590.354094946000259, 2841568.272824630141258 ], [ 354532.300441097002476, 2841575.079115089960396 ], [ 354470.643456893973053, 2841578.682445339858532 ], [ 354385.36464117502328, 2841586.289475849829614 ], [ 354336.919988478010055, 2841596.298701600171626 ], [ 354286.47407108702464, 2841617.517990270163864 ], [ 354251.641052166989539, 2841642.741649630013853 ], [ 354213.605899613001384, 2841679.175322069786489 ], [ 354198.792208646016661, 2841693.188273020088673 ], [ 354181.976667504990473, 2841719.212324759922922 ], [ 354163.559646296023857, 2841744.435636450070888 ], [ 354150.747805429971777, 2841760.450437529943883 ], [ 354133.932264307979494, 2841772.06116831023246 ], [ 354101.101922093017492, 2841793.280779730062932 ], [ 354064.267879610008094, 2841802.889660379849374 ], [ 354021.556661378010176, 2841798.483036569785327 ] ] ] ] } },
{ "type": "Feature", "properties": { "gid": 178, "_id": 2781.0, "entidad": 19.0, "distrito": 1.0, "distrito_l": 19.0, "municipio": 48.0, "seccion": 2912.0, "tipo": 2.0, "_control": 3718.0 }, "geometry": { "type": "MultiPolygon", "coordinates": [ [ [ [ 355219.086043426999822, 2840558.523274169769138 ], [ 355153.321095629013143, 2840573.469863819889724 ], [ 355060.350439022004139, 2840612.120603430084884 ], [ 354994.539749638992362, 2840631.968217810150236 ], [ 354906.977011355978902, 2840691.206528690177947 ], [ 354830.982245252991561, 2840742.618826520163566 ], [ 353900.725134039996192, 2841394.312879709992558 ], [ 353903.234337504021823, 2841431.549108690116554 ], [ 353918.162323535012547, 2841467.901957840193063 ], [ 353927.507647987978999, 2841487.927645990159363 ], [ 354015.334691577008925, 2841740.988506009802222 ], [ 354018.445676469011232, 2841769.735771279782057 ], [ 354021.556661361013539, 2841798.48303656000644 ], [ 354064.267879610008094, 2841802.889660379849374 ], [ 354101.101922093017492, 2841793.280779730062932 ], [ 354133.932264309027232, 2841772.06116831023246 ], [ 354150.747805431019515, 2841760.450437529943883 ], [ 354163.559646296023857, 2841744.435636450070888 ], [ 354181.976667507027742, 2841719.212324759922922 ], [ 354198.792208646016661, 2841693.188273020088673 ], [ 354213.605899613001384, 2841679.175322069786489 ], [ 354251.641052166989539, 2841642.741649630013853 ], [ 354286.47407108702464, 2841617.517990270163864 ], [ 354336.919988478010055, 2841596.298701600171626 ], [ 354385.36464117502328, 2841586.289475849829614 ], [ 354470.643456893973053, 2841578.682445339858532 ], [ 354532.300441097002476, 2841575.079115089960396 ], [ 354590.354094946000259, 2841568.272824630141258 ], [ 354646.341315625002608, 2841545.954499669838697 ], [ 354678.516017525980715, 2841522.45399134978652 ], [ 354698.67537752300268, 2841507.729528429917991 ], [ 354728.356893002986908, 2841486.856720780022442 ], [ 354766.96722451900132, 2841459.704939240124077 ], [ 354830.183441213972401, 2841414.908872229978442 ], [ 354907.040317157981917, 2841357.107420079875737 ], [ 355023.41542578098597, 2841262.160325849894434 ], [ 355062.761597300996073, 2841242.046577190048993 ], [ 355088.087257603008766, 2841233.743082049768418 ], [ 355130.722517593007069, 2841223.837384319864213 ], [ 355249.202417830994818, 2841217.936275819782168 ], [ 355287.218342837993987, 2841213.537739050108939 ], [ 355317.26372365700081, 2841203.850499509833753 ], [ 355349.647354736982379, 2841177.694489790126681 ], [ 355378.330890331009869, 2841144.103694240096956 ], [ 355440.272723963018507, 2841082.233892930205911 ], [ 355485.393917669018265, 2841061.299782279878855 ], [ 355572.867072510998696, 2840927.563702419865876 ], [ 355706.855627756973263, 2840721.879369200207293 ], [ 355745.277337951003574, 2840654.053965449798852 ], [ 355783.227823183988221, 2840543.85875796014443 ], [ 355529.333819703024346, 2840549.529562499839813 ], [ 355268.376722792978399, 2840555.358123499900103 ], [ 355252.559440378972795, 2840555.711407610215247 ], [ 355222.265629360976163, 2840557.800640469882637 ], [ 355219.086043426999822, 2840558.523274169769138 ] ] ] ] } },
{ "type": "Feature", "properties": { "gid": 179, "_id": 2782.0, "entidad": 19.0, "distrito": 1.0, "distrito_l": 19.0, "municipio": 48.0, "seccion": 2913.0, "tipo": 2.0, "_control": 3720.0 }, "geometry": { "type": "MultiPolygon", "coordinates": [ [ [ [ 352927.821585452009458, 2840628.302195589989424 ], [ 352920.254089082009159, 2840687.411862640175968 ], [ 353034.118279195972718, 2840703.884342929814011 ], [ 353150.988139697001316, 2840722.781259309966117 ], [ 353265.187944009026978, 2840745.273493799846619 ], [ 353248.880908717983402, 2840864.292293719947338 ], [ 353241.036953417991754, 2840921.62793728010729 ], [ 353232.971391036990099, 2840980.585588649846613 ], [ 353229.949412842979655, 2841002.288103099912405 ], [ 353221.998441168980207, 2841059.388474630191922 ], [ 353217.027167128981091, 2841095.09002857003361 ], [ 353209.07427209202433, 2841156.258823269978166 ], [ 353196.177489269000944, 2841181.705973119940609 ], [ 353208.75976498099044, 2841202.938489160034806 ], [ 353219.76925382798072, 2841213.161583229899406 ], [ 353252.404522810014896, 2841233.214573800098151 ], [ 353298.055761679017451, 2841238.409319660160691 ], [ 353323.70276285498403, 2841239.779766330029815 ], [ 353403.18049823702313, 2841235.603781519923359 ], [ 353436.813436043972615, 2841237.146506350021809 ], [ 353474.167054036981426, 2841239.112480760086328 ], [ 353520.170984493975993, 2841247.762785700149834 ], [ 353553.551934255985543, 2841250.92045729001984 ], [ 353575.121693904977292, 2841251.056112970225513 ], [ 353614.144823235983495, 2841251.301535690203309 ], [ 353825.128527857013978, 2841234.891523289959878 ], [ 353842.944736592995469, 2841234.028911300003529 ], [ 353868.716298605024349, 2841217.625890170224011 ], [ 353870.042869644996244, 2841185.491373079828918 ], [ 353870.72985288198106, 2841131.181706320028752 ], [ 353870.760173187009059, 2841123.803270319942385 ], [ 353864.857237090007402, 2841068.613142319954932 ], [ 353836.275811247993261, 2841016.962873740121722 ], [ 353830.882372985011898, 2841009.765486349817365 ], [ 353816.188614805985708, 2840979.618970320094377 ], [ 353804.661308072973043, 2840957.560543950181454 ], [ 353767.375451952975709, 2840896.223887399770319 ], [ 353753.286521521979012, 2840872.030774610117078 ], [ 353741.332277616020292, 2840853.530158950015903 ], [ 353708.458106654987205, 2840827.344672170002013 ], [ 353675.441623322025407, 2840811.832617490086704 ], [ 353658.69443523499649, 2840804.346413480117917 ], [ 353654.557274504972156, 2840801.467528969980776 ], [ 353644.012155701988377, 2840793.632158699911088 ], [ 353634.528213767975103, 2840779.935932660009712 ], [ 353630.224392611009534, 2840770.690687280148268 ], [ 353625.810163992980961, 2840758.963550420012325 ], [ 353624.007762137975078, 2840754.750609050039202 ], [ 353620.500944953004364, 2840734.02850735001266 ], [ 353615.878322175994981, 2840717.769627550151199 ], [ 353618.940698404971045, 2840692.294204279780388 ], [ 353674.562063865014352, 2840633.884370590094477 ], [ 353687.571864782017656, 2840618.501576280221343 ], [ 353688.676679185009561, 2840610.745156479999423 ], [ 353690.597896881983615, 2840582.816342450212687 ], [ 353582.653920173004735, 2840594.130180490203202 ], [ 353581.88588932401035, 2840589.8204137198627 ], [ 353475.418448858021293, 2840601.270575719885528 ], [ 353422.996567249996588, 2840603.523078440222889 ], [ 353413.763790212979075, 2840607.185659919865429 ], [ 353425.194213752984069, 2840593.814949970226735 ], [ 353365.691009289002977, 2840586.619916200172156 ], [ 353363.570930680027232, 2840586.359343830030411 ], [ 353375.518709702009801, 2840499.118013950064778 ], [ 353303.45276026299689, 2840492.998788449913263 ], [ 353299.229137933987658, 2840492.602307150140405 ], [ 353184.07472944597248, 2840481.792493470013142 ], [ 353172.401473489997443, 2840562.127644690219313 ], [ 353166.002280987973791, 2840609.749330049846321 ], [ 353159.614535695000086, 2840656.983154059853405 ], [ 353041.830094916978851, 2840642.578372850082815 ], [ 352927.821585452009458, 2840628.302195589989424 ] ] ] ] } },
{ "type": "Feature", "properties": { "gid": 180, "_id": 2783.0, "entidad": 19.0, "distrito": 1.0, "distrito_l": 19.0, "municipio": 48.0, "seccion": 2914.0, "tipo": 2.0, "_control": 3719.0 }, "geometry": { "type": "MultiPolygon", "coordinates": [ [ [ [ 353825.128527857013978, 2841234.891523289959878 ], [ 353887.251861179014668, 2841307.850302109960467 ], [ 353900.725134038017131, 2841394.312879709992558 ], [ 354830.982245252991561, 2840742.618826520163566 ], [ 354906.977011355978902, 2840691.206528690177947 ], [ 354994.539749638992362, 2840631.968217810150236 ], [ 355102.634337047988083, 2840556.130978129804134 ], [ 355202.359733332996257, 2840486.165414050221443 ], [ 355209.642395552014932, 2840481.056027790065855 ], [ 355276.719302210025489, 2840455.460297139827162 ], [ 355418.302680946013425, 2840404.894779750145972 ], [ 355140.222569333971478, 2840406.264231500215828 ], [ 355134.77997430798132, 2840406.291034460067749 ], [ 355129.525993761024438, 2840406.39970821980387 ], [ 354854.556459703017026, 2840412.087200019974262 ], [ 354717.238982537994161, 2840414.927550990134478 ], [ 354230.906205301987939, 2840416.093249320052564 ], [ 354100.72049281897489, 2840419.049450799822807 ], [ 354072.525779401010368, 2840419.689684300217777 ], [ 353834.187959110015072, 2840422.60219804989174 ], [ 353711.793735675979406, 2840424.072377500124276 ], [ 353491.578840025991667, 2840425.248311529867351 ], [ 353399.20460193301551, 2840418.573888190090656 ], [ 353380.460689618019387, 2840417.219562490005046 ], [ 353310.683019916003104, 2840406.84023881983012 ], [ 353197.430001023982186, 2840389.994022199884057 ], [ 353140.90159040899016, 2840383.6868662298657 ], [ 353078.431035123998299, 2840376.812160990200937 ], [ 352961.66368507099105, 2840363.962383340112865 ], [ 352949.158253010013141, 2840461.641936200205237 ], [ 352939.366228503989987, 2840538.127232119906694 ], [ 352927.821585451019928, 2840628.302195589989424 ], [ 353041.830094916978851, 2840642.578372850082815 ], [ 353159.614535695000086, 2840656.983154059853405 ], [ 353166.002280987973791, 2840609.749330049846321 ], [ 353172.401473489007913, 2840562.127644690219313 ], [ 353184.07472944597248, 2840481.792493470013142 ], [ 353299.229137932998128, 2840492.602307150140405 ], [ 353303.45276026299689, 2840492.998788449913263 ], [ 353375.518709702009801, 2840499.118013950064778 ], [ 353363.570930680027232, 2840586.359343830030411 ], [ 353365.691009289002977, 2840586.619916200172156 ], [ 353425.194213752984069, 2840593.814949970226735 ], [ 353413.763790211000014, 2840607.185659919865429 ], [ 353422.996567249996588, 2840603.523078440222889 ], [ 353475.418448858021293, 2840601.270575719885528 ], [ 353581.88588932401035, 2840589.8204137198627 ], [ 353582.653920172015205, 2840594.130180490203202 ], [ 353690.597896881983615, 2840582.816342450212687 ], [ 353688.676679185009561, 2840610.745156479999423 ], [ 353687.571864782017656, 2840618.501576280221343 ], [ 353674.562063865014352, 2840633.884370590094477 ], [ 353618.940698404971045, 2840692.294204279780388 ], [ 353615.878322175994981, 2840717.769627550151199 ], [ 353620.500944953004364, 2840734.02850735001266 ], [ 353624.007762137975078, 2840754.750609050039202 ], [ 353625.810163992980961, 2840758.963550420012325 ], [ 353630.224392611009534, 2840770.690687280148268 ], [ 353634.528213767975103, 2840779.935932660009712 ], [ 353644.012155701988377, 2840793.632158699911088 ], [ 353654.557274504972156, 2840801.467528969980776 ], [ 353658.69443523499649, 2840804.346413480117917 ], [ 353675.441623320977669, 2840811.832617490086704 ], [ 353708.458106654987205, 2840827.344672170002013 ], [ 353741.332277616020292, 2840853.530158950015903 ], [ 353753.286521521979012, 2840872.030774610117078 ], [ 353767.375451952975709, 2840896.223887399770319 ], [ 353804.661308072973043, 2840957.560543950181454 ], [ 353816.188614804006647, 2840979.618970320094377 ], [ 353830.882372985011898, 2841009.765486349817365 ], [ 353836.275811247993261, 2841016.962873740121722 ], [ 353864.857237090007402, 2841068.613142319954932 ], [ 353870.760173187009059, 2841123.803270319942385 ], [ 353870.72985288198106, 2841131.181706320028752 ], [ 353870.042869644996244, 2841185.491373079828918 ], [ 353868.716298605024349, 2841217.625890170224011 ], [ 353842.944736592995469, 2841234.028911300003529 ], [ 353825.128527857013978, 2841234.891523289959878 ] ] ] ] } },
{ "type": "Feature", "properties": { "gid": 181, "_id": 2784.0, "entidad": 19.0, "distrito": 1.0, "distrito_l": 19.0, "municipio": 48.0, "seccion": 2915.0, "tipo": 2.0, "_control": 3721.0 }, "geometry": { "type": "MultiPolygon", "coordinates": [ [ [ [ 353726.394566694973037, 2839588.364321350120008 ], [ 353771.851919760985766, 2839590.274287160020322 ], [ 353848.993590237980243, 2839591.360778170172125 ], [ 353895.017985046026297, 2839590.234279709868133 ], [ 353940.523021758999676, 2839588.486011330038309 ], [ 353953.731441881973296, 2839734.513622030150145 ], [ 353993.324003504996654, 2839749.917710599955171 ], [ 354001.083993052016012, 2839724.343469679821283 ], [ 353999.416822334984317, 2839702.081962599884719 ], [ 353995.863625494006556, 2839654.636427720077336 ], [ 353992.431428070995025, 2839608.806587140075862 ], [ 354115.090100909990724, 2839601.89533900981769 ], [ 354111.359098422981333, 2839554.639122330117971 ], [ 354204.801129713014234, 2839547.68753070011735 ], [ 354193.625627111992799, 2839509.949983059894294 ], [ 354189.863306900020689, 2839497.24534321995452 ], [ 354181.56900229700841, 2839468.977013349998742 ], [ 354168.647268588014413, 2839424.937658130191267 ], [ 354167.692793631984387, 2839384.492033290211111 ], [ 354069.850315392017365, 2839389.894557400140911 ], [ 354070.696859858988319, 2839408.34989883005619 ], [ 354071.307862520974595, 2839413.046358809806406 ], [ 353962.806727842020337, 2839416.666060539893806 ], [ 353868.424685736012179, 2839419.250330740120262 ], [ 353861.746071717992891, 2839413.230255890171975 ], [ 353820.170025322004221, 2839412.465629539918154 ], [ 353777.73646462202305, 2839413.983475689776242 ], [ 353778.52298161899671, 2839437.354267079848796 ], [ 353773.017362501006573, 2839445.219437249936163 ], [ 353754.70275193802081, 2839443.75876278989017 ], [ 353726.394566694973037, 2839588.364321350120008 ] ] ] ] } },
{ "type": "Feature", "properties": { "gid": 182, "_id": 2785.0, "entidad": 19.0, "distrito": 1.0, "distrito_l": 19.0, "municipio": 48.0, "seccion": 2916.0, "tipo": 2.0, "_control": 3722.0 }, "geometry": { "type": "MultiPolygon", "coordinates": [ [ [ [ 353726.394566694973037, 2839588.364321350120008 ], [ 353754.70275193802081, 2839443.75876278989017 ], [ 353773.017362501006573, 2839445.219437249936163 ], [ 353778.52298161899671, 2839437.354267079848796 ], [ 353777.73646462202305, 2839413.983475689776242 ], [ 353820.170025322004221, 2839412.465629539918154 ], [ 353861.746071717992891, 2839413.230255890171975 ], [ 353868.424685736012179, 2839419.250330740120262 ], [ 353962.806727842020337, 2839416.666060539893806 ], [ 354071.307862520974595, 2839413.046358809806406 ], [ 354070.696859858988319, 2839408.34989883005619 ], [ 354069.850315392017365, 2839389.894557400140911 ], [ 354167.692793631984387, 2839384.492033290211111 ], [ 354166.915335870988201, 2839351.547584900166839 ], [ 354378.048920812027063, 2839340.556451019831002 ], [ 354365.707144604006317, 2839300.84814715012908 ], [ 354353.365367188991513, 2839261.139908410143107 ], [ 354242.085395556001458, 2839264.489365850109607 ], [ 354160.235871392011177, 2839269.739659400191158 ], [ 354111.039297258015722, 2839272.538873849902302 ], [ 354073.961115311016329, 2839272.004314039833844 ], [ 353992.024467624025419, 2839275.371706319972873 ], [ 353747.959251958993264, 2839280.042871550191194 ], [ 353744.52645762701286, 2839329.915277179796249 ], [ 353724.227186141011771, 2839328.601764069870114 ], [ 353712.575065481010824, 2839329.591252670157701 ], [ 353565.507793045020662, 2839312.580242 ], [ 353539.217595582013018, 2839368.150041969958693 ], [ 353519.719695181003772, 2839365.232111339922994 ], [ 353516.929951575002633, 2839388.875219440087676 ], [ 353520.588126184011344, 2839407.323790240101516 ], [ 353519.688272815023083, 2839414.664210270158947 ], [ 353514.852632267982699, 2839454.418593199923635 ], [ 353514.016241513018031, 2839461.920261280145496 ], [ 353504.628626876976341, 2839546.11866358993575 ], [ 353643.490051271975972, 2839568.524540190119296 ], [ 353686.288489582017064, 2839582.300719310063869 ], [ 353726.394566694973037, 2839588.364321350120008 ] ] ] ] } },
{ "type": "Feature", "properties": { "gid": 183, "_id": 2835.0, "entidad": 19.0, "distrito": 1.0, "distrito_l": 19.0, "municipio": 48.0, "seccion": 2966.0, "tipo": 2.0, "_control": 3861.0 }, "geometry": { "type": "MultiPolygon", "coordinates": [ [ [ [ 350091.414156023005489, 2841857.614371169824153 ], [ 350156.97774246201152, 2841830.386955650057644 ], [ 350272.969173858000431, 2841782.217734440229833 ], [ 350367.743478271993808, 2841742.859616519883275 ], [ 350437.539922379015479, 2841713.87462875014171 ], [ 350461.16823667101562, 2841704.062201370019466 ], [ 350420.963203134015203, 2841609.132661759853363 ], [ 350378.495596979977563, 2841508.860646049957722 ], [ 350345.850876707991119, 2841421.83500865008682 ], [ 350321.927613130013924, 2841358.059386960230768 ], [ 350303.997196790995076, 2841314.339056429918855 ], [ 350281.660499222984072, 2841323.623655640054494 ], [ 350265.642781438014936, 2841282.18260839022696 ], [ 350297.300994283985347, 2841268.589698240160942 ], [ 350239.590043745003641, 2841130.866422790102661 ], [ 350169.357164377986919, 2841160.769909250084311 ], [ 350130.349831947009079, 2841177.378301890101284 ], [ 350083.858222133014351, 2841197.173321510199457 ], [ 350039.301985198981129, 2841216.144305469933897 ], [ 350045.560411150974687, 2841233.766707439906895 ], [ 350028.290865333983675, 2841241.090848499909043 ], [ 349906.184324301022571, 2841292.877128260210156 ], [ 349861.10163209901657, 2841311.997028729878366 ], [ 349874.324806801974773, 2841345.998238659929484 ], [ 349879.74112908099778, 2841359.925416890066117 ], [ 349887.952937278023455, 2841379.556222559884191 ], [ 349897.184125527972355, 2841401.419554559979588 ], [ 349903.182271116995253, 2841415.625683260150254 ], [ 349915.017806830001064, 2841443.657204189803451 ], [ 349918.948660967987962, 2841452.967118219938129 ], [ 349932.272579080017749, 2841484.523753969930112 ], [ 349947.304578670999035, 2841520.125844269990921 ], [ 349950.096154341008514, 2841526.737468259874731 ], [ 349961.845066055015195, 2841554.563827170059085 ], [ 349968.171936023980379, 2841569.548513310030103 ], [ 349975.390709089988377, 2841586.645600699819624 ], [ 349984.651181477005593, 2841608.578289839904755 ], [ 349991.374541316006798, 2841623.690181139856577 ], [ 350007.03197959397221, 2841658.09937850991264 ], [ 350012.164089110970963, 2841671.386057000141591 ], [ 350051.438848901016172, 2841763.249601829797029 ], [ 350091.414156023005489, 2841857.614371169824153 ] ] ] ] } },
{ "type": "Feature", "properties": { "gid": 185, "_id": 2839.0, "entidad": 19.0, "distrito": 1.0, "distrito_l": 19.0, "municipio": 48.0, "seccion": 2970.0, "tipo": 2.0, "_control": 3858.0 }, "geometry": { "type": "MultiPolygon", "coordinates": [ [ [ [ 351262.658943579008337, 2840588.984211110044271 ], [ 351244.824607432994526, 2840547.25861058011651 ], [ 351194.800466710003093, 2840568.134776359889656 ], [ 351214.57854978000978, 2840617.05320292012766 ], [ 351215.394873048004229, 2840618.986505710054189 ], [ 351158.616369025025051, 2840644.657486279960722 ], [ 351190.014865107019432, 2840720.114960010163486 ], [ 351242.555989780987147, 2840843.832925660070032 ], [ 351308.635669364011846, 2841000.953799180220813 ], [ 351314.063318898028228, 2840995.990817429963499 ], [ 351357.706685781013221, 2840956.012626620009542 ], [ 351400.658391329983715, 2840916.785299730021507 ], [ 351414.837466289987788, 2840905.514749129768461 ], [ 351422.28663096902892, 2840899.593616209924221 ], [ 351433.251814829010982, 2840890.877697859890759 ], [ 351467.938251739018597, 2840869.532190349884331 ], [ 351494.044492238026578, 2840859.084102380089462 ], [ 351587.527219247014727, 2840821.791927880141884 ], [ 351598.635474456998054, 2840817.373592259828001 ], [ 351623.570151123974938, 2840807.422554870136082 ], [ 351574.788454443973023, 2840767.516032789833844 ], [ 351531.974112560972571, 2840732.4909758400172 ], [ 351519.938731272995938, 2840722.645211630035192 ], [ 351495.867575305979699, 2840702.953361390158534 ], [ 351494.248869189992547, 2840698.87662171991542 ], [ 351476.724979031016119, 2840654.742397840134799 ], [ 351459.366584039991722, 2840611.360201799776405 ], [ 351406.602685080026276, 2840630.487418809905648 ], [ 351389.474362189997919, 2840587.007847799919546 ], [ 351385.387536555994302, 2840576.633602370042354 ], [ 351372.346039297990501, 2840543.528276780154556 ], [ 351296.33293065597536, 2840575.029219090007246 ], [ 351262.658943579008337, 2840588.984211110044271 ] ] ] ] } },
{ "type": "Feature", "properties": { "gid": 186, "_id": 2840.0, "entidad": 19.0, "distrito": 1.0, "distrito_l": 19.0, "municipio": 48.0, "seccion": 2971.0, "tipo": 2.0, "_control": 3860.0 }, "geometry": { "type": "MultiPolygon", "coordinates": [ [ [ [ 350684.118476704985369, 2840432.141666459850967 ], [ 350601.00129405601183, 2840466.854281140025705 ], [ 350584.11727583699394, 2840473.841758610215038 ], [ 350566.973672740976326, 2840480.749230329878628 ], [ 350563.866462696983945, 2840482.69583057006821 ], [ 350546.419654408004135, 2840493.140755369793624 ], [ 350533.262033624981996, 2840499.842207519803196 ], [ 350507.925264309975319, 2840510.396787220146507 ], [ 350500.705906120012514, 2840512.846040349919349 ], [ 350491.56896795600187, 2840515.996585499960929 ], [ 350458.418652257998474, 2840528.668043780140579 ], [ 350451.466418136027642, 2840531.29752404987812 ], [ 350427.123288268980104, 2840540.468793449923396 ], [ 350335.444252955028787, 2840578.958063479978591 ], [ 350284.786094191018492, 2840599.764112390112132 ], [ 350244.647403691022191, 2840616.444338509812951 ], [ 350248.937571635004133, 2840626.734903989825398 ], [ 350269.898821660026442, 2840678.732567380182445 ], [ 350295.832309398974758, 2840738.901607180014253 ], [ 350355.878461604006588, 2840887.077650079969317 ], [ 350360.597950947005302, 2840895.620114990044385 ], [ 350370.078987021988723, 2840912.779179130215198 ], [ 350377.027868375997059, 2840908.210431210231036 ], [ 350391.604284328990616, 2840944.682691600173712 ], [ 350459.137097790022381, 2840917.584962519817054 ], [ 350502.033783302991651, 2840900.372491850052029 ], [ 350549.272378526977263, 2840881.417705089785159 ], [ 350587.370335736020934, 2840864.095080739818513 ], [ 350693.48470480699325, 2840821.615550810005516 ], [ 350711.129750864987727, 2840815.726187549997121 ], [ 350727.20091658399906, 2840810.560866329818964 ], [ 350765.700847818981856, 2840795.802605490200222 ], [ 350808.692518335999921, 2840779.821495439857244 ], [ 350878.532029499008786, 2840753.95859574014321 ], [ 350870.397304995974991, 2840735.460016159806401 ], [ 350850.565601299982518, 2840686.500426330137998 ], [ 350831.652242647018284, 2840642.260789209976792 ], [ 350808.769305368012283, 2840589.036109529901296 ], [ 350800.931502029998228, 2840570.873754919972271 ], [ 350801.252984163991641, 2840566.29840691993013 ], [ 350801.920071206986904, 2840556.802150470204651 ], [ 350795.421022646012716, 2840536.251032580155879 ], [ 350767.513406305981334, 2840556.682393969967961 ], [ 350764.417132558999583, 2840559.307055470068008 ], [ 350748.72761719301343, 2840540.948678459972143 ], [ 350730.83333615900483, 2840520.755963670089841 ], [ 350709.167146329011302, 2840491.010826650075614 ], [ 350683.861654511012603, 2840462.343760089948773 ], [ 350689.15808023797581, 2840459.41428051982075 ], [ 350687.39141894102795, 2840431.842129880096763 ], [ 350684.118476704985369, 2840432.141666459850967 ] ] ] ] } },
{ "type": "Feature", "properties": { "gid": 4063, "_id": 6684.0, "entidad": 19.0, "distrito": 1.0, "distrito_l": 19.0, "municipio": 48.0, "seccion": 2050.0, "tipo": 2.0, "_control": 7299.0 }, "geometry": { "type": "MultiPolygon", "coordinates": [ [ [ [ 351623.570151124382392, 2840807.422554872464389 ], [ 351675.005960851209238, 2840787.431817614939064 ], [ 351680.487539386202116, 2840785.443289890885353 ], [ 351697.798430113762151, 2840779.163495499175042 ], [ 351700.175981338019483, 2840778.299544964451343 ], [ 351681.300411086587701, 2840726.127942037303001 ], [ 351665.078233687847387, 2840683.052779676392674 ], [ 351649.208692987915128, 2840641.931705661583692 ], [ 351635.135704065323807, 2840600.211781055200845 ], [ 351617.752873909659684, 2840557.901168584823608 ], [ 351602.366456714109518, 2840513.674231208860874 ], [ 351587.4272735339473, 2840472.956030160654336 ], [ 351572.924002672312781, 2840434.217030359432101 ], [ 351558.756259117217269, 2840394.135557827074081 ], [ 351544.28507876873482, 2840356.40473359497264 ], [ 351528.565250717801973, 2840312.638736135791987 ], [ 351514.093028066912666, 2840274.611723514739424 ], [ 351507.206246253743302, 2840271.118428391870111 ], [ 351501.417357193422504, 2840271.717278984375298 ], [ 351498.023870502889622, 2840273.913064490072429 ], [ 351496.027701861399692, 2840279.103102957829833 ], [ 351494.330958516045939, 2840282.496589648537338 ], [ 351377.438878755667247, 2840330.156771144364029 ], [ 351301.217961080372334, 2840369.365901513956487 ], [ 351194.881749902444426, 2840430.383575195912272 ], [ 351205.87076901877299, 2840456.12136345775798 ], [ 351226.428036343422718, 2840504.217592955566943 ], [ 351242.107665503164753, 2840540.901994182728231 ], [ 351244.824607432878111, 2840547.258610581979156 ], [ 351262.658943579124752, 2840588.984211110044271 ], [ 351296.332930655858945, 2840575.029219090472907 ], [ 351372.34603929752484, 2840543.52827677782625 ], [ 351385.387536556343548, 2840576.633602371904999 ], [ 351389.474362189648673, 2840587.007847795262933 ], [ 351406.602685080259107, 2840630.487418811768293 ], [ 351459.366584039700683, 2840611.360201803501695 ], [ 351476.724979030899704, 2840654.742397842463106 ], [ 351494.248869189876132, 2840698.876621718518436 ], [ 351495.867575305514038, 2840702.95336138503626 ], [ 351519.938731272530276, 2840722.645211627706885 ], [ 351531.97411256050691, 2840732.490975838620216 ], [ 351574.788454443507362, 2840767.516032791230828 ], [ 351623.570151124382392, 2840807.422554872464389 ] ] ] ] } },
{ "type": "Feature", "properties": { "gid": 4064, "_id": 6685.0, "entidad": 19.0, "distrito": 1.0, "distrito_l": 19.0, "municipio": 48.0, "seccion": 2074.0, "tipo": 2.0, "_control": 7300.0 }, "geometry": { "type": "MultiPolygon", "coordinates": [ [ [ [ 354160.235872647666838, 2839269.73959425278008 ], [ 354242.085395522299223, 2839264.489365850575268 ], [ 354353.365368401864544, 2839261.139843264594674 ], [ 354341.247848620521836, 2839220.266527646686882 ], [ 354329.974561559502035, 2839177.128062391653657 ], [ 354321.396474389708601, 2839133.808754511643201 ], [ 354315.62676777865272, 2839065.534011482726783 ], [ 354311.879610582895111, 2839026.29277184791863 ], [ 354308.144540250999853, 2839003.882369633764029 ], [ 354311.206696257751901, 2838988.731988416053355 ], [ 354318.631051091244444, 2838970.911565804854035 ], [ 354336.717992221412715, 2838964.587369021493942 ], [ 354347.326005593989976, 2838960.682578823063523 ], [ 354353.768909421516582, 2838957.038107971195132 ], [ 354356.502262560534291, 2838952.287279895972461 ], [ 354356.892741580377333, 2838946.950733291450888 ], [ 354354.367570577771403, 2838905.254425665363669 ], [ 354346.545047554012854, 2838864.885059285908937 ], [ 354321.554390283592511, 2838863.258063369430602 ], [ 354280.521553280937951, 2838854.244505994487554 ], [ 354226.570368705142755, 2838842.790454745758325 ], [ 354181.287794991047122, 2838832.652225408237427 ], [ 354167.608036707795691, 2838827.757012482266873 ], [ 354131.987334390636533, 2838817.360258935950696 ], [ 354124.069625994598027, 2838814.545805644243956 ], [ 354102.170260964601766, 2838806.443365982733667 ], [ 354087.071738863713108, 2838801.497298398055136 ], [ 354056.581835397169925, 2838791.247224126476794 ], [ 354046.299221207795199, 2838787.212274254765362 ], [ 354012.904530551517382, 2838776.383198562543839 ], [ 353999.914216874400154, 2838813.515906554181129 ], [ 353958.446135110629257, 2838932.052087394054979 ], [ 353956.869809308613185, 2838957.273361286148429 ], [ 354001.69750365416985, 2838960.055610345676541 ], [ 354053.383849217847455, 2838963.263544381596148 ], [ 354052.763197760330513, 2839006.402286423835903 ], [ 354101.356410170090385, 2839009.959178759716451 ], [ 354105.017341514583677, 2839083.829618399497122 ], [ 354105.307528569712304, 2839089.685026047285646 ], [ 354112.663752625987399, 2839220.783103640656918 ], [ 354154.976930025382899, 2839222.48648884287104 ], [ 354160.235872647666838, 2839269.73959425278008 ] ] ] ] } },
{ "type": "Feature", "properties": { "gid": 4075, "_id": 6699.0, "entidad": 19.0, "distrito": 1.0, "distrito_l": 19.0, "municipio": 48.0, "seccion": 2078.0, "tipo": 2.0, "_control": 7314.0 }, "geometry": { "type": "MultiPolygon", "coordinates": [ [ [ [ 353956.869809308613185, 2838957.273361286148429 ], [ 353958.446135110629257, 2838932.052087394054979 ], [ 353999.914216874400154, 2838813.515906554181129 ], [ 354012.904530551517382, 2838776.383198562543839 ], [ 354046.299221207795199, 2838787.212274254765362 ], [ 354079.527509539504535, 2838685.029913508798927 ], [ 354041.483313296979759, 2838667.432834914885461 ], [ 353983.660067748103756, 2838639.449342187959701 ], [ 353944.649020700482652, 2838622.626772311516106 ], [ 353895.593470803287346, 2838599.927175122313201 ], [ 353939.96046022704104, 2838508.861490708310157 ], [ 353865.500174777058419, 2838523.112455531954765 ], [ 353796.811097132915165, 2838533.18152419058606 ], [ 353792.842487074318342, 2838548.837855739053339 ], [ 353789.49703846295597, 2838552.901536253746599 ], [ 353771.515106105827726, 2838574.743996451143175 ], [ 353745.120366737362929, 2838597.894791265483946 ], [ 353717.05196374875959, 2838621.857024473603815 ], [ 353691.025329347874504, 2838646.377487902063876 ], [ 353670.240169929282274, 2838664.782897172495723 ], [ 353684.578917585371528, 2838720.450976307503879 ], [ 353687.88475337123964, 2838734.038521700073034 ], [ 353699.944928114302456, 2838732.579688041470945 ], [ 353735.188714385149069, 2838732.451484407763928 ], [ 353738.319097876548767, 2838732.440097250510007 ], [ 353799.469639351766091, 2838732.078616224694997 ], [ 353774.949175922956783, 2838776.601030165795237 ], [ 353770.320247900323011, 2838784.374135713092983 ], [ 353753.854707511898596, 2838812.023816742934287 ], [ 353746.241557191533502, 2838825.370846247766167 ], [ 353732.294413990806788, 2838851.133900756482035 ], [ 353715.52971178246662, 2838880.975443072617054 ], [ 353698.345320272899698, 2838911.041851151268929 ], [ 353689.035488961962983, 2838937.723271868657321 ], [ 353756.509353266737889, 2838943.545559997204691 ], [ 353761.294140501180664, 2838943.958437045104802 ], [ 353809.203166565392166, 2838947.220116046257317 ], [ 353858.508963440894149, 2838950.576888151466846 ], [ 353909.778195849095937, 2838954.067332284059376 ], [ 353956.869809308613185, 2838957.273361286148429 ] ] ] ] } },
{ "type": "Feature", "properties": { "gid": 2722, "_id": 2914.0, "entidad": 19.0, "distrito": 1.0, "distrito_l": 19.0, "municipio": 48.0, "seccion": 1999.0, "tipo": 2.0, "_control": 3937.0 }, "geometry": { "type": "MultiPolygon", "coordinates": [ [ [ [ 354081.54689671198139, 2846073.025437769945711 ], [ 354472.388648321968503, 2845880.508118599653244 ], [ 354445.701366708730347, 2845736.580759352538735 ], [ 354371.338144642242696, 2845685.796119892504066 ], [ 354342.318350665096659, 2845589.668052343185991 ], [ 354217.170489138574339, 2845457.265242322348058 ], [ 354150.062215566402301, 2845357.509700525552034 ], [ 354127.072910655289888, 2845279.109473363030702 ], [ 354084.485219789727125, 2845224.48613073118031 ], [ 354047.912540766817983, 2845143.633818914648145 ], [ 354056.038083080435172, 2845114.614024937618524 ], [ 354017.731955030583777, 2845013.62514189677313 ], [ 353993.355328089732211, 2844885.93804839765653 ], [ 354002.641662162437569, 2844862.722213215660304 ], [ 353927.879417928808834, 2844833.339671813417226 ], [ 353889.790938333841041, 2844773.486346735619009 ], [ 353849.888721615250688, 2844677.358279186300933 ], [ 353858.957407233072445, 2844638.362931029405445 ], [ 353832.658218941302039, 2844591.205765816383064 ], [ 353835.37882462667767, 2844567.627183210104704 ], [ 353826.310139008797705, 2844558.558497592341155 ], [ 353782.780448043020442, 2844477.847195592708886 ], [ 353746.505705571558792, 2844458.80295579507947 ], [ 353739.250757077301387, 2844439.758715997450054 ], [ 353710.23096310015535, 2844434.317504626698792 ], [ 353671.235614943318069, 2844366.302362492773682 ], [ 353645.843295213300735, 2844319.145197279751301 ], [ 353641.308952404360753, 2844259.291872201953083 ], [ 353672.031017342989799, 2844247.696415505371988 ], [ 353656.426625574589707, 2844213.883666730020195 ], [ 353616.809432214999106, 2844135.542221529874951 ], [ 353587.771188888000324, 2844075.639787740074098 ], [ 353585.657954842026811, 2844071.35942649981007 ], [ 353583.177801399026066, 2844066.794766860082746 ], [ 353555.478004226984922, 2844007.297928459942341 ], [ 353552.05607663502451, 2843999.97119119996205 ], [ 353549.108356991026085, 2843994.215622180141509 ], [ 353517.020496406999882, 2843931.562480669934303 ], [ 353515.525982443999965, 2843928.674979100003839 ], [ 353514.031468481000047, 2843925.787477519828826 ], [ 353511.041922630975023, 2843920.007659969851375 ], [ 353466.69240689498838, 2843834.296035700011998 ], [ 353462.711216139025055, 2843825.543353000190109 ], [ 353442.281185973028187, 2843783.720515470020473 ], [ 353440.453249008976854, 2843779.975909360218793 ], [ 353438.630849362001754, 2843776.232073219958693 ], [ 353405.427816700015683, 2843708.176466349978 ], [ 353399.854658573982306, 2843698.232427610084414 ], [ 353372.00898695201613, 2843634.176831759978086 ], [ 353368.692349782329984, 2843629.217590282671154 ], [ 353359.571808510634582, 2843584.966755317524076 ], [ 353323.996381757315248, 2843489.220276560168713 ], [ 353358.384958464885131, 2843472.093942917883396 ], [ 353394.302204378473107, 2843454.206295452080667 ], [ 353432.373234830447473, 2843435.246011778246611 ], [ 353469.649999708868563, 2843416.681291357148439 ], [ 353506.926764589501545, 2843398.116570936515927 ], [ 353417.269151911023073, 2843215.909227 ], [ 353381.745330543024465, 2843234.494954609777778 ], [ 353319.903169588011224, 2843106.668153219856322 ], [ 353282.90170682000462, 2843126.025407549925148 ], [ 353240.881474442023318, 2843148.008222930133343 ], [ 353204.642106531013269, 2843166.966788600198925 ], [ 353165.920104520977475, 2843185.224857400171459 ], [ 353232.882234895019792, 2843309.910484599880874 ], [ 353193.823406215989962, 2843329.997890170197934 ], [ 353154.754133037000429, 2843350.090667199809104 ], [ 353115.762592369981576, 2843370.143467499874532 ], [ 353100.389064011978917, 2843378.049856650177389 ], [ 353085.751524791005068, 2843385.577736950013787 ], [ 353079.700812712020706, 2843388.68953297007829 ], [ 353044.380410684971139, 2843406.854318359866738 ], [ 353003.444693166995421, 2843427.906981439795345 ], [ 352963.225249347975478, 2843448.591275040060282 ], [ 352924.222119354992174, 2843468.650035580154508 ], [ 352903.907209152006544, 2843479.097707829903811 ], [ 353175.260369456023909, 2844024.126351150218397 ], [ 353249.305827249016147, 2844171.368779509793967 ], [ 353252.781574963999446, 2844178.946535789873451 ], [ 353349.78417773678666, 2844378.440817064139992 ], [ 353315.594587353582028, 2844398.95457129413262 ], [ 353317.005890093685593, 2844543.661357275210321 ], [ 353283.341580645763315, 2844582.821880510542542 ], [ 353250.364297921245452, 2844659.768873534165323 ], [ 353265.051154307264369, 2844701.930434384383261 ], [ 353299.956589239591267, 2844742.653441805392504 ], [ 353323.226879194495268, 2844818.281884158961475 ], [ 353344.170140153903048, 2844890.419783018995076 ], [ 353274.359270289249253, 2845044.003696721047163 ], [ 353278.671602763584815, 2845115.644648270215839 ], [ 353302.345465731166769, 2845186.666237172670662 ], [ 353337.797075525100809, 2845326.013822854030877 ], [ 353372.43624138541054, 2845439.4869523961097 ], [ 353444.103481096273754, 2845548.182265957817435 ], [ 353526.520806763786823, 2845648.516401553060859 ], [ 353638.799482310889289, 2845707.044647316914052 ], [ 353842.517943468992598, 2845776.872390988282859 ], [ 353987.795274069067091, 2845904.809750745538622 ], [ 354081.54689671198139, 2846073.025437769945711 ] ] ] ] } },
{ "type": "Feature", "properties": { "gid": 2852, "_id": 1888.0, "entidad": 19.0, "distrito": 1.0, "distrito_l": 19.0, "municipio": 48.0, "seccion": 2001.0, "tipo": 2.0, "_control": 1160.0 }, "geometry": { "type": "MultiPolygon", "coordinates": [ [ [ [ 353796.904855864995625, 2843597.944695170037448 ], [ 353839.94623, 2843576.339179100003093 ], [ 353881.622904443007428, 2843555.418702539987862 ], [ 353923.766425953013822, 2843534.263882339932024 ], [ 353965.105279038019944, 2843512.883538139984012 ], [ 354032.443136670975946, 2843478.829901579767466 ], [ 353975.391570127976593, 2843363.276401550043374 ], [ 353958.32278992497595, 2843328.704918010160327 ], [ 353971.133871990081389, 2843321.824489840772003 ], [ 353895.043560153979342, 2843170.265110170003027 ], [ 353875.514023107010871, 2843132.466554549988359 ], [ 353856.972858898458071, 2843095.069981831591576 ], [ 353838.200534506002441, 2843057.207170940004289 ], [ 353819.428210111975204, 2843019.344360040035099 ], [ 353704.765631633985322, 2843076.985571209806949 ], [ 353685.93235126597574, 2843040.048053029924631 ], [ 353666.757727302028798, 2843002.441061189863831 ], [ 353647.587090984976385, 2842964.841890280134976 ], [ 353629.636676137975883, 2842929.635927139781415 ], [ 353608.69694964500377, 2842888.567057949956506 ], [ 353573.808716576022562, 2842912.337071219924837 ], [ 353538.920483507972676, 2842936.107084489893168 ], [ 353495.893767328001559, 2842965.42200028989464 ], [ 353582.329813949996606, 2843138.330304009839892 ], [ 353602.637975323246792, 2843128.785417494364083 ], [ 353659.950900867988821, 2843254.118977210018784 ], [ 353672.944540186028462, 2843282.533842680044472 ], [ 353685.167529447004199, 2843309.263428379781544 ], [ 353715.125757926027291, 2843374.776947069913149 ], [ 353743.939705214987043, 2843437.788118630181998 ], [ 353725.311534926004242, 2843447.348362599965185 ], [ 353796.904855864995625, 2843597.944695170037448 ] ] ] ] } },
{ "type": "Feature", "properties": { "gid": 2859, "_id": 2913.0, "entidad": 19.0, "distrito": 1.0, "distrito_l": 19.0, "municipio": 48.0, "seccion": 2786.0, "tipo": 3.0, "_control": 3936.0 }, "geometry": { "type": "MultiPolygon", "coordinates": [ [ [ [ 350086.910925768024754, 2847590.498140660114586 ], [ 350857.272667657001875, 2847549.297643570229411 ], [ 351487.601180434983689, 2847270.397862299811095 ], [ 351764.141879389004316, 2847037.484001739881933 ], [ 352084.023909149982501, 2846832.692658530082554 ], [ 352582.843322274973616, 2846634.847460560034961 ], [ 352852.498820208013058, 2846562.020829160232097 ], [ 353142.440670844982378, 2846441.690024089999497 ], [ 353511.753038241004106, 2846353.689410840161145 ], [ 354081.54689671198139, 2846073.025437769945711 ], [ 353987.795274069067091, 2845904.809750745538622 ], [ 353842.517943468992598, 2845776.872390988282859 ], [ 353638.799482310889289, 2845707.044647316914052 ], [ 353526.520806763786823, 2845648.516401553060859 ], [ 353444.103481096273754, 2845548.182265957817435 ], [ 353372.43624138541054, 2845439.4869523961097 ], [ 353337.797075525100809, 2845326.013822854030877 ], [ 353302.345465731166769, 2845186.666237172670662 ], [ 353278.671602763584815, 2845115.644648270215839 ], [ 353274.359270289249253, 2845044.003696721047163 ], [ 353344.170140153903048, 2844890.419783018995076 ], [ 353323.226879194495268, 2844818.281884158961475 ], [ 353299.956589239591267, 2844742.653441805392504 ], [ 353265.051154307264369, 2844701.930434384383261 ], [ 353250.364297921245452, 2844659.768873534165323 ], [ 353283.341580645763315, 2844582.821880510542542 ], [ 353317.005890093685593, 2844543.661357275210321 ], [ 353315.594587353582028, 2844398.95457129413262 ], [ 353349.78417773678666, 2844378.440817064139992 ], [ 353252.781574963999446, 2844178.946535789873451 ], [ 353249.305827249016147, 2844171.368779509793967 ], [ 353175.260369456023909, 2844024.126351150218397 ], [ 352903.907209152006544, 2843479.097707829903811 ], [ 352779.477088564017322, 2843224.505139499902725 ], [ 352776.446179247985128, 2843218.365351129788905 ], [ 352774.344875756010879, 2843214.14577272022143 ], [ 352716.32603423402179, 2843099.295800989959389 ], [ 352712.736397164990194, 2843092.190710660070181 ], [ 352705.661355508025736, 2843078.185461460147053 ], [ 352726.541979263012763, 2843015.072601090185344 ], [ 352773.213817070005462, 2842907.46026623994112 ], [ 352782.666740581975318, 2842885.664442080073059 ], [ 352814.042410216003191, 2842850.716442919801921 ], [ 352825.049951969995163, 2842840.747345199808478 ], [ 352819.171404448978137, 2842810.412063119933009 ], [ 352625.208295965974685, 2842774.11036512022838 ], [ 352631.104397236020304, 2842734.671957230195403 ], [ 352640.172549879003782, 2842674.016027799807489 ], [ 352642.036067494016606, 2842661.551152389962226 ], [ 352705.683881881996058, 2842583.979304099921137 ], [ 352586.448356717999559, 2842465.83476473018527 ], [ 352530.359697473992128, 2842082.290745450183749 ], [ 352516.431702810979914, 2841981.010986019857228 ], [ 352484.076181554002687, 2841906.202697409782559 ], [ 352473.157205322000664, 2841888.637387880124152 ], [ 352466.321052560990211, 2841881.72983630001545 ], [ 352452.936685283028055, 2841905.476294400170445 ], [ 352442.574594523000997, 2841928.35924491006881 ], [ 352421.418659084010869, 2841968.944100560154766 ], [ 352372.438266849028878, 2841999.601113279815763 ], [ 352260.8594239759841, 2842090.241128719877452 ], [ 352211.162433575023897, 2842131.835348939988762 ], [ 352164.04790566401789, 2842171.957720669917762 ], [ 352126.675364274007734, 2842203.405374790076166 ], [ 352106.118848339014221, 2842228.977572950068861 ], [ 352013.700196892023087, 2842316.716025609988719 ], [ 351942.762006290024146, 2842407.076177020091563 ], [ 351867.442539571027737, 2842517.887910350225866 ], [ 351829.412348164012656, 2842583.891328359954059 ], [ 351792.83753824501764, 2842646.602248849812895 ], [ 351783.586537702009082, 2842662.516879110131413 ], [ 351766.818393800989725, 2842687.880520329810679 ], [ 351730.361943698022515, 2842722.994477959815413 ], [ 351721.162709454016294, 2842730.450390209909528 ], [ 351678.41032277001068, 2842773.668723979964852 ], [ 351642.50540121900849, 2842793.893100739922374 ], [ 351271.860374845971819, 2842863.93902690988034 ], [ 351181.39905310497852, 2842878.370599640067667 ], [ 351087.417835574015044, 2842896.674057730007917 ], [ 350974.957165140018333, 2842921.313328240066767 ], [ 350690.725580273021478, 2842976.663689500186592 ], [ 350074.039838359982241, 2843105.139885739888996 ], [ 349835.390903980995063, 2843154.066437189932913 ], [ 349618.526629812025931, 2843196.363188129849732 ], [ 349619.057011857978068, 2843198.948858149815351 ], [ 349621.707496408023871, 2843326.172113489825279 ], [ 349636.951923532993533, 2843532.147889100015163 ], [ 349465.962685537000652, 2843668.351456199772656 ], [ 349462.171215437992942, 2843688.933722259942442 ], [ 349439.723305447027087, 2844017.648158569820225 ], [ 349327.12266275199363, 2844122.003858409821987 ], [ 349112.597267493023537, 2844106.71788229001686 ], [ 349108.992706821998581, 2844106.991286859847605 ], [ 349105.226613976003136, 2844107.225476549938321 ], [ 349087.248970366024878, 2844106.785588290076703 ], [ 349086.575617275026161, 2844123.939483509864658 ], [ 349083.16914671001723, 2844180.224173719994724 ], [ 348922.864649259019643, 2844253.429894220083952 ], [ 348908.882534720993135, 2844263.315338240005076 ], [ 348896.531708139984403, 2844273.91906476020813 ], [ 348818.776330552995205, 2844333.94199428986758 ], [ 348765.016051321988925, 2844375.38807340990752 ], [ 348748.128005567996297, 2844388.968876929953694 ], [ 348745.946632915001828, 2844391.502083799801767 ], [ 348743.22379080200335, 2844396.809927700087428 ], [ 348738.40234073298052, 2844390.008496529888362 ], [ 348732.945937965007033, 2844388.650389090180397 ], [ 348693.92748939798912, 2844370.087515649851412 ], [ 348780.043012565991376, 2844281.080226249992847 ], [ 348800.252848325995728, 2844259.760375820100307 ], [ 348876.454694080981426, 2844186.134528949856758 ], [ 348888.195945435028989, 2844180.389634809922427 ], [ 348882.280326723004691, 2844150.927688570227474 ], [ 348876.602235432015732, 2844125.040545079857111 ], [ 348874.360289286996704, 2844109.104333360213786 ], [ 348868.417474668996874, 2844076.894893489778042 ], [ 348867.62131016998319, 2844068.323088330216706 ], [ 348858.937058692972641, 2844025.735518970061094 ], [ 348851.294917340972461, 2843981.237414290197194 ], [ 348850.004191711021122, 2843970.103376610204577 ], [ 348846.535947484022472, 2843954.906763759907335 ], [ 348839.097372536023613, 2843902.475000290200114 ], [ 348828.813259713002481, 2843850.873683089856058 ], [ 348820.628406058007386, 2843802.353995480109006 ], [ 348811.069464450993109, 2843748.430000130087137 ], [ 348802.802056966000237, 2843762.950068640056998 ], [ 348796.202025873004459, 2843734.535197730176151 ], [ 348682.640843001019675, 2843755.042590669821948 ], [ 348672.745700940024108, 2843715.992119249887764 ], [ 348661.829533919983078, 2843676.398121139965951 ], [ 348652.668717048014514, 2843635.882100719958544 ], [ 348641.57900415698532, 2843591.994892459828407 ], [ 348630.128323261975311, 2843550.416697749868035 ], [ 348619.067582560994197, 2843510.995415649842471 ], [ 348607.550531012006104, 2843470.202357050031424 ], [ 348597.923195581999607, 2843429.266389059834182 ], [ 348568.250350061978679, 2843432.279842399992049 ], [ 348677.614721630990971, 2843845.319725039880723 ], [ 348650.611544560990296, 2843887.106133630033582 ], [ 348648.988180797023233, 2843888.815184690058231 ], [ 348364.578448255022522, 2844188.237141539808363 ], [ 348360.872418506012764, 2844194.800364150200039 ], [ 348205.590037664980628, 2844117.567671579774469 ], [ 348120.712997789029032, 2844075.106984640005976 ], [ 348052.070778030029032, 2844041.380056059919298 ], [ 347971.700098939007148, 2844004.478503160178661 ], [ 347894.261372076987755, 2843970.022198560182005 ], [ 347767.307765353005379, 2843913.666605010163039 ], [ 347743.253596813010518, 2844058.960638250224292 ], [ 347737.995188901026268, 2844093.121482629794627 ], [ 347709.181850025022868, 2844238.684974039904773 ], [ 347663.850885407009628, 2844467.694652069825679 ], [ 347626.091351162001956, 2844685.016497869975865 ], [ 347567.250076750991866, 2845023.672538079787046 ], [ 347488.628880369011313, 2845500.415813889820129 ], [ 347475.324844751972705, 2845568.882923990022391 ], [ 347441.45633940899279, 2845692.928859659936279 ], [ 347421.013553022989072, 2845803.538936209864914 ], [ 347392.976830273983069, 2845954.916282440070063 ], [ 347379.032830937998369, 2846031.877559570129961 ], [ 347329.735797027009539, 2846352.562751039862633 ], [ 347154.033101863984484, 2847279.761054580099881 ], [ 347909.451099734986201, 2847889.479635930154473 ], [ 348013.216512940009125, 2847972.85595914022997 ], [ 348237.300711173971649, 2848152.914609860163182 ], [ 348306.075170745025389, 2848241.672989120706916 ], [ 348408.007037086994387, 2848527.014179539866745 ], [ 348347.456845666980371, 2848750.824640470091254 ], [ 348534.980440584826283, 2848911.273813324980438 ], [ 348886.123854209668934, 2848727.865675592795014 ], [ 349076.664751867763698, 2848567.473574260249734 ], [ 349080.602464172057807, 2848347.201563123613596 ], [ 349030.294474770023953, 2848200.770960200112313 ], [ 349117.714980949996971, 2847967.820360430050641 ], [ 349251.975826292997226, 2847846.56957365013659 ], [ 349514.322432714980096, 2847785.179300120100379 ], [ 350086.910925768024754, 2847590.498140660114586 ] ] ] ] } },
{ "type": "Feature", "properties": { "gid": 2860, "_id": 2915.0, "entidad": 19.0, "distrito": 1.0, "distrito_l": 19.0, "municipio": 48.0, "seccion": 2000.0, "tipo": 2.0, "_control": 3938.0 }, "geometry": { "type": "MultiPolygon", "coordinates": [ [ [ [ 354472.388648321968503, 2845880.508118599653244 ], [ 355249.503037318005227, 2845497.724093500059098 ], [ 355191.683163984154817, 2845366.05268683610484 ], [ 355119.679530444729608, 2845297.599663239438087 ], [ 355068.406809893611353, 2845255.744381157215685 ], [ 355025.505145759030711, 2845173.080199044197798 ], [ 354961.675840583222453, 2845099.833455399610102 ], [ 354914.588648240373004, 2845009.844598922412843 ], [ 354905.171211727021728, 2844974.267616538330913 ], [ 354905.171209771826398, 2844974.267609152011573 ], [ 354912.495867120451294, 2844943.92260013660416 ], [ 354883.197193519270513, 2844895.265775582287461 ], [ 354894.707374903722666, 2844860.735231428872794 ], [ 354894.707371715456247, 2844860.735209110658616 ], [ 354890.521862637018785, 2844831.43647020496428 ], [ 354890.521861042885575, 2844831.436459045857191 ], [ 354899.939282268227544, 2844793.766774144489318 ], [ 354881.104422574338969, 2844755.050569245126098 ], [ 354881.104422574338969, 2844729.93739999551326 ], [ 354864.362309741263743, 2844622.160048632416874 ], [ 354836.109994335507508, 2844554.145215248689055 ], [ 354834.017230231431313, 2844488.223145968746394 ], [ 354813.089589190145489, 2844433.811279261484742 ], [ 354804.718532773666084, 2844384.631322814151645 ], [ 354767.048778899363242, 2844287.317791972309351 ], [ 354619.508909558586311, 2844174.308530350215733 ], [ 354283.620270846353378, 2844021.536750748753548 ], [ 354257.460719544789754, 2843982.820614822674543 ], [ 354261.316718818387017, 2843953.33614033088088 ], [ 354288.546495867543854, 2843871.063238510396332 ], [ 354238.315509545907844, 2843791.587321885861456 ], [ 354223.156812661909498, 2843766.68274720525369 ], [ 354200.149729413096793, 2843721.198192461859435 ], [ 354175.541404378134757, 2843672.547945649828762 ], [ 354144.329293001908809, 2843610.842210378032178 ], [ 354134.211512136389501, 2843590.839623283594847 ], [ 354069.755204125482123, 2843463.410691539291292 ], [ 353992.37082805018872, 2843310.423289735335857 ], [ 353971.133871990081389, 2843321.824489840772003 ], [ 353958.32278992497595, 2843328.704918010160327 ], [ 353975.391570127976593, 2843363.276401550043374 ], [ 354032.443136670975946, 2843478.829901579767466 ], [ 353965.105279038019944, 2843512.883538139984012 ], [ 353923.766425953013822, 2843534.263882339932024 ], [ 353881.622904443007428, 2843555.418702539987862 ], [ 353839.94623, 2843576.339179100003093 ], [ 353796.904855864995625, 2843597.944695170037448 ], [ 353725.311534926004242, 2843447.348362599965185 ], [ 353743.939705214987043, 2843437.788118630181998 ], [ 353715.125757926027291, 2843374.776947069913149 ], [ 353685.167529447004199, 2843309.263428379781544 ], [ 353672.944540186028462, 2843282.533842680044472 ], [ 353659.950900867988821, 2843254.118977210018784 ], [ 353602.637975323246792, 2843128.785417494364083 ], [ 353582.329813949996606, 2843138.330304009839892 ], [ 353498.840222649974748, 2843177.570620220154524 ], [ 353457.466640712984372, 2843197.01630696002394 ], [ 353417.269151911023073, 2843215.909227 ], [ 353506.926764589501545, 2843398.116570936515927 ], [ 353469.649999708868563, 2843416.681291357148439 ], [ 353432.373234830447473, 2843435.246011778246611 ], [ 353394.302204378473107, 2843454.206295452080667 ], [ 353358.384958464885131, 2843472.093942917883396 ], [ 353323.996381757315248, 2843489.220276560168713 ], [ 353359.571808510634582, 2843584.966755317524076 ], [ 353368.692349782329984, 2843629.217590282671154 ], [ 353372.00898695201613, 2843634.176831759978086 ], [ 353399.854658573982306, 2843698.232427610084414 ], [ 353405.427816700015683, 2843708.176466349978 ], [ 353438.630849362001754, 2843776.232073219958693 ], [ 353440.453249008976854, 2843779.975909360218793 ], [ 353442.281185973028187, 2843783.720515470020473 ], [ 353462.711216139025055, 2843825.543353000190109 ], [ 353466.69240689498838, 2843834.296035700011998 ], [ 353511.041922630975023, 2843920.007659969851375 ], [ 353514.031468481000047, 2843925.787477519828826 ], [ 353515.525982443999965, 2843928.674979100003839 ], [ 353517.020496406999882, 2843931.562480669934303 ], [ 353549.108356991026085, 2843994.215622180141509 ], [ 353552.05607663502451, 2843999.97119119996205 ], [ 353555.478004226984922, 2844007.297928459942341 ], [ 353583.177801399026066, 2844066.794766860082746 ], [ 353585.657954842026811, 2844071.35942649981007 ], [ 353587.771188888000324, 2844075.639787740074098 ], [ 353616.809432214999106, 2844135.542221529874951 ], [ 353656.426625574589707, 2844213.883666730020195 ], [ 353672.031017342989799, 2844247.696415505371988 ], [ 353641.308952404360753, 2844259.291872201953083 ], [ 353645.843295213300735, 2844319.145197279751301 ], [ 353671.235614943318069, 2844366.302362492773682 ], [ 353710.23096310015535, 2844434.317504626698792 ], [ 353739.250757077301387, 2844439.758715997450054 ], [ 353746.505705571558792, 2844458.80295579507947 ], [ 353782.780448043020442, 2844477.847195592708886 ], [ 353826.310139008797705, 2844558.558497592341155 ], [ 353835.37882462667767, 2844567.627183210104704 ], [ 353832.658218941302039, 2844591.205765816383064 ], [ 353858.957407233072445, 2844638.362931029405445 ], [ 353849.888721615250688, 2844677.358279186300933 ], [ 353889.790938333841041, 2844773.486346735619009 ], [ 353927.879417928808834, 2844833.339671813417226 ], [ 354002.641662162437569, 2844862.722213215660304 ], [ 353993.355328089732211, 2844885.93804839765653 ], [ 354017.731955030583777, 2845013.62514189677313 ], [ 354056.038083080435172, 2845114.614024937618524 ], [ 354047.912540766817983, 2845143.633818914648145 ], [ 354084.485219789727125, 2845224.48613073118031 ], [ 354127.072910655289888, 2845279.109473363030702 ], [ 354150.062215566402301, 2845357.509700525552034 ], [ 354217.170489138574339, 2845457.265242322348058 ], [ 354342.318350665096659, 2845589.668052343185991 ], [ 354371.338144642242696, 2845685.796119892504066 ], [ 354445.701366708730347, 2845736.580759352538735 ], [ 354472.388648321968503, 2845880.508118599653244 ] ] ] ] } },
{ "type": "Feature", "properties": { "gid": 2862, "_id": 1895.0, "entidad": 19.0, "distrito": 1.0, "distrito_l": 18.0, "municipio": 48.0, "seccion": 2008.0, "tipo": 2.0, "_control": 1169.0 }, "geometry": { "type": "MultiPolygon", "coordinates": [ [ [ [ 356951.211909058329184, 2842842.327154431026429 ], [ 356974.470499048242345, 2842836.763334864750504 ], [ 356997.729089037980884, 2842831.199515299871564 ], [ 357077.852767826989293, 2842812.032674490008503 ], [ 357098.304664739000145, 2842807.140259929932654 ], [ 357265.586622180009726, 2842762.147181729786098 ], [ 357295.582007651973981, 2842733.882299259770662 ], [ 357315.771209413011093, 2842699.849073439836502 ], [ 357299.619848004018422, 2842648.510817530099303 ], [ 357300.526509330957197, 2842633.974800144787878 ], [ 357299.854147958976682, 2842631.957716030068696 ], [ 357293.596866183972452, 2842613.185870700050145 ], [ 357288.16465094400337, 2842606.171017299871892 ], [ 357275.34861008200096, 2842574.365859500132501 ], [ 357265.015438163012732, 2842548.722357970196754 ], [ 357260.95041286398191, 2842538.634314990136772 ], [ 357246.959459820005577, 2842503.913415289949626 ], [ 357241.939987014979124, 2842491.456750529818237 ], [ 357225.94935680902563, 2842455.619606269989163 ], [ 357207.629204370023217, 2842416.762087489943951 ], [ 357189.586589247977827, 2842375.360574330203235 ], [ 357184.468455993977841, 2842359.365474659949541 ], [ 357169.254857770982198, 2842319.405700199771672 ], [ 357150.019160506024491, 2842280.003848840016872 ], [ 357129.07439283101121, 2842234.571332369931042 ], [ 357109.309711639012676, 2842189.771404480095953 ], [ 357089.029303740011528, 2842143.802496490068734 ], [ 357070.695582557003945, 2842102.246076790150255 ], [ 357054.477671683009248, 2842065.48549207020551 ], [ 357052.043746442999691, 2842059.968596850056201 ], [ 357038.259760806977283, 2842028.724907349795103 ], [ 356918.793034566973802, 2842084.573196520097554 ], [ 356900.716028623981401, 2842046.410641510039568 ], [ 356883.827150368015282, 2842010.756355210207403 ], [ 356810.495948803029023, 2842047.179151840042323 ], [ 356794.403638880990911, 2842011.716342269908637 ], [ 356777.456601088983007, 2841974.369959 ], [ 356760.873450073995627, 2841937.825477229896933 ], [ 356744.68330568401143, 2841902.147068710066378 ], [ 356741.924104347999673, 2841896.066584799904376 ], [ 356733.709160941012669, 2841904.536860260181129 ], [ 356697.767247051000595, 2841941.595899640116841 ], [ 356650.382032438996248, 2841962.930276270024478 ], [ 356640.745881911017932, 2841967.26878705015406 ], [ 356593.314158331020735, 2841988.624103549867868 ], [ 356603.172886935994029, 2842011.427910250145942 ], [ 356618.35728375200415, 2842046.550294059794396 ], [ 356633.961468462017365, 2842082.643671439960599 ], [ 356650.94056456600083, 2842121.91729799984023 ], [ 356666.76019013201585, 2842158.509002480190247 ], [ 356682.303256786020938, 2842194.461010280065238 ], [ 356697.530390534026083, 2842229.682247079908848 ], [ 356715.261572640971281, 2842270.695491869933903 ], [ 356732.724592546001077, 2842311.088462059851736 ], [ 356752.586349843011703, 2842357.029849890153855 ], [ 356772.553418104012962, 2842403.214828060008585 ], [ 356791.684404127998278, 2842447.465899889823049 ], [ 356811.546161418023985, 2842493.407287720125169 ], [ 356830.973393342981581, 2842538.343593379948288 ], [ 356840.873998372990172, 2842566.339994530193508 ], [ 356848.391988263989333, 2842592.32269239006564 ], [ 356853.992529984971043, 2842613.90670447004959 ], [ 356861.765929582004901, 2842638.39104838995263 ], [ 356873.784300493018236, 2842667.556641790084541 ], [ 356894.600026533007622, 2842718.071225389838219 ], [ 356908.807223400974181, 2842752.599445019848645 ], [ 356914.908036863023881, 2842768.350299910176545 ], [ 356951.211909058329184, 2842842.327154431026429 ] ] ] ] } },
{ "type": "Feature", "properties": { "gid": 2863, "_id": 1896.0, "entidad": 19.0, "distrito": 1.0, "distrito_l": 18.0, "municipio": 48.0, "seccion": 2009.0, "tipo": 2.0, "_control": 1170.0 }, "geometry": { "type": "MultiPolygon", "coordinates": [ [ [ [ 357300.526509330957197, 2842633.974800144787878 ], [ 357303.412690981989726, 2842632.948171770200133 ], [ 357349.693977374990936, 2842616.485700769815594 ], [ 357355.468679998011794, 2842610.87598964991048 ], [ 357350.351936295977794, 2842588.078288120217621 ], [ 357406.750173727981746, 2842573.356743630021811 ], [ 357458.147481550986413, 2842560.447314950171858 ], [ 357486.113503316009883, 2842542.21417126012966 ], [ 357526.234886123973411, 2842498.351784260012209 ], [ 357513.460439024027437, 2842486.606478029862046 ], [ 357517.41004853398772, 2842479.130428580101579 ], [ 357542.639850120001938, 2842469.347439600154757 ], [ 357550.554781079001259, 2842466.278383249882609 ], [ 357556.642589895986021, 2842469.660498300101608 ], [ 357588.797420069982763, 2842459.34047493012622 ], [ 357630.372710345021915, 2842445.985676100011915 ], [ 357606.839568140974734, 2842349.363415140192956 ], [ 357605.754183538025245, 2842344.907628380227834 ], [ 357604.668798935017549, 2842340.451841610018164 ], [ 357591.816755908017512, 2842318.129878879990429 ], [ 357586.638855159981176, 2842313.108885500114411 ], [ 357576.422986641991884, 2842302.983266190160066 ], [ 357549.1854313230142, 2842275.986333339940757 ], [ 357595.958291725022718, 2842260.968602770008147 ], [ 357585.081804696994368, 2842216.377935130149126 ], [ 357573.699204049014952, 2842168.610816970001906 ], [ 357585.00524193700403, 2842165.477624429855496 ], [ 357597.862803684023675, 2842161.914464919827878 ], [ 357608.719274302013218, 2842158.905858980026096 ], [ 357613.931346233002841, 2842157.506772730033845 ], [ 357651.228426053014118, 2842149.600245660170913 ], [ 357622.89242137101246, 2842041.444569780025631 ], [ 357594.578505107027013, 2841941.617386640049517 ], [ 357554.086415709985886, 2841953.798701520077884 ], [ 357541.339449146995321, 2841905.871090750209987 ], [ 357524.682655920973048, 2841850.820705329999328 ], [ 357396.881349485018291, 2841890.104943640064448 ], [ 357359.93369024398271, 2841901.146778990048915 ], [ 357348.913239703979343, 2841904.440248799975961 ], [ 357188.841485669021495, 2841952.27781117008999 ], [ 357171.483502461982425, 2841957.465257320087403 ], [ 357149.33389820199227, 2841964.76865461980924 ], [ 357117.253512028022669, 2841967.356917129829526 ], [ 357113.533108461997472, 2842007.337169270031154 ], [ 357099.836037337023299, 2842007.802702430170029 ], [ 357091.359005541016813, 2842005.876105519942939 ], [ 357082.111333173001185, 2841994.701837679836899 ], [ 357081.541577562980819, 2841979.505434069782495 ], [ 357027.01904933800688, 2841998.83384351991117 ], [ 357038.259760806977283, 2842028.724907349795103 ], [ 357052.043746442999691, 2842059.968596850056201 ], [ 357054.477671683009248, 2842065.48549207020551 ], [ 357070.695582557003945, 2842102.246076790150255 ], [ 357089.029303740011528, 2842143.802496490068734 ], [ 357109.309711639012676, 2842189.771404480095953 ], [ 357129.07439283101121, 2842234.571332369931042 ], [ 357150.019160506024491, 2842280.003848840016872 ], [ 357169.254857770982198, 2842319.405700199771672 ], [ 357184.468455993977841, 2842359.365474659949541 ], [ 357189.586589247977827, 2842375.360574330203235 ], [ 357207.629204370023217, 2842416.762087489943951 ], [ 357225.94935680902563, 2842455.619606269989163 ], [ 357241.939987014979124, 2842491.456750529818237 ], [ 357246.959459820005577, 2842503.913415289949626 ], [ 357260.95041286398191, 2842538.634314990136772 ], [ 357265.015438163012732, 2842548.722357970196754 ], [ 357275.34861008200096, 2842574.365859500132501 ], [ 357288.16465094400337, 2842606.171017299871892 ], [ 357293.596866183972452, 2842613.185870700050145 ], [ 357299.854147958976682, 2842631.957716030068696 ], [ 357300.526509330957197, 2842633.974800144787878 ] ] ] ] } },
{ "type": "Feature", "properties": { "gid": 4065, "_id": 6686.0, "entidad": 19.0, "distrito": 1.0, "distrito_l": 18.0, "municipio": 48.0, "seccion": 2082.0, "tipo": 2.0, "_control": 7301.0 }, "geometry": { "type": "MultiPolygon", "coordinates": [ [ [ [ 356939.80512907600496, 2839879.640313008800149 ], [ 356964.180887037073262, 2839816.959763535764068 ], [ 357025.697950294066686, 2839699.25980438478291 ], [ 357048.283110469463281, 2839654.583650735672563 ], [ 357081.793919931282289, 2839577.881098450161517 ], [ 357115.565269261598587, 2839584.868269302882254 ], [ 357548.770152438664809, 2839594.184441077057272 ], [ 357560.415422332822345, 2839438.13751458004117 ], [ 357538.896437987335958, 2839433.39068289892748 ], [ 357481.226186358253472, 2839420.676082031335682 ], [ 357370.277932332654018, 2839398.031411819625646 ], [ 357370.025343335000798, 2839378.676329872105271 ], [ 357370.002864828391466, 2839368.969440465793014 ], [ 357369.980337496846914, 2839359.968063627369702 ], [ 357369.896501884795725, 2839324.424633986316621 ], [ 357362.791196023172233, 2839272.975405068602413 ], [ 357355.685890163644217, 2839221.526176154613495 ], [ 357330.839397893520072, 2839045.010119359008968 ], [ 357305.754825809388421, 2838882.885053918231279 ], [ 357296.187542687752284, 2838821.048849633429199 ], [ 357279.043209042400122, 2838699.197330370079726 ], [ 357183.333849979622755, 2838713.656607075128704 ], [ 357144.260638721520081, 2838721.082339380402118 ], [ 357123.947993673267774, 2838736.15982545632869 ], [ 357104.13063796015922, 2838746.222005435731262 ], [ 357084.043077038892079, 2838750.150597177445889 ], [ 357067.372446674213279, 2838745.734896554145962 ], [ 357060.081783401081339, 2838745.759198764804751 ], [ 357034.807484054472297, 2838758.201930751092732 ], [ 357002.339730278414208, 2838778.226952541153878 ], [ 356989.332240529183764, 2838783.560567584820092 ], [ 356984.219528588699177, 2838785.656993401236832 ], [ 356982.592721035704017, 2838793.444578692317009 ], [ 356981.332155112992041, 2838841.346350719686598 ], [ 356972.185642665834166, 2838993.711310373619199 ], [ 356970.978316003223881, 2839013.823268819600344 ], [ 356944.351413799566217, 2839309.391083275899291 ], [ 356939.824205689423252, 2839351.905210011638701 ], [ 356963.799700020288583, 2839375.711117593105882 ], [ 356837.520068370387889, 2839355.588892153464258 ], [ 356739.64667068887502, 2839331.415356397628784 ], [ 356702.08951009035809, 2839322.139195705298334 ], [ 356581.752117502852343, 2839299.703427991829813 ], [ 356525.658363682276104, 2839425.22119666589424 ], [ 356517.816051594214514, 2839457.243992289528251 ], [ 356515.855476603028364, 2839485.999154968187213 ], [ 356517.517705686972477, 2839509.996291908901185 ], [ 356518.109813351125922, 2839533.70058463094756 ], [ 356525.177905154763721, 2839587.087235489860177 ], [ 356535.837296325829811, 2839622.819914258085191 ], [ 356541.337252310127951, 2839657.398132927715778 ], [ 356544.340612673317082, 2839669.710287864785641 ], [ 356549.979371095483657, 2839680.088605107273906 ], [ 356698.092865317012183, 2839753.806165879126638 ], [ 356790.177049394056667, 2839801.744713080115616 ], [ 356831.105387129064184, 2839823.051792799029499 ], [ 356939.80512907600496, 2839879.640313008800149 ] ] ] ] } },
{ "type": "Feature", "properties": { "gid": 4076, "_id": 6700.0, "entidad": 19.0, "distrito": 1.0, "distrito_l": 19.0, "municipio": 48.0, "seccion": 2969.0, "tipo": 2.0, "_control": 7315.0 }, "geometry": { "type": "MultiPolygon", "coordinates": [ [ [ [ 350115.060983666044194, 2840076.210776978172362 ], [ 350168.400162200385239, 2840238.445293945260346 ], [ 350174.193832752353046, 2840282.915630075149238 ], [ 350177.795303635997698, 2840332.083536920603365 ], [ 350195.548574418120552, 2840417.579035521484911 ], [ 350224.4578394331038, 2840480.526771605014801 ], [ 350229.625167222693563, 2840522.804908066987991 ], [ 350225.553939267178066, 2840582.464056184049696 ], [ 350243.232207057881169, 2840613.049792234785855 ], [ 350244.647403690963984, 2840616.444338511209935 ], [ 350284.786094190552831, 2840599.764112386386842 ], [ 350335.444252955261618, 2840578.958063479047269 ], [ 350427.123288269154727, 2840540.468793448526412 ], [ 350451.466418136435095, 2840531.297524045687169 ], [ 350458.418652258173097, 2840528.66804378060624 ], [ 350491.568967955594417, 2840515.996585502289236 ], [ 350500.705906119954307, 2840512.846040348988026 ], [ 350507.925264309509657, 2840510.396787215024233 ], [ 350533.262033625389449, 2840499.842207522597164 ], [ 350546.419654408295173, 2840493.140755372587591 ], [ 350563.866462696576491, 2840482.695830567739904 ], [ 350566.973672741267364, 2840480.749230328015983 ], [ 350584.117275836528279, 2840473.841758613940328 ], [ 350601.001294055895414, 2840466.854281135369092 ], [ 350684.118476704577915, 2840432.141666459850967 ], [ 350687.391418941086158, 2840431.84212988242507 ], [ 350689.158080238092225, 2840459.414280524477363 ], [ 350683.86165451107081, 2840462.343760093674064 ], [ 350709.167146328720264, 2840491.01082665193826 ], [ 350730.833336158539169, 2840520.755963674746454 ], [ 350748.727617192664184, 2840540.948678461369127 ], [ 350764.41713255882496, 2840559.30705546727404 ], [ 350767.513406306388788, 2840556.682393972296268 ], [ 350795.421022645779885, 2840536.251032577827573 ], [ 350801.920071207452565, 2840556.802150467410684 ], [ 350801.252984163817018, 2840566.298406919464469 ], [ 350800.931502030056436, 2840570.87375491624698 ], [ 350808.769305368303321, 2840589.036109533626586 ], [ 350831.652242647251114, 2840642.260789213236421 ], [ 350850.565601299866103, 2840686.500426332466304 ], [ 350870.397304995683953, 2840735.46001616306603 ], [ 350878.532029499299824, 2840753.958595741540194 ], [ 350896.153405689285137, 2840788.805584262590855 ], [ 350912.45581205515191, 2840830.19600717490539 ], [ 350916.468265737523325, 2840839.13287055445835 ], [ 350928.505796589830425, 2840870.320895499084145 ], [ 350936.165950597845949, 2840888.559527433011681 ], [ 350944.190992457326502, 2840906.433376090135425 ], [ 350955.863670152961276, 2840936.527063954621553 ], [ 350959.876180082559586, 2840947.28786677448079 ], [ 350978.844259486533701, 2840994.343410443048924 ], [ 350994.894313590135425, 2841033.738791053183377 ], [ 351012.038540546200238, 2841074.958013193681836 ], [ 351028.088494686875492, 2841114.718213243409991 ], [ 351043.408913983381353, 2841154.113637701608241 ], [ 351058.729428898659535, 2841192.049931973218918 ], [ 351070.229155966488179, 2841218.331376873422414 ], [ 351106.133496041526087, 2841186.00003067124635 ], [ 351114.848125814227387, 2841178.152630840893835 ], [ 351170.08920051890891, 2841127.640347171574831 ], [ 351193.258198806783184, 2841106.454680166672915 ], [ 351248.075719865970314, 2841056.329692768864334 ], [ 351308.635669363895431, 2841000.953799181152135 ], [ 351242.555989781278186, 2840843.832925660070032 ], [ 351190.01486510707764, 2840720.114960010629147 ], [ 351158.616369024850428, 2840644.657486281823367 ], [ 351215.394873048178852, 2840618.986505712848157 ], [ 351214.578549779776949, 2840617.053202920593321 ], [ 351194.80046670982847, 2840568.134776355233043 ], [ 351244.824607432878111, 2840547.258610581979156 ], [ 351242.107665503164753, 2840540.901994182728231 ], [ 351226.428036343422718, 2840504.217592955566943 ], [ 351205.87076901877299, 2840456.12136345775798 ], [ 351194.881749902444426, 2840430.383575195912272 ], [ 351188.993052410602104, 2840432.862151256762445 ], [ 351175.252758263377473, 2840439.981819410342723 ], [ 351171.659654709103052, 2840434.292738783173263 ], [ 351171.039688716176897, 2840432.79119113041088 ], [ 351158.518211154791061, 2840401.189608817920089 ], [ 351138.288631817267742, 2840352.047864397522062 ], [ 351136.85978139762301, 2840348.889990418218076 ], [ 351105.431060376926325, 2840269.872567525599152 ], [ 351085.363303817692213, 2840219.732650105841458 ], [ 351064.692106987640727, 2840169.421834870707244 ], [ 351030.896496026136447, 2840088.955563856754452 ], [ 351009.512826424092054, 2840040.10082637052983 ], [ 350987.951395918847993, 2839989.275303854607046 ], [ 350870.271198199654464, 2839729.207072819583118 ], [ 350768.947231213212945, 2839775.43119561066851 ], [ 350603.667747455823701, 2839850.148470240645111 ], [ 350439.809128241846338, 2839926.398786692880094 ], [ 350283.603859558876138, 2839997.460200574249029 ], [ 350115.060983666044194, 2840076.210776978172362 ] ] ] ] } },
{ "type": "Feature", "properties": { "gid": 4080, "_id": 6688.0, "entidad": 19.0, "distrito": 1.0, "distrito_l": 18.0, "municipio": 48.0, "seccion": 2066.0, "tipo": 2.0, "_control": 7303.0 }, "geometry": { "type": "MultiPolygon", "coordinates": [ [ [ [ 354413.932957189623266, 2839854.583615135867149 ], [ 354534.485088718705811, 2839808.809938111808151 ], [ 354871.392276846803725, 2839783.510223804507405 ], [ 354946.522795354656409, 2839777.868371342308819 ], [ 355091.64952832646668, 2839769.495653581339866 ], [ 355161.050563083088491, 2839765.491737395524979 ], [ 355197.6646755465772, 2839751.568054233677685 ], [ 355255.42214778822381, 2839723.204998406115919 ], [ 355262.328871261328459, 2839716.298272682819515 ], [ 355276.049814901547506, 2839702.577324572950602 ], [ 355280.691038292075973, 2839686.333033127710223 ], [ 355282.142612591560464, 2839682.550140743143857 ], [ 355284.945493627688847, 2839675.245659442618489 ], [ 355289.199948963709176, 2839664.158285757526755 ], [ 355310.859000724973157, 2839651.26598832802847 ], [ 355321.430681298137642, 2839648.68752792943269 ], [ 355353.741797509021126, 2839667.341649338137358 ], [ 355385.143658024840988, 2839684.96023778943345 ], [ 355406.87919221050106, 2839691.742540332023054 ], [ 355461.701081048930064, 2839675.997232418972999 ], [ 355499.994274337193929, 2839665.452468701638281 ], [ 355520.973305151565, 2839659.675491020549089 ], [ 355556.084982929867692, 2839650.006818494293839 ], [ 355544.689751643454656, 2839641.008038022555411 ], [ 355536.843909340153914, 2839635.072593977674842 ], [ 355524.920382245036308, 2839622.444935231469572 ], [ 355519.425167700333986, 2839596.175129115115851 ], [ 355515.021798515575938, 2839578.611685209907591 ], [ 355512.857716171303764, 2839529.897480523213744 ], [ 355509.473468189768028, 2839482.80282172607258 ], [ 355586.741875248844735, 2839395.300716059282422 ], [ 355577.753035173751414, 2839382.346214889548719 ], [ 355549.958791183365975, 2839345.146022029221058 ], [ 355425.64631579304114, 2839371.616872584912926 ], [ 355413.540147035266273, 2839370.882360123097897 ], [ 355410.098879517812748, 2839359.453684291336685 ], [ 355405.776424174022395, 2839337.204766863491386 ], [ 355408.926120316027664, 2839324.840534135699272 ], [ 355474.401053725741804, 2839278.593770916108042 ], [ 355491.521875528269447, 2839269.017196130938828 ], [ 355509.572087103792001, 2839263.23121032025665 ], [ 355550.813230028375983, 2839255.011100521776825 ], [ 355592.61371871875599, 2839247.304397196974605 ], [ 355633.425738939025905, 2839244.154701055958867 ], [ 355675.427272063854616, 2839241.373586378060281 ], [ 355685.510874189203605, 2839240.972893431782722 ], [ 355717.278021862963215, 2839238.592471699696034 ], [ 355758.860712411289569, 2839236.054285713005811 ], [ 355783.42175604950171, 2839236.210904074832797 ], [ 355783.420349911553785, 2839188.300002298783511 ], [ 355783.315107490401715, 2839166.410246592480689 ], [ 355779.113869038294069, 2839109.715558187104762 ], [ 355765.61869823752204, 2839025.75060799671337 ], [ 355681.655361614539288, 2839012.138779341708869 ], [ 355680.833751875383314, 2839012.209607562981546 ], [ 355623.788229948375374, 2839017.127310779411346 ], [ 355572.497882512572687, 2839029.143545074854046 ], [ 355446.873066239058971, 2839084.569790913723409 ], [ 355310.972527977020945, 2839151.578421685378999 ], [ 355268.783384886512067, 2839172.208180390298367 ], [ 355205.370303148345556, 2839201.038938824087381 ], [ 355142.029359662148636, 2839220.913053994067013 ], [ 355072.548105424386449, 2839227.192700878717005 ], [ 355038.92160920437891, 2839226.990131624042988 ], [ 354985.848464568029158, 2839217.67194592487067 ], [ 354951.006552821956575, 2839206.125498427543789 ], [ 354910.290132700174581, 2839189.31225031754002 ], [ 354884.068589941074606, 2839175.348179495893419 ], [ 354843.734800633043051, 2839150.139561178162694 ], [ 354726.334661533648614, 2839044.623617588076741 ], [ 354617.217356518318411, 2838940.187913096975535 ], [ 354579.224369857925922, 2838880.227283618878573 ], [ 354570.590176634665113, 2838863.4570237044245 ], [ 354514.403892505681142, 2838896.229697775561363 ], [ 354456.037238018470816, 2838933.533782870043069 ], [ 354356.892741580377333, 2838946.950733291450888 ], [ 354356.502262560534291, 2838952.287279895972461 ], [ 354353.768909421516582, 2838957.038107971195132 ], [ 354347.326005593989976, 2838960.682578823063523 ], [ 354336.717992221412715, 2838964.587369021493942 ], [ 354318.631051091244444, 2838970.911565804854035 ], [ 354311.206696257751901, 2838988.731988416053355 ], [ 354308.144540250999853, 2839003.882369633764029 ], [ 354311.879610582895111, 2839026.29277184791863 ], [ 354315.62676777865272, 2839065.534011482726783 ], [ 354321.396474389708601, 2839133.808754511643201 ], [ 354329.974561559502035, 2839177.128062391653657 ], [ 354341.247848620521836, 2839220.266527646686882 ], [ 354353.365368401864544, 2839261.139843264594674 ], [ 354365.707144587067887, 2839300.848147145938128 ], [ 354378.048920768895186, 2839340.556451025884598 ], [ 354386.50374286994338, 2839367.157687961123884 ], [ 354389.26258384087123, 2839413.17504263157025 ], [ 354405.287714292993769, 2839680.47356391698122 ], [ 354413.932957189623266, 2839854.583615135867149 ] ] ] ] } },
{ "type": "Feature", "properties": { "gid": 4066, "_id": 6689.0, "entidad": 19.0, "distrito": 1.0, "distrito_l": 19.0, "municipio": 48.0, "seccion": 2787.0, "tipo": 3.0, "_control": 7304.0 }, "geometry": { "type": "MultiPolygon", "coordinates": [ [ [ [ 345765.760746128042229, 2841968.297252825461328 ], [ 345602.738033083791379, 2842027.739631788805127 ], [ 345435.618167669279501, 2842084.292718663346022 ], [ 345303.276176596176811, 2842117.061097817961127 ], [ 345208.888721337309107, 2842137.367030909284949 ], [ 345014.105149553681258, 2842165.321150411386043 ], [ 344782.546060883672908, 2842188.758460963144898 ], [ 344441.487834952597041, 2842221.528027157299221 ], [ 344270.396750523941591, 2842237.768043626565486 ], [ 344161.896507345954888, 2842248.633736951742321 ], [ 344061.384686185861938, 2842259.406378268264234 ], [ 343961.065912141290028, 2842274.663615292403847 ], [ 343864.285562433535233, 2842292.81912588654086 ], [ 343732.072609295486473, 2842325.315287785604596 ], [ 343675.931226324988529, 2842342.683932314161211 ], [ 343639.60992300149519, 2842354.177081455942243 ], [ 343559.561131487367675, 2842381.414866569451988 ], [ 343482.533620662637986, 2842410.478118448983878 ], [ 343391.583366480073892, 2842447.440956474747509 ], [ 343248.737878129351884, 2842505.128057398833334 ], [ 343158.515174809959717, 2842544.249687462579459 ], [ 343042.646855789236724, 2842583.675555618945509 ], [ 342985.124202365754172, 2842602.610543712973595 ], [ 342738.559333692421205, 2842707.321582819800824 ], [ 342430.936427487235051, 2842839.679852114990354 ], [ 342273.878165215952322, 2842903.734725361689925 ], [ 342153.261516754399054, 2842944.15340661816299 ], [ 342020.72270872828085, 2842972.030361423734576 ], [ 341845.364375220029615, 2842982.16552032250911 ], [ 341766.572921651299112, 2842980.321311693638563 ], [ 341668.995361147564836, 2842978.083163854666054 ], [ 341491.158961964421906, 2842991.965302775613964 ], [ 341387.541031807544641, 2843000.320718215312809 ], [ 341089.835123064694926, 2842999.709529423154891 ], [ 340975.772770391311496, 2843002.005580274388194 ], [ 340817.546538627357222, 2843009.0096649765037 ], [ 340673.673139325110242, 2843020.716034443117678 ], [ 340498.161623464256991, 2843041.390249410178512 ], [ 340341.31323445943417, 2843063.853059419430792 ], [ 340094.39860677003162, 2843102.564179280772805 ], [ 339978.973559810779989, 2843119.658780720550567 ], [ 339770.036212051287293, 2843151.9618362756446 ], [ 339667.066378591232933, 2843167.439032964874059 ], [ 339584.809123871731572, 2843180.345909185707569 ], [ 339505.491154185845517, 2843192.908322258852422 ], [ 339433.026957606314681, 2843204.305315227713436 ], [ 339346.423913648468442, 2843217.111648472957313 ], [ 339263.174933959555347, 2843229.104399687144905 ], [ 339157.278163630748168, 2843245.858699471689761 ], [ 339063.840719949279446, 2843261.379695638548583 ], [ 339002.600350586231798, 2843273.648341111838818 ], [ 338932.820144259487279, 2843286.717187278904021 ], [ 338855.364461657241918, 2843302.509574500843883 ], [ 338656.799625520652626, 2843351.798453092109412 ], [ 338474.715528337866999, 2843398.76650281669572 ], [ 338461.540325072943233, 2843478.346518477424979 ], [ 338457.80251566064544, 2843509.999260207172483 ], [ 338459.876343077572528, 2843510.985412222333252 ], [ 338462.197715136455372, 2843513.485692047514021 ], [ 338463.509907055064104, 2843517.768274960573763 ], [ 338461.855162793188356, 2843522.972022182773799 ], [ 338460.729915960459039, 2843524.629311182070524 ], [ 338457.995118397520855, 2843525.800504269544035 ], [ 338456.281825440470129, 2843526.200674118939787 ], [ 338433.465718637220562, 2843712.329090242739767 ], [ 338421.450082528055646, 2843770.498181289061904 ], [ 338294.335999144008383, 2843741.07392989192158 ], [ 338187.250231172773056, 2843718.722890377044678 ], [ 337951.873516785737593, 2843663.636419828049839 ], [ 337841.909610707662068, 2843639.746070240158588 ], [ 337661.007808271213435, 2843599.178850938100368 ], [ 337547.980035832733847, 2843573.159727736841887 ], [ 337442.211224954924546, 2843541.926541644148529 ], [ 337396.046664906025399, 2843520.806116252671927 ], [ 337325.505596662580501, 2843478.298269235529006 ], [ 337031.603241386823356, 2844218.174637449905276 ], [ 337073.555026990536135, 2844666.584147466346622 ], [ 337144.137598622706719, 2844874.941935336682945 ], [ 337260.144903813255951, 2845016.458018000237644 ], [ 337333.655416989407968, 2845268.139593871310353 ], [ 337416.965984485519584, 2845468.710845469962806 ], [ 337607.45965766091831, 2845673.325773535761982 ], [ 337729.273045011912473, 2845590.456576094031334 ], [ 337780.17576046497561, 2845457.961418827064335 ], [ 337991.634655538480729, 2845351.084953607525676 ], [ 337970.471050881082192, 2845292.749798239674419 ], [ 338413.653835967648774, 2845307.849821350071579 ], [ 338661.415401097387075, 2845365.990147984586656 ], [ 339598.281372140860185, 2845912.19344306923449 ], [ 339719.702184568974189, 2846221.215373415499926 ], [ 339746.345828033518046, 2846307.490704195573926 ], [ 339879.236668237834238, 2846344.09091372648254 ], [ 340168.108465970843099, 2846246.510251536499709 ], [ 340254.678980094962753, 2846064.799091027583927 ], [ 340523.700718240230344, 2846369.530970685649663 ], [ 340630.301413114822935, 2846528.591957231983542 ], [ 340678.867508806288242, 2846712.211559156887233 ], [ 340780.592387056793086, 2846717.663126123137772 ], [ 340816.061576060252264, 2846699.791428237222135 ], [ 340851.530765063944273, 2846681.919730352703482 ], [ 341059.804100867477246, 2846475.151551304850727 ], [ 341435.736421862384304, 2846231.47995373653248 ], [ 341911.585885992157273, 2845849.152674650307745 ], [ 342211.767768136691302, 2845832.862524149473757 ], [ 342353.782174126594327, 2846159.529353727586567 ], [ 342666.490641005686484, 2845944.533156775403768 ], [ 342928.045738076558337, 2845898.237613952253014 ], [ 342990.048267634236254, 2845908.036061317659914 ], [ 343195.973964879056439, 2845940.80304957088083 ], [ 343436.335457066888921, 2845833.622335295192897 ], [ 343612.466568284668028, 2845867.162519230972975 ], [ 343758.217461834545247, 2845730.561634240671992 ], [ 344051.33930622972548, 2845755.081742945127189 ], [ 344158.779986673616804, 2845791.971958904992789 ], [ 344426.011663729907013, 2845786.26188100175932 ], [ 344677.513236857019365, 2845747.651597993914038 ], [ 344804.258939734078012, 2845754.370689932722598 ], [ 344841.898382778221276, 2845756.366046563722193 ], [ 344873.694470338989049, 2845758.051632987800986 ], [ 344903.452826371474657, 2845775.778756508603692 ], [ 345192.026498911087401, 2845947.682780114933848 ], [ 345888.940083920722827, 2846493.698572490829974 ], [ 346093.713134582270868, 2846414.86526816431433 ], [ 347154.033101863809861, 2847279.761054575443268 ], [ 347329.735797026660293, 2846352.562751035671681 ], [ 347379.032830937998369, 2846031.877559571992606 ], [ 347392.976830273750238, 2845954.916282443795353 ], [ 347421.013553023338318, 2845803.538936206139624 ], [ 347441.45633940899279, 2845692.928859662730247 ], [ 347475.32484475185629, 2845568.88292398955673 ], [ 347488.628880368662067, 2845500.41581389401108 ], [ 347567.25007675064262, 2845023.672538082115352 ], [ 347626.091351161943749, 2844685.016497866250575 ], [ 347663.850885407184251, 2844467.694652069825679 ], [ 347709.181850024615414, 2844238.684974036179483 ], [ 347737.995188901142683, 2844093.121482626069337 ], [ 347743.253596813417971, 2844058.960638251155615 ], [ 347767.307765353471041, 2843913.666605010163039 ], [ 347894.261372077278793, 2843970.022198560182005 ], [ 347971.700098939356394, 2844004.478503161109984 ], [ 348052.070778029563371, 2844041.380056062247604 ], [ 348120.712997789378278, 2844075.106984644196928 ], [ 348205.590037664573174, 2844117.567671577911824 ], [ 348229.919354178127833, 2844093.090573594439775 ], [ 348318.271402273559943, 2844136.827531540300697 ], [ 348312.176584333530627, 2844118.240165936294943 ], [ 348341.494617412099615, 2844086.698964494280517 ], [ 348371.252437336719595, 2844057.52572632022202 ], [ 348399.574891442956869, 2844027.090262207668275 ], [ 348430.004508618731052, 2843997.911177169531584 ], [ 348373.174766866257414, 2843942.957233691122383 ], [ 348402.77069596137153, 2843912.110772372223437 ], [ 348436.951909846626222, 2843881.681155124213547 ], [ 348434.728741442726459, 2843863.20106793101877 ], [ 348223.102750140009448, 2843826.254147942177951 ], [ 348166.290881253546104, 2843815.341133574489504 ], [ 348142.521047043032013, 2843806.510274146683514 ], [ 348136.765184374235105, 2843791.568470392376184 ], [ 348129.182036752346903, 2843785.668070557527244 ], [ 348121.123051385395229, 2843780.66594168683514 ], [ 348108.130818655481562, 2843787.923924237955362 ], [ 348086.941837494610809, 2843785.668070552870631 ], [ 348033.1280331746093, 2843770.284827959258109 ], [ 348004.823555272130761, 2843758.434257853776217 ], [ 347965.77916055318201, 2843742.594183121342212 ], [ 347926.595817803521641, 2843722.446719643194228 ], [ 347915.757871975714806, 2843716.47195461159572 ], [ 347862.679726784932427, 2843709.107709343079478 ], [ 347841.837523176509421, 2843690.766570182517171 ], [ 347825.662256370880641, 2843677.254019182175398 ], [ 347812.3426068687113, 2843668.258675520773977 ], [ 347830.878682669543196, 2843576.059752708766609 ], [ 347834.248878314974718, 2843549.098187803756446 ], [ 347841.663276367122307, 2843483.698731746990234 ], [ 347856.049841471831314, 2843417.360681806690991 ], [ 347865.179808007320389, 2843392.153969476465136 ], [ 347868.475190901721362, 2843371.498773770872504 ], [ 347873.395137564220931, 2843341.390925771556795 ], [ 347889.9962687328225, 2843239.799512582365423 ], [ 347891.856329593225382, 2843229.160659903194755 ], [ 347913.741349493910093, 2843103.45269187586382 ], [ 347932.670595105912071, 2842996.337198564782739 ], [ 347933.728272968553938, 2842990.210648939944804 ], [ 347974.733967713080347, 2842771.353524956386536 ], [ 347989.759332988178357, 2842692.1055893227458 ], [ 347961.024309969681781, 2842661.420689757913351 ], [ 347956.057376848999411, 2842656.116714749950916 ], [ 347954.742995658016298, 2842650.448318670038134 ], [ 347955.366326516028494, 2842650.337539909873158 ], [ 347946.518273232795764, 2842627.117261939682066 ], [ 347850.008220226329286, 2842654.888522090855986 ], [ 347558.607127272931393, 2842739.093741594813764 ], [ 347067.011435567052104, 2841477.762671643868089 ], [ 346839.745730183261912, 2841570.437553790397942 ], [ 346560.885338984546252, 2841674.132490761578083 ], [ 346388.241151992930099, 2841738.471502140630037 ], [ 346242.115703105228022, 2841792.914528297260404 ], [ 346009.165392904076725, 2841878.222582423128188 ], [ 345765.760746128042229, 2841968.297252825461328 ] ] ] ] } },
{ "type": "Feature", "properties": { "gid": 4067, "_id": 6690.0, "entidad": 19.0, "distrito": 1.0, "distrito_l": 18.0, "municipio": 48.0, "seccion": 2065.0, "tipo": 2.0, "_control": 7305.0 }, "geometry": { "type": "MultiPolygon", "coordinates": [ [ [ [ 355556.084982929867692, 2839650.006818494293839 ], [ 355663.915536809246987, 2839625.69281905144453 ], [ 355715.344563919119537, 2839619.6009178343229 ], [ 355781.701482088770717, 2839606.071327120065689 ], [ 355860.156658203690313, 2839590.075008250772953 ], [ 355894.988465795642696, 2839563.792817327193916 ], [ 355893.435550623573363, 2839550.884643867611885 ], [ 355901.910664928960614, 2839519.673405607696623 ], [ 355912.830523745564278, 2839494.737011592835188 ], [ 355928.639871584658977, 2839471.348955769557506 ], [ 355959.382533817668445, 2839441.747174309566617 ], [ 356011.455591902544256, 2839410.454444568604231 ], [ 356022.192094879399519, 2839400.858822360634804 ], [ 356036.389257247501519, 2839383.896882579196244 ], [ 356050.947961444209795, 2839369.054103610571474 ], [ 356057.086712300311774, 2839358.035676251165569 ], [ 356061.743015177140478, 2839351.75507955159992 ], [ 356083.095120254729409, 2839322.954555998090655 ], [ 356091.716545304865576, 2839311.325653165578842 ], [ 356111.596606496954337, 2839284.510677852202207 ], [ 356136.156605546595529, 2839251.383226087316871 ], [ 356159.055978810938541, 2839213.810103138443083 ], [ 356148.478659095824696, 2839209.812126973643899 ], [ 356012.153634452202823, 2839154.926822785753757 ], [ 355968.93886019353522, 2839137.880995161365718 ], [ 355893.793169399315957, 2839104.749668229371309 ], [ 355832.57223919959506, 2839068.257192188873887 ], [ 355765.61869823752204, 2839025.75060799671337 ], [ 355779.113869038294069, 2839109.715558187104762 ], [ 355783.315107490401715, 2839166.410246592480689 ], [ 355783.420349911553785, 2839188.300002298783511 ], [ 355783.42175604950171, 2839236.210904074832797 ], [ 355758.860712411289569, 2839236.054285713005811 ], [ 355717.278021862963215, 2839238.592471699696034 ], [ 355685.510874189203605, 2839240.972893431782722 ], [ 355675.427272063854616, 2839241.373586378060281 ], [ 355633.425738939025905, 2839244.154701055958867 ], [ 355592.61371871875599, 2839247.304397196974605 ], [ 355550.813230028375983, 2839255.011100521776825 ], [ 355509.572087103792001, 2839263.23121032025665 ], [ 355491.521875528269447, 2839269.017196130938828 ], [ 355474.401053725741804, 2839278.593770916108042 ], [ 355408.926120316027664, 2839324.840534135699272 ], [ 355405.776424174022395, 2839337.204766863491386 ], [ 355410.098879517812748, 2839359.453684291336685 ], [ 355413.540147035266273, 2839370.882360123097897 ], [ 355425.64631579304114, 2839371.616872584912926 ], [ 355549.958791183365975, 2839345.146022029221058 ], [ 355577.753035173751414, 2839382.346214889548719 ], [ 355586.741875248844735, 2839395.300716059282422 ], [ 355509.473468189768028, 2839482.80282172607258 ], [ 355512.857716171303764, 2839529.897480523213744 ], [ 355515.021798515575938, 2839578.611685209907591 ], [ 355519.425167700333986, 2839596.175129115115851 ], [ 355524.920382245036308, 2839622.444935231469572 ], [ 355536.843909340153914, 2839635.072593977674842 ], [ 355544.689751643454656, 2839641.008038022555411 ], [ 355556.084982929867692, 2839650.006818494293839 ] ] ] ] } },
{ "type": "Feature", "properties": { "gid": 4068, "_id": 6691.0, "entidad": 19.0, "distrito": 1.0, "distrito_l": 18.0, "municipio": 48.0, "seccion": 2081.0, "tipo": 2.0, "_control": 7306.0 }, "geometry": { "type": "MultiPolygon", "coordinates": [ [ [ [ 365461.896067651105113, 2830430.643438167870045 ], [ 365391.580850993632339, 2830319.83499797899276 ], [ 364984.445287991198711, 2830353.763019055128098 ], [ 364746.949549598793965, 2830421.618981931358576 ], [ 364441.597921074542683, 2830760.898674682714045 ], [ 364204.102206467709038, 2830998.394462866708636 ], [ 363729.110763373028021, 2831371.602144117932767 ], [ 363220.191332945367321, 2831575.170005071442574 ], [ 362711.271888424409553, 2831676.953971193637699 ], [ 362100.568566692352761, 2831880.521846861578524 ], [ 361659.505050318490248, 2831982.305803930386901 ], [ 360675.594121391244698, 2832151.945768051315099 ], [ 360370.242460915411357, 2832253.729706386104226 ], [ 359837.497640808520373, 2832520.102220007684082 ], [ 359488.1154633401311, 2832694.793376847170293 ], [ 359024.414628406637348, 2833010.953144710510969 ], [ 358808.625394811853766, 2833158.082217827439308 ], [ 358741.700331846368499, 2833203.712958161253482 ], [ 357928.319729624432512, 2833937.739592163357884 ], [ 357766.271177417133003, 2834083.978576840367168 ], [ 357350.653997366549447, 2834459.047860885504633 ], [ 356984.407268209382892, 2834792.594097475521266 ], [ 356598.826288567739539, 2835143.748318138532341 ], [ 356565.54434972605668, 2835174.058665165212005 ], [ 356512.928160154784564, 2835221.976996275130659 ], [ 356407.695781025860924, 2835317.813658492174 ], [ 355450.688280352274887, 2836189.374345683958381 ], [ 355184.58140086644562, 2836401.812681762967259 ], [ 355894.234270543034654, 2837619.207370445597917 ], [ 355876.749880600662436, 2837716.204105126205832 ], [ 355865.975632562476676, 2837736.196474322117865 ], [ 355873.835815610247664, 2837751.589180009439588 ], [ 355877.582470597873908, 2837824.440804770682007 ], [ 355876.554597464506514, 2837857.18911272380501 ], [ 355872.84711498854449, 2837870.857697121333331 ], [ 355857.964568787778262, 2837905.865504662506282 ], [ 355855.102540672174655, 2837919.447128992062062 ], [ 355858.458919101045467, 2837922.048972768709064 ], [ 355857.535614468273707, 2837935.529220407363027 ], [ 355854.504116614116356, 2837936.098928973078728 ], [ 355817.876141032786109, 2838144.962787485681474 ], [ 355847.349046324961819, 2838146.249847987201065 ], [ 355873.679704988433514, 2838144.584667993709445 ], [ 355886.632911182707176, 2838141.918642580509186 ], [ 355916.760301000555046, 2838132.080017906147987 ], [ 355938.476438736310229, 2838185.252099216915667 ], [ 355960.711378135951236, 2838221.716325641144067 ], [ 355995.079027967934962, 2838292.542556980624795 ], [ 355998.124705161841121, 2838300.529546286445111 ], [ 356014.251392915728502, 2838344.578505559358746 ], [ 355988.536112112691626, 2838353.367290880531073 ], [ 355967.410606691089924, 2838364.74245677003637 ], [ 355960.913413343834691, 2838368.099819987546653 ], [ 355949.861689734330866, 2838377.540747316554189 ], [ 355937.685061024327297, 2838392.839588516857475 ], [ 355922.087915848300327, 2838427.919749576598406 ], [ 355905.838236164127011, 2838446.428008972201496 ], [ 356027.347363940963987, 2838471.246716094668955 ], [ 356021.620414463919587, 2838500.763507922645658 ], [ 356008.687557263532653, 2838570.084516149945557 ], [ 356006.074523765186314, 2838574.214115707203746 ], [ 356002.59963599574985, 2838623.984603634104133 ], [ 356011.668487809307408, 2838625.990806161891669 ], [ 356018.550444201973733, 2838629.284721638541669 ], [ 356042.162096458661836, 2838730.741035192739218 ], [ 356060.926015718956478, 2838823.152961330488324 ], [ 356058.807237143162638, 2838869.073412387166172 ], [ 356057.299644695187453, 2838893.154145816806704 ], [ 356048.864376615849324, 2839014.992060664109886 ], [ 356046.787243300001137, 2839059.111552343703806 ], [ 356071.845874533755705, 2839158.164450767450035 ], [ 356130.845708722947165, 2839186.197521155234426 ], [ 356150.485156291804742, 2839196.302465132437646 ], [ 356148.478659095824696, 2839209.812126973643899 ], [ 356159.055978810938541, 2839213.810103138443083 ], [ 356201.486482919950504, 2839230.058453994337469 ], [ 356245.216427370673046, 2839245.857123252470046 ], [ 356414.954946236335672, 2839278.195016130805016 ], [ 356581.752117502852343, 2839299.703427991829813 ], [ 356702.08951009035809, 2839322.139195705298334 ], [ 356739.64667068887502, 2839331.415356397628784 ], [ 356837.520068370387889, 2839355.588892153464258 ], [ 356963.799700020288583, 2839375.711117593105882 ], [ 356939.824205689423252, 2839351.905210011638701 ], [ 356944.351413799566217, 2839309.391083275899291 ], [ 356970.978316003223881, 2839013.823268819600344 ], [ 356972.185642665834166, 2838993.711310373619199 ], [ 356981.332155112992041, 2838841.346350719686598 ], [ 356982.592721035704017, 2838793.444578692317009 ], [ 356984.219528588699177, 2838785.656993401236832 ], [ 356989.332240529183764, 2838783.560567584820092 ], [ 357002.339730278414208, 2838778.226952541153878 ], [ 357034.807484054472297, 2838758.201930751092732 ], [ 357060.081783401081339, 2838745.759198764804751 ], [ 357067.372446674213279, 2838745.734896554145962 ], [ 357084.043077038892079, 2838750.150597177445889 ], [ 357104.13063796015922, 2838746.222005435731262 ], [ 357123.947993673267774, 2838736.15982545632869 ], [ 357144.260638721520081, 2838721.082339380402118 ], [ 357183.333849979622755, 2838713.656607075128704 ], [ 357279.043209042400122, 2838699.197330370079726 ], [ 357208.578078040969558, 2838285.98020578129217 ], [ 357061.662205459841061, 2837264.119570991955698 ], [ 357050.78116276988294, 2837054.349748480133712 ], [ 357045.067903769668192, 2836917.584884992334992 ], [ 357012.132658535381779, 2836769.771477974485606 ], [ 356959.915136638621334, 2836633.198732245247811 ], [ 356874.674064423074014, 2836405.328381828498095 ], [ 356947.131665955181234, 2836346.430232723243535 ], [ 356968.388427504396532, 2836306.660749503411353 ], [ 356985.230740148457699, 2836289.916467761620879 ], [ 356983.166001701378264, 2836270.308018091134727 ], [ 356982.648948372283485, 2836208.90128736756742 ], [ 357033.630358935683034, 2836174.932029253803194 ], [ 357075.718474437831901, 2836146.888469086959958 ], [ 357113.055114822927862, 2836106.429955570958555 ], [ 357227.485551430669148, 2836050.98527131928131 ], [ 357406.59915844531497, 2835964.200482623651624 ], [ 357415.597311161225662, 2835954.337279534433037 ], [ 357439.64704488881398, 2835895.347875295206904 ], [ 357456.831158663495444, 2835859.525615171995014 ], [ 357474.051633725757711, 2835846.239164324942976 ], [ 357494.473456415056717, 2835831.979403138160706 ], [ 357537.95299046265427, 2835818.602432512678206 ], [ 357573.663220989168622, 2835809.107556932140142 ], [ 357593.62783000105992, 2835806.090251279529184 ], [ 357607.377315418561921, 2835791.203337685670704 ], [ 357610.671054550795816, 2835787.637148376554251 ], [ 357660.582916517858393, 2835765.241310165729374 ], [ 357683.192850736202672, 2835774.956770317163318 ], [ 357700.480747594381683, 2835774.580845842137933 ], [ 357778.006557257729582, 2835714.53412570618093 ], [ 357794.258682077052072, 2835666.136977138463408 ], [ 358212.584564042568672, 2835373.241133500356227 ], [ 358399.696810538764112, 2835250.91831387206912 ], [ 358506.119281018327456, 2835168.228442511055619 ], [ 358640.823618705035187, 2835087.873638213146478 ], [ 358816.045427145319991, 2834998.267334620468318 ], [ 359348.816562684718519, 2834681.453107691835612 ], [ 359362.109704478411004, 2834673.54854628443718 ], [ 359490.25678667682223, 2834599.84690382797271 ], [ 359563.253086424898356, 2834572.127873508259654 ], [ 359647.065327351680025, 2834551.916279048658907 ], [ 359819.989476319635287, 2834480.831742201000452 ], [ 359820.79480272391811, 2834435.865540691185743 ], [ 359841.131335391197354, 2834381.554145114962012 ], [ 360084.096279303485062, 2834259.492078044451773 ], [ 360252.063348230090924, 2834175.107961404602975 ], [ 360267.513163016177714, 2834146.206650830805302 ], [ 360247.151217028847896, 2834082.412154180463403 ], [ 360279.578300389926881, 2834049.100974593311548 ], [ 360544.491783452336676, 2833885.598417771514505 ], [ 360683.692542565055192, 2833756.743688818998635 ], [ 360778.104553660203237, 2833688.851866003125906 ], [ 360915.900632979464717, 2833631.855059292633086 ], [ 361320.473570693284273, 2833387.698937680572271 ], [ 361653.335610030102544, 2833232.826959810685366 ], [ 361795.171165053732693, 2833150.73549392959103 ], [ 362235.851081644999795, 2832895.679618705995381 ], [ 362571.164931043400429, 2832693.318840744439512 ], [ 362523.492300204816274, 2832630.788441443815827 ], [ 362624.19578694854863, 2832524.966104096733034 ], [ 362684.245961491658818, 2832481.045882674865425 ], [ 362751.050030343933031, 2832474.211772731970996 ], [ 362776.985940742772073, 2832463.649596074596047 ], [ 362975.894287541275844, 2832257.236687194555998 ], [ 363098.560856160882395, 2832169.446940950583667 ], [ 363213.370771662448533, 2832094.249174534808844 ], [ 363237.917715963558294, 2832092.74496005428955 ], [ 363255.933259491226636, 2832091.640868646092713 ], [ 363294.979611550748814, 2832060.679598162416369 ], [ 363360.849832534673624, 2832073.766000787727535 ], [ 364910.866880014305934, 2831000.325090925209224 ], [ 365011.819686797098257, 2830941.216577764600515 ], [ 364981.038597595528699, 2830881.604646152351052 ], [ 364981.061648635659367, 2830840.424285891931504 ], [ 365152.999643720686436, 2830705.438889184035361 ], [ 365192.950991686200723, 2830667.642702537588775 ], [ 365233.55336608341895, 2830630.468892890959978 ], [ 365222.067000481067225, 2830600.156271872576326 ], [ 365210.399619632109534, 2830561.568580598570406 ], [ 365226.344650949700736, 2830536.903736935928464 ], [ 365416.68048745917622, 2830447.866611464414746 ], [ 365461.896067651105113, 2830430.643438167870045 ] ] ] ] } },
{ "type": "Feature", "properties": { "gid": 4069, "_id": 6692.0, "entidad": 19.0, "distrito": 1.0, "distrito_l": 19.0, "municipio": 48.0, "seccion": 2076.0, "tipo": 2.0, "_control": 7307.0 }, "geometry": { "type": "MultiPolygon", "coordinates": [ [ [ [ 353541.337009569746442, 2839205.213993371929973 ], [ 353562.51624152448494, 2839166.843730607070029 ], [ 353588.654822334181517, 2839119.488651062827557 ], [ 353604.885831272345968, 2839090.083048479165882 ], [ 353618.129299775115214, 2839066.08995149936527 ], [ 353636.181751326832455, 2839033.384454389568418 ], [ 353654.747120820044074, 2838999.746293210424483 ], [ 353669.81527326873038, 2838972.450843713246286 ], [ 353689.035488961962983, 2838937.723271868657321 ], [ 353698.345320272899698, 2838911.041851151268929 ], [ 353715.52971178246662, 2838880.975443072617054 ], [ 353732.294413990806788, 2838851.133900756482035 ], [ 353746.241557191533502, 2838825.370846247766167 ], [ 353753.854707511898596, 2838812.023816742934287 ], [ 353770.320247900323011, 2838784.374135713092983 ], [ 353774.949175922956783, 2838776.601030165795237 ], [ 353799.469639351766091, 2838732.078616224694997 ], [ 353738.319097876548767, 2838732.440097250510007 ], [ 353735.188714385149069, 2838732.451484407763928 ], [ 353699.944928114302456, 2838732.579688041470945 ], [ 353687.88475337123964, 2838734.038521700073034 ], [ 353684.578917585371528, 2838720.450976307503879 ], [ 353670.240169929282274, 2838664.782897172495723 ], [ 353633.89725351362722, 2838698.455247845035046 ], [ 353604.613917936803773, 2838721.948292638640851 ], [ 353592.280760410008952, 2838730.320161652751267 ], [ 353561.464502317132428, 2838760.413457678165287 ], [ 353533.757076627225615, 2838787.703394579235464 ], [ 353510.848127331933938, 2838811.676357228774577 ], [ 353482.571266783750616, 2838836.817745634354651 ], [ 353489.861134289647453, 2838842.902676362078637 ], [ 353494.13865985092707, 2838849.288841284811497 ], [ 353497.813717023353092, 2838870.149309249594808 ], [ 353502.000872331263963, 2838879.159977132920176 ], [ 353508.658148022543173, 2838886.97323900135234 ], [ 353517.298400717438199, 2838891.439682601485401 ], [ 353532.154415190336294, 2838898.87198968231678 ], [ 353545.649707107571885, 2838906.783152766060084 ], [ 353516.490237084100954, 2838935.159413883462548 ], [ 353547.32976477954071, 2838933.938786637503654 ], [ 353563.245283787837252, 2838938.549872938077897 ], [ 353542.833736665546894, 2838975.533493487164378 ], [ 353524.303013593947981, 2839009.109254621434957 ], [ 353503.267722380696796, 2839047.223035202361643 ], [ 353485.047166881442536, 2839080.236804652027786 ], [ 353484.032039217941929, 2839082.076174235902727 ], [ 353468.288756209658459, 2839114.329407398123294 ], [ 353497.783593604457565, 2839155.583770226221532 ], [ 353518.192210281500593, 2839179.343617334030569 ], [ 353541.337009569746442, 2839205.213993371929973 ] ] ] ] } },
{ "type": "Feature", "properties": { "gid": 4070, "_id": 6693.0, "entidad": 19.0, "distrito": 1.0, "distrito_l": 19.0, "municipio": 48.0, "seccion": 2084.0, "tipo": 4.0, "_control": 7308.0 }, "geometry": { "type": "MultiPolygon", "coordinates": [ [ [ [ 340834.297496392508037, 2836825.530475744046271 ], [ 341300.03401999862399, 2836919.072625665925443 ], [ 341364.953307836665772, 2836902.895734586752951 ], [ 341631.116089086281136, 2836836.572050753049552 ], [ 341780.257024241844192, 2836818.436912142671645 ], [ 341929.397959403926507, 2836800.301773541606963 ], [ 342051.928730714367703, 2836804.121778067201376 ], [ 342189.819599866168573, 2836815.431827506050467 ], [ 342282.565175269031897, 2836766.011500153690577 ], [ 342375.310750706819817, 2836716.591172804124653 ], [ 342465.836318736663088, 2836707.996103984303772 ], [ 342556.361886766855605, 2836699.401035175658762 ], [ 342767.753208297654055, 2836648.740681069903076 ], [ 342845.623744121403433, 2836653.029240202158689 ], [ 343088.13540046219714, 2837754.617622880265117 ], [ 343193.866090885770973, 2837888.658320832997561 ], [ 343252.082767640647944, 2837887.679552252404392 ], [ 343310.299444395524915, 2837886.700783671345562 ], [ 343556.324521126225591, 2837897.618208073545247 ], [ 343913.726806083635893, 2837914.278255056124181 ], [ 344380.599784884019755, 2837896.658067607786506 ], [ 344622.681324103381485, 2837853.327754279132932 ], [ 344798.602444624062628, 2837833.637601212132722 ], [ 344896.693092902656645, 2837970.308449470438063 ], [ 344977.233635189244524, 2838145.409543550573289 ], [ 345102.093957418459468, 2838402.500086045823991 ], [ 345157.826506956596859, 2838588.554067358374596 ], [ 345178.180141534248833, 2838571.108094863593578 ], [ 345203.767567860311829, 2838558.605147908441722 ], [ 345224.121202437963802, 2838540.86840920522809 ], [ 345246.800966681621503, 2838529.528527083341032 ], [ 345271.22532817494357, 2838513.245619421359152 ], [ 345310.478766288957559, 2838501.033438674174249 ], [ 345350.604503027687315, 2838483.296699970494956 ], [ 345387.822577683895361, 2838459.16310468595475 ], [ 345418.353029550227802, 2838450.149352230131626 ], [ 345433.763638587843161, 2838435.611041816882789 ], [ 345466.329453912156168, 2838417.583536907099187 ], [ 345504.710593401337974, 2838392.577642997261137 ], [ 345525.936526603647508, 2838382.982358125038445 ], [ 345564.826506957178935, 2838378.693556553218514 ], [ 345604.007253519375809, 2838367.280982878990471 ], [ 345653.582892026228365, 2838359.866444568615407 ], [ 345704.030829157854896, 2838358.557996631134301 ], [ 345736.742027586267795, 2838347.945030030794442 ], [ 345772.651654305343982, 2838345.328134156763554 ], [ 345796.71255803812528, 2838337.259371877182275 ], [ 345819.828471594082657, 2838327.664087005890906 ], [ 345854.2115757195279, 2838325.11988268326968 ], [ 345902.842224049905781, 2838312.544244177173823 ], [ 345973.207646446709987, 2838282.886090935673565 ], [ 346026.99939497327432, 2838269.220079148188233 ], [ 346075.848117959511001, 2838259.043261859100312 ], [ 346146.795072773064021, 2838269.220079148188233 ], [ 346205.820613048214, 2838269.074696044903249 ], [ 346230.244974541361444, 2838257.589430818799883 ], [ 346252.488589472486638, 2838239.998075218871236 ], [ 346256.995465700456407, 2838222.842868932522833 ], [ 346253.651654305460397, 2838187.2240084214136 ], [ 346259.466978470445611, 2838158.874303116928786 ], [ 346279.529846839781385, 2838136.485305081587285 ], [ 346304.244974541128613, 2838108.571749089751393 ], [ 346335.211575719993562, 2838093.015756947919726 ], [ 346351.42179182858672, 2838082.620865 ], [ 346386.149469656520523, 2838078.970278644468635 ], [ 346414.518059019232169, 2838068.664087003096938 ], [ 346457.551457840483636, 2838067.791788378730416 ], [ 346553.358923459250946, 2838065.683733367361128 ], [ 346587.378569824679289, 2838062.412613523658365 ], [ 346626.777391042851377, 2838047.147387591190636 ], [ 346721.421791828703135, 2838019.233831599354744 ], [ 346798.76560322358273, 2838015.090413130819798 ], [ 346843.107449981966056, 2837967.113988769240677 ], [ 346896.026899883756414, 2837927.860550654586405 ], [ 346937.024935247201938, 2837917.829116469714791 ], [ 346991.398216190282255, 2837907.943065390456468 ], [ 347049.115308528067544, 2837922.481375802773982 ], [ 347081.099591435748152, 2837927.569784447550774 ], [ 347108.140848803217523, 2837941.235796233639121 ], [ 347136.635937211860437, 2837925.534420988056809 ], [ 347167.457155286509078, 2837911.577642991673201 ], [ 347221.539670021273196, 2837899.94699466181919 ], [ 347263.700770217692479, 2837899.656228453852236 ], [ 347332.103520708449651, 2837918.192574227694422 ], [ 347400.651654304063413, 2837873.778035919182003 ], [ 347462.003324245160911, 2837851.389037883840501 ], [ 347532.514129746123217, 2837842.084519220981747 ], [ 347553.158530531974975, 2837837.141493680421263 ], [ 347572.349100276362151, 2837836.996110575739294 ], [ 347591.975819333223626, 2837839.613006449770182 ], [ 347641.333383183926344, 2837845.50102216610685 ], [ 347669.246939176111482, 2837843.247584051452577 ], [ 347692.508235836110543, 2837833.579607625491917 ], [ 347710.099591435457114, 2837833.288841418456286 ], [ 347749.571104205620941, 2837836.196503499522805 ], [ 347790.641831121174619, 2837791.781965190079063 ], [ 347808.378569824388251, 2837766.848762833047658 ], [ 347828.950279058306478, 2837755.799646918661892 ], [ 347850.903127781290095, 2837731.011827664915472 ], [ 347864.859905777382664, 2837725.778035916388035 ], [ 347881.433579647680745, 2837721.125776584260166 ], [ 347946.710593400057405, 2837673.512809982057661 ], [ 348019.838294775341637, 2837625.463694070000201 ], [ 348084.315701454994269, 2837566.874303103424609 ], [ 348180.486624834127724, 2837523.622829626780003 ], [ 348253.759709313453641, 2837499.489234342239797 ], [ 348280.800966680864803, 2837496.290806051343679 ], [ 348315.692911671008915, 2837478.263301139697433 ], [ 348339.826506956014782, 2837476.954853202216327 ], [ 348396.671300669142511, 2837444.24365477450192 ], [ 348422.767567859729752, 2837438.57371371332556 ], [ 348463.474837014975492, 2837437.337957327719778 ], [ 348505.635937211336568, 2837425.561925893649459 ], [ 348552.594679843925405, 2837421.055049665737897 ], [ 348587.922774146660231, 2837411.75053100194782 ], [ 348640.551457840076182, 2837419.601218624506146 ], [ 348726.618255482171662, 2837381.365462238434702 ], [ 348753.659512849641033, 2837369.298664595931768 ], [ 348786.079945069563109, 2837366.391002513468266 ], [ 348832.166389077377971, 2837346.76428345637396 ], [ 348872.553144870500546, 2837333.500040213111788 ], [ 348889.810789863287937, 2837334.188644948881119 ], [ 348901.732204401574563, 2837331.862515282351524 ], [ 348935.461084558744915, 2837319.504951431881636 ], [ 348952.03475842892658, 2837318.414578150492162 ], [ 348980.675229941844009, 2837326.701415086165071 ], [ 349008.734169038012624, 2837312.308487777132541 ], [ 349082.879552142170724, 2837256.481375793926418 ], [ 349114.573068841651548, 2837242.96074710926041 ], [ 349142.341241729620378, 2837216.791788367554545 ], [ 349195.551457839726936, 2837188.005933750420809 ], [ 349255.449296739301644, 2837167.361532962415367 ], [ 349278.855976503749844, 2837155.294735320843756 ], [ 349307.205681808234658, 2837132.033438659738749 ], [ 349327.559316385886632, 2837119.821257915813476 ], [ 349356.49055410688743, 2837110.952888562344015 ], [ 349392.981713242363185, 2837088.27312431903556 ], [ 349441.830436228658073, 2837080.713202903047204 ], [ 349504.926703419245314, 2837084.49316361034289 ], [ 349593.901163144095335, 2837104.265265772584826 ], [ 349640.423756464384496, 2837101.939136106520891 ], [ 349667.174247623537667, 2837085.365462236106396 ], [ 349710.062263340572827, 2837081.294735319912434 ], [ 349749.897233871044591, 2837082.893949464894831 ], [ 349766.325524637242779, 2837077.224008405115455 ], [ 349787.115308527252637, 2837061.377250054385513 ], [ 349805.43357964704046, 2837056.579607618041337 ], [ 349847.885446051775943, 2837061.813399366103113 ], [ 349899.932597328734118, 2837062.10416557546705 ], [ 349930.899198507424444, 2837057.015756931621581 ], [ 349989.9247387823998, 2837067.483340427279472 ], [ 350096.199787898396607, 2837016.017721567768604 ], [ 350134.871693595778197, 2836973.711238267365843 ], [ 350145.920809509349056, 2836946.960747107863426 ], [ 350172.380534460244235, 2836913.231866950634867 ], [ 350232.859905776567757, 2836882.410648875869811 ], [ 350261.645760393410455, 2836870.343851233366877 ], [ 350301.044581611349713, 2836861.0393325695768 ], [ 350344.07798043260118, 2836873.542279524262995 ], [ 350382.749886130099185, 2836874.8507274617441 ], [ 350423.893304597528186, 2836870.489234337583184 ], [ 350453.406074735103175, 2836865.691591901239008 ], [ 350499.783284951176029, 2836870.780000545550138 ], [ 350546.305878271406982, 2836864.819293276406825 ], [ 350593.773461768403649, 2836870.416542784776539 ], [ 350616.08976825181162, 2836865.255442589055747 ], [ 350715.967960786132608, 2836799.833045732229948 ], [ 350787.060298703610897, 2836771.483340427745134 ], [ 350816.282302632927895, 2836762.905737284105271 ], [ 350842.378569823456928, 2836744.078625297639519 ], [ 350918.268550176930148, 2836732.157210760284215 ], [ 350946.763638585689478, 2836749.021650838200003 ], [ 350983.40018082538154, 2836750.184715671464801 ], [ 351030.213540353870485, 2836771.701415081974119 ], [ 351108.429650373465847, 2836733.320275593083352 ], [ 351159.604503025708254, 2836730.994145927019417 ], [ 351228.225328173080925, 2836720.526562429964542 ], [ 351274.747921493311878, 2836735.646405259147286 ], [ 351335.227292809577193, 2836710.931277557276189 ], [ 351375.062263340048958, 2836684.180786398239434 ], [ 351429.726310491329059, 2836641.728919993154705 ], [ 351468.107449980336241, 2836609.74463708512485 ], [ 351491.950279056967702, 2836578.341886593494564 ], [ 351503.580927387054544, 2836552.172927850857377 ], [ 351525.679159214138053, 2836524.259371858555824 ], [ 351541.410521724610589, 2836497.488992558326572 ], [ 351602.955770862754434, 2836460.678080566693097 ], [ 351635.684544364572503, 2836446.067374947480857 ], [ 351648.444183377374429, 2836432.644625185523182 ], [ 351657.746023945976049, 2836414.373940136749297 ], [ 351680.230637971661054, 2836396.350273394025862 ], [ 351702.770123956841417, 2836380.052491220179945 ], [ 351740.104759716894478, 2836381.092775189317763 ], [ 351769.521678605233319, 2836374.157548733055592 ], [ 351890.972460457880516, 2836365.005297543946654 ], [ 351933.737865436298307, 2836354.583981807343662 ], [ 351960.625298086088151, 2836362.347837927751243 ], [ 351989.885992170893587, 2836364.440961189102381 ], [ 352010.520797985198442, 2836358.264321436639875 ], [ 352032.39565810165368, 2836350.433294895570725 ], [ 352060.628265342791565, 2836350.214407498482615 ], [ 352096.113051175023429, 2836355.027882423717529 ], [ 352113.386612477479503, 2836361.991086198948324 ], [ 352146.80741570313694, 2836376.670861694496125 ], [ 352163.904889792553149, 2836381.887436552904546 ], [ 352182.369930234272033, 2836384.372559366282076 ], [ 352191.501311735948548, 2836388.47590168658644 ], [ 352195.48906694870675, 2836392.116895576938987 ], [ 352205.256177542265505, 2836405.004858076572418 ], [ 352211.411191022838466, 2836414.020652470644563 ], [ 352214.214178382535465, 2836417.748336691409349 ], [ 352277.20915203349432, 2836448.638991202227771 ], [ 352305.441303068771958, 2836449.072442856151611 ], [ 352312.666568749235012, 2836449.799281954299659 ], [ 352334.569254188099876, 2836467.161825198214501 ], [ 352376.065025822317693, 2836490.163659614045173 ], [ 352421.317378454143181, 2836527.209327604621649 ], [ 352434.783276491391007, 2836534.606902492232621 ], [ 352445.509339853422716, 2836538.990148842334747 ], [ 352456.137994623568375, 2836541.224264403339475 ], [ 352466.772008524392731, 2836542.669103248044848 ], [ 352476.712499779358041, 2836541.744406387209892 ], [ 352523.005136379622854, 2836528.336301904171705 ], [ 352648.937290127505548, 2836506.721512780059129 ], [ 352656.871286217647139, 2836508.083262475207448 ], [ 352664.65713676327141, 2836513.078803698997945 ], [ 352687.222743061138317, 2836542.687947707716376 ], [ 352740.089817317202687, 2836564.410617715679109 ], [ 352879.360189160564914, 2836646.235151673201472 ], [ 352885.399615533533506, 2836647.940061511471868 ], [ 352894.473203481291421, 2836647.1454001464881 ], [ 352901.278394442168064, 2836645.397145143710077 ], [ 352918.558667030767538, 2836643.403267537243664 ], [ 352941.023130565183237, 2836646.178711093496531 ], [ 352956.557928659720346, 2836653.835003999527544 ], [ 353014.611553460010327, 2836701.716963328421116 ], [ 353053.448821619094815, 2836722.753816914279014 ], [ 353131.477144464850426, 2836772.010655099060386 ], [ 353164.874793361057527, 2836800.659527448471636 ], [ 353168.862548573815729, 2836802.85568249411881 ], [ 353172.619129571365193, 2836803.318030924536288 ], [ 353183.282040248916019, 2836806.756747376173735 ], [ 353192.182247535383794, 2836810.339947712607682 ], [ 353197.499254485708661, 2836813.807560940738767 ], [ 353217.495824103301857, 2836836.780498579144478 ], [ 353228.649979988287669, 2836844.467041235882789 ], [ 353241.50308420631336, 2836851.428332577459514 ], [ 353248.213097952364478, 2836853.453938852064312 ], [ 353258.19693437271053, 2836854.884329309687018 ], [ 353274.971513365511782, 2836855.144400300458074 ], [ 353286.414637019508518, 2836855.144400300458074 ], [ 353292.367373061773833, 2836856.06909716129303 ], [ 353297.6265864581801, 2836857.918490883428603 ], [ 353305.197542007023003, 2836862.888736511114985 ], [ 353316.351697892067023, 2836876.759189425967634 ], [ 353326.118808485625777, 2836887.393203326966614 ], [ 353336.203783625038341, 2836893.880529740825295 ], [ 353345.415137190488167, 2836898.500089594163001 ], [ 353362.658782880578656, 2836901.986075662542135 ], [ 353434.438376710226294, 2836936.315446623601019 ], [ 353456.700378639507107, 2836939.603031376376748 ], [ 353485.669335365993902, 2836943.88107882020995 ], [ 353535.889987535774708, 2836946.821527971886098 ], [ 353602.210104837315157, 2836955.461540972813964 ], [ 353538.422744754003361, 2837313.050748882815242 ], [ 353505.76132627291372, 2837463.439995112363249 ], [ 353494.661547335854266, 2837491.635985284578055 ], [ 353476.799834104022011, 2837515.36654715007171 ], [ 353408.733948324224912, 2837566.655180858913809 ], [ 353386.406806784449145, 2837594.532211867161095 ], [ 353372.372603530879132, 2837618.390357398893684 ], [ 353364.972750906308647, 2837641.610584600362927 ], [ 353369.69334654614795, 2837675.930590738076717 ], [ 353381.686211144609842, 2837722.626212472561747 ], [ 353394.189410406979732, 2837761.156479587312788 ], [ 353403.885769018495921, 2837780.294029478449374 ], [ 353414.224078434112016, 2837790.788591285701841 ], [ 353429.402502206794452, 2837794.710983729921281 ], [ 353494.597755502909422, 2837793.052396072074771 ], [ 353523.048913007893134, 2837791.393808415159583 ], [ 353561.255520372942556, 2837783.077110029291362 ], [ 353604.257845091924537, 2837764.647542292717844 ], [ 353904.045480275759473, 2837552.093194396235049 ], [ 353920.216865083493758, 2837541.584990500006825 ], [ 353938.206161981273908, 2837535.716141866985708 ], [ 353956.323042545001954, 2837535.078223536256701 ], [ 353980.563939073879737, 2837539.033317180816084 ], [ 354025.85614048311254, 2837570.54648266825825 ], [ 354093.475483431888279, 2837626.55571201723069 ], [ 354114.144037314399611, 2837638.931327613536268 ], [ 354139.022852172958665, 2837644.162257917225361 ], [ 354166.325756684353109, 2837642.376086594071239 ], [ 354199.880260826961603, 2837637.655490954406559 ], [ 354235.858854622463696, 2837634.593482971657068 ], [ 354267.627187441918068, 2837634.593482971657068 ], [ 354308.071209545305464, 2837638.931327612604946 ], [ 354372.628544511680957, 2837651.179359543137252 ], [ 354378.763125881319866, 2837653.063207365106791 ], [ 354391.973417858709581, 2837587.706485725473613 ], [ 354499.654031913320068, 2837598.678680995944887 ], [ 354546.349653647688683, 2837664.767019950319082 ], [ 354555.025342931738123, 2837730.089856912847608 ], [ 354541.246307009947486, 2837817.357084415387362 ], [ 354520.067418463819195, 2837870.942224110942334 ], [ 354548.773743300524075, 2837910.237993220798671 ], [ 354719.225520998297725, 2837965.354136907495558 ], [ 354860.588222861581016, 2837951.575100985355675 ], [ 355227.220763273420744, 2837843.626732356846333 ], [ 354862.529463464976288, 2836658.914358604233712 ], [ 355184.58140086644562, 2836401.812681762967259 ], [ 355450.688280352274887, 2836189.374345683958381 ], [ 356407.695781025860924, 2835317.813658492174 ], [ 356512.928160154784564, 2835221.976996275130659 ], [ 356565.54434972605668, 2835174.058665165212005 ], [ 356598.826288567739539, 2835143.748318138532341 ], [ 356984.407268209382892, 2834792.594097475521266 ], [ 357350.653997366549447, 2834459.047860885504633 ], [ 357766.271177417133003, 2834083.978576840367168 ], [ 357928.319729624432512, 2833937.739592163357884 ], [ 358741.700331846368499, 2833203.712958161253482 ], [ 358808.625394811853766, 2833158.082217827439308 ], [ 359024.414628406637348, 2833010.953144710510969 ], [ 359488.1154633401311, 2832694.793376847170293 ], [ 359837.497640808520373, 2832520.102220007684082 ], [ 360370.242460915411357, 2832253.729706386104226 ], [ 360675.594121391244698, 2832151.945768051315099 ], [ 361659.505050318490248, 2831982.305803930386901 ], [ 362100.568566692352761, 2831880.521846861578524 ], [ 362711.271888424409553, 2831676.953971193637699 ], [ 363220.191332945367321, 2831575.170005071442574 ], [ 363729.110763373028021, 2831371.602144117932767 ], [ 364204.102206467709038, 2830998.394462866708636 ], [ 364441.597921074542683, 2830760.898674682714045 ], [ 364746.949549598793965, 2830421.618981931358576 ], [ 364984.445287991198711, 2830353.763019055128098 ], [ 365391.580850993632339, 2830319.83499797899276 ], [ 365652.036798066692427, 2830259.729739830363542 ], [ 365880.909087394829839, 2830208.125422633718699 ], [ 366199.926442532159854, 2830142.519634242169559 ], [ 366404.57990162470378, 2829937.866112528834492 ], [ 366548.530021124344785, 2829734.361536270007491 ], [ 366686.056162538588978, 2829556.43226895108819 ], [ 366745.066980136674829, 2829544.85575961554423 ], [ 366804.07779773673974, 2829533.279250282794237 ], [ 366853.160567267565057, 2829523.650386245455593 ], [ 367024.045930714695714, 2829489.23922826629132 ], [ 367049.934005040733609, 2829480.626339270267636 ], [ 367179.164794661628548, 2829416.405732387676835 ], [ 367260.917894979007542, 2829317.218903853092343 ], [ 367354.970543987699784, 2829236.367405001074076 ], [ 367463.8351475445088, 2829079.601428361609578 ], [ 367475.873077004915103, 2829051.967623214703053 ], [ 367223.415651832241565, 2829096.104886217974126 ], [ 367098.197413253132254, 2829117.946463610045612 ], [ 367099.502848823438399, 2829035.778935211710632 ], [ 367050.589899283484556, 2829004.800742160063237 ], [ 366969.575390548910946, 2829017.363771582487971 ], [ 366755.930318386061117, 2829146.701251096092165 ], [ 366654.32376379345078, 2829189.424586910754442 ], [ 366527.149269522633404, 2829245.198496017605066 ], [ 366445.607660202425905, 2829280.369410926941782 ], [ 366388.472316942294128, 2829231.320274911355227 ], [ 366367.052754436503164, 2829217.621101913973689 ], [ 366324.213629422534723, 2829190.22275591827929 ], [ 366208.268069404526614, 2829212.597295928280801 ], [ 366196.793241167906672, 2829214.811645521316677 ], [ 366143.231092001195066, 2829225.14777611522004 ], [ 366056.213588934624568, 2829241.939937932416797 ], [ 366323.607018076756503, 2828711.96193821914494 ], [ 366502.705903326394036, 2828598.059604748152196 ], [ 366860.530331773799844, 2828211.658697154838592 ], [ 366702.279334360559005, 2828208.218696925323457 ], [ 366272.326648145797662, 2828370.809785139281303 ], [ 366246.791987509001046, 2828386.27037010435015 ], [ 366066.635369543626439, 2828495.350601848680526 ], [ 366048.275245483731851, 2828434.35021812049672 ], [ 366103.645581216667779, 2828339.419609452132136 ], [ 366265.346572618815117, 2828141.388333390001208 ], [ 366310.869781054381747, 2828049.197935249190778 ], [ 366356.392989496525843, 2827957.007537100464106 ], [ 366411.691689868108369, 2827855.221899956464767 ], [ 366417.808168124989606, 2827843.442974865436554 ], [ 366436.157602896797471, 2827808.10619959095493 ], [ 366443.514343641232699, 2827796.686009612400085 ], [ 366489.077925017685629, 2827725.955672140233219 ], [ 366548.041183545836248, 2827704.345660069026053 ], [ 366607.623247115523554, 2827682.508856186643243 ], [ 366682.44913357263431, 2827655.085196955595165 ], [ 366792.089822790818289, 2827643.745110196992755 ], [ 366903.063559849862941, 2827593.253186879213899 ], [ 367058.921485051163472, 2827505.814200382679701 ], [ 367115.902963055181317, 2827466.842662819195539 ], [ 367291.966183673706837, 2827360.918412739876658 ], [ 367333.477024790365249, 2827339.447280178777874 ], [ 367447.523902625893243, 2827279.902716897428036 ], [ 367608.801305178436451, 2827228.244798951316625 ], [ 367694.415447463979945, 2827200.822182605508715 ], [ 367748.065786475373898, 2827207.91222024615854 ], [ 367757.035864851262886, 2827368.463235836476088 ], [ 367648.305196597473696, 2827492.004032945726067 ], [ 367717.138373977155425, 2827606.74000700796023 ], [ 367858.366533334366977, 2827589.254620410501957 ], [ 367942.387059467495419, 2827565.424458141904324 ], [ 368077.857916623761412, 2827592.054608496371657 ], [ 368336.649564401246607, 2827719.395380046218634 ], [ 368332.352378898242023, 2827765.63853958947584 ], [ 368315.539462177315727, 2827946.566821502521634 ], [ 368314.799487564363517, 2828168.418226473033428 ], [ 368335.749628501012921, 2828234.498642095830292 ], [ 368378.969897959497757, 2828213.63850418664515 ], [ 368541.960919389559422, 2828173.688229286577553 ], [ 368743.452035730239004, 2828051.693247363436967 ], [ 368828.250191155821085, 2828008.42484197113663 ], [ 368933.18335465999553, 2827955.406794504728168 ], [ 368954.785465467255563, 2827937.667467390187085 ], [ 369022.83297483070055, 2827881.787880500312895 ], [ 369103.024405920470599, 2827815.935888520441949 ], [ 369236.645220837555826, 2827615.644602207001299 ], [ 369316.112723121768795, 2827544.926269340794533 ], [ 369390.318311192269903, 2827478.89052735734731 ], [ 369497.596833810384851, 2827383.423096630256623 ], [ 369542.777106096502393, 2827291.15250621503219 ], [ 369407.226247039274313, 2827254.322291056159884 ], [ 369193.214015405799728, 2827250.84020839817822 ], [ 369140.032313917705324, 2827256.522010758984834 ], [ 369001.593693441885989, 2827271.312452948652208 ], [ 368815.382521432358772, 2827280.912538728211075 ], [ 368806.228194563882425, 2827274.414368145167828 ], [ 368791.827260306105018, 2827264.191909553483129 ], [ 368712.711864662822336, 2827208.032090935390443 ], [ 368868.412804201827385, 2826900.41012167930603 ], [ 368482.520363455405459, 2826833.049746905919164 ], [ 368514.920554796932265, 2826738.359142790082842 ], [ 368591.340861674281769, 2826582.297051618341357 ], [ 368606.033332800143398, 2826542.434764804784209 ], [ 368660.831799401436001, 2826389.918131461367011 ], [ 368695.208833975018933, 2826267.058565412182361 ], [ 369160.768521172343753, 2825977.00483308872208 ], [ 369325.422978895832784, 2826000.792765456717461 ], [ 369548.897920058981981, 2825999.595823072362691 ], [ 369526.906787120969966, 2825661.912188283633441 ], [ 369555.885824957164004, 2825650.720242893788964 ], [ 369888.89377205981873, 2825522.109804641921073 ], [ 370039.738749006879516, 2825475.958415304776281 ], [ 370151.130663190851919, 2825226.99934967327863 ], [ 370137.040552541206125, 2825063.958318566437811 ], [ 370132.700452018179931, 2825018.862965723499656 ], [ 370114.73038085445296, 2824832.146852796897292 ], [ 370126.780445179669186, 2824745.326301087625325 ], [ 370235.591115915332921, 2824631.985568450763822 ], [ 370300.871509933203924, 2824501.25473140925169 ], [ 370437.082342498819344, 2824306.043476334307343 ], [ 370511.672780585184228, 2824065.571942610200495 ], [ 370547.143537245108746, 2823856.207787587773055 ], [ 370550.622995419194922, 2823835.670480547007173 ], [ 370522.734596438822336, 2823652.986756329890341 ], [ 370507.482685645343736, 2823553.078695415053517 ], [ 370463.23239238129463, 2823446.438025467097759 ], [ 370385.341879536747001, 2823284.057006722316146 ], [ 370399.07194014050765, 2823090.125775799155235 ], [ 370533.042763885459863, 2822933.17476322222501 ], [ 370630.273381279374007, 2822965.304953940678388 ], [ 371503.468935528129805, 2823328.477140069007874 ], [ 371518.279020765970927, 2823267.116749225649983 ], [ 371593.539474233286455, 2823108.235732321161777 ], [ 371630.079676515422761, 2822896.214383683167398 ], [ 371629.43966199143324, 2822817.173882787115872 ], [ 371781.407415969180875, 2822553.595298809930682 ], [ 371871.441139724163804, 2822452.551539728883654 ], [ 371939.202953892759979, 2822413.575330508872867 ], [ 372092.665823045419529, 2822325.304363037459552 ], [ 372288.247041709779296, 2822213.603629279416054 ], [ 372491.618311555474065, 2822117.132991066202521 ], [ 372507.232933008228429, 2822104.653123970609158 ], [ 372620.929113460006192, 2822013.782318963203579 ], [ 372640.594545448198915, 2821908.440689113922417 ], [ 372660.039332526328508, 2821804.280985731165856 ], [ 372700.689544855733402, 2821469.81886002747342 ], [ 372771.139973000739701, 2821346.688070165459067 ], [ 372944.921031996258534, 2821064.376257536932826 ], [ 372962.496590767463204, 2821040.257169391028583 ], [ 373119.052098990301602, 2820825.414719664491713 ], [ 373186.840571271954104, 2820768.907425250392407 ], [ 373286.343135975359473, 2820685.963813623879105 ], [ 373376.364762609184254, 2820636.540921153500676 ], [ 373494.664435131591745, 2820571.593061272054911 ], [ 373559.456004075473174, 2820217.300363802351058 ], [ 373580.164913277490996, 2820104.060085452161729 ], [ 373611.185074543638621, 2819841.098413836210966 ], [ 373610.045048981730361, 2819700.867524678818882 ], [ 373690.53553801443195, 2819557.226603247225285 ], [ 373766.728245283826254, 2819498.974197527393699 ], [ 373871.694977389182895, 2819455.15732602449134 ], [ 373944.053073840739671, 2819372.210100832395256 ], [ 374009.270327281730715, 2819313.514555463101715 ], [ 374111.795031255460344, 2819261.207397398073226 ], [ 374192.57140698475996, 2819205.120953420642763 ], [ 374148.828372072661296, 2819116.393747843801975 ], [ 374175.568519471795298, 2818952.922707548830658 ], [ 374238.758908476156648, 2818878.312226124107838 ], [ 374320.989395676704589, 2818635.210673504509032 ], [ 374307.099290087469853, 2818497.659802809357643 ], [ 374443.290123769373167, 2818299.888530651573092 ], [ 374576.18092472985154, 2818010.366676858626306 ], [ 374516.010521489253733, 2817829.945540098007768 ], [ 374475.400228021782823, 2817544.773736225441098 ], [ 374330.489322252455167, 2817612.594185268972069 ], [ 374158.338216965086758, 2817469.043296908494085 ], [ 373928.426762158982456, 2817440.843147891107947 ], [ 373800.025938883074559, 2817342.742542237043381 ], [ 373587.374583256314509, 2817240.421920809429139 ], [ 373524.944170198345091, 2817095.721010912209749 ], [ 373523.884146424243227, 2816965.690186059568077 ], [ 373468.333764351555146, 2816726.578676207922399 ], [ 373397.943295965436846, 2816543.717525158077478 ], [ 373427.973476098268293, 2816472.007066219113767 ], [ 373539.504167927661911, 2816379.036461723037064 ], [ 373527.834070807497483, 2816200.66533141862601 ], [ 373554.384213907236699, 2816014.244145002681762 ], [ 373753.065462240134366, 2815968.823830834589899 ], [ 373990.37696009821957, 2815966.343784160446376 ], [ 374183.55816741171293, 2815872.523163649253547 ], [ 374368.399311131797731, 2815694.652010858990252 ], [ 374478.889979933097493, 2815474.200597483664751 ], [ 374606.270740096399095, 2815136.278436329681426 ], [ 374691.82126086729113, 2814987.487480893265456 ], [ 374853.942265393794514, 2814840.446526628453285 ], [ 375188.294336764491163, 2814533.51453522592783 ], [ 375289.244956232316326, 2814394.763641472905874 ], [ 375303.555030685442034, 2814272.212861720006913 ], [ 375160.574126618157607, 2814263.502824898343533 ], [ 375068.893550760811195, 2814287.412988525349647 ], [ 374954.442834135261364, 2814334.513302306178957 ], [ 374979.23297903186176, 2814245.002730918116868 ], [ 375120.709106158348732, 2814123.778251842595637 ], [ 375235.5631970516406, 2814000.185226581525058 ], [ 375334.025142705882899, 2813821.333055131603032 ], [ 375225.257787442184053, 2813889.312673945911229 ], [ 375007.723061032302212, 2813902.908623029012233 ], [ 374858.167928324779496, 2813848.524958588182926 ], [ 374545.461744128260761, 2813753.353552490938455 ], [ 374083.200455638405401, 2813821.33321742201224 ], [ 373471.384043432481121, 2813902.908823095727712 ], [ 373226.657470689795446, 2813875.717013291548938 ], [ 372927.547203305293806, 2813753.353764050640166 ], [ 372805.183918716618791, 2813753.353780161589384 ], [ 372642.032870799303055, 2813739.757880716118962 ], [ 372356.518527442764025, 2813644.586471758782864 ], [ 372111.791934703709558, 2813467.839531759731472 ], [ 371812.681656185013708, 2813263.900757108349353 ], [ 371518.098476082202978, 2813148.373660320416093 ], [ 371301.152087729657069, 2813595.810460226144642 ], [ 371198.539902540622279, 2813807.440937857609242 ], [ 371119.289804873871617, 2813970.888738851062953 ], [ 370602.644790913094766, 2813712.56630995683372 ], [ 370493.877333137730602, 2813019.174355371855199 ], [ 370371.504767892998643, 2812529.72156217880547 ], [ 370072.403668318525888, 2812067.459945143666118 ], [ 369862.220321968081407, 2811707.757299216464162 ], [ 369715.608501858194359, 2811566.486081943381578 ], [ 369576.908485660213046, 2811458.295753739308566 ], [ 369407.876490983180702, 2811383.564964135177433 ], [ 369360.731187922065146, 2811391.705022539477795 ], [ 369313.585884864092804, 2811399.845080946572125 ], [ 369220.688296141335741, 2811468.016579582821578 ], [ 368978.743758628959768, 2811645.586689183022827 ], [ 368788.152542856521904, 2811744.477344351354986 ], [ 368465.310481787659228, 2811898.298367265611887 ], [ 368390.050018480571453, 2812057.179386862553656 ], [ 368135.518388282682281, 2812138.889942173380405 ], [ 367884.937882760714274, 2812080.309933649841696 ], [ 367682.415485906589311, 2812278.770895428024232 ], [ 367486.61423545377329, 2812364.961470854468644 ], [ 367373.063525285047945, 2812521.692482293117791 ], [ 366575.438724751584232, 2813117.146722834557295 ], [ 366728.289471426745877, 2813252.61721563572064 ], [ 366877.671707215253264, 2813421.898525442928076 ], [ 366862.061646859743632, 2813697.4502765936777 ], [ 366794.331239075865597, 2813840.961196803022176 ], [ 366710.830723965074867, 2813928.531764124985784 ], [ 366521.599565860698931, 2814193.153469731099904 ], [ 366474.969303047750145, 2814420.584919552318752 ], [ 366524.229627112392336, 2814514.415508219506592 ], [ 366569.986982942791656, 2814550.475316313561052 ], [ 366642.380386020173319, 2814607.52608280396089 ], [ 366759.99113230407238, 2814634.346236785408109 ], [ 366817.711446918663569, 2814671.729897396173328 ], [ 366949.84234800178092, 2814757.306990947108716 ], [ 367165.723736769636162, 2814943.748144397512078 ], [ 367229.356897562858649, 2815026.706889303401113 ], [ 367254.013123050215654, 2815128.969048987608403 ], [ 367204.082820268347859, 2815264.639917145483196 ], [ 367194.982780556194484, 2815399.880776674021035 ], [ 367234.203049299307168, 2815514.211496538016945 ], [ 367227.273017142666504, 2815603.53206432890147 ], [ 367133.252418196061626, 2815652.962391530163586 ], [ 367004.491612272337079, 2815822.603486525826156 ], [ 366907.860995507333428, 2815864.413765757810324 ], [ 366895.540923655265942, 2815918.094108149409294 ], [ 366806.520355228800327, 2815954.724353419151157 ], [ 366753.010011978796683, 2815965.48442941531539 ], [ 366658.849409758811817, 2815997.064643394201994 ], [ 366661.703413280716632, 2816073.596703953109682 ], [ 366632.719274761446286, 2816234.486153597477823 ], [ 366528.638613713206723, 2816301.866596151143312 ], [ 366380.267739544331562, 2816882.250299811828882 ], [ 366407.98795605218038, 2817152.252008692361414 ], [ 366451.0724064494716, 2817210.74346115719527 ], [ 366542.188846042612568, 2817334.443145080469549 ], [ 366687.209816415794194, 2817593.024764476809651 ], [ 366683.772059371345676, 2817754.237411662470549 ], [ 366683.462296772748232, 2817768.763641373254359 ], [ 366576.339170436607674, 2818078.667860979679972 ], [ 366563.769092715810984, 2818101.748009188100696 ], [ 366297.817414384277072, 2818346.769601700361818 ], [ 366337.117684959142935, 2818471.310385923366994 ], [ 366219.266962075140327, 2818727.53202799288556 ], [ 366291.78744739346439, 2818858.09784557716921 ], [ 366364.307932690135203, 2818988.663663150276989 ], [ 366410.808241705526598, 2819057.02408997155726 ], [ 366474.569943279959261, 2819053.804312197025865 ], [ 366551.430433382513002, 2819091.254539110232145 ], [ 366585.06065326789394, 2819146.994887957815081 ], [ 366581.020645773387514, 2819277.085713458713144 ], [ 366500.660160783561878, 2819436.026732378639281 ], [ 366430.799725450342521, 2819475.001989133656025 ], [ 366258.978648807271384, 2819527.797347567975521 ], [ 366169.037025026977062, 2819595.741200364660472 ], [ 366081.51754935446661, 2819672.44828924536705 ], [ 366049.247361047426239, 2819782.42899105232209 ], [ 366039.68231169419596, 2819861.57949423417449 ], [ 366030.117262341664173, 2819940.729997409507632 ], [ 366038.777333943289705, 2820063.03077165177092 ], [ 366065.147514752461575, 2820167.301429120823741 ], [ 365996.797092907072511, 2820234.321863472927362 ], [ 365915.636589576955885, 2820296.362268018070608 ], [ 365619.139733089949004, 2820395.082934884354472 ], [ 365525.71194574679248, 2820347.107958455104381 ], [ 365430.873533595004119, 2820309.082415706012398 ], [ 365292.452650010236539, 2820234.031959071289748 ], [ 365182.641956089471933, 2820224.981916929595172 ], [ 365149.252607673639432, 2820336.211281543131918 ], [ 365116.90926223481074, 2820475.614511258434504 ], [ 365102.291515273216646, 2820697.554924113675952 ], [ 365172.041969698388129, 2820801.375572606455535 ], [ 365182.812047219602391, 2820870.106006824411452 ], [ 365181.079931133368518, 2820894.186364910565317 ], [ 365061.584427446417976, 2820880.035918153356761 ], [ 364975.418246339424513, 2820774.220242983195931 ], [ 364945.484540414414369, 2820743.423527295235544 ], [ 364844.269883252680302, 2820664.554750764742494 ], [ 364578.158192699949723, 2820578.084239631891251 ], [ 364380.128234615898691, 2820552.740642047952861 ], [ 364228.175978962914087, 2820533.294004525989294 ], [ 364182.435693759238347, 2820556.724159457720816 ], [ 364121.315310498932377, 2820572.664269057568163 ], [ 364109.163652311195619, 2820646.734504604712129 ], [ 364005.382999341236427, 2820749.815173312090337 ], [ 363876.202185226778965, 2820868.465944441501051 ], [ 363724.451232937630266, 2821035.79702748823911 ], [ 363620.620579059352167, 2821133.777663856279105 ], [ 363362.178949267370626, 2821360.869141379836947 ], [ 363246.068224956921767, 2821517.630152150988579 ], [ 362992.25666182837449, 2821999.673244984820485 ], [ 362850.505770692834631, 2822141.394164125435054 ], [ 362663.264594911539461, 2822337.145432411227375 ], [ 362599.744191384175792, 2822370.965656131505966 ], [ 362411.142983185127378, 2822400.985874234698713 ], [ 362304.362303854490165, 2822450.546204116661102 ], [ 362233.291853695758618, 2822497.186510218773037 ], [ 362180.101518831215799, 2822546.196828698273748 ], [ 362125.091185140772723, 2822684.467713142745197 ], [ 361873.589588788454421, 2822824.788639654871076 ], [ 361619.517975731403567, 2822962.589550607837737 ], [ 361554.007569559675176, 2823065.27021102886647 ], [ 361537.267481922404841, 2823203.141087203752249 ], [ 361455.006987720029429, 2823441.152607647236437 ], [ 361261.065741747617722, 2823443.172649258747697 ], [ 361252.067057645122986, 2823574.097848427481949 ], [ 361192.395349749946035, 2823783.034812996163964 ], [ 361025.434303130896296, 2823963.275979870464653 ], [ 360755.952589997556061, 2824088.486813339870423 ], [ 360587.541508346330374, 2824090.2468496048823 ], [ 360439.490556764882058, 2824086.696849213913083 ], [ 360347.689968323567882, 2824095.306917480193079 ], [ 360281.309541277354583, 2824090.896899460349232 ], [ 360174.338858044240624, 2824117.517084118444473 ], [ 360075.488235165947117, 2824200.147622437682003 ], [ 359928.71731467108475, 2824352.128607308492064 ], [ 359854.556835499126464, 2824332.498494052328169 ], [ 359754.656187331536785, 2824287.648224877659231 ], [ 359660.075577059527859, 2824268.238116091582924 ], [ 359595.765154803462792, 2824205.157726090867072 ], [ 359574.054992251330987, 2824047.286729122512043 ], [ 359494.014461512328126, 2823933.376019421499223 ], [ 359368.453645969217177, 2823870.945642740000039 ], [ 359261.412960952264257, 2823887.365762880537659 ], [ 359131.872140119434334, 2823962.666259479243308 ], [ 359061.900524622411467, 2824088.864495819900185 ], [ 358842.182185997895431, 2824141.110873363912106 ], [ 357854.082770945678931, 2824612.328168339561671 ], [ 357443.140589452115819, 2824865.030145806260407 ], [ 357272.130351040512323, 2824976.572964367922395 ], [ 356760.371781512047164, 2825420.759671219624579 ], [ 356479.125367573695257, 2825680.987547207158059 ], [ 356341.739107280271128, 2825752.624381399713457 ], [ 356170.49998221185524, 2825841.912995764520019 ], [ 356064.912742613814771, 2825896.968978545162827 ], [ 355832.607503927953076, 2826002.115149417426437 ], [ 355689.712851540825795, 2826066.792233882006258 ], [ 355451.578899980057031, 2826165.751505128573626 ], [ 355269.097692378098145, 2826257.171382024418563 ], [ 355110.486691608035471, 2826365.92709519341588 ], [ 354697.863705068535637, 2826660.004228015430272 ], [ 354596.826243331015576, 2826729.397798693738878 ], [ 354459.653981629235204, 2826815.696705115493387 ], [ 354290.696568515035324, 2826927.320937547832727 ], [ 354167.143267114122864, 2827025.763999668881297 ], [ 354105.366616422776133, 2827074.985530729405582 ], [ 353985.676702093915083, 2827166.464645013678819 ], [ 353843.416425266186707, 2827270.267731046769768 ], [ 353749.318112040520646, 2827338.928467011079192 ], [ 353588.696347584715113, 2827380.814304412808269 ], [ 353485.13964320521336, 2827399.517538151238114 ], [ 353267.745039499481209, 2827430.659122684039176 ], [ 353163.539379625115544, 2827482.744468689430505 ], [ 352946.293005092767999, 2827598.485235350206494 ], [ 352833.252290440897923, 2827662.140656005591154 ], [ 352277.758746899664402, 2827764.841393060982227 ], [ 352097.204909712192602, 2827845.490563380997628 ], [ 351741.772185380861629, 2828004.254036859609187 ], [ 351339.332796466653235, 2828162.244056257419288 ], [ 350986.620575422013644, 2828408.175668665673584 ], [ 350842.979216622246895, 2828465.362717611715198 ], [ 350864.842282368801534, 2828550.079320346470922 ], [ 350887.489996287506074, 2828768.747966717928648 ], [ 350799.599460416124202, 2828943.05908392323181 ], [ 350743.52912689675577, 2829108.120137528982013 ], [ 350702.658888721722178, 2829260.261106931604445 ], [ 350718.889009965700097, 2829372.291813432238996 ], [ 350760.384288200526498, 2829453.457320586778224 ], [ 350801.879566426156089, 2829534.622827737592161 ], [ 350843.439846244466025, 2829623.433383260853589 ], [ 350893.740178465959616, 2829689.203791580628604 ], [ 350978.281815786845982, 2829782.150490066036582 ], [ 351100.881537079811096, 2829898.685084699653089 ], [ 351124.20169303950388, 2829941.795353857800364 ], [ 351203.772211040137336, 2829997.055691056884825 ], [ 351250.91253557644086, 2830144.45661646546796 ], [ 351178.971935770299751, 2830168.634699152782559 ], [ 351062.241265887976624, 2830207.866006609518081 ], [ 350945.510596014559269, 2830247.097314076498151 ], [ 350682.648961228784174, 2830558.389325393363833 ], [ 350303.086544374469668, 2830641.399910605978221 ], [ 350221.919530357350595, 2830636.063432405237108 ], [ 350115.795136047992855, 2830629.086084244307131 ], [ 350008.080223877332173, 2830622.004164502955973 ], [ 349783.928119533113204, 2830607.266862334217876 ], [ 349565.26181605772581, 2830603.219785906374454 ], [ 349434.510967981303111, 2830530.639347409829497 ], [ 349160.759154082625173, 2830133.15687570720911 ], [ 349023.258279929636046, 2830170.297132636420429 ], [ 348874.867372008564416, 2830437.038844214286655 ], [ 348600.425638314685784, 2830580.149793574586511 ], [ 348478.064858007594012, 2830596.729918032884598 ], [ 348231.642148733662907, 2830702.963039860595018 ], [ 348063.552233897848055, 2830774.461108940187842 ], [ 347872.21652491169516, 2830823.100273375865072 ], [ 347770.680372043745592, 2830848.911626962479204 ], [ 347671.869654856389388, 2830830.229620799887925 ], [ 347604.549304389976896, 2830817.501454893499613 ], [ 347458.578360861982219, 2830755.281084665562958 ], [ 347369.477795099839568, 2830781.711266221478581 ], [ 347352.367700165021233, 2830873.686850920319557 ], [ 347065.465362249000464, 2831025.283620306756347 ], [ 346946.197671788628213, 2831088.303659479133785 ], [ 346727.733970598666929, 2831203.738032015040517 ], [ 346369.051494674873538, 2831399.045333337038755 ], [ 346207.540447633888107, 2831308.934789385646582 ], [ 346018.799242760462221, 2831321.114897012710571 ], [ 345885.978391320793889, 2831307.204830543138087 ], [ 345756.257570276153274, 2831359.555182779673487 ], [ 345515.596066223690286, 2831576.266592838335782 ], [ 345339.774947420752142, 2831608.696826579980552 ], [ 345140.213661881047301, 2831547.036468988284469 ], [ 344992.042711722315289, 2831528.186373880133033 ], [ 344887.362041547661647, 2831521.636349510867149 ], [ 344795.691459419729654, 2831545.536515663377941 ], [ 344524.759719581808895, 2831494.826239111367613 ], [ 344392.258876621141098, 2831519.156414689030498 ], [ 344326.609242615057155, 2831552.777418136131018 ], [ 344168.371257004211657, 2831603.097100100014359 ], [ 344150.124343, 2831627.801047985907644 ], [ 344066.96682446624618, 2831685.747521789278835 ], [ 343942.646019118663389, 2831618.202114884275943 ], [ 343751.518616312823724, 2831495.256484240759164 ], [ 343498.446965121605899, 2831130.704218530096114 ], [ 343487.466880892345216, 2831036.473624186124653 ], [ 343402.706828533031512, 2830819.976999349426478 ], [ 343334.005858122662175, 2830682.366408558096737 ], [ 343276.985481894924305, 2830574.590735842473805 ], [ 343163.269522927759681, 2830426.195359403267503 ], [ 342863.367799174971879, 2830082.947691613342613 ], [ 342770.4421933965059, 2829953.871889865025878 ], [ 342670.947598222293891, 2829800.645825161132962 ], [ 342585.210972682689317, 2829615.394778015092015 ], [ 342565.520837837655563, 2829548.029354934580624 ], [ 342611.72697750502266, 2829337.049909870605916 ], [ 342597.737044639710803, 2829273.572502036113292 ], [ 342477.636273971758783, 2829254.432400810066611 ], [ 341820.772107102908194, 2829442.343698951881379 ], [ 341801.602009651658591, 2829595.534671497996897 ], [ 341871.192467930843122, 2829678.955187781713903 ], [ 341956.293029448483139, 2829787.715861827135086 ], [ 342023.343471903761383, 2829873.706394791137427 ], [ 342221.02475837757811, 2830016.987268575467169 ], [ 342364.545687656267546, 2830091.987719330471009 ], [ 342419.196057934081182, 2830221.468529525212944 ], [ 342391.685893400921486, 2830290.598971474450082 ], [ 342307.455354934500065, 2830288.928974863141775 ], [ 342113.884125526645221, 2830334.299294017720968 ], [ 342032.603613837971352, 2830381.049603292252868 ], [ 341936.553018643986434, 2830494.250335440039635 ], [ 341858.242534291697666, 2830591.970966693013906 ], [ 341799.73216434312053, 2830615.531125470530242 ], [ 341697.661512442980893, 2830616.591149142012 ], [ 341521.550386874238029, 2830613.33115781378001 ], [ 341414.779712934279814, 2830662.901489197276533 ], [ 341358.679355504747946, 2830668.581534472759813 ], [ 341279.558849820750766, 2830666.861536774784327 ], [ 341065.017476024455391, 2830646.151441527996212 ], [ 341142.20793047855841, 2830410.749939355999231 ], [ 341113.057722577068489, 2830278.459107243921608 ], [ 341025.757154189050198, 2830213.07870816020295 ], [ 340941.626618601265363, 2830224.158792312256992 ], [ 340816.965830078639556, 2830271.359111772384495 ], [ 340675.574957397126127, 2830456.430306307505816 ], [ 340541.994138021371327, 2830661.821628065314144 ], [ 340448.163550678407773, 2830734.202101675793529 ], [ 340297.712592203984968, 2830748.522217469289899 ], [ 340131.231516697618645, 2830673.761772425379604 ], [ 340078.309833642560989, 2830649.121286164969206 ], [ 339954.470374313823413, 2830591.46128143183887 ], [ 339887.582870826590806, 2830706.216366498265415 ], [ 339851.289744663983583, 2830768.482418647967279 ], [ 339773.109315952169709, 2831195.145130828954279 ], [ 339705.64891441486543, 2831371.796259592752904 ], [ 339729.219077087123878, 2831445.496721824165434 ], [ 339667.114652743679471, 2831528.59787809336558 ], [ 339456.721591525129043, 2831514.637300104834139 ], [ 339385.651151966361795, 2831561.277606728486717 ], [ 339209.5613082353957, 2831573.962868993170559 ], [ 339136.354888539295644, 2831579.236555511597544 ], [ 338919.87906222534366, 2831594.831260208971798 ], [ 338806.647511995746754, 2831909.021338448859751 ], [ 338767.297294264426455, 2832090.48249321244657 ], [ 338748.657212744001299, 2832307.423869048245251 ], [ 338759.364057382452302, 2832351.616117859259248 ], [ 338804.117599608260207, 2832536.335308416746557 ], [ 338817.897706941235811, 2832661.136095827445388 ], [ 338856.781082632485777, 2832836.613799384795129 ], [ 338907.658332267543301, 2833027.388398469425738 ], [ 338941.848792404751293, 2833151.979956170544028 ], [ 338976.038803677307442, 2833276.569963815622032 ], [ 338982.268865557271056, 2833414.200833548791707 ], [ 338929.438548321486451, 2833506.551426468417048 ], [ 338871.308193931938149, 2833576.001875369809568 ], [ 338790.927713895915076, 2833732.392877939157188 ], [ 338587.676453312393278, 2833844.163618362508714 ], [ 338456.385655563091859, 2834016.37472933344543 ], [ 338358.59507536678575, 2834229.0460907202214 ], [ 338359.225091975647956, 2834305.536574465222657 ], [ 338371.776995449443348, 2834358.312351264059544 ], [ 338384.330267375102267, 2834411.097238074988127 ], [ 338409.435442759073339, 2834516.657901675440371 ], [ 338528.906236355309375, 2834770.399487068876624 ], [ 338572.756521844770759, 2834828.589847934432328 ], [ 338602.376739256083965, 2835016.971034601330757 ], [ 338654.597091670497321, 2835161.771941896528006 ], [ 338691.987360461149365, 2835365.383223548531532 ], [ 338687.50734487560112, 2835441.923708371818066 ], [ 338675.977297154720873, 2835592.484662470407784 ], [ 338675.097325213719159, 2835796.49595283716917 ], [ 338711.467566963168792, 2835875.15644434094429 ], [ 338761.012202018871903, 2835991.531629743985832 ], [ 338824.802305984776467, 2836141.367937308736145 ], [ 338851.96850508521311, 2836205.17850839253515 ], [ 338922.153517959290184, 2836300.466924038715661 ], [ 339086.830035208491609, 2836526.570502383634448 ], [ 339134.575346328900196, 2836592.370910678990185 ], [ 339186.551493603386916, 2836666.723399841226637 ], [ 339233.599598259548657, 2836685.681313189677894 ], [ 339297.454759623971768, 2836700.292657711543143 ], [ 339359.520613569533452, 2836709.04006605129689 ], [ 339449.522127020522021, 2836721.724657342769206 ], [ 339567.399676661123522, 2836738.338028408586979 ], [ 339676.402158110402524, 2836753.700569271109998 ], [ 339824.717030565137975, 2836774.603701571002603 ], [ 340005.970889093237929, 2836800.149173355661333 ], [ 340148.66927602305077, 2836820.260732091031969 ], [ 340291.367662933655083, 2836840.372290843166411 ], [ 340439.038584882742725, 2836798.031999208964407 ], [ 340668.570025709806941, 2836780.331850172951818 ], [ 340781.130739308311604, 2836814.852050274610519 ], [ 340834.297496392508037, 2836825.530475744046271 ] ] ] ] } },
{ "type": "Feature", "properties": { "gid": 4071, "_id": 6694.0, "entidad": 19.0, "distrito": 1.0, "distrito_l": 19.0, "municipio": 48.0, "seccion": 2077.0, "tipo": 2.0, "_control": 7309.0 }, "geometry": { "type": "MultiPolygon", "coordinates": [ [ [ [ 353650.297301276063081, 2838426.355378992389888 ], [ 353555.43404067447409, 2838494.534629652742296 ], [ 353279.076137525495142, 2838682.279811755288392 ], [ 353094.407567241811194, 2838806.2140107084997 ], [ 352982.639773043803871, 2838879.225336570758373 ], [ 352919.725398163020145, 2838920.140467802062631 ], [ 352827.73667455802206, 2838981.410013268236071 ], [ 352783.220039068954065, 2839012.531389342620969 ], [ 352740.90673719230108, 2839039.967481533996761 ], [ 352710.283781202859245, 2839059.823512768372893 ], [ 352636.530244933033828, 2839095.945732220076025 ], [ 352591.114578995213378, 2839117.559112484566867 ], [ 352616.439732164726593, 2839151.342676813714206 ], [ 352654.766170081333257, 2839137.76873005181551 ], [ 352682.512914198217914, 2839131.380990398582071 ], [ 352752.179199786274694, 2839120.80129659967497 ], [ 352816.256213178101461, 2839111.219687120057642 ], [ 352899.696062392438762, 2839099.242675270419568 ], [ 352972.156984078581445, 2839088.263747742399573 ], [ 352998.905643874779344, 2839083.273326139897108 ], [ 353019.66579774627462, 2839077.883670807816088 ], [ 353047.81177559128264, 2839068.701295056845993 ], [ 353080.548941311775707, 2839058.620643418747932 ], [ 353029.51324655947974, 2839326.550242966972291 ], [ 353015.359216605196707, 2839335.188364188652486 ], [ 353006.721095383050852, 2839348.613877895753831 ], [ 353012.779765183688141, 2839378.057345279958099 ], [ 353082.389558300201315, 2839385.420031386893243 ], [ 353085.838789641507901, 2839362.056370037142187 ], [ 353135.933993886515964, 2839367.783395661506802 ], [ 353175.242215210164431, 2839370.386589126195759 ], [ 353183.994634094007779, 2839366.978729274589568 ], [ 353201.836059258843306, 2839357.335371922235936 ], [ 353244.739339409570675, 2839327.422816472128034 ], [ 353259.801049132365733, 2839316.819372827652842 ], [ 353292.176700488431379, 2839319.980469670612365 ], [ 353312.456786323105916, 2839322.663316200487316 ], [ 353335.350585101696197, 2839325.796151823364198 ], [ 353345.759305621031672, 2839325.865116021130234 ], [ 353348.833213514415547, 2839290.899352762382478 ], [ 353350.349902959482279, 2839283.453346878290176 ], [ 353353.826447752362583, 2839256.903802954591811 ], [ 353354.968043846893124, 2839246.00798933301121 ], [ 353358.184137041447684, 2839220.002702731173486 ], [ 353359.449320658342913, 2839208.495556503534317 ], [ 353361.713953580590896, 2839198.697173864580691 ], [ 353369.540666172746569, 2839188.659284797497094 ], [ 353380.417594725789968, 2839178.94089563889429 ], [ 353389.118692472227849, 2839173.240873840171844 ], [ 353409.840235989249777, 2839158.199856168124825 ], [ 353436.266953525075223, 2839137.836675945203751 ], [ 353468.288756209658459, 2839114.329407398123294 ], [ 353484.032039217941929, 2839082.076174235902727 ], [ 353485.047166881442536, 2839080.236804652027786 ], [ 353503.267722380696796, 2839047.223035202361643 ], [ 353524.303013593947981, 2839009.109254621434957 ], [ 353542.833736665546894, 2838975.533493487164378 ], [ 353563.245283787837252, 2838938.549872938077897 ], [ 353547.32976477954071, 2838933.938786637503654 ], [ 353516.490237084100954, 2838935.159413883462548 ], [ 353545.649707107571885, 2838906.783152766060084 ], [ 353532.154415190336294, 2838898.87198968231678 ], [ 353517.298400717438199, 2838891.439682601485401 ], [ 353508.658148022543173, 2838886.97323900135234 ], [ 353502.000872331263963, 2838879.159977132920176 ], [ 353497.813717023353092, 2838870.149309249594808 ], [ 353494.13865985092707, 2838849.288841284811497 ], [ 353489.861134289647453, 2838842.902676362078637 ], [ 353482.571266783750616, 2838836.817745634354651 ], [ 353510.848127331933938, 2838811.676357228774577 ], [ 353533.757076627225615, 2838787.703394579235464 ], [ 353561.464502317132428, 2838760.413457678165287 ], [ 353592.280760410008952, 2838730.320161652751267 ], [ 353604.613917936803773, 2838721.948292638640851 ], [ 353633.89725351362722, 2838698.455247845035046 ], [ 353670.240169929282274, 2838664.782897172495723 ], [ 353691.025329347874504, 2838646.377487902063876 ], [ 353717.05196374875959, 2838621.857024473603815 ], [ 353745.120366737362929, 2838597.894791265483946 ], [ 353771.515106105827726, 2838574.743996451143175 ], [ 353789.49703846295597, 2838552.901536253746599 ], [ 353792.842487074318342, 2838548.837855739053339 ], [ 353796.811097132915165, 2838533.18152419058606 ], [ 353865.500174777058419, 2838523.112455531954765 ], [ 353939.96046022704104, 2838508.861490708310157 ], [ 353965.838373655860778, 2838472.140536895021796 ], [ 353982.977325221640058, 2838441.427227660082281 ], [ 354003.293493292410858, 2838411.170946528669447 ], [ 354011.511893448419869, 2838398.931521027348936 ], [ 354017.888173562008888, 2838389.435511592309922 ], [ 354071.310188564413693, 2838309.875650751870126 ], [ 354208.096553424955346, 2838094.704767315182835 ], [ 354207.098402181291021, 2838080.407371769659221 ], [ 354217.069437903992366, 2838038.823039603419602 ], [ 354192.40029337228043, 2838039.403204559814185 ], [ 354157.292007877957076, 2838046.904176214244217 ], [ 354134.989830078091472, 2838058.750458112452179 ], [ 354075.14882304915227, 2838099.316516411025077 ], [ 353933.645488126669079, 2838210.389026128686965 ], [ 353819.067430706811137, 2838296.41716140229255 ], [ 353744.002591853262857, 2838354.786545740440488 ], [ 353650.297301276063081, 2838426.355378992389888 ] ] ] ] } },
{ "type": "Feature", "properties": { "gid": 4072, "_id": 6695.0, "entidad": 19.0, "distrito": 1.0, "distrito_l": 19.0, "municipio": 48.0, "seccion": 2072.0, "tipo": 2.0, "_control": 7310.0 }, "geometry": { "type": "MultiPolygon", "coordinates": [ [ [ [ 353361.713953580590896, 2839198.697173864580691 ], [ 353359.449320658342913, 2839208.495556503534317 ], [ 353358.184137041447684, 2839220.002702731173486 ], [ 353354.968043846893124, 2839246.00798933301121 ], [ 353353.826447752362583, 2839256.903802954591811 ], [ 353350.349902959482279, 2839283.453346878290176 ], [ 353348.833213514415547, 2839290.899352762382478 ], [ 353345.759305621031672, 2839325.865116021130234 ], [ 353335.350585101696197, 2839325.796151823364198 ], [ 353312.456786323105916, 2839322.663316200487316 ], [ 353292.176700488431379, 2839319.980469670612365 ], [ 353259.801049132365733, 2839316.819372827652842 ], [ 353244.739339409570675, 2839327.422816472128034 ], [ 353201.836059258843306, 2839357.335371922235936 ], [ 353183.994634094007779, 2839366.978729274589568 ], [ 353175.242215210164431, 2839370.386589126195759 ], [ 353135.933993886515964, 2839367.783395661506802 ], [ 353085.838789641507901, 2839362.056370037142187 ], [ 353082.389558300201315, 2839385.420031386893243 ], [ 353071.960143453383353, 2839426.968401789665222 ], [ 353069.357321015442722, 2839440.933132031466812 ], [ 353062.544005550502334, 2839479.238697098102421 ], [ 353195.147555108531378, 2839495.919091288466007 ], [ 353310.091175294888671, 2839514.427242211997509 ], [ 353337.808524782652967, 2839518.890272756572813 ], [ 353380.067785597115289, 2839525.676283826585859 ], [ 353425.034795477928128, 2839532.935393149033189 ], [ 353504.628620938106906, 2839546.118662633933127 ], [ 353514.016242741199676, 2839461.920196099206805 ], [ 353514.852633541915566, 2839454.41852801758796 ], [ 353519.688274031330366, 2839414.664145102724433 ], [ 353520.588126183836721, 2839407.323790241032839 ], [ 353516.929951575351879, 2839388.875219442881644 ], [ 353519.71969518030528, 2839365.232111336663365 ], [ 353521.484943557006773, 2839350.271611694246531 ], [ 353526.0186705107335, 2839311.848225300665945 ], [ 353530.372067440999672, 2839274.95313784154132 ], [ 353537.080905348761007, 2839231.40542946010828 ], [ 353541.337009569746442, 2839205.213993371929973 ], [ 353518.192210281500593, 2839179.343617334030569 ], [ 353497.783593604457565, 2839155.583770226221532 ], [ 353468.288756209658459, 2839114.329407398123294 ], [ 353436.266953525075223, 2839137.836675945203751 ], [ 353409.840235989249777, 2839158.199856168124825 ], [ 353389.118692472227849, 2839173.240873840171844 ], [ 353380.417594725789968, 2839178.94089563889429 ], [ 353369.540666172746569, 2839188.659284797497094 ], [ 353361.713953580590896, 2839198.697173864580691 ] ] ] ] } },
{ "type": "Feature", "properties": { "gid": 4073, "_id": 6696.0, "entidad": 19.0, "distrito": 1.0, "distrito_l": 19.0, "municipio": 48.0, "seccion": 2048.0, "tipo": 2.0, "_control": 7311.0 }, "geometry": { "type": "MultiPolygon", "coordinates": [ [ [ [ 349733.083677121321671, 2840255.978877359069884 ], [ 349646.879541071539279, 2840293.771172005683184 ], [ 349550.373947639716789, 2840337.868392808362842 ], [ 349293.596377126697917, 2840454.710722286719829 ], [ 349492.253226086613722, 2840885.695778981316835 ], [ 349550.054417181061581, 2841013.990990296471864 ], [ 349637.780823386216071, 2841218.003374153282493 ], [ 349670.688463562983088, 2841203.244666050653905 ], [ 349679.895404815033544, 2841225.850712299812585 ], [ 349713.909964711638168, 2841306.748265949077904 ], [ 349722.802132821641862, 2841328.080705888103694 ], [ 349748.013582352199592, 2841388.608619146049023 ], [ 349781.81965333269909, 2841374.167184229940176 ], [ 349786.101387396105565, 2841383.708097809925675 ], [ 349801.429630107362755, 2841417.539180275052786 ], [ 349816.658671961515211, 2841453.207185434177518 ], [ 349831.907157512847334, 2841488.920729764737189 ], [ 349845.892648658715189, 2841521.676209405995905 ], [ 349861.247542600613087, 2841557.638973295688629 ], [ 349875.862097593490034, 2841591.166468933224678 ], [ 349890.115782716195099, 2841623.866086953319609 ], [ 349905.884703388437629, 2841660.041832249611616 ], [ 349922.623638330260292, 2841696.145404164679348 ], [ 349954.277134218951687, 2841772.909799215383828 ], [ 349996.358180393348448, 2841864.825500339269638 ], [ 350002.805895559140481, 2841875.905190244317055 ], [ 350008.709839604329318, 2841892.910965172573924 ], [ 350091.414156023412943, 2841857.614371171221137 ], [ 350051.438848901190795, 2841763.249601831659675 ], [ 350012.164089110679924, 2841671.386056995019317 ], [ 350007.031979593564756, 2841658.099378513172269 ], [ 349991.374541315599345, 2841623.690181140787899 ], [ 349984.651181477471255, 2841608.578289839439094 ], [ 349975.390709089930169, 2841586.645600697956979 ], [ 349968.171936023863964, 2841569.54851331282407 ], [ 349961.845066054724157, 2841554.563827172853053 ], [ 349950.096154341474175, 2841526.737468261271715 ], [ 349947.304578671231866, 2841520.125844273716211 ], [ 349932.272579080075957, 2841484.523753974586725 ], [ 349918.948660968220793, 2841452.967118221335113 ], [ 349915.017806829651818, 2841443.657204188406467 ], [ 349903.182271116878837, 2841415.625683258287609 ], [ 349897.18412552762311, 2841401.419554556719959 ], [ 349887.952937278430909, 2841379.556222562678158 ], [ 349879.741129081114195, 2841359.925416888669133 ], [ 349874.324806801974773, 2841345.998238657601178 ], [ 349861.101632098783739, 2841311.997028727084398 ], [ 349906.184324300498702, 2841292.877128259278834 ], [ 350028.290865334216505, 2841241.090848500840366 ], [ 350045.560411150683649, 2841233.76670744176954 ], [ 350039.301985198981129, 2841216.144305472262204 ], [ 350083.858222133480012, 2841197.173321508802474 ], [ 350130.349831946659833, 2841177.378301893360913 ], [ 350169.357164378394373, 2841160.769909247756004 ], [ 350239.590043744654395, 2841130.866422792896628 ], [ 350283.300651737721637, 2841112.020759159699082 ], [ 350264.365249042632058, 2841067.691506564617157 ], [ 350244.721775712328963, 2841021.6902832435444 ], [ 350225.476052467012778, 2840971.72937117703259 ], [ 350323.135885926778428, 2840931.916445142589509 ], [ 350370.078987022163346, 2840912.779179129749537 ], [ 350360.597956793615595, 2840895.620148181915283 ], [ 350355.878438824904151, 2840887.077623951248825 ], [ 350295.832309399382211, 2840738.90160717908293 ], [ 350269.898821660201065, 2840678.732567384839058 ], [ 350248.937571635469794, 2840626.734903992153704 ], [ 350244.647403690963984, 2840616.444338511209935 ], [ 350243.232207057881169, 2840613.049792234785855 ], [ 350225.553939267178066, 2840582.464056184049696 ], [ 350229.625167222693563, 2840522.804908066987991 ], [ 350224.4578394331038, 2840480.526771605014801 ], [ 350195.548574418120552, 2840417.579035521484911 ], [ 350177.795303635997698, 2840332.083536920603365 ], [ 350174.193832752353046, 2840282.915630075149238 ], [ 350168.400162200385239, 2840238.445293945260346 ], [ 350115.060983666044194, 2840076.210776978172362 ], [ 350048.494643601821736, 2840107.313471894245595 ], [ 349900.717254070797935, 2840179.521935646887869 ], [ 349733.083677121321671, 2840255.978877359069884 ] ] ] ] } },
{ "type": "Feature", "properties": { "gid": 4077, "_id": 6701.0, "entidad": 19.0, "distrito": 1.0, "distrito_l": 19.0, "municipio": 48.0, "seccion": 2053.0, "tipo": 2.0, "_control": 7316.0 }, "geometry": { "type": "MultiPolygon", "coordinates": [ [ [ [ 351871.133285555639304, 2839365.07538287434727 ], [ 351503.695151038235053, 2839477.770882925949991 ], [ 351430.899713878752664, 2839499.468191229272634 ], [ 351368.619026513770223, 2839521.202860058285296 ], [ 351302.140343983541243, 2839543.603609011042863 ], [ 351001.864933512522839, 2839669.173843166325241 ], [ 350870.271198199654464, 2839729.207072819583118 ], [ 350987.951395918847993, 2839989.275303854607046 ], [ 351009.512826424092054, 2840040.10082637052983 ], [ 351030.896496026136447, 2840088.955563856754452 ], [ 351064.692106987640727, 2840169.421834870707244 ], [ 351085.363303817692213, 2840219.732650105841458 ], [ 351105.431060376926325, 2840269.872567525599152 ], [ 351136.85978139762301, 2840348.889990418218076 ], [ 351138.288631817267742, 2840352.047864397522062 ], [ 351158.518211154791061, 2840401.189608817920089 ], [ 351171.039688716176897, 2840432.79119113041088 ], [ 351171.659654709103052, 2840434.292738783173263 ], [ 351175.252758263377473, 2840439.981819410342723 ], [ 351188.993052410602104, 2840432.862151256762445 ], [ 351194.881749902444426, 2840430.383575195912272 ], [ 351301.217961080372334, 2840369.365901513956487 ], [ 351377.438878755667247, 2840330.156771144364029 ], [ 351494.330958516045939, 2840282.496589648537338 ], [ 351496.027701861399692, 2840279.103102957829833 ], [ 351498.023870502889622, 2840273.913064490072429 ], [ 351501.417357193422504, 2840271.717278984375298 ], [ 351507.206246253743302, 2840271.118428391870111 ], [ 351514.093028066912666, 2840274.611723514739424 ], [ 351528.565250717801973, 2840312.638736135791987 ], [ 351544.28507876873482, 2840356.40473359497264 ], [ 351558.756259117217269, 2840394.135557827074081 ], [ 351696.230093207443133, 2840341.549044501036406 ], [ 351787.080985687905923, 2840310.157829220406711 ], [ 351894.424662407836877, 2840270.388724512420595 ], [ 352004.305256455554627, 2840230.219728959724307 ], [ 352011.601870460086502, 2840227.552309311926365 ], [ 352114.185850511188619, 2840190.050733416341245 ], [ 352128.85417298565153, 2840231.165641392581165 ], [ 352137.799927131738514, 2840256.240346368402243 ], [ 352143.522495457436889, 2840272.280549366958439 ], [ 352158.056954487343319, 2840313.020241764374077 ], [ 352173.813362924731337, 2840357.185025040060282 ], [ 352188.3569332791958, 2840397.950256239622831 ], [ 352203.205990985152312, 2840439.571760156191885 ], [ 352218.249824811704457, 2840481.739216233603656 ], [ 352232.497019136790186, 2840521.673713510856032 ], [ 352252.563157230149955, 2840577.693853620439768 ], [ 352262.813713317271322, 2840573.971931884996593 ], [ 352390.498266154783778, 2840527.568332749418914 ], [ 352461.046734763192944, 2840501.989873740822077 ], [ 352475.597270117956214, 2840496.686363994143903 ], [ 352489.759265034110285, 2840491.814039386808872 ], [ 352554.32796889799647, 2840468.118432341143489 ], [ 352647.300358341890387, 2840434.39849744644016 ], [ 352667.901368772261776, 2840426.878147667273879 ], [ 352730.99508599343244, 2840403.951388566754758 ], [ 352752.864505333593115, 2840221.043834573589265 ], [ 352761.121181971742772, 2840151.989695481956005 ], [ 352766.435914798988961, 2840107.540298224426806 ], [ 352773.642669542576186, 2840047.267107658088207 ], [ 352779.163522553280927, 2840001.093838623724878 ], [ 352784.600573639036156, 2839955.62144115101546 ], [ 352790.037624723161571, 2839910.149043675512075 ], [ 352682.389116984675638, 2839897.048976579681039 ], [ 352687.908620053087361, 2839839.675102616660297 ], [ 352690.887057911255397, 2839808.714975200593472 ], [ 352693.428123122022953, 2839782.301228649914265 ], [ 352699.155970248219091, 2839742.982110051438212 ], [ 352704.046583419956733, 2839701.337041770108044 ], [ 352707.340261678386014, 2839660.665105698630214 ], [ 352710.683844152954407, 2839632.144846234004945 ], [ 352712.91616935672937, 2839618.202151194680482 ], [ 352723.871859345759731, 2839523.235054241027683 ], [ 352727.442276106972713, 2839476.514179536607116 ], [ 352729.672398355440237, 2839447.69886376010254 ], [ 352731.818674095382448, 2839431.650835872627795 ], [ 352736.208068293810356, 2839394.18301792209968 ], [ 352797.688969182840083, 2839401.09306616615504 ], [ 352797.793042932578828, 2839373.305375005118549 ], [ 352789.571216709213331, 2839371.562139698304236 ], [ 352794.358609193877783, 2839349.862762893084437 ], [ 352874.235212060913909, 2839374.320094063878059 ], [ 352873.29854831378907, 2839379.055449672974646 ], [ 352964.206968645565212, 2839390.867820259183645 ], [ 352967.068996761343442, 2839371.822324070613831 ], [ 353012.779765183688141, 2839378.057345279958099 ], [ 353006.721095383050852, 2839348.613877895753831 ], [ 353015.359216605196707, 2839335.188364188652486 ], [ 353029.51324655947974, 2839326.550242966972291 ], [ 353080.548941311775707, 2839058.620643418747932 ], [ 353047.81177559128264, 2839068.701295056845993 ], [ 353019.66579774627462, 2839077.883670807816088 ], [ 352998.905643874779344, 2839083.273326139897108 ], [ 352972.156984078581445, 2839088.263747742399573 ], [ 352899.696062392438762, 2839099.242675270419568 ], [ 352816.256213178101461, 2839111.219687120057642 ], [ 352752.179199786274694, 2839120.80129659967497 ], [ 352682.512914198217914, 2839131.380990398582071 ], [ 352654.766170081333257, 2839137.76873005181551 ], [ 352616.439732164726593, 2839151.342676813714206 ], [ 352591.114578995213378, 2839117.559112484566867 ], [ 352509.05250584782334, 2839156.612570263911039 ], [ 352485.518696625949815, 2839164.511758478358388 ], [ 352355.704106640536338, 2839208.084384974557906 ], [ 352239.610702869482338, 2839244.48985283030197 ], [ 352092.944104022462852, 2839292.374407581984997 ], [ 351976.14600061008241, 2839328.326059326995164 ], [ 351871.133285555639304, 2839365.07538287434727 ] ] ] ] } },
{ "type": "Feature", "properties": { "gid": 4079, "_id": 6687.0, "entidad": 19.0, "distrito": 1.0, "distrito_l": 18.0, "municipio": 48.0, "seccion": 2080.0, "tipo": 2.0, "_control": 7302.0 }, "geometry": { "type": "MultiPolygon", "coordinates": [ [ [ [ 356012.153634452202823, 2839154.926822785753757 ], [ 356148.478659095824696, 2839209.812126973643899 ], [ 356150.485156291804742, 2839196.302465132437646 ], [ 356130.845708722947165, 2839186.197521155234426 ], [ 356071.845874533755705, 2839158.164450767450035 ], [ 356046.787243300001137, 2839059.111552343703806 ], [ 356048.864376615849324, 2839014.992060664109886 ], [ 356057.299644695187453, 2838893.154145816806704 ], [ 356058.807237143162638, 2838869.073412387166172 ], [ 356060.926015718956478, 2838823.152961330488324 ], [ 356042.162096458661836, 2838730.741035192739218 ], [ 356018.550444201973733, 2838629.284721638541669 ], [ 356011.668487809307408, 2838625.990806161891669 ], [ 356002.59963599574985, 2838623.984603634104133 ], [ 356006.074523765186314, 2838574.214115707203746 ], [ 356008.687557263532653, 2838570.084516149945557 ], [ 356021.620414463919587, 2838500.763507922645658 ], [ 356027.347363940963987, 2838471.246716094668955 ], [ 355905.838236164127011, 2838446.428008972201496 ], [ 355922.087915848300327, 2838427.919749576598406 ], [ 355937.685061024327297, 2838392.839588516857475 ], [ 355949.861689734330866, 2838377.540747316554189 ], [ 355960.913413343834691, 2838368.099819987546653 ], [ 355967.410606691089924, 2838364.74245677003637 ], [ 355988.536112112691626, 2838353.367290880531073 ], [ 356014.251392915728502, 2838344.578505559358746 ], [ 355998.124705161841121, 2838300.529546286445111 ], [ 355995.079027967934962, 2838292.542556980624795 ], [ 355960.711378135951236, 2838221.716325641144067 ], [ 355938.476438736310229, 2838185.252099216915667 ], [ 355916.760301000555046, 2838132.080017906147987 ], [ 355886.632911182707176, 2838141.918642580509186 ], [ 355873.679704988433514, 2838144.584667993709445 ], [ 355847.349046324961819, 2838146.249847987201065 ], [ 355817.876141032786109, 2838144.962787485681474 ], [ 355854.504116614116356, 2837936.098928973078728 ], [ 355857.535614468273707, 2837935.529220407363027 ], [ 355858.458919101045467, 2837922.048972768709064 ], [ 355855.102540672174655, 2837919.447128992062062 ], [ 355857.964568787778262, 2837905.865504662506282 ], [ 355872.84711498854449, 2837870.857697121333331 ], [ 355876.554597464506514, 2837857.18911272380501 ], [ 355877.582470597873908, 2837824.440804770682007 ], [ 355873.835815610247664, 2837751.589180009439588 ], [ 355865.975632562476676, 2837736.196474322117865 ], [ 355876.749880600662436, 2837716.204105126205832 ], [ 355894.234270543034654, 2837619.207370445597917 ], [ 355184.58140086644562, 2836401.812681762967259 ], [ 354862.529463464976288, 2836658.914358604233712 ], [ 355227.220763273420744, 2837843.626732356846333 ], [ 355237.430130463268142, 2837835.233687218278646 ], [ 355256.192242063116282, 2837830.145656954031438 ], [ 355278.164063645759597, 2837829.643190227914602 ], [ 355288.371101398253813, 2837852.333207748364657 ], [ 355287.590704505972099, 2837872.121084763668478 ], [ 355281.444375884253532, 2837879.330601814668626 ], [ 355282.325096450396813, 2837925.884954429697245 ], [ 355276.141109961201437, 2837941.061580140143633 ], [ 355311.560089665348642, 2837952.454044842626899 ], [ 355330.974423180450685, 2837991.801318710669875 ], [ 355331.415626399102621, 2838013.684625492896885 ], [ 355388.696031585102901, 2838037.648890217766166 ], [ 355386.198261593526695, 2838046.49515893869102 ], [ 355379.173283491516486, 2838062.262332011479884 ], [ 355378.499002066324465, 2838073.813555273227394 ], [ 355386.042150969034992, 2838098.375923143234104 ], [ 355384.637155348376837, 2838120.855853063054383 ], [ 355369.702572272508405, 2838138.70450112875551 ], [ 355361.324635425175074, 2838155.408337954897434 ], [ 355356.350872061448172, 2838175.025695172604173 ], [ 355348.965048089448828, 2838190.06349893566221 ], [ 355333.727627462241799, 2838204.435913152061403 ], [ 355305.11587693990441, 2838215.680996497161686 ], [ 355285.12092105159536, 2838226.094342908356339 ], [ 355266.885055666149128, 2838238.907275830861181 ], [ 355273.563095388119109, 2838241.928293800447136 ], [ 355279.764132272801362, 2838252.581357166636735 ], [ 355279.128128489770461, 2838259.736399726010859 ], [ 355262.518211979710031, 2838270.107242614496499 ], [ 355334.778459506400395, 2838313.717220811638981 ], [ 355249.587791728612501, 2838437.296387333422899 ], [ 355234.869839391729329, 2838473.514093574602157 ], [ 355224.588916803419124, 2838487.871311786118895 ], [ 355220.287162352062296, 2838492.705149074550718 ], [ 355208.518211494199932, 2838503.761650032363832 ], [ 355199.247344458417501, 2838518.786226375494152 ], [ 355191.302175335236825, 2838541.277999125886708 ], [ 355171.822532536403742, 2838562.705606204457581 ], [ 355168.936659529281314, 2838569.48740777047351 ], [ 355150.719586170918774, 2838609.637115981429815 ], [ 355180.732665446528699, 2838619.196570318657905 ], [ 355195.306324133125599, 2838620.06233222130686 ], [ 355221.649286597268656, 2838616.017768939957023 ], [ 355241.683405763178598, 2838630.963857841677964 ], [ 355249.679520480625797, 2838642.603578529786319 ], [ 355308.854996700771153, 2838690.208321124780923 ], [ 355330.184010634431615, 2838700.140196826774627 ], [ 355354.190929677803069, 2838710.98047076491639 ], [ 355446.74316545680631, 2838717.380567656829953 ], [ 355470.659480378730223, 2838721.533400198910385 ], [ 355541.128766262554564, 2838750.331842344719917 ], [ 355589.881025485985447, 2838777.501935889944434 ], [ 355628.789015537011437, 2838814.865958080161363 ], [ 355737.950999357970431, 2838899.063840783666819 ], [ 355742.208540733961854, 2838906.586644529830664 ], [ 355765.61869823752204, 2839025.75060799671337 ], [ 355832.57223919959506, 2839068.257192188873887 ], [ 355893.793169399315957, 2839104.749668229371309 ], [ 355968.93886019353522, 2839137.880995161365718 ], [ 356012.153634452202823, 2839154.926822785753757 ] ] ] ] } },
{ "type": "Feature", "properties": { "gid": 4074, "_id": 6697.0, "entidad": 19.0, "distrito": 1.0, "distrito_l": 19.0, "municipio": 48.0, "seccion": 2049.0, "tipo": 3.0, "_control": 7312.0 }, "geometry": { "type": "MultiPolygon", "coordinates": [ [ [ [ 353650.297301276063081, 2838426.355378992389888 ], [ 353744.002591853262857, 2838354.786545740440488 ], [ 353819.067430706811137, 2838296.41716140229255 ], [ 353933.645488126669079, 2838210.389026128686965 ], [ 354075.14882304915227, 2838099.316516411025077 ], [ 354134.989830078091472, 2838058.750458112452179 ], [ 354157.292007877957076, 2838046.904176214244217 ], [ 354069.145572980458383, 2838003.766564815305173 ], [ 353925.524432596750557, 2837967.7470230339095 ], [ 353719.103105272864923, 2838003.047278622165322 ], [ 353592.012294286279939, 2838065.577694011852145 ], [ 353492.931662955554202, 2838120.158054740168154 ], [ 353343.470718513359316, 2838254.318926672451198 ], [ 353226.269965703133494, 2838278.489097939804196 ], [ 353093.879116853233427, 2838315.579353311099112 ], [ 352948.358176740235649, 2838309.449337426573038 ], [ 352726.106738169095479, 2838281.16919356957078 ], [ 352590.595858876244165, 2838249.43901426717639 ], [ 352389.174562582047656, 2838271.939188337884843 ], [ 352095.762670690892264, 2838280.109286354854703 ], [ 351787.110681883408688, 2838296.07943619415164 ], [ 351483.57872668793425, 2838314.559601178392768 ], [ 351366.197969733853824, 2838315.779627522453666 ], [ 351284.377438984112814, 2838296.239516952075064 ], [ 351227.967070148675703, 2838263.679320001043379 ], [ 350904.544996900367551, 2838346.109892722219229 ], [ 350624.763210383360274, 2838461.23066527582705 ], [ 350571.552874408429489, 2838507.680967497639358 ], [ 350411.251849697437137, 2838565.451358389109373 ], [ 349799.857928270590492, 2838696.792286652140319 ], [ 349603.386662501026876, 2838701.392347219400108 ], [ 349478.725866283522919, 2838748.592665664851665 ], [ 349318.744850039249286, 2838844.613298495300114 ], [ 349145.493738878984004, 2838879.573547380045056 ], [ 348816.63162604579702, 2838921.263863884843886 ], [ 348746.586177174001932, 2838937.29397651925683 ], [ 348676.540728302206844, 2838953.324089153669775 ], [ 348551.809930770541541, 2838992.874359330162406 ], [ 348251.398008842021227, 2839080.164959725923836 ], [ 348070.4668482755078, 2839112.655194378457963 ], [ 347849.015432422282174, 2839181.265663988888264 ], [ 347685.764382306020707, 2839190.625749600119889 ], [ 347538.053436725982465, 2839227.866008982993662 ], [ 347158.951016953331418, 2839366.976950009353459 ], [ 346902.329386069439352, 2839504.807863109745085 ], [ 346622.427599493879825, 2839604.628539736382663 ], [ 346497.846806443529204, 2839662.028922918252647 ], [ 346334.365750953787938, 2839643.338831417262554 ], [ 346168.114673255360685, 2839596.628563256934285 ], [ 345965.67335380485747, 2839494.197948772460222 ], [ 345874.262774387723766, 2839551.248324390500784 ], [ 345755.042020915658213, 2839639.188899849541485 ], [ 345523.500543906236999, 2839723.209468919783831 ], [ 344942.946832969901152, 2839882.270569701679051 ], [ 344606.4946759151062, 2839931.690937472507358 ], [ 344178.681941315531731, 2840043.251713199540973 ], [ 344187.971983116352931, 2839930.961001843214035 ], [ 344153.441734485328197, 2839765.579962112940848 ], [ 344077.901218404993415, 2839577.668786693364382 ], [ 344079.6919112901669, 2839485.858410704880953 ], [ 343811.880230360897258, 2839503.958567399531603 ], [ 343732.741360207204707, 2839545.298172851093113 ], [ 343693.958725951379165, 2839437.612964794971049 ], [ 343752.369096079841256, 2839402.577733643352985 ], [ 343927.350200207321905, 2839268.156854907050729 ], [ 344145.89158789080102, 2839153.676095036789775 ], [ 344211.191987504134886, 2839025.495273873209953 ], [ 344144.201543924864382, 2838947.144789583981037 ], [ 343903.459978203754872, 2838842.564168190583587 ], [ 343740.01892449951265, 2838828.974109327420592 ], [ 343647.538317375350744, 2838753.443647112697363 ], [ 343573.007827771943994, 2838690.473261339589953 ], [ 343512.268941167625599, 2838617.795080847106874 ], [ 343444.142764076474123, 2838536.27750834543258 ], [ 343418.017588038579561, 2838462.602046699263155 ], [ 343394.227466518175788, 2838360.849945114925504 ], [ 343331.465495389536954, 2838179.99285617377609 ], [ 343251.186470419634134, 2838033.409359683282673 ], [ 343193.866090885770973, 2837888.658320832997561 ], [ 343088.13540046219714, 2837754.617622880265117 ], [ 342845.623744121403433, 2836653.029240202158689 ], [ 342767.753208297654055, 2836648.740681069903076 ], [ 342556.361886766855605, 2836699.401035175658762 ], [ 342465.836318736663088, 2836707.996103984303772 ], [ 342375.310750706819817, 2836716.591172804124653 ], [ 342282.565175269031897, 2836766.011500153690577 ], [ 342189.819599866168573, 2836815.431827506050467 ], [ 342051.928730714367703, 2836804.121778067201376 ], [ 341929.397959403926507, 2836800.301773541606963 ], [ 341780.257024241844192, 2836818.436912142671645 ], [ 341631.116089086281136, 2836836.572050753049552 ], [ 341364.953307836665772, 2836902.895734586752951 ], [ 341300.03401999862399, 2836919.072625665925443 ], [ 340834.297496392508037, 2836825.530475744046271 ], [ 340781.130739308311604, 2836814.852050274610519 ], [ 340668.570025709806941, 2836780.331850172951818 ], [ 340439.038584882742725, 2836798.031999208964407 ], [ 340291.367662933655083, 2836840.372290843166411 ], [ 340148.66927602305077, 2836820.260732091031969 ], [ 340005.970889093237929, 2836800.149173355661333 ], [ 339824.717030565137975, 2836774.603701571002603 ], [ 339676.402158110402524, 2836753.700569271109998 ], [ 339567.399676661123522, 2836738.338028408586979 ], [ 339449.522127020522021, 2836721.724657342769206 ], [ 339359.520613569533452, 2836709.04006605129689 ], [ 339297.454759623971768, 2836700.292657711543143 ], [ 339233.599598259548657, 2836685.681313189677894 ], [ 339186.551493603386916, 2836666.723399841226637 ], [ 339134.575346328900196, 2836592.370910678990185 ], [ 339086.830035208491609, 2836526.570502383634448 ], [ 338922.153517959290184, 2836300.466924038715661 ], [ 338851.96850508521311, 2836205.17850839253515 ], [ 338824.802305984776467, 2836141.367937308736145 ], [ 338761.012202018871903, 2835991.531629743985832 ], [ 338711.467566963168792, 2835875.15644434094429 ], [ 338675.097325213719159, 2835796.49595283716917 ], [ 338675.977297154720873, 2835592.484662470407784 ], [ 338687.50734487560112, 2835441.923708371818066 ], [ 338691.987360461149365, 2835365.383223548531532 ], [ 338654.597091670497321, 2835161.771941896528006 ], [ 338602.376739256083965, 2835016.971034601330757 ], [ 338572.756521844770759, 2834828.589847934432328 ], [ 338528.906236355309375, 2834770.399487068876624 ], [ 338409.435442759073339, 2834516.657901675440371 ], [ 338384.330267375102267, 2834411.097238074988127 ], [ 338371.776995449443348, 2834358.312351264059544 ], [ 338359.225091975647956, 2834305.536574465222657 ], [ 338358.59507536678575, 2834229.0460907202214 ], [ 338456.385655563091859, 2834016.37472933344543 ], [ 338587.676453312393278, 2833844.163618362508714 ], [ 338790.927713895915076, 2833732.392877939157188 ], [ 338871.308193931938149, 2833576.001875369809568 ], [ 338929.438548321486451, 2833506.551426468417048 ], [ 338982.268865557271056, 2833414.200833548791707 ], [ 338976.038803677307442, 2833276.569963815622032 ], [ 338941.848792404751293, 2833151.979956170544028 ], [ 338907.658332267543301, 2833027.388398469425738 ], [ 338856.781082632485777, 2832836.613799384795129 ], [ 338817.897706941235811, 2832661.136095827445388 ], [ 338804.117599608260207, 2832536.335308416746557 ], [ 338759.364057382452302, 2832351.616117859259248 ], [ 338748.657212744001299, 2832307.423869048245251 ], [ 338767.297294264426455, 2832090.48249321244657 ], [ 338806.647511995746754, 2831909.021338448859751 ], [ 338919.87906222534366, 2831594.831260208971798 ], [ 338385.784815377555788, 2831622.729595901444554 ], [ 338178.963511270005256, 2831609.589546815492213 ], [ 337878.021620754967444, 2831633.139745506457984 ], [ 337371.148519928799942, 2831750.630539794452488 ], [ 336752.194968178519048, 2831681.217453197576106 ], [ 336308.781746987137012, 2831659.740174259990454 ], [ 336224.973472442827187, 2831709.060387742705643 ], [ 335901.319199502235278, 2831763.440898491069674 ], [ 335702.277946947957389, 2831765.520944943651557 ], [ 335474.259037916199304, 2831762.209806295111775 ], [ 335324.656685802037828, 2831760.037380660884082 ], [ 335293.915375419310294, 2831759.590975842438638 ], [ 335189.719869317254052, 2831765.469627875834703 ], [ 335072.00398066744674, 2831772.111092319712043 ], [ 335036.27875586412847, 2831772.486100696958601 ], [ 334531.998222455498762, 2831740.144628104753792 ], [ 334343.549371491768397, 2831631.830327300354838 ], [ 334144.406042037298903, 2831413.705369889736176 ], [ 333954.746852306183428, 2831210.057724022306502 ], [ 333833.066050032386556, 2830997.136397202499211 ], [ 333743.975440650363453, 2830712.474610804580152 ], [ 333689.38507619430311, 2830590.643849027343094 ], [ 333596.834479328710586, 2830507.468338328413665 ], [ 333515.008508297498338, 2830475.720075727440417 ], [ 333253.607246536877938, 2830999.625811183825135 ], [ 332925.276644968893379, 2831657.664916096255183 ], [ 332430.752389353234321, 2832648.788793062791228 ], [ 332156.960778571898118, 2833495.674199571833014 ], [ 331766.268343556439504, 2833631.108585183508694 ], [ 331302.34567076456733, 2833907.555247968994081 ], [ 331280.074871671153232, 2833895.43154454883188 ], [ 331169.054808557382785, 2833834.994812403805554 ], [ 331151.069691295968369, 2833819.884719979949296 ], [ 331133.084574038744904, 2833804.77462755702436 ], [ 331114.944452691473998, 2833771.814422260038555 ], [ 331101.852393453358673, 2833762.549077988602221 ], [ 331088.760334232472815, 2833753.283733730204403 ], [ 330903.702744330279529, 2833631.944770711474121 ], [ 330783.962305040215142, 2833553.433099074289203 ], [ 330682.861654370557517, 2833517.512889666482806 ], [ 330662.580147168249823, 2833505.622426377609372 ], [ 330650.811446817708202, 2833498.722776453010738 ], [ 330652.711445172317326, 2833419.652275920845568 ], [ 330682.631620742729865, 2833332.641720209270716 ], [ 330767.043363817152567, 2833044.894854083657265 ], [ 330733.421884999610484, 2832990.419546245597303 ], [ 330649.616332286968827, 2832884.203889053314924 ], [ 330629.05544521426782, 2832860.231253417208791 ], [ 330607.051051263348199, 2832828.548544449731708 ], [ 330581.335883167688735, 2832804.593397428281605 ], [ 330555.620715067954734, 2832780.638250415213406 ], [ 330520.995490631903522, 2832759.323121681809425 ], [ 330481.880103296134621, 2832724.956680492497981 ], [ 330416.909811562974937, 2832669.887574228458107 ], [ 330334.819279071060009, 2832617.197255370207131 ], [ 330319.239174018846825, 2832584.217049468308687 ], [ 330301.338901298702694, 2832521.534213290549815 ], [ 330286.978914999752305, 2832471.248685107566416 ], [ 330249.588714137673378, 2832493.146485595963895 ], [ 330016.727270746254362, 2832727.618010255508125 ], [ 329994.277138820965774, 2832791.598419008776546 ], [ 329885.486465653753839, 2832907.489171464927495 ], [ 329842.926211855025031, 2833007.379810955375433 ], [ 329787.34586975898128, 2833076.810260037891567 ], [ 329672.475136955967173, 2833072.91025572642684 ], [ 329565.384456420666538, 2833084.230346337892115 ], [ 329376.933263792772777, 2833132.100682626478374 ], [ 329249.452453864389099, 2833146.180794354528189 ], [ 329142.171768150874414, 2833134.550739852711558 ], [ 328920.960375903989188, 2833233.761406822130084 ], [ 328504.775846159085631, 2833131.243047245778143 ], [ 328367.73975287086796, 2833089.507392136380076 ], [ 328287.916311205131933, 2833058.055408209562302 ], [ 328218.437752889003605, 2833038.018093373626471 ], [ 328194.535711192758754, 2833029.710245589725673 ], [ 328038.368953315541148, 2833079.081937909126282 ], [ 328064.425466386484914, 2833253.064996641129255 ], [ 328101.794225507532246, 2833326.094224285334349 ], [ 328115.282875082921237, 2833463.510118615813553 ], [ 328140.753433333826251, 2833573.31671277154237 ], [ 328190.857471552793868, 2833701.249237468466163 ], [ 328216.579153261147439, 2833838.56003067176789 ], [ 328205.434322836925276, 2833957.849994398653507 ], [ 328108.825682974071242, 2834096.211798409000039 ], [ 328072.628833465976641, 2834151.535499791614711 ], [ 328024.031536153866909, 2834188.628169546835124 ], [ 327987.499855345813558, 2834207.27960551995784 ], [ 327964.121992793283425, 2834326.674670279026031 ], [ 327952.223791948403232, 2834363.452036774717271 ], [ 327915.859526803484187, 2834400.439605442807078 ], [ 327854.861781702144071, 2834419.301243582740426 ], [ 327769.481680130353197, 2834447.541150254197419 ], [ 327696.167195054818876, 2834457.339823134243488 ], [ 327610.535970000666566, 2834458.075530763715506 ], [ 327561.603841400006786, 2834458.495935124345124 ], [ 327488.121940667391755, 2834449.958475321531296 ], [ 327414.556332100299187, 2834432.252949176356196 ], [ 327340.907015698961914, 2834405.379356684163213 ], [ 327255.02466714323964, 2834378.610865287482738 ], [ 327181.459058569627814, 2834360.9053391572088 ], [ 327120.377605650573969, 2834370.598910988308489 ], [ 327071.612892720499076, 2834389.355448076501489 ], [ 327011.284810329088941, 2834481.561617068015039 ], [ 326962.771220915718004, 2834527.822353204712272 ], [ 326926.323247980209999, 2834555.641855548135936 ], [ 326901.940891521982849, 2834565.020124092698097 ], [ 326840.692022945266217, 2834556.377563241869211 ], [ 326754.558550880872644, 2834502.10487284976989 ], [ 326606.422839665319771, 2834356.677024479024112 ], [ 326410.610617427737452, 2834349.190575790591538 ], [ 326398.377585278009064, 2834349.295676900073886 ], [ 326386.730508022708818, 2834413.577242453582585 ], [ 326386.897923706215806, 2834431.913375156000257 ], [ 326387.232755073462613, 2834468.585640547797084 ], [ 326277.302881427342072, 2834487.867683199234307 ], [ 326180.275702683371492, 2834580.38915553689003 ], [ 326156.311885455506854, 2834635.607755837962031 ], [ 326132.264360382803716, 2834681.658289784565568 ], [ 325950.945282191620208, 2834921.604531396180391 ], [ 325854.33664274867624, 2835059.966335425153375 ], [ 325793.506313436897472, 2835097.164106353186071 ], [ 325526.639718295540661, 2835347.014122037217021 ], [ 325478.544668242102489, 2835439.115189880132675 ], [ 325381.68490536371246, 2835549.972794856876135 ], [ 325224.413352508447133, 2835743.868502425961196 ], [ 325200.449535353924148, 2835799.087102665565908 ], [ 325214.356724494369701, 2835982.343328226357698 ], [ 325130.315948776318692, 2836157.272296354174614 ], [ 325068.899664598167874, 2836130.293602950870991 ], [ 325007.064841155079193, 2836057.47457788977772 ], [ 324897.021758808521554, 2836075.773482407443225 ], [ 321418.43113101052586, 2836654.223271323367953 ], [ 321846.61113095190376, 2836888.070924527943134 ], [ 321864.424447701778263, 2836911.560677074827254 ], [ 321915.671264162985608, 2836979.137931463308632 ], [ 321980.782408030005172, 2837064.997554310597479 ], [ 322015.645101461559534, 2837110.969680309295654 ], [ 322043.964506413205527, 2837142.059451517648995 ], [ 322200.560796407866292, 2837313.974886798299849 ], [ 322777.256220926879905, 2837832.841014750301838 ], [ 323042.645368039608002, 2838072.05787387676537 ], [ 323285.388928267522715, 2838116.894789974205196 ], [ 323412.562484413036145, 2838125.99562821071595 ], [ 323651.746867768117227, 2838123.985632590949535 ], [ 324176.001133116078563, 2838106.96154903806746 ], [ 324656.894154710578732, 2837905.320188038051128 ], [ 325222.887699153507128, 2837598.328146296553314 ], [ 325890.901993220555596, 2837852.519631340168417 ], [ 326808.487908324226737, 2838294.612258900888264 ], [ 327004.02203213062603, 2838394.027480985969305 ], [ 327126.429959437577054, 2838456.263222995214164 ], [ 327762.360059750964865, 2839004.047360360622406 ], [ 327913.051784790470265, 2839087.269747165963054 ], [ 328012.797293034847826, 2839097.499962383881211 ], [ 328031.955215151538141, 2839099.464859551750124 ], [ 328711.77022844622843, 2839498.64952421747148 ], [ 328864.811269455822185, 2839883.641928458586335 ], [ 329028.654618884436786, 2839721.010556498542428 ], [ 329120.326097315875813, 2839630.017187778837979 ], [ 329450.952658358612098, 2839794.485393607057631 ], [ 329423.229359708726406, 2839906.63627602905035 ], [ 329381.936032158206217, 2840073.679348890669644 ], [ 331045.055281647364609, 2840684.856604314409196 ], [ 331159.316005082800984, 2840663.141447209753096 ], [ 332100.042114211712033, 2841029.670974073931575 ], [ 332529.696125756017864, 2841236.596705214120448 ], [ 332659.584662069799379, 2841533.93871620669961 ], [ 333130.367816353100352, 2841808.460089351981878 ], [ 333297.438912335317582, 2841954.610983547754586 ], [ 333480.490124618052505, 2842182.192389423027635 ], [ 333541.240556948585436, 2842434.003969691693783 ], [ 333691.221559353056364, 2842674.675463973544538 ], [ 333990.793500631698407, 2842796.496181407012045 ], [ 334363.935904510784894, 2842863.996542984619737 ], [ 334678.927947025978938, 2842998.397337388247252 ], [ 335090.590603366727009, 2843096.087883275002241 ], [ 335615.67401074944064, 2843332.84928825404495 ], [ 336506.579783174558543, 2843677.971315166912973 ], [ 337031.603241386823356, 2844218.174637449905276 ], [ 337325.505596662580501, 2843478.298269235529006 ], [ 337396.046664906025399, 2843520.806116252671927 ], [ 337442.211224954924546, 2843541.926541644148529 ], [ 337547.980035832733847, 2843573.159727736841887 ], [ 337661.007808271213435, 2843599.178850938100368 ], [ 337841.909610707662068, 2843639.746070240158588 ], [ 337951.873516785737593, 2843663.636419828049839 ], [ 338187.250231172773056, 2843718.722890377044678 ], [ 338294.335999144008383, 2843741.07392989192158 ], [ 338421.450082528055646, 2843770.498181289061904 ], [ 338433.465718637220562, 2843712.329090242739767 ], [ 338456.281825440470129, 2843526.200674118939787 ], [ 338457.995118397520855, 2843525.800504269544035 ], [ 338460.729915960459039, 2843524.629311182070524 ], [ 338461.855162793188356, 2843522.972022182773799 ], [ 338463.509907055064104, 2843517.768274960573763 ], [ 338462.197715136455372, 2843513.485692047514021 ], [ 338459.876343077572528, 2843510.985412222333252 ], [ 338457.80251566064544, 2843509.999260207172483 ], [ 338461.540325072943233, 2843478.346518477424979 ], [ 338474.715528337866999, 2843398.76650281669572 ], [ 338656.799625520652626, 2843351.798453092109412 ], [ 338855.364461657241918, 2843302.509574500843883 ], [ 338932.820144259487279, 2843286.717187278904021 ], [ 339002.600350586231798, 2843273.648341111838818 ], [ 339063.840719949279446, 2843261.379695638548583 ], [ 339157.278163630748168, 2843245.858699471689761 ], [ 339263.174933959555347, 2843229.104399687144905 ], [ 339346.423913648468442, 2843217.111648472957313 ], [ 339433.026957606314681, 2843204.305315227713436 ], [ 339505.491154185845517, 2843192.908322258852422 ], [ 339584.809123871731572, 2843180.345909185707569 ], [ 339667.066378591232933, 2843167.439032964874059 ], [ 339770.036212051287293, 2843151.9618362756446 ], [ 339978.973559810779989, 2843119.658780720550567 ], [ 340094.39860677003162, 2843102.564179280772805 ], [ 340341.31323445943417, 2843063.853059419430792 ], [ 340498.161623464256991, 2843041.390249410178512 ], [ 340673.673139325110242, 2843020.716034443117678 ], [ 340817.546538627357222, 2843009.0096649765037 ], [ 340975.772770391311496, 2843002.005580274388194 ], [ 341089.835123064694926, 2842999.709529423154891 ], [ 341387.541031807544641, 2843000.320718215312809 ], [ 341491.158961964421906, 2842991.965302775613964 ], [ 341668.995361147564836, 2842978.083163854666054 ], [ 341766.572921651299112, 2842980.321311693638563 ], [ 341845.364375220029615, 2842982.16552032250911 ], [ 342020.72270872828085, 2842972.030361423734576 ], [ 342153.261516754399054, 2842944.15340661816299 ], [ 342273.878165215952322, 2842903.734725361689925 ], [ 342430.936427487235051, 2842839.679852114990354 ], [ 342738.559333692421205, 2842707.321582819800824 ], [ 342985.124202365754172, 2842602.610543712973595 ], [ 343042.646855789236724, 2842583.675555618945509 ], [ 343158.515174809959717, 2842544.249687462579459 ], [ 343248.737878129351884, 2842505.128057398833334 ], [ 343391.583366480073892, 2842447.440956474747509 ], [ 343482.533620662637986, 2842410.478118448983878 ], [ 343559.561131487367675, 2842381.414866569451988 ], [ 343639.60992300149519, 2842354.177081455942243 ], [ 343675.931226324988529, 2842342.683932314161211 ], [ 343732.072609295486473, 2842325.315287785604596 ], [ 343864.285562433535233, 2842292.81912588654086 ], [ 343961.065912141290028, 2842274.663615292403847 ], [ 344061.384686185861938, 2842259.406378268264234 ], [ 344161.896507345954888, 2842248.633736951742321 ], [ 344270.396750523941591, 2842237.768043626565486 ], [ 344441.487834952597041, 2842221.528027157299221 ], [ 344782.546060883672908, 2842188.758460963144898 ], [ 345014.105149553681258, 2842165.321150411386043 ], [ 345208.888721337309107, 2842137.367030909284949 ], [ 345303.276176596176811, 2842117.061097817961127 ], [ 345435.618167669279501, 2842084.292718663346022 ], [ 345602.738033083791379, 2842027.739631788805127 ], [ 345765.760746128042229, 2841968.297252825461328 ], [ 346009.165392904076725, 2841878.222582423128188 ], [ 346242.115703105228022, 2841792.914528297260404 ], [ 346388.241151992930099, 2841738.471502140630037 ], [ 346560.885338984546252, 2841674.132490761578083 ], [ 346839.745730183261912, 2841570.437553790397942 ], [ 347067.011435567052104, 2841477.762671643868089 ], [ 347558.607127272931393, 2842739.093741594813764 ], [ 347850.008220226329286, 2842654.888522090855986 ], [ 347946.518273232795764, 2842627.117261939682066 ], [ 347955.366326516028494, 2842650.337539909873158 ], [ 348304.618350203032605, 2842546.017842069268227 ], [ 348862.565749444067478, 2842370.932826435193419 ], [ 348966.443972319830209, 2842338.335631249472499 ], [ 349068.618337446707301, 2842294.671352088451385 ], [ 349132.970882908906788, 2842267.170251335017383 ], [ 349235.388211707933806, 2842223.402141495607793 ], [ 349315.557194583467208, 2842189.672030935063958 ], [ 349371.24788455304224, 2842165.342424906790257 ], [ 349385.894382561207749, 2842159.083234775811434 ], [ 349408.415456070448272, 2842149.458839853294194 ], [ 349532.145990015123971, 2842096.582518386654556 ], [ 349553.328047701856121, 2842087.520611672662199 ], [ 349620.497998928418383, 2842058.813536181114614 ], [ 349709.272484341170639, 2842020.875704739242792 ], [ 349725.660301878815517, 2842013.872360742650926 ], [ 349810.274409031844698, 2841977.712469541467726 ], [ 349833.353802839294076, 2841967.849476275965571 ], [ 349902.940328706987202, 2841938.111631269566715 ], [ 350008.709839604329318, 2841892.910965172573924 ], [ 350002.805895559140481, 2841875.905190244317055 ], [ 349996.358180393348448, 2841864.825500339269638 ], [ 349954.277134218951687, 2841772.909799215383828 ], [ 349922.623638330260292, 2841696.145404164679348 ], [ 349905.884703388437629, 2841660.041832249611616 ], [ 349890.115782716195099, 2841623.866086953319609 ], [ 349875.862097593490034, 2841591.166468933224678 ], [ 349861.247542600613087, 2841557.638973295688629 ], [ 349845.892648658715189, 2841521.676209405995905 ], [ 349831.907157512847334, 2841488.920729764737189 ], [ 349816.658671961515211, 2841453.207185434177518 ], [ 349801.429630107362755, 2841417.539180275052786 ], [ 349786.101387396105565, 2841383.708097809925675 ], [ 349781.81965333269909, 2841374.167184229940176 ], [ 349748.013582352199592, 2841388.608619146049023 ], [ 349722.802132821641862, 2841328.080705888103694 ], [ 349713.909964711638168, 2841306.748265949077904 ], [ 349679.895404815033544, 2841225.850712299812585 ], [ 349670.688463562983088, 2841203.244666050653905 ], [ 349637.780823386216071, 2841218.003374153282493 ], [ 349550.054417181061581, 2841013.990990296471864 ], [ 349492.253226086613722, 2840885.695778981316835 ], [ 349293.596377126697917, 2840454.710722286719829 ], [ 349550.373947639716789, 2840337.868392808362842 ], [ 349646.879541071539279, 2840293.771172005683184 ], [ 349733.083677121321671, 2840255.978877359069884 ], [ 349900.717254070797935, 2840179.521935646887869 ], [ 350048.494643601821736, 2840107.313471894245595 ], [ 350115.060983666044194, 2840076.210776978172362 ], [ 350283.603859558876138, 2839997.460200574249029 ], [ 350439.809128241846338, 2839926.398786692880094 ], [ 350603.667747455823701, 2839850.148470240645111 ], [ 350768.947231213212945, 2839775.43119561066851 ], [ 350870.271198199654464, 2839729.207072819583118 ], [ 351001.864933512522839, 2839669.173843166325241 ], [ 351302.140343983541243, 2839543.603609011042863 ], [ 351368.619026513770223, 2839521.202860058285296 ], [ 351430.899713878752664, 2839499.468191229272634 ], [ 351503.695151038235053, 2839477.770882925949991 ], [ 351871.133285555639304, 2839365.07538287434727 ], [ 351976.14600061008241, 2839328.326059326995164 ], [ 352092.944104022462852, 2839292.374407581984997 ], [ 352239.610702869482338, 2839244.48985283030197 ], [ 352355.704106640536338, 2839208.084384974557906 ], [ 352485.518696625949815, 2839164.511758478358388 ], [ 352509.05250584782334, 2839156.612570263911039 ], [ 352591.114578995213378, 2839117.559112484566867 ], [ 352636.530244933033828, 2839095.945732220076025 ], [ 352710.283781202859245, 2839059.823512768372893 ], [ 352740.90673719230108, 2839039.967481533996761 ], [ 352783.220039068954065, 2839012.531389342620969 ], [ 352827.73667455802206, 2838981.410013268236071 ], [ 352919.725398163020145, 2838920.140467802062631 ], [ 352982.639773043803871, 2838879.225336570758373 ], [ 353094.407567241811194, 2838806.2140107084997 ], [ 353279.076137525495142, 2838682.279811755288392 ], [ 353555.43404067447409, 2838494.534629652742296 ], [ 353650.297301276063081, 2838426.355378992389888 ] ] ] ] } },
{ "type": "Feature", "properties": { "gid": 4081, "_id": 6698.0, "entidad": 19.0, "distrito": 1.0, "distrito_l": 19.0, "municipio": 48.0, "seccion": 2079.0, "tipo": 3.0, "_control": 7313.0 }, "geometry": { "type": "MultiPolygon", "coordinates": [ [ [ [ 353719.103105272864923, 2838003.047278622165322 ], [ 353925.524432596750557, 2837967.7470230339095 ], [ 354069.145572980458383, 2838003.766564815305173 ], [ 354157.292007877957076, 2838046.904176214244217 ], [ 354192.40029337228043, 2838039.403204559814185 ], [ 354217.069437903992366, 2838038.823039603419602 ], [ 354207.098402181291021, 2838080.407371769659221 ], [ 354208.096553424955346, 2838094.704767315182835 ], [ 354071.310188564413693, 2838309.875650751870126 ], [ 354017.888173562008888, 2838389.435511592309922 ], [ 354011.511893448419869, 2838398.931521027348936 ], [ 354003.293493292410858, 2838411.170946528669447 ], [ 353982.977325221640058, 2838441.427227660082281 ], [ 353965.838373655860778, 2838472.140536895021796 ], [ 353939.96046022704104, 2838508.861490708310157 ], [ 353895.593470803287346, 2838599.927175122313201 ], [ 353944.649020700482652, 2838622.626772311516106 ], [ 353983.660067748103756, 2838639.449342187959701 ], [ 354041.483313296979759, 2838667.432834914885461 ], [ 354079.527509539504535, 2838685.029913508798927 ], [ 354046.299221207795199, 2838787.212274254765362 ], [ 354056.581835397169925, 2838791.247224126476794 ], [ 354087.071738863713108, 2838801.497298398055136 ], [ 354102.170260964601766, 2838806.443365982733667 ], [ 354124.069625994598027, 2838814.545805644243956 ], [ 354131.987334390636533, 2838817.360258935950696 ], [ 354167.608036707795691, 2838827.757012482266873 ], [ 354181.287794991047122, 2838832.652225408237427 ], [ 354226.570368705142755, 2838842.790454745758325 ], [ 354280.521553280937951, 2838854.244505994487554 ], [ 354321.554390283592511, 2838863.258063369430602 ], [ 354346.545047554012854, 2838864.885059285908937 ], [ 354354.367570577771403, 2838905.254425665363669 ], [ 354356.892741580377333, 2838946.950733291450888 ], [ 354456.037238018470816, 2838933.533782870043069 ], [ 354514.403892505681142, 2838896.229697775561363 ], [ 354570.590176634665113, 2838863.4570237044245 ], [ 354579.224369857925922, 2838880.227283618878573 ], [ 354617.217356518318411, 2838940.187913096975535 ], [ 354726.334661533648614, 2839044.623617588076741 ], [ 354843.734800633043051, 2839150.139561178162694 ], [ 354884.068589941074606, 2839175.348179495893419 ], [ 354910.290132700174581, 2839189.31225031754002 ], [ 354951.006552821956575, 2839206.125498427543789 ], [ 354985.848464568029158, 2839217.67194592487067 ], [ 355038.92160920437891, 2839226.990131624042988 ], [ 355072.548105424386449, 2839227.192700878717005 ], [ 355142.029359662148636, 2839220.913053994067013 ], [ 355205.370303148345556, 2839201.038938824087381 ], [ 355268.783384886512067, 2839172.208180390298367 ], [ 355310.972527977020945, 2839151.578421685378999 ], [ 355446.873066239058971, 2839084.569790913723409 ], [ 355572.497882512572687, 2839029.143545074854046 ], [ 355623.788229948375374, 2839017.127310779411346 ], [ 355680.833751875383314, 2839012.209607562981546 ], [ 355681.655361614539288, 2839012.138779341708869 ], [ 355765.61869823752204, 2839025.75060799671337 ], [ 355742.208540733961854, 2838906.586644529830664 ], [ 355737.950999357970431, 2838899.063840783666819 ], [ 355628.789015537011437, 2838814.865958080161363 ], [ 355589.881025485985447, 2838777.501935889944434 ], [ 355541.128766262554564, 2838750.331842344719917 ], [ 355470.659480378730223, 2838721.533400198910385 ], [ 355446.74316545680631, 2838717.380567656829953 ], [ 355354.190929677803069, 2838710.98047076491639 ], [ 355330.184010634431615, 2838700.140196826774627 ], [ 355308.854996700771153, 2838690.208321124780923 ], [ 355249.679520480625797, 2838642.603578529786319 ], [ 355241.683405763178598, 2838630.963857841677964 ], [ 355221.649286597268656, 2838616.017768939957023 ], [ 355195.306324133125599, 2838620.06233222130686 ], [ 355180.732665446528699, 2838619.196570318657905 ], [ 355150.719586170918774, 2838609.637115981429815 ], [ 355168.936659529281314, 2838569.48740777047351 ], [ 355171.822532536403742, 2838562.705606204457581 ], [ 355191.302175335236825, 2838541.277999125886708 ], [ 355199.247344458417501, 2838518.786226375494152 ], [ 355208.518211494199932, 2838503.761650032363832 ], [ 355220.287162352062296, 2838492.705149074550718 ], [ 355224.588916803419124, 2838487.871311786118895 ], [ 355234.869839391729329, 2838473.514093574602157 ], [ 355249.587791728612501, 2838437.296387333422899 ], [ 355334.778459506400395, 2838313.717220811638981 ], [ 355262.518211979710031, 2838270.107242614496499 ], [ 355279.128128489770461, 2838259.736399726010859 ], [ 355279.764132272801362, 2838252.581357166636735 ], [ 355273.563095388119109, 2838241.928293800447136 ], [ 355266.885055666149128, 2838238.907275830861181 ], [ 355285.12092105159536, 2838226.094342908356339 ], [ 355305.11587693990441, 2838215.680996497161686 ], [ 355333.727627462241799, 2838204.435913152061403 ], [ 355348.965048089448828, 2838190.06349893566221 ], [ 355356.350872061448172, 2838175.025695172604173 ], [ 355361.324635425175074, 2838155.408337954897434 ], [ 355369.702572272508405, 2838138.70450112875551 ], [ 355384.637155348376837, 2838120.855853063054383 ], [ 355386.042150969034992, 2838098.375923143234104 ], [ 355378.499002066324465, 2838073.813555273227394 ], [ 355379.173283491516486, 2838062.262332011479884 ], [ 355386.198261593526695, 2838046.49515893869102 ], [ 355388.696031585102901, 2838037.648890217766166 ], [ 355331.415626399102621, 2838013.684625492896885 ], [ 355330.974423180450685, 2837991.801318710669875 ], [ 355311.560089665348642, 2837952.454044842626899 ], [ 355276.141109961201437, 2837941.061580140143633 ], [ 355282.325096450396813, 2837925.884954429697245 ], [ 355281.444375884253532, 2837879.330601814668626 ], [ 355287.590704505972099, 2837872.121084763668478 ], [ 355288.371101398253813, 2837852.333207748364657 ], [ 355278.164063645759597, 2837829.643190227914602 ], [ 355256.192242063116282, 2837830.145656954031438 ], [ 355237.430130463268142, 2837835.233687218278646 ], [ 355227.220763273420744, 2837843.626732356846333 ], [ 354860.588222861581016, 2837951.575100985355675 ], [ 354719.225520998297725, 2837965.354136907495558 ], [ 354548.773743300524075, 2837910.237993220798671 ], [ 354520.067418463819195, 2837870.942224110942334 ], [ 354541.246307009947486, 2837817.357084415387362 ], [ 354555.025342931738123, 2837730.089856912847608 ], [ 354546.349653647688683, 2837664.767019950319082 ], [ 354499.654031913320068, 2837598.678680995944887 ], [ 354391.973417858709581, 2837587.706485725473613 ], [ 354378.763125881319866, 2837653.063207365106791 ], [ 354372.628544511680957, 2837651.179359543137252 ], [ 354308.071209545305464, 2837638.931327612604946 ], [ 354267.627187441918068, 2837634.593482971657068 ], [ 354235.858854622463696, 2837634.593482971657068 ], [ 354199.880260826961603, 2837637.655490954406559 ], [ 354166.325756684353109, 2837642.376086594071239 ], [ 354139.022852172958665, 2837644.162257917225361 ], [ 354114.144037314399611, 2837638.931327613536268 ], [ 354093.475483431888279, 2837626.55571201723069 ], [ 354025.85614048311254, 2837570.54648266825825 ], [ 353980.563939073879737, 2837539.033317180816084 ], [ 353956.323042545001954, 2837535.078223536256701 ], [ 353938.206161981273908, 2837535.716141866985708 ], [ 353920.216865083493758, 2837541.584990500006825 ], [ 353904.045480275759473, 2837552.093194396235049 ], [ 353604.257845091924537, 2837764.647542292717844 ], [ 353561.255520372942556, 2837783.077110029291362 ], [ 353523.048913007893134, 2837791.393808415159583 ], [ 353494.597755502909422, 2837793.052396072074771 ], [ 353429.402502206794452, 2837794.710983729921281 ], [ 353414.224078434112016, 2837790.788591285701841 ], [ 353403.885769018495921, 2837780.294029478449374 ], [ 353394.189410406979732, 2837761.156479587312788 ], [ 353381.686211144609842, 2837722.626212472561747 ], [ 353369.69334654614795, 2837675.930590738076717 ], [ 353364.972750906308647, 2837641.610584600362927 ], [ 353372.372603530879132, 2837618.390357398893684 ], [ 353386.406806784449145, 2837594.532211867161095 ], [ 353408.733948324224912, 2837566.655180858913809 ], [ 353476.799834104022011, 2837515.36654715007171 ], [ 353494.661547335854266, 2837491.635985284578055 ], [ 353505.76132627291372, 2837463.439995112363249 ], [ 353538.422744754003361, 2837313.050748882815242 ], [ 353602.210104837315157, 2836955.461540972813964 ], [ 353535.889987535774708, 2836946.821527971886098 ], [ 353485.669335365993902, 2836943.88107882020995 ], [ 353456.700378639507107, 2836939.603031376376748 ], [ 353434.438376710226294, 2836936.315446623601019 ], [ 353362.658782880578656, 2836901.986075662542135 ], [ 353345.415137190488167, 2836898.500089594163001 ], [ 353336.203783625038341, 2836893.880529740825295 ], [ 353326.118808485625777, 2836887.393203326966614 ], [ 353316.351697892067023, 2836876.759189425967634 ], [ 353305.197542007023003, 2836862.888736511114985 ], [ 353297.6265864581801, 2836857.918490883428603 ], [ 353292.367373061773833, 2836856.06909716129303 ], [ 353286.414637019508518, 2836855.144400300458074 ], [ 353274.971513365511782, 2836855.144400300458074 ], [ 353258.19693437271053, 2836854.884329309687018 ], [ 353248.213097952364478, 2836853.453938852064312 ], [ 353241.50308420631336, 2836851.428332577459514 ], [ 353228.649979988287669, 2836844.467041235882789 ], [ 353217.495824103301857, 2836836.780498579144478 ], [ 353197.499254485708661, 2836813.807560940738767 ], [ 353192.182247535383794, 2836810.339947712607682 ], [ 353183.282040248916019, 2836806.756747376173735 ], [ 353172.619129571365193, 2836803.318030924536288 ], [ 353168.862548573815729, 2836802.85568249411881 ], [ 353164.874793361057527, 2836800.659527448471636 ], [ 353131.477144464850426, 2836772.010655099060386 ], [ 353053.448821619094815, 2836722.753816914279014 ], [ 353014.611553460010327, 2836701.716963328421116 ], [ 352956.557928659720346, 2836653.835003999527544 ], [ 352941.023130565183237, 2836646.178711093496531 ], [ 352918.558667030767538, 2836643.403267537243664 ], [ 352901.278394442168064, 2836645.397145143710077 ], [ 352894.473203481291421, 2836647.1454001464881 ], [ 352885.399615533533506, 2836647.940061511471868 ], [ 352879.360189160564914, 2836646.235151673201472 ], [ 352740.089817317202687, 2836564.410617715679109 ], [ 352687.222743061138317, 2836542.687947707716376 ], [ 352664.65713676327141, 2836513.078803698997945 ], [ 352656.871286217647139, 2836508.083262475207448 ], [ 352648.937290127505548, 2836506.721512780059129 ], [ 352523.005136379622854, 2836528.336301904171705 ], [ 352476.712499779358041, 2836541.744406387209892 ], [ 352466.772008524392731, 2836542.669103248044848 ], [ 352456.137994623568375, 2836541.224264403339475 ], [ 352445.509339853422716, 2836538.990148842334747 ], [ 352434.783276491391007, 2836534.606902492232621 ], [ 352421.317378454143181, 2836527.209327604621649 ], [ 352376.065025822317693, 2836490.163659614045173 ], [ 352334.569254188099876, 2836467.161825198214501 ], [ 352312.666568749235012, 2836449.799281954299659 ], [ 352305.441303068771958, 2836449.072442856151611 ], [ 352277.20915203349432, 2836448.638991202227771 ], [ 352214.214178382535465, 2836417.748336691409349 ], [ 352211.411191022838466, 2836414.020652470644563 ], [ 352205.256177542265505, 2836405.004858076572418 ], [ 352195.48906694870675, 2836392.116895576938987 ], [ 352191.501311735948548, 2836388.47590168658644 ], [ 352182.369930234272033, 2836384.372559366282076 ], [ 352163.904889792553149, 2836381.887436552904546 ], [ 352146.80741570313694, 2836376.670861694496125 ], [ 352113.386612477479503, 2836361.991086198948324 ], [ 352096.113051175023429, 2836355.027882423717529 ], [ 352060.628265342791565, 2836350.214407498482615 ], [ 352032.39565810165368, 2836350.433294895570725 ], [ 352010.520797985198442, 2836358.264321436639875 ], [ 351989.885992170893587, 2836364.440961189102381 ], [ 351960.625298086088151, 2836362.347837927751243 ], [ 351933.737865436298307, 2836354.583981807343662 ], [ 351890.972460457880516, 2836365.005297543946654 ], [ 351769.521678605233319, 2836374.157548733055592 ], [ 351740.104759716894478, 2836381.092775189317763 ], [ 351702.770123956841417, 2836380.052491220179945 ], [ 351680.230637971661054, 2836396.350273394025862 ], [ 351657.746023945976049, 2836414.373940136749297 ], [ 351648.444183377374429, 2836432.644625185523182 ], [ 351635.684544364572503, 2836446.067374947480857 ], [ 351602.955770862754434, 2836460.678080566693097 ], [ 351541.410521724610589, 2836497.488992558326572 ], [ 351525.679159214138053, 2836524.259371858555824 ], [ 351503.580927387054544, 2836552.172927850857377 ], [ 351491.950279056967702, 2836578.341886593494564 ], [ 351468.107449980336241, 2836609.74463708512485 ], [ 351429.726310491329059, 2836641.728919993154705 ], [ 351375.062263340048958, 2836684.180786398239434 ], [ 351335.227292809577193, 2836710.931277557276189 ], [ 351274.747921493311878, 2836735.646405259147286 ], [ 351228.225328173080925, 2836720.526562429964542 ], [ 351159.604503025708254, 2836730.994145927019417 ], [ 351108.429650373465847, 2836733.320275593083352 ], [ 351030.213540353870485, 2836771.701415081974119 ], [ 350983.40018082538154, 2836750.184715671464801 ], [ 350946.763638585689478, 2836749.021650838200003 ], [ 350918.268550176930148, 2836732.157210760284215 ], [ 350842.378569823456928, 2836744.078625297639519 ], [ 350816.282302632927895, 2836762.905737284105271 ], [ 350787.060298703610897, 2836771.483340427745134 ], [ 350715.967960786132608, 2836799.833045732229948 ], [ 350616.08976825181162, 2836865.255442589055747 ], [ 350593.773461768403649, 2836870.416542784776539 ], [ 350546.305878271406982, 2836864.819293276406825 ], [ 350499.783284951176029, 2836870.780000545550138 ], [ 350453.406074735103175, 2836865.691591901239008 ], [ 350423.893304597528186, 2836870.489234337583184 ], [ 350382.749886130099185, 2836874.8507274617441 ], [ 350344.07798043260118, 2836873.542279524262995 ], [ 350301.044581611349713, 2836861.0393325695768 ], [ 350261.645760393410455, 2836870.343851233366877 ], [ 350232.859905776567757, 2836882.410648875869811 ], [ 350172.380534460244235, 2836913.231866950634867 ], [ 350145.920809509349056, 2836946.960747107863426 ], [ 350134.871693595778197, 2836973.711238267365843 ], [ 350096.199787898396607, 2837016.017721567768604 ], [ 349989.9247387823998, 2837067.483340427279472 ], [ 349930.899198507424444, 2837057.015756931621581 ], [ 349899.932597328734118, 2837062.10416557546705 ], [ 349847.885446051775943, 2837061.813399366103113 ], [ 349805.43357964704046, 2837056.579607618041337 ], [ 349787.115308527252637, 2837061.377250054385513 ], [ 349766.325524637242779, 2837077.224008405115455 ], [ 349749.897233871044591, 2837082.893949464894831 ], [ 349710.062263340572827, 2837081.294735319912434 ], [ 349667.174247623537667, 2837085.365462236106396 ], [ 349640.423756464384496, 2837101.939136106520891 ], [ 349593.901163144095335, 2837104.265265772584826 ], [ 349504.926703419245314, 2837084.49316361034289 ], [ 349441.830436228658073, 2837080.713202903047204 ], [ 349392.981713242363185, 2837088.27312431903556 ], [ 349356.49055410688743, 2837110.952888562344015 ], [ 349327.559316385886632, 2837119.821257915813476 ], [ 349307.205681808234658, 2837132.033438659738749 ], [ 349278.855976503749844, 2837155.294735320843756 ], [ 349255.449296739301644, 2837167.361532962415367 ], [ 349195.551457839726936, 2837188.005933750420809 ], [ 349142.341241729620378, 2837216.791788367554545 ], [ 349114.573068841651548, 2837242.96074710926041 ], [ 349082.879552142170724, 2837256.481375793926418 ], [ 349008.734169038012624, 2837312.308487777132541 ], [ 348980.675229941844009, 2837326.701415086165071 ], [ 348952.03475842892658, 2837318.414578150492162 ], [ 348935.461084558744915, 2837319.504951431881636 ], [ 348901.732204401574563, 2837331.862515282351524 ], [ 348889.810789863287937, 2837334.188644948881119 ], [ 348872.553144870500546, 2837333.500040213111788 ], [ 348832.166389077377971, 2837346.76428345637396 ], [ 348786.079945069563109, 2837366.391002513468266 ], [ 348753.659512849641033, 2837369.298664595931768 ], [ 348726.618255482171662, 2837381.365462238434702 ], [ 348640.551457840076182, 2837419.601218624506146 ], [ 348587.922774146660231, 2837411.75053100194782 ], [ 348552.594679843925405, 2837421.055049665737897 ], [ 348505.635937211336568, 2837425.561925893649459 ], [ 348463.474837014975492, 2837437.337957327719778 ], [ 348422.767567859729752, 2837438.57371371332556 ], [ 348396.671300669142511, 2837444.24365477450192 ], [ 348339.826506956014782, 2837476.954853202216327 ], [ 348315.692911671008915, 2837478.263301139697433 ], [ 348280.800966680864803, 2837496.290806051343679 ], [ 348253.759709313453641, 2837499.489234342239797 ], [ 348180.486624834127724, 2837523.622829626780003 ], [ 348084.315701454994269, 2837566.874303103424609 ], [ 348019.838294775341637, 2837625.463694070000201 ], [ 347946.710593400057405, 2837673.512809982057661 ], [ 347881.433579647680745, 2837721.125776584260166 ], [ 347864.859905777382664, 2837725.778035916388035 ], [ 347850.903127781290095, 2837731.011827664915472 ], [ 347828.950279058306478, 2837755.799646918661892 ], [ 347808.378569824388251, 2837766.848762833047658 ], [ 347790.641831121174619, 2837791.781965190079063 ], [ 347749.571104205620941, 2837836.196503499522805 ], [ 347710.099591435457114, 2837833.288841418456286 ], [ 347692.508235836110543, 2837833.579607625491917 ], [ 347669.246939176111482, 2837843.247584051452577 ], [ 347641.333383183926344, 2837845.50102216610685 ], [ 347591.975819333223626, 2837839.613006449770182 ], [ 347572.349100276362151, 2837836.996110575739294 ], [ 347553.158530531974975, 2837837.141493680421263 ], [ 347532.514129746123217, 2837842.084519220981747 ], [ 347462.003324245160911, 2837851.389037883840501 ], [ 347400.651654304063413, 2837873.778035919182003 ], [ 347332.103520708449651, 2837918.192574227694422 ], [ 347263.700770217692479, 2837899.656228453852236 ], [ 347221.539670021273196, 2837899.94699466181919 ], [ 347167.457155286509078, 2837911.577642991673201 ], [ 347136.635937211860437, 2837925.534420988056809 ], [ 347108.140848803217523, 2837941.235796233639121 ], [ 347081.099591435748152, 2837927.569784447550774 ], [ 347049.115308528067544, 2837922.481375802773982 ], [ 346991.398216190282255, 2837907.943065390456468 ], [ 346937.024935247201938, 2837917.829116469714791 ], [ 346896.026899883756414, 2837927.860550654586405 ], [ 346843.107449981966056, 2837967.113988769240677 ], [ 346798.76560322358273, 2838015.090413130819798 ], [ 346721.421791828703135, 2838019.233831599354744 ], [ 346626.777391042851377, 2838047.147387591190636 ], [ 346587.378569824679289, 2838062.412613523658365 ], [ 346553.358923459250946, 2838065.683733367361128 ], [ 346457.551457840483636, 2838067.791788378730416 ], [ 346414.518059019232169, 2838068.664087003096938 ], [ 346386.149469656520523, 2838078.970278644468635 ], [ 346351.42179182858672, 2838082.620865 ], [ 346335.211575719993562, 2838093.015756947919726 ], [ 346304.244974541128613, 2838108.571749089751393 ], [ 346279.529846839781385, 2838136.485305081587285 ], [ 346259.466978470445611, 2838158.874303116928786 ], [ 346253.651654305460397, 2838187.2240084214136 ], [ 346256.995465700456407, 2838222.842868932522833 ], [ 346252.488589472486638, 2838239.998075218871236 ], [ 346230.244974541361444, 2838257.589430818799883 ], [ 346205.820613048214, 2838269.074696044903249 ], [ 346146.795072773064021, 2838269.220079148188233 ], [ 346075.848117959511001, 2838259.043261859100312 ], [ 346026.99939497327432, 2838269.220079148188233 ], [ 345973.207646446709987, 2838282.886090935673565 ], [ 345902.842224049905781, 2838312.544244177173823 ], [ 345854.2115757195279, 2838325.11988268326968 ], [ 345819.828471594082657, 2838327.664087005890906 ], [ 345796.71255803812528, 2838337.259371877182275 ], [ 345772.651654305343982, 2838345.328134156763554 ], [ 345736.742027586267795, 2838347.945030030794442 ], [ 345704.030829157854896, 2838358.557996631134301 ], [ 345653.582892026228365, 2838359.866444568615407 ], [ 345604.007253519375809, 2838367.280982878990471 ], [ 345564.826506957178935, 2838378.693556553218514 ], [ 345525.936526603647508, 2838382.982358125038445 ], [ 345504.710593401337974, 2838392.577642997261137 ], [ 345466.329453912156168, 2838417.583536907099187 ], [ 345433.763638587843161, 2838435.611041816882789 ], [ 345418.353029550227802, 2838450.149352230131626 ], [ 345387.822577683895361, 2838459.16310468595475 ], [ 345350.604503027687315, 2838483.296699970494956 ], [ 345310.478766288957559, 2838501.033438674174249 ], [ 345271.22532817494357, 2838513.245619421359152 ], [ 345246.800966681621503, 2838529.528527083341032 ], [ 345224.121202437963802, 2838540.86840920522809 ], [ 345203.767567860311829, 2838558.605147908441722 ], [ 345178.180141534248833, 2838571.108094863593578 ], [ 345157.826506956596859, 2838588.554067358374596 ], [ 345102.093957418459468, 2838402.500086045823991 ], [ 344977.233635189244524, 2838145.409543550573289 ], [ 344896.693092902656645, 2837970.308449470438063 ], [ 344798.602444624062628, 2837833.637601212132722 ], [ 344622.681324103381485, 2837853.327754279132932 ], [ 344380.599784884019755, 2837896.658067607786506 ], [ 343913.726806083635893, 2837914.278255056124181 ], [ 343556.324521126225591, 2837897.618208073545247 ], [ 343310.299444395524915, 2837886.700783671345562 ], [ 343252.082767640647944, 2837887.679552252404392 ], [ 343193.866090885770973, 2837888.658320832997561 ], [ 343251.186470419634134, 2838033.409359683282673 ], [ 343331.465495389536954, 2838179.99285617377609 ], [ 343394.227466518175788, 2838360.849945114925504 ], [ 343418.017588038579561, 2838462.602046699263155 ], [ 343444.142764076474123, 2838536.27750834543258 ], [ 343512.268941167625599, 2838617.795080847106874 ], [ 343573.007827771943994, 2838690.473261339589953 ], [ 343647.538317375350744, 2838753.443647112697363 ], [ 343740.01892449951265, 2838828.974109327420592 ], [ 343903.459978203754872, 2838842.564168190583587 ], [ 344144.201543924864382, 2838947.144789583981037 ], [ 344211.191987504134886, 2839025.495273873209953 ], [ 344145.89158789080102, 2839153.676095036789775 ], [ 343927.350200207321905, 2839268.156854907050729 ], [ 343752.369096079841256, 2839402.577733643352985 ], [ 343693.958725951379165, 2839437.612964794971049 ], [ 343732.741360207204707, 2839545.298172851093113 ], [ 343811.880230360897258, 2839503.958567399531603 ], [ 344079.6919112901669, 2839485.858410704880953 ], [ 344077.901218404993415, 2839577.668786693364382 ], [ 344153.441734485328197, 2839765.579962112940848 ], [ 344187.971983116352931, 2839930.961001843214035 ], [ 344178.681941315531731, 2840043.251713199540973 ], [ 344606.4946759151062, 2839931.690937472507358 ], [ 344942.946832969901152, 2839882.270569701679051 ], [ 345523.500543906236999, 2839723.209468919783831 ], [ 345755.042020915658213, 2839639.188899849541485 ], [ 345874.262774387723766, 2839551.248324390500784 ], [ 345965.67335380485747, 2839494.197948772460222 ], [ 346168.114673255360685, 2839596.628563256934285 ], [ 346334.365750953787938, 2839643.338831417262554 ], [ 346497.846806443529204, 2839662.028922918252647 ], [ 346622.427599493879825, 2839604.628539736382663 ], [ 346902.329386069439352, 2839504.807863109745085 ], [ 347158.951016953331418, 2839366.976950009353459 ], [ 347538.053436725982465, 2839227.866008982993662 ], [ 347685.764382306020707, 2839190.625749600119889 ], [ 347849.015432422282174, 2839181.265663988888264 ], [ 348070.4668482755078, 2839112.655194378457963 ], [ 348251.398008842021227, 2839080.164959725923836 ], [ 348551.809930770541541, 2838992.874359330162406 ], [ 348676.540728302206844, 2838953.324089153669775 ], [ 348746.586177174001932, 2838937.29397651925683 ], [ 348816.63162604579702, 2838921.263863884843886 ], [ 349145.493738878984004, 2838879.573547380045056 ], [ 349318.744850039249286, 2838844.613298495300114 ], [ 349478.725866283522919, 2838748.592665664851665 ], [ 349603.386662501026876, 2838701.392347219400108 ], [ 349799.857928270590492, 2838696.792286652140319 ], [ 350411.251849697437137, 2838565.451358389109373 ], [ 350571.552874408429489, 2838507.680967497639358 ], [ 350624.763210383360274, 2838461.23066527582705 ], [ 350904.544996900367551, 2838346.109892722219229 ], [ 351227.967070148675703, 2838263.679320001043379 ], [ 351284.377438984112814, 2838296.239516952075064 ], [ 351366.197969733853824, 2838315.779627522453666 ], [ 351483.57872668793425, 2838314.559601178392768 ], [ 351787.110681883408688, 2838296.07943619415164 ], [ 352095.762670690892264, 2838280.109286354854703 ], [ 352389.174562582047656, 2838271.939188337884843 ], [ 352590.595858876244165, 2838249.43901426717639 ], [ 352726.106738169095479, 2838281.16919356957078 ], [ 352948.358176740235649, 2838309.449337426573038 ], [ 353093.879116853233427, 2838315.579353311099112 ], [ 353226.269965703133494, 2838278.489097939804196 ], [ 353343.470718513359316, 2838254.318926672451198 ], [ 353492.931662955554202, 2838120.158054740168154 ], [ 353592.012294286279939, 2838065.577694011852145 ], [ 353719.103105272864923, 2838003.047278622165322 ] ] ] ] } },
{ "type": "Feature", "properties": { "gid": 4062, "_id": 6683.0, "entidad": 19.0, "distrito": 1.0, "distrito_l": 19.0, "municipio": 48.0, "seccion": 2051.0, "tipo": 2.0, "_control": 7298.0 }, "geometry": { "type": "MultiPolygon", "coordinates": [ [ [ [ 351681.300411086587701, 2840726.127942037303001 ], [ 351700.175981338019483, 2840778.299544964451343 ], [ 351766.646889370982535, 2840754.145459049381316 ], [ 351817.786925836117007, 2840735.573268187232316 ], [ 351855.157207880343776, 2840721.979805215261877 ], [ 351927.860444562800694, 2840695.615375970024616 ], [ 351940.172674823610578, 2840691.146928540896624 ], [ 352037.928293942299206, 2840655.644763464108109 ], [ 352018.317094595986418, 2840602.995488138403744 ], [ 352002.720847653807141, 2840561.125156512018293 ], [ 351986.950549953675363, 2840518.787561004515737 ], [ 351971.632248222013004, 2840477.663412634748966 ], [ 351956.221596035407856, 2840436.291336399968714 ], [ 351940.810943847638555, 2840394.919260163791478 ], [ 351924.919024150003679, 2840352.255153210833669 ], [ 351909.174819723120891, 2840309.987608801107854 ], [ 351894.424662407836877, 2840270.388724512886256 ], [ 351787.080985687905923, 2840310.157829220872372 ], [ 351696.230093207443133, 2840341.549044501502067 ], [ 351649.420863683859352, 2840358.355623087845743 ], [ 351558.756259117217269, 2840394.135557827074081 ], [ 351572.924002672312781, 2840434.217030359432101 ], [ 351587.4272735339473, 2840472.956030160654336 ], [ 351602.366456714109518, 2840513.674231208860874 ], [ 351617.752873909659684, 2840557.901168584823608 ], [ 351635.135704065323807, 2840600.211781055200845 ], [ 351649.208692987915128, 2840641.931705661583692 ], [ 351665.078233687847387, 2840683.052779676392674 ], [ 351681.300411086587701, 2840726.127942037303001 ] ] ] ] } },
{ "type": "Feature", "properties": { "gid": 4078, "_id": 6702.0, "entidad": 19.0, "distrito": 1.0, "distrito_l": 18.0, "municipio": 48.0, "seccion": 2064.0, "tipo": 2.0, "_control": 7317.0 }, "geometry": { "type": "MultiPolygon", "coordinates": [ [ [ [ 356164.755199096514843, 2839677.271805722266436 ], [ 356210.991344270994887, 2839672.13444928266108 ], [ 356266.290504533913918, 2839672.006309223361313 ], [ 356278.177134977770038, 2839671.978765341918916 ], [ 356306.507147624914069, 2839667.156631135381758 ], [ 356351.88872981723398, 2839657.905026818159968 ], [ 356359.765361200086772, 2839657.732811652123928 ], [ 356394.185140379471704, 2839656.59012206364423 ], [ 356407.089349061308894, 2839656.698116992134601 ], [ 356437.750913883093745, 2839656.027730601839721 ], [ 356466.167823084106203, 2839657.025983653496951 ], [ 356541.337252310127951, 2839657.398132927715778 ], [ 356535.837296325829811, 2839622.819914258085191 ], [ 356525.177905154763721, 2839587.087235489860177 ], [ 356518.109813351125922, 2839533.70058463094756 ], [ 356517.517705686972477, 2839509.996291908901185 ], [ 356515.855476603028364, 2839485.999154968187213 ], [ 356517.816051594214514, 2839457.243992289528251 ], [ 356525.658363682276104, 2839425.22119666589424 ], [ 356581.752117502852343, 2839299.703427991829813 ], [ 356414.954946236335672, 2839278.195016130805016 ], [ 356245.216427370673046, 2839245.857123252470046 ], [ 356201.486482919950504, 2839230.058453994337469 ], [ 356159.055978810938541, 2839213.810103138443083 ], [ 356136.156605546595529, 2839251.383226087316871 ], [ 356111.596606496954337, 2839284.510677852202207 ], [ 356091.716545304865576, 2839311.325653165578842 ], [ 356083.095120254729409, 2839322.954555998090655 ], [ 356061.743015177140478, 2839351.75507955159992 ], [ 356057.086712300311774, 2839358.035676251165569 ], [ 356050.947961444209795, 2839369.054103610571474 ], [ 356036.389257247501519, 2839383.896882579196244 ], [ 356022.192094879399519, 2839400.858822360634804 ], [ 356011.455591902544256, 2839410.454444568604231 ], [ 355959.382533817668445, 2839441.747174309566617 ], [ 355928.639871584658977, 2839471.348955769557506 ], [ 355912.830523745564278, 2839494.737011592835188 ], [ 355901.910664928960614, 2839519.673405607696623 ], [ 355893.435550623573363, 2839550.884643867611885 ], [ 355894.988465795642696, 2839563.792817327193916 ], [ 355907.654580302536488, 2839572.342442200519145 ], [ 355942.267868843511678, 2839596.69993476383388 ], [ 355967.862068556074519, 2839614.710662883706391 ], [ 355976.836227165418677, 2839621.025809777900577 ], [ 355993.150853584054857, 2839632.506469620857388 ], [ 356031.904586735065095, 2839643.112748750951141 ], [ 356053.314893948147073, 2839648.972408611793071 ], [ 356077.737589668482542, 2839655.276339685544372 ], [ 356112.917309248237871, 2839667.340574793051928 ], [ 356118.933178795152344, 2839669.403606149367988 ], [ 356138.152005949057639, 2839676.081041457131505 ], [ 356152.954923469922505, 2839677.017932837363333 ], [ 356164.755199096514843, 2839677.271805722266436 ] ] ] ] } },
{ "type": "Feature", "properties": { "gid": 4321, "_id": null, "entidad": 19.0, "distrito": 1.0, "distrito_l": 19.0, "municipio": 48.0, "seccion": 3115.0, "tipo": 2.0, "_control": null }, "geometry": { "type": "MultiPolygon", "coordinates": [ [ [ [ 354592.223413912346587, 2843589.603022276889533 ], [ 354727.147186452988535, 2843696.414932354353368 ], [ 354566.446095318766311, 2843709.966169997118413 ], [ 354569.559497812355403, 2843726.330876126419753 ], [ 354572.145749752176926, 2843740.605287954676896 ], [ 354573.097784085548483, 2843753.556706422008574 ], [ 354571.590993006830104, 2843763.853363399859518 ], [ 354570.138258322374895, 2843779.066055212169886 ], [ 354570.700110724079423, 2843793.362685040570796 ], [ 354570.047268536232878, 2843807.672646390739828 ], [ 354571.41891740023857, 2843821.960389106534421 ], [ 354571.931620748830028, 2843831.787907274439931 ], [ 354571.590586374513805, 2843837.602119863033295 ], [ 354565.005581744597293, 2843846.390152826439589 ], [ 354560.089226123469416, 2843859.62952650571242 ], [ 354559.755456957675051, 2843866.114180037286133 ], [ 354559.251174366625492, 2843875.505885010119528 ], [ 354559.541868902160786, 2843883.548046161886305 ], [ 354557.454897513263859, 2843896.309390502981842 ], [ 354554.901615984155796, 2843903.488816230557859 ], [ 354552.76794865867123, 2843912.004454859066755 ], [ 354549.23437443212606, 2843922.099933586083353 ], [ 354552.55437473510392, 2843929.438322551548481 ], [ 354556.774914046167396, 2843945.035723434295505 ], [ 354566.702994937601034, 2843964.146178071387112 ], [ 354574.2851774864248, 2843990.880651560146362 ], [ 354587.707357718143612, 2844014.757516235113144 ], [ 354595.615896409493871, 2844034.33712900057435 ], [ 354603.602265457971953, 2844051.79278173064813 ], [ 354619.381968567613512, 2844059.888414953369647 ], [ 354633.342979211476631, 2844059.064715797547251 ], [ 354643.88075953029329, 2844059.954829905182123 ], [ 354649.305438456591219, 2844065.370583883486688 ], [ 354652.405798950232565, 2844071.147152736317366 ], [ 354652.163438082905486, 2844076.736737387254834 ], [ 354649.871375718386844, 2844089.276884064543992 ], [ 354646.169711267459206, 2844102.502904746215791 ], [ 354647.879969383473508, 2844110.752926067449152 ], [ 354649.953340861247852, 2844115.199832017533481 ], [ 354652.058577811636496, 2844122.551568176597357 ], [ 354656.620106163376477, 2844132.334672949742526 ], [ 354669.031065457325894, 2844156.334472219925374 ], [ 354676.868332327227108, 2844169.433917557820678 ], [ 354682.454250045004301, 2844180.323289626743644 ], [ 354690.142913943971507, 2844198.340888467617333 ], [ 354698.409428742248565, 2844213.670406999066472 ], [ 354705.054035360575654, 2844228.794284112751484 ], [ 354708.224819978582673, 2844242.260740742087364 ], [ 354767.048811166721862, 2844287.317779988981783 ], [ 354804.718570432509296, 2844384.631358870305121 ], [ 354813.089588529488537, 2844433.811226598918438 ], [ 354834.017201476788614, 2844488.223191366065294 ], [ 354836.110011829994619, 2844554.145243654958904 ], [ 354864.362309146090411, 2844622.16010127030313 ], [ 354881.104387433850206, 2844729.93741927947849 ], [ 354881.10445777582936, 2844755.050610913429409 ], [ 354899.939315007883124, 2844793.766756981145591 ], [ 354890.521819816087373, 2844831.436417608056217 ], [ 354894.707398485508747, 2844860.735243211034685 ], [ 354883.197202820854727, 2844895.265776271466166 ], [ 354912.495884136413224, 2844943.922529642470181 ], [ 354905.171209771535359, 2844974.267609152477235 ], [ 354914.588686424831394, 2845009.844617593567818 ], [ 354961.675833695335314, 2845099.833426222205162 ], [ 355025.505182408902328, 2845173.080148481298238 ], [ 355068.406782436184585, 2845255.744367899373174 ], [ 355119.679482396459207, 2845297.599651673343033 ], [ 355191.683118654298596, 2845366.052724406588823 ], [ 355249.503038459806703, 2845497.724027299787849 ], [ 356118.980781945050694, 2845111.267223211936653 ], [ 356081.035753262462094, 2845073.279331134166569 ], [ 356058.073019703966565, 2845046.711211238056421 ], [ 356048.66127645841334, 2845000.32964354287833 ], [ 356048.466984111233614, 2844982.453348247800022 ], [ 356044.829899813223165, 2844945.842228471301496 ], [ 356042.919011585763656, 2844919.045333145186305 ], [ 356030.180909888469614, 2844864.654731777030975 ], [ 356034.757439218461514, 2844838.681273013819009 ], [ 356022.106588340306189, 2844792.334929203148931 ], [ 356003.972435301577207, 2844763.032770850230008 ], [ 355983.136894150462467, 2844708.73012536810711 ], [ 355930.314028644002974, 2844617.230765791609883 ], [ 355849.522239306010306, 2844485.809562544338405 ], [ 355839.51372557063587, 2844459.100801712367684 ], [ 355830.988505255896598, 2844419.861072408501059 ], [ 355791.420926847844385, 2844355.929443334694952 ], [ 355734.233454557950608, 2844310.068299788981676 ], [ 355655.330094068543985, 2844203.657224065624177 ], [ 355609.516864390927367, 2844161.248221088666469 ], [ 355549.664824177219998, 2844093.962617028038949 ], [ 355535.743103365879506, 2844079.811663893051445 ], [ 355512.884857406141236, 2844063.076437972020358 ], [ 355494.787543364800513, 2844037.350053555797786 ], [ 355461.314671846106648, 2844012.685469535179436 ], [ 355443.24644588062074, 2843989.640566995367408 ], [ 355399.226952827419154, 2843963.303296532016248 ], [ 355376.182968314155005, 2843929.585717380512506 ], [ 355364.787819563527592, 2843924.346622588578612 ], [ 355355.841336020617746, 2843920.868594815023243 ], [ 355339.090049427293707, 2843907.195691962726414 ], [ 355331.270400427049026, 2843895.660052840597928 ], [ 355327.777615406666882, 2843872.456273762974888 ], [ 355316.109128706448246, 2843842.190277393907309 ], [ 355307.464992425753735, 2843829.322838760912418 ], [ 355296.386779111926444, 2843816.035010850988328 ], [ 355286.53777670924319, 2843804.074580573942512 ], [ 355253.898032207391225, 2843781.636135841254145 ], [ 355234.307295720325783, 2843767.547393020708114 ], [ 355217.184873227728531, 2843757.007396624423563 ], [ 355195.184298987849616, 2843744.732826803810894 ], [ 355177.222810501349159, 2843731.520308535546064 ], [ 355161.670945674413815, 2843716.493575111962855 ], [ 355143.66053157224087, 2843698.811993632465601 ], [ 355131.338029174832627, 2843682.85615200875327 ], [ 355118.904871586593799, 2843658.67275784118101 ], [ 355203.055620808736421, 2843624.31086259521544 ], [ 355196.271051385090686, 2843617.62853006599471 ], [ 355098.973551932547707, 2843549.409037607256323 ], [ 355095.477689315390307, 2843547.599654273595661 ], [ 355060.364890513359569, 2843486.609244106803089 ], [ 355053.174028224137146, 2843456.730478245764971 ], [ 355023.887259707087651, 2843341.183242115192115 ], [ 354997.690613112645224, 2843283.640220464672893 ], [ 354979.427083481044974, 2843269.139382226392627 ], [ 354984.880555283976719, 2843264.926997956354171 ], [ 354990.506925903726369, 2843247.300813072361052 ], [ 355007.751533240778372, 2843235.347016374114901 ], [ 355008.520793897216208, 2843220.473551471717656 ], [ 355010.828749442007393, 2843198.932687448803335 ], [ 355012.110923978500068, 2843186.623580832965672 ], [ 355001.340570716653019, 2843148.670650570653379 ], [ 354980.568985073536169, 2843124.565398612990975 ], [ 354957.489480881835334, 2843099.177958936896175 ], [ 354936.974377708393149, 2843074.559844457078725 ], [ 354917.997955039318185, 2843051.993187093641609 ], [ 354910.048330814344808, 2843026.605832169763744 ], [ 354907.483943084196653, 2843000.705468160565943 ], [ 354932.102090118569322, 2842963.521861833054572 ], [ 354933.384263198764529, 2842955.828721066936851 ], [ 354927.855296030582394, 2842944.377657147590071 ], [ 354817.71398376848083, 2842993.008438600227237 ], [ 354777.438524037017487, 2843012.352865044027567 ], [ 354738.61627424089238, 2843031.223220902960747 ], [ 354683.969030879088677, 2843060.762188181746751 ], [ 354671.54208158806432, 2843067.466814296785742 ], [ 354654.861452337238006, 2843075.868305348791182 ], [ 354632.498223258764483, 2843087.600102367810905 ], [ 354603.549095270980615, 2843102.080829595215619 ], [ 354478.648849138291553, 2843167.375721789896488 ], [ 354517.147212135605514, 2843198.220702879596502 ], [ 354549.270402880734764, 2843253.078370817471296 ], [ 354567.508280955953524, 2843299.061984708998352 ], [ 354567.356330666865688, 2843346.091505457647145 ], [ 354565.485445921309292, 2843386.229543105233461 ], [ 354578.025177713949233, 2843449.946259119082242 ], [ 354606.982557844021358, 2843527.030273274984211 ], [ 354620.418435005354695, 2843571.36302277399227 ], [ 354592.223413912346587, 2843589.603022276889533 ] ] ] ] } },
{ "type": "Feature", "properties": { "gid": 4322, "_id": null, "entidad": 19.0, "distrito": 1.0, "distrito_l": 19.0, "municipio": 48.0, "seccion": 3116.0, "tipo": 2.0, "_control": null }, "geometry": { "type": "MultiPolygon", "coordinates": [ [ [ [ 354990.506925903726369, 2843247.300813072361052 ], [ 354984.880555283976719, 2843264.926997956354171 ], [ 354979.427083481044974, 2843269.139382226392627 ], [ 354997.690613112645224, 2843283.640220464672893 ], [ 355023.887259707087651, 2843341.183242115192115 ], [ 355053.174028224137146, 2843456.730478245764971 ], [ 355060.364890513359569, 2843486.609244106803089 ], [ 355095.477689315390307, 2843547.599654273595661 ], [ 355098.973551932547707, 2843549.409037607256323 ], [ 355196.271051385090686, 2843617.62853006599471 ], [ 355203.055620808736421, 2843624.31086259521544 ], [ 355118.904871586593799, 2843658.67275784118101 ], [ 355131.338029174832627, 2843682.85615200875327 ], [ 355143.66053157224087, 2843698.811993632465601 ], [ 355161.670945674413815, 2843716.493575111962855 ], [ 355177.222810501349159, 2843731.520308535546064 ], [ 355195.184298987849616, 2843744.732826803810894 ], [ 355217.184873227728531, 2843757.007396624423563 ], [ 355234.307295720325783, 2843767.547393020708114 ], [ 355253.898032207391225, 2843781.636135841254145 ], [ 355286.53777670924319, 2843804.074580573942512 ], [ 355296.386779111926444, 2843816.035010850988328 ], [ 355307.464992425753735, 2843829.322838760912418 ], [ 355316.109128706448246, 2843842.190277393907309 ], [ 355327.777615406666882, 2843872.456273762974888 ], [ 355331.270400427049026, 2843895.660052840597928 ], [ 355339.090049427293707, 2843907.195691962726414 ], [ 355355.841336020617746, 2843920.868594815023243 ], [ 355364.787819563527592, 2843924.346622588578612 ], [ 355376.182968314155005, 2843929.585717380512506 ], [ 355399.226952827419154, 2843963.303296532016248 ], [ 355443.24644588062074, 2843989.640566995367408 ], [ 355461.314671846106648, 2844012.685469535179436 ], [ 355494.787543364800513, 2844037.350053555797786 ], [ 355512.884857406141236, 2844063.076437972020358 ], [ 355535.743103365879506, 2844079.811663893051445 ], [ 355549.664824177219998, 2844093.962617028038949 ], [ 355609.516864390927367, 2844161.248221088666469 ], [ 355655.330094068543985, 2844203.657224065624177 ], [ 355734.233454557950608, 2844310.068299788981676 ], [ 355791.420926847844385, 2844355.929443334694952 ], [ 355830.988505255896598, 2844419.861072408501059 ], [ 355839.51372557063587, 2844459.100801712367684 ], [ 355849.522239306010306, 2844485.809562544338405 ], [ 355930.314028644002974, 2844617.230765791609883 ], [ 355983.136894150462467, 2844708.73012536810711 ], [ 356003.972435301577207, 2844763.032770850230008 ], [ 356022.106588340306189, 2844792.334929203148931 ], [ 356034.757439218461514, 2844838.681273013819009 ], [ 356030.180909888469614, 2844864.654731777030975 ], [ 356042.919011585763656, 2844919.045333145186305 ], [ 356044.829899813223165, 2844945.842228471301496 ], [ 356048.466984111233614, 2844982.453348247800022 ], [ 356048.66127645841334, 2845000.32964354287833 ], [ 356058.073019703966565, 2845046.711211238056421 ], [ 356081.035753262462094, 2845073.279331134166569 ], [ 356118.980767597618978, 2845111.267298137303442 ], [ 356237.864391281967983, 2845058.427733516786247 ], [ 356234.824363035499118, 2845048.143662495538592 ], [ 356236.138177859713323, 2845019.970945525448769 ], [ 356237.49556065374054, 2844995.820409244392067 ], [ 356243.662665825570002, 2844967.148043490480632 ], [ 356244.0358304529218, 2844926.917586332187057 ], [ 356244.21498774306383, 2844868.810958684887737 ], [ 356244.588177396391984, 2844828.580506613478065 ], [ 356238.885920703876764, 2844750.871437532361597 ], [ 356228.616435410920531, 2844700.029469062108546 ], [ 356222.608919679012615, 2844668.807526629418135 ], [ 356199.228612150007393, 2844603.805291217751801 ], [ 356198.234512127935886, 2844586.831532853655517 ], [ 356174.199587326787878, 2844536.139148559421301 ], [ 356149.267285016248934, 2844477.411132206674665 ], [ 356117.789090047997888, 2844412.49695015931502 ], [ 356101.206145908334292, 2844376.92028881656006 ], [ 356083.100697723391932, 2844350.29943409236148 ], [ 356080.38993454980664, 2844324.405189758166671 ], [ 356079.385976614430547, 2844306.537707121577114 ], [ 356083.250202283146791, 2844289.511287838686258 ], [ 356077.705361293395981, 2844263.647832016926259 ], [ 356065.340813780087046, 2844243.669012164697051 ], [ 356038.553197842906229, 2844200.604954780545086 ], [ 356024.144686972722411, 2844178.860483437776566 ], [ 356013.350958013266791, 2844154.395009804051369 ], [ 356000.913260893896222, 2844127.7126535307616 ], [ 355974.670990106184036, 2844097.604571672622114 ], [ 355914.117775517865084, 2844040.158241544384509 ], [ 355901.78680978534976, 2844023.307893892750144 ], [ 355871.573087886325084, 2844000.394546069670469 ], [ 355842.246840330248233, 2843984.623076820746064 ], [ 355816.803988619532902, 2843953.612741184420884 ], [ 355786.590058433590457, 2843930.699573575519025 ], [ 355757.195440480834804, 2843908.67160910833627 ], [ 355678.02547639439581, 2843852.322773302905262 ], [ 355647.801333077833988, 2843828.516171297989786 ], [ 355619.938086880836636, 2843798.42638071719557 ], [ 355593.694308226404246, 2843768.319104735273868 ], [ 355569.060265060979873, 2843737.300381200388074 ], [ 355510.045182689733338, 2843672.687482688110322 ], [ 355495.274316775263287, 2843654.970126339700073 ], [ 355474.659420811396558, 2843621.225995633285493 ], [ 355413.5433780894964, 2843549.708565251901746 ], [ 355406.982207743567415, 2843542.181807246059179 ], [ 355401.860091654525604, 2843536.650679983664304 ], [ 355396.541601533186622, 2843532.695579032413661 ], [ 355392.634844463900663, 2843524.580342730972916 ], [ 355357.191879488062114, 2843409.7552773617208 ], [ 355300.335896939679515, 2843270.871680270414799 ], [ 355297.824209462269209, 2843267.257063101511449 ], [ 355346.954750890785363, 2843186.250082002021372 ], [ 355348.493285514705349, 2843164.710063776932657 ], [ 355322.337540617969353, 2843148.708835487719625 ], [ 355383.572869196534157, 2843049.624484558124095 ], [ 355382.803577274724375, 2843043.47017252119258 ], [ 355360.340309541672468, 2843010.698445432819426 ], [ 355334.084763649385422, 2842973.668988684657961 ], [ 355326.030076833092608, 2842951.770970505196601 ], [ 355321.079976606415585, 2842917.85672668274492 ], [ 355311.499224234488793, 2842897.598658309318125 ], [ 355295.883150775916874, 2842871.5271315719001 ], [ 355291.277287990204059, 2842854.187508239876479 ], [ 355284.48854381556157, 2842816.068414914421737 ], [ 355280.288629374816082, 2842770.467614316847175 ], [ 355281.995743408624548, 2842754.43256722483784 ], [ 355284.548478241602425, 2842703.986673093866557 ], [ 355245.074077615747228, 2842724.555195480119437 ], [ 355201.351102362503298, 2842746.659609251189977 ], [ 355157.870994715369307, 2842769.006887758150697 ], [ 355161.273784579942003, 2842753.29646848840639 ], [ 355164.528132634644862, 2842579.66469017136842 ], [ 355162.187957388581708, 2842570.872288460377604 ], [ 355123.608700917917304, 2842592.029669373761863 ], [ 355121.140911948459689, 2842586.348878943827003 ], [ 355098.133302522881422, 2842598.299872630741447 ], [ 355070.834635178733151, 2842612.657201264053583 ], [ 355035.624879872659221, 2842686.99724874086678 ], [ 355028.386241129250266, 2842785.219758289400488 ], [ 355010.822497372573707, 2842814.604562662541866 ], [ 355007.047450254438445, 2842889.711038221139461 ], [ 355034.793929527397268, 2842881.294345079455525 ], [ 355040.200895298505202, 2842898.207629589363933 ], [ 355012.866781940916553, 2842909.389274813700467 ], [ 354952.389444761676714, 2842933.916147730313241 ], [ 354927.855296030582394, 2842944.377657147590071 ], [ 354933.384263198764529, 2842955.828721066936851 ], [ 354932.102090118569322, 2842963.521861833054572 ], [ 354907.483943084196653, 2843000.705468160565943 ], [ 354910.048330814344808, 2843026.605832169763744 ], [ 354917.997955039318185, 2843051.993187093641609 ], [ 354936.974377708393149, 2843074.559844457078725 ], [ 354957.489480881835334, 2843099.177958936896175 ], [ 354980.568985073536169, 2843124.565398612990975 ], [ 355001.340570716653019, 2843148.670650570653379 ], [ 355012.110923978500068, 2843186.623580832965672 ], [ 355010.828749442007393, 2843198.932687448803335 ], [ 355008.520793897216208, 2843220.473551471717656 ], [ 355007.751533240778372, 2843235.347016374114901 ], [ 354990.506925903726369, 2843247.300813072361052 ] ] ] ] } },
{ "type": "Feature", "properties": { "gid": 4323, "_id": null, "entidad": 19.0, "distrito": 1.0, "distrito_l": 19.0, "municipio": 48.0, "seccion": 3117.0, "tipo": 2.0, "_control": null }, "geometry": { "type": "MultiPolygon", "coordinates": [ [ [ [ 355422.637956061633304, 2842678.8889350136742 ], [ 355383.044411386887077, 2842700.750399472657591 ], [ 355358.707811893080361, 2842713.130177631508559 ], [ 355281.995743408624548, 2842754.43256722483784 ], [ 355280.288629374816082, 2842770.467614316847175 ], [ 355284.48854381556157, 2842816.068414914421737 ], [ 355291.277287990204059, 2842854.187508239876479 ], [ 355295.883150775916874, 2842871.5271315719001 ], [ 355311.499224234488793, 2842897.598658309318125 ], [ 355321.079976606415585, 2842917.85672668274492 ], [ 355326.030076833092608, 2842951.770970505196601 ], [ 355334.084763649385422, 2842973.668988684657961 ], [ 355360.340309541672468, 2843010.698445432819426 ], [ 355382.803577274724375, 2843043.47017252119258 ], [ 355383.572869196534157, 2843049.624484558124095 ], [ 355322.337540617969353, 2843148.708835487719625 ], [ 355348.493285514705349, 2843164.710063776932657 ], [ 355346.954750890785363, 2843186.250082002021372 ], [ 355297.824209462269209, 2843267.257063101511449 ], [ 355300.335896939679515, 2843270.871680270414799 ], [ 355357.191879488062114, 2843409.7552773617208 ], [ 355392.634844463900663, 2843524.580342730972916 ], [ 355396.541601533186622, 2843532.695579032413661 ], [ 355401.860091654525604, 2843536.650679983664304 ], [ 355406.982207743567415, 2843542.181807246059179 ], [ 355413.5433780894964, 2843549.708565251901746 ], [ 355474.659420811396558, 2843621.225995633285493 ], [ 355495.274316775263287, 2843654.970126339700073 ], [ 355510.045182689733338, 2843672.687482688110322 ], [ 355569.060265060979873, 2843737.300381200388074 ], [ 355593.694308226404246, 2843768.319104735273868 ], [ 355619.938086880836636, 2843798.42638071719557 ], [ 355647.801333077833988, 2843828.516171297989786 ], [ 355678.02547639439581, 2843852.322773302905262 ], [ 355757.195440480834804, 2843908.67160910833627 ], [ 355786.590058433590457, 2843930.699573575519025 ], [ 355816.803988619532902, 2843953.612741184420884 ], [ 355842.246840330248233, 2843984.623076820746064 ], [ 355871.573087886325084, 2844000.394546069670469 ], [ 355901.78680978534976, 2844023.307893892750144 ], [ 355914.117775517865084, 2844040.158241544384509 ], [ 355974.670990106184036, 2844097.604571672622114 ], [ 356000.913260893896222, 2844127.7126535307616 ], [ 356013.350958013266791, 2844154.395009804051369 ], [ 356024.144686972722411, 2844178.860483437776566 ], [ 356038.553197842906229, 2844200.604954780545086 ], [ 356065.340813780087046, 2844243.669012164697051 ], [ 356077.705361293395981, 2844263.647832016926259 ], [ 356083.250202283146791, 2844289.511287838686258 ], [ 356079.385976614430547, 2844306.537707121577114 ], [ 356080.38993454980664, 2844324.405189758166671 ], [ 356083.100697723391932, 2844350.29943409236148 ], [ 356101.206145908334292, 2844376.92028881656006 ], [ 356117.789090047997888, 2844412.49695015931502 ], [ 356149.267285016248934, 2844477.411132206674665 ], [ 356174.199587326787878, 2844536.139148559421301 ], [ 356198.234512127935886, 2844586.831532853655517 ], [ 356199.228612150007393, 2844603.805291217751801 ], [ 356222.608919679012615, 2844668.807526629418135 ], [ 356228.616435410920531, 2844700.029469062108546 ], [ 356238.885920703876764, 2844750.871437532361597 ], [ 356244.588177396391984, 2844828.580506613478065 ], [ 356244.21498774306383, 2844868.810958684887737 ], [ 356244.0358304529218, 2844926.917586332187057 ], [ 356243.662665825570002, 2844967.148043490480632 ], [ 356237.49556065374054, 2844995.820409244392067 ], [ 356236.138177859713323, 2845019.970945525448769 ], [ 356234.824363035499118, 2845048.143662495538592 ], [ 356237.864391281967983, 2845058.427733516786247 ], [ 357693.341217745444737, 2844411.511183401104063 ], [ 357648.003191741358023, 2843933.149853938259184 ], [ 357638.420010186266154, 2843832.03769010445103 ], [ 357579.661744490149431, 2843765.934597835410386 ], [ 357641.348401088966057, 2843639.364947270136327 ], [ 357566.42730156716425, 2843496.190317104570568 ], [ 357537.718674705072772, 2843285.063323669601232 ], [ 357495.835320265439805, 2843066.96642355946824 ], [ 357413.126255223935004, 2842850.106261822395027 ], [ 357437.62216578994412, 2842754.727232547476888 ], [ 357454.873955241055228, 2842687.554593982640654 ], [ 357469.682347915717401, 2842629.895538188982755 ], [ 357630.372710345196538, 2842445.985676100943238 ], [ 357588.797420069982763, 2842459.340474930591881 ], [ 357556.642589895869605, 2842469.660498302429914 ], [ 357550.554781077895314, 2842466.27838325034827 ], [ 357542.639850119245239, 2842469.347439600620419 ], [ 357517.410048534744419, 2842479.130428582895547 ], [ 357513.460439024434891, 2842486.606478029396385 ], [ 357526.234871777007356, 2842498.351859190035611 ], [ 357486.113503316009883, 2842542.214171259663999 ], [ 357458.147497282130644, 2842560.44734034826979 ], [ 357406.750139693031088, 2842573.356807700358331 ], [ 357350.351940885419026, 2842588.078370779752731 ], [ 357355.468619390740059, 2842610.876061594579369 ], [ 357349.693991038773675, 2842616.48572161141783 ], [ 357303.41269098140765, 2842632.948171772994101 ], [ 357300.526509331073612, 2842633.974800145253539 ], [ 357299.619848004367668, 2842648.510817533824593 ], [ 357315.771209412952885, 2842699.849073438439518 ], [ 357295.582007652614266, 2842733.882299262098968 ], [ 357265.586622179718688, 2842762.147181726060808 ], [ 357098.304664739174768, 2842807.140259934589267 ], [ 357077.852753479150124, 2842812.032749415375292 ], [ 356997.729074213653803, 2842831.199567994568497 ], [ 356974.470467021339573, 2842836.763412450440228 ], [ 356951.211875952081755, 2842842.327187889721245 ], [ 356914.90798177709803, 2842768.35032459301874 ], [ 356908.807223400217481, 2842752.599445019382983 ], [ 356889.213130942429416, 2842762.479761130642146 ], [ 356835.82332549255807, 2842789.460111293010414 ], [ 356786.438214636116754, 2842814.394254383165389 ], [ 356737.816824947018176, 2842838.954299306031317 ], [ 356677.190893704071641, 2842871.801094119437039 ], [ 356685.903126175515354, 2842929.161089516244829 ], [ 356596.150220057694241, 2842990.169273209292442 ], [ 356556.736392846738454, 2842990.515243649482727 ], [ 356549.220858781191055, 2843026.527849230915308 ], [ 356530.446435798192397, 2843048.821453091688454 ], [ 356479.999143306689803, 2843068.17807420855388 ], [ 356430.137035114166792, 2843101.028557785321027 ], [ 356332.171654769452289, 2843147.958167125936598 ], [ 356265.296977975696791, 2843169.076454810798168 ], [ 356226.125540067907423, 2843185.838125284295529 ], [ 356062.084667926596012, 2843274.180209388956428 ], [ 356005.884993573534302, 2843303.714673751965165 ], [ 355804.086675428960007, 2843218.86665456276387 ], [ 355760.949275839491747, 2843124.030267840251327 ], [ 355751.72907188651152, 2843128.311078588012606 ], [ 355737.240174491889775, 2843097.686828788835555 ], [ 355682.248234438011423, 2843059.488845167215914 ], [ 355670.393897593603469, 2843034.792318547610193 ], [ 355677.100278657395393, 2842998.824360002763569 ], [ 355662.162204659602139, 2842922.837787396274507 ], [ 355661.821101912180893, 2842881.685124594718218 ], [ 355669.496151603409089, 2842846.694745560176671 ], [ 355542.046254047367256, 2842616.962023410480469 ], [ 355539.883924455207307, 2842613.129718364682049 ], [ 355508.40108802926261, 2842630.72057116124779 ], [ 355495.569644940027501, 2842642.375624585431069 ], [ 355422.637956061633304, 2842678.8889350136742 ] ] ] ] } },
{ "type": "Feature", "properties": { "gid": 4324, "_id": null, "entidad": 19.0, "distrito": 1.0, "distrito_l": 19.0, "municipio": 48.0, "seccion": 3118.0, "tipo": 2.0, "_control": null }, "geometry": { "type": "MultiPolygon", "coordinates": [ [ [ [ 354151.80410596576985, 2843335.03383769467473 ], [ 354147.486563994898461, 2843325.535322284791619 ], [ 354109.348310524248518, 2843254.799579514656216 ], [ 354072.505298762931488, 2843272.789369123522192 ], [ 354035.411652355454862, 2843291.141603136435151 ], [ 353992.370814546826296, 2843310.423286271747202 ], [ 354069.755186820286326, 2843463.410740974359214 ], [ 354134.211550023639575, 2843590.839634362142533 ], [ 354144.32925290503772, 2843610.842235928867012 ], [ 354175.541386269847862, 2843672.548000717069954 ], [ 354200.149769170209765, 2843721.198212341871113 ], [ 354223.156851052946877, 2843766.682738450821489 ], [ 354238.315509545966052, 2843791.587321885861456 ], [ 354288.54650838044472, 2843871.063242941629142 ], [ 354261.316678776638582, 2843953.33616644050926 ], [ 354257.460691152256913, 2843982.820568413939327 ], [ 354283.620225748047233, 2844021.53671342600137 ], [ 354619.508861831505783, 2844174.308529415167868 ], [ 354708.224819978582673, 2844242.260740742087364 ], [ 354705.054035360575654, 2844228.794284112751484 ], [ 354698.409428742248565, 2844213.670406999066472 ], [ 354690.142913943971507, 2844198.340888467617333 ], [ 354682.454250045004301, 2844180.323289626743644 ], [ 354676.868332327227108, 2844169.433917557820678 ], [ 354669.031065457325894, 2844156.334472219925374 ], [ 354656.620106163376477, 2844132.334672949742526 ], [ 354652.058577811636496, 2844122.551568176597357 ], [ 354649.953340861247852, 2844115.199832017533481 ], [ 354647.879969383473508, 2844110.752926067449152 ], [ 354646.169711267459206, 2844102.502904746215791 ], [ 354649.871375718386844, 2844089.276884064543992 ], [ 354652.163438082905486, 2844076.736737387254834 ], [ 354652.405798950232565, 2844071.147152736317366 ], [ 354649.305438456591219, 2844065.370583883486688 ], [ 354643.88075953029329, 2844059.954829905182123 ], [ 354633.342979211476631, 2844059.064715797547251 ], [ 354619.381968567613512, 2844059.888414953369647 ], [ 354603.602265457971953, 2844051.79278173064813 ], [ 354595.615896409493871, 2844034.33712900057435 ], [ 354587.707357718143612, 2844014.757516235113144 ], [ 354574.2851774864248, 2843990.880651560146362 ], [ 354566.702994937601034, 2843964.146178071387112 ], [ 354556.774914046167396, 2843945.035723434295505 ], [ 354552.55437473510392, 2843929.438322551548481 ], [ 354549.23437443212606, 2843922.099933586083353 ], [ 354552.76794865867123, 2843912.004454859066755 ], [ 354554.901615984155796, 2843903.488816230557859 ], [ 354557.454897513263859, 2843896.309390502981842 ], [ 354559.541868902160786, 2843883.548046161886305 ], [ 354559.251174366625492, 2843875.505885010119528 ], [ 354559.755456957675051, 2843866.114180037286133 ], [ 354560.089226123469416, 2843859.62952650571242 ], [ 354565.005581744597293, 2843846.390152826439589 ], [ 354571.590586374513805, 2843837.602119863033295 ], [ 354571.931620748830028, 2843831.787907274439931 ], [ 354571.41891740023857, 2843821.960389106534421 ], [ 354570.047268536232878, 2843807.672646390739828 ], [ 354570.700110724079423, 2843793.362685040570796 ], [ 354570.138258322374895, 2843779.066055212169886 ], [ 354571.590993006830104, 2843763.853363399859518 ], [ 354573.097784085548483, 2843753.556706422008574 ], [ 354572.145749752176926, 2843740.605287954676896 ], [ 354569.559497812355403, 2843726.330876126419753 ], [ 354566.446095318766311, 2843709.966169997118413 ], [ 354727.147186452988535, 2843696.414932354353368 ], [ 354592.223413912346587, 2843589.603022276889533 ], [ 354620.418435005354695, 2843571.36302277399227 ], [ 354606.982557844021358, 2843527.030273274984211 ], [ 354578.025177713949233, 2843449.946259119082242 ], [ 354565.485445921309292, 2843386.229543105233461 ], [ 354567.356330666865688, 2843346.091505457647145 ], [ 354567.508280955953524, 2843299.061984708998352 ], [ 354549.270402880734764, 2843253.078370817471296 ], [ 354517.147212135605514, 2843198.220702879596502 ], [ 354478.648849138291553, 2843167.375721789896488 ], [ 354382.799107358849142, 2843216.11363733978942 ], [ 354257.296249602222815, 2843279.813128676731139 ], [ 354280.322802605805919, 2843321.577506246510893 ], [ 354298.456392042455263, 2843356.981401018798351 ], [ 354266.005787091795355, 2843371.748337104916573 ], [ 354230.815012442879379, 2843391.017920644953847 ], [ 354190.378706193936523, 2843410.641526177991182 ], [ 354173.268967035925016, 2843376.760066424962133 ], [ 354151.80410596576985, 2843335.03383769467473 ] ] ] ] } },
{ "type": "Feature", "properties": { "gid": 4325, "_id": null, "entidad": 19.0, "distrito": 1.0, "distrito_l": 19.0, "municipio": 48.0, "seccion": 3119.0, "tipo": 2.0, "_control": null }, "geometry": { "type": "MultiPolygon", "coordinates": [ [ [ [ 353963.095059676910751, 2842945.319555560592562 ], [ 353926.378486542205792, 2842964.237824814859778 ], [ 353919.957443074323237, 2842967.546316626947373 ], [ 353880.503519470104948, 2842987.875144279561937 ], [ 353844.79473048041109, 2843006.274198277387768 ], [ 353819.428184876451269, 2843019.344448454212397 ], [ 353838.200534488656558, 2843057.207158390898257 ], [ 353856.972858898458071, 2843095.069981831591576 ], [ 353875.514023107360117, 2843132.466554550454021 ], [ 353895.043560154503211, 2843170.265110169537365 ], [ 353971.133839253336191, 2843321.82448741234839 ], [ 353992.370814546826296, 2843310.423286271747202 ], [ 354035.411652355454862, 2843291.141603136435151 ], [ 354072.505298762931488, 2843272.789369123522192 ], [ 354109.348310524248518, 2843254.799579514656216 ], [ 354147.486563994898461, 2843325.535322284791619 ], [ 354151.80410596576985, 2843335.03383769467473 ], [ 354173.268967035925016, 2843376.760066424962133 ], [ 354190.378706193936523, 2843410.641526177991182 ], [ 354230.815012442879379, 2843391.017920644953847 ], [ 354266.005787091795355, 2843371.748337104916573 ], [ 354298.456392042455263, 2843356.981401018798351 ], [ 354280.322802605805919, 2843321.577506246510893 ], [ 354257.296249602222815, 2843279.813128676731139 ], [ 354382.799107358849142, 2843216.11363733978942 ], [ 354478.648849138291553, 2843167.375721789896488 ], [ 354461.580052544246428, 2843150.5779316467233 ], [ 354429.067967825802043, 2843115.085596920456737 ], [ 354394.659435590961948, 2843085.824863656423986 ], [ 354356.186896099476144, 2843055.751247731503099 ], [ 354323.945887486101128, 2843027.574170430190861 ], [ 354442.724113697069697, 2842963.992642672732472 ], [ 354424.747498357668519, 2842924.811411586590111 ], [ 354407.664307068218477, 2842889.127183477859944 ], [ 354511.160838282143231, 2842836.566152707207948 ], [ 354496.801383358018938, 2842811.640273383352906 ], [ 354472.879425085615367, 2842771.11285938648507 ], [ 354481.748868344933726, 2842764.553232964128256 ], [ 354454.266598049318418, 2842704.940012760926038 ], [ 354446.973228705348447, 2842695.999705749098212 ], [ 354406.758384814369492, 2842716.720606673043221 ], [ 354364.656903863302432, 2842738.413475334178656 ], [ 354324.596595933195204, 2842759.054736738093197 ], [ 354284.041590114822611, 2842779.950807929039001 ], [ 354240.393773829098791, 2842802.440505302976817 ], [ 354205.786739755887538, 2842820.271871747914702 ], [ 354197.262864250456914, 2842824.663795477245003 ], [ 354155.67550397478044, 2842846.091837768442929 ], [ 354114.934774597175419, 2842867.083664342295378 ], [ 354066.112885844195262, 2842892.239331032615155 ], [ 354055.775738737836946, 2842897.565539271570742 ], [ 354037.142268281546421, 2842907.166521060280502 ], [ 354025.107455309131183, 2842913.367406086530536 ], [ 353999.797260295250453, 2842926.408642409369349 ], [ 353963.095059676910751, 2842945.319555560592562 ] ] ] ] } },
{ "type": "Feature", "properties": { "gid": 4326, "_id": null, "entidad": 19.0, "distrito": 1.0, "distrito_l": 19.0, "municipio": 48.0, "seccion": 3120.0, "tipo": 2.0, "_control": null }, "geometry": { "type": "MultiPolygon", "coordinates": [ [ [ [ 354611.000764532887843, 2842611.484066973440349 ], [ 354569.865248376561794, 2842632.679237749893218 ], [ 354530.012426144094206, 2842653.213545372243971 ], [ 354488.492813855642453, 2842674.606611933093518 ], [ 354446.973228705348447, 2842695.999705749098212 ], [ 354454.266598049318418, 2842704.940012760926038 ], [ 354481.748868344933726, 2842764.553232964128256 ], [ 354472.879425085615367, 2842771.11285938648507 ], [ 354496.801383358018938, 2842811.640273383352906 ], [ 354511.160838282143231, 2842836.566152707207948 ], [ 354407.664307068218477, 2842889.127183477859944 ], [ 354424.747498357668519, 2842924.811411586590111 ], [ 354442.724113697069697, 2842963.992642672732472 ], [ 354323.945887486101128, 2843027.574170430190861 ], [ 354356.186896099476144, 2843055.751247731503099 ], [ 354394.659435590961948, 2843085.824863656423986 ], [ 354429.067967825802043, 2843115.085596920456737 ], [ 354461.580052544246428, 2843150.5779316467233 ], [ 354478.648849138291553, 2843167.375721789896488 ], [ 354603.549095270980615, 2843102.080829595215619 ], [ 354632.498223258764483, 2843087.600102367810905 ], [ 354654.861452337238006, 2843075.868305348791182 ], [ 354671.54208158806432, 2843067.466814296785742 ], [ 354683.969030879088677, 2843060.762188181746751 ], [ 354738.61627424089238, 2843031.223220902960747 ], [ 354777.438524037017487, 2843012.352865044027567 ], [ 354817.71398376848083, 2842993.008438600227237 ], [ 354927.855296030582394, 2842944.377657147590071 ], [ 354952.389444761676714, 2842933.916147730313241 ], [ 355012.866781940916553, 2842909.389274813700467 ], [ 355040.200895298505202, 2842898.207629589363933 ], [ 355034.793929527397268, 2842881.294345079455525 ], [ 355007.047450254438445, 2842889.711038221139461 ], [ 355010.822497372573707, 2842814.604562662541866 ], [ 355028.386241129250266, 2842785.219758289400488 ], [ 355035.624879872659221, 2842686.99724874086678 ], [ 355070.834635178733151, 2842612.657201264053583 ], [ 354994.026070255844388, 2842652.17752624116838 ], [ 354990.482504732324742, 2842653.415862321387976 ], [ 354968.921841568662785, 2842663.810284606646746 ], [ 354965.250296806334518, 2842664.735206929966807 ], [ 354932.173907112504821, 2842680.957685125991702 ], [ 354928.083717045024969, 2842680.789203032385558 ], [ 354900.179758206009865, 2842624.636836282443255 ], [ 354879.841190839186311, 2842586.216673010960221 ], [ 354860.755855699302629, 2842549.368773946072906 ], [ 354820.264553551503923, 2842570.435224702581763 ], [ 354802.948332093888894, 2842539.004948380868882 ], [ 354789.991542210336775, 2842519.241234093438834 ], [ 354777.047785627073608, 2842525.927745576016605 ], [ 354736.657647985382937, 2842546.738895912189037 ], [ 354697.628225926426239, 2842566.848951057065278 ], [ 354659.890475954802241, 2842586.293457468505949 ], [ 354655.232821964193135, 2842588.693272790871561 ], [ 354611.000764532887843, 2842611.484066973440349 ] ] ] ] } },
{ "type": "Feature", "properties": { "gid": 4327, "_id": null, "entidad": 19.0, "distrito": 1.0, "distrito_l": 19.0, "municipio": 48.0, "seccion": 3121.0, "tipo": 2.0, "_control": null }, "geometry": { "type": "MultiPolygon", "coordinates": [ [ [ [ 354802.948332093888894, 2842539.004948380868882 ], [ 354820.264553551503923, 2842570.435224702581763 ], [ 354860.755855699302629, 2842549.368773946072906 ], [ 354879.841190839186311, 2842586.216673010960221 ], [ 354900.179758206009865, 2842624.636836282443255 ], [ 354928.083717045024969, 2842680.789203032385558 ], [ 354932.173907112504821, 2842680.957685125991702 ], [ 354965.250296806334518, 2842664.735206929966807 ], [ 354968.921841568662785, 2842663.810284606646746 ], [ 354990.482504732324742, 2842653.415862321387976 ], [ 354994.026070255844388, 2842652.17752624116838 ], [ 355070.834635178733151, 2842612.657201264053583 ], [ 355098.133302522881422, 2842598.299872630741447 ], [ 355121.140911948459689, 2842586.348878943827003 ], [ 355123.608700917917304, 2842592.029669373761863 ], [ 355162.187957388581708, 2842570.872288460377604 ], [ 355164.528132634644862, 2842579.66469017136842 ], [ 355161.273784579942003, 2842753.29646848840639 ], [ 355157.870994715369307, 2842769.006887758150697 ], [ 355201.351102362503298, 2842746.659609251189977 ], [ 355245.074077615747228, 2842724.555195480119437 ], [ 355284.548478241602425, 2842703.986673093866557 ], [ 355281.995743408624548, 2842754.43256722483784 ], [ 355358.707811893080361, 2842713.130177631508559 ], [ 355383.044411386887077, 2842700.750399472657591 ], [ 355422.637956061633304, 2842678.8889350136742 ], [ 355495.569644940027501, 2842642.375624585431069 ], [ 355508.40108802926261, 2842630.72057116124779 ], [ 355539.883924455207307, 2842613.129718364682049 ], [ 355507.647070655715652, 2842555.994454251602292 ], [ 355484.74521731317509, 2842512.747941551730037 ], [ 355459.990315342671238, 2842466.002258296590298 ], [ 355432.053280502441339, 2842413.247694535180926 ], [ 355394.379432258778252, 2842342.106509701814502 ], [ 355374.148521625436842, 2842303.903708931058645 ], [ 355355.738889560278039, 2842269.140047116670758 ], [ 355350.336410058196634, 2842258.938356962054968 ], [ 355337.329282888560556, 2842234.37640162371099 ], [ 355260.504633617005311, 2842274.376480912324041 ], [ 355228.357766980945598, 2842291.114279785193503 ], [ 355196.210908902343363, 2842307.852118295617402 ], [ 355164.447917231242172, 2842324.390089872758836 ], [ 355133.185991236940026, 2842340.667154331691563 ], [ 355099.038208804558963, 2842358.446828300133348 ], [ 355083.834074477781542, 2842366.363098974805325 ], [ 355068.629958859412, 2842374.279392807744443 ], [ 355034.136528777598869, 2842392.239038610830903 ], [ 355020.022693697828799, 2842399.587715947069228 ], [ 355000.577919213916175, 2842409.71189416013658 ], [ 354967.583166201133281, 2842426.891212533228099 ], [ 354947.35343951266259, 2842437.424177536275238 ], [ 354934.314144248375669, 2842444.213416532147676 ], [ 354898.709985002758913, 2842462.75131540838629 ], [ 354860.639871170977131, 2842482.573158274870366 ], [ 354819.560916810994968, 2842503.961738013662398 ], [ 354813.022768863942474, 2842507.343777237460017 ], [ 354789.991542210336775, 2842519.241234093438834 ], [ 354802.948332093888894, 2842539.004948380868882 ] ] ] ] } },
{ "type": "Feature", "properties": { "gid": 4328, "_id": null, "entidad": 19.0, "distrito": 1.0, "distrito_l": 18.0, "municipio": 48.0, "seccion": 3122.0, "tipo": 2.0, "_control": null }, "geometry": { "type": "MultiPolygon", "coordinates": [ [ [ [ 356215.940430069051217, 2842905.624580426607281 ], [ 356219.322518457251135, 2842913.332649330142885 ], [ 356233.80952223658096, 2842946.349518552888185 ], [ 356240.976178470300511, 2842963.501889055594802 ], [ 356259.70041192159988, 2843024.42018370795995 ], [ 356276.131102296465542, 2843031.589977696537971 ], [ 356292.561773994530085, 2843038.759791274089366 ], [ 356286.096860318852123, 2843052.246922127436846 ], [ 356237.947754346416332, 2843152.695839771069586 ], [ 356235.578511905274354, 2843157.638679422903806 ], [ 356233.641487337648869, 2843161.679784572683275 ], [ 356226.125540067907423, 2843185.838125284295529 ], [ 356265.296977975696791, 2843169.076454810798168 ], [ 356332.171654769452289, 2843147.958167125936598 ], [ 356430.137035114166792, 2843101.028557785321027 ], [ 356479.999143306689803, 2843068.17807420855388 ], [ 356530.446435798192397, 2843048.821453091688454 ], [ 356549.22087312862277, 2843026.527774305548519 ], [ 356556.736378499306738, 2842990.515318574849516 ], [ 356596.150220057694241, 2842990.169273209292442 ], [ 356685.903126175515354, 2842929.161089516244829 ], [ 356677.190893704071641, 2842871.801094119437039 ], [ 356737.816824947018176, 2842838.954299306031317 ], [ 356786.438214636116754, 2842814.394254383165389 ], [ 356835.82332549255807, 2842789.460111293010414 ], [ 356889.213130942429416, 2842762.479761130642146 ], [ 356908.807223400217481, 2842752.599445019382983 ], [ 356894.60002653230913, 2842718.071225391235203 ], [ 356873.784270212170668, 2842667.5566914123483 ], [ 356861.765884215245023, 2842638.391068171709776 ], [ 356853.992510060197674, 2842613.90665516955778 ], [ 356848.39195084781386, 2842592.322650473564863 ], [ 356840.874045158619992, 2842566.340042831841856 ], [ 356781.677698455285281, 2842593.93336876295507 ], [ 356726.583332192967646, 2842620.781224058941007 ], [ 356665.530779246648308, 2842648.90516014629975 ], [ 356624.885082488530315, 2842669.167066978756338 ], [ 356518.891411502379924, 2842719.104974672663957 ], [ 356480.333653379930183, 2842736.578069016803056 ], [ 356366.663009247975424, 2842787.873720934148878 ], [ 356315.585846499889158, 2842812.104699271265417 ], [ 356292.288439979893155, 2842823.572645862586796 ], [ 356259.465051378938369, 2842839.689751574769616 ], [ 356223.201413271133788, 2842856.999073921702802 ], [ 356199.553948212997057, 2842868.278686580248177 ], [ 356215.940430069051217, 2842905.624580426607281 ] ] ] ] } },
{ "type": "Feature", "properties": { "gid": 4330, "_id": null, "entidad": 19.0, "distrito": 1.0, "distrito_l": 18.0, "municipio": 48.0, "seccion": 3124.0, "tipo": 2.0, "_control": null }, "geometry": { "type": "MultiPolygon", "coordinates": [ [ [ [ 356356.068714468681719, 2842050.451573121361434 ], [ 356362.510175663861446, 2842087.890977445524186 ], [ 356365.252803643059451, 2842094.627324118278921 ], [ 356400.036360521917231, 2842232.369389581959695 ], [ 356424.532952014880721, 2842255.11578731238842 ], [ 356433.535673419944942, 2842292.953409281559289 ], [ 356443.712710595689714, 2842331.573897974099964 ], [ 356455.987539918103721, 2842374.453526112716645 ], [ 356464.383292495040223, 2842413.719405645970255 ], [ 356473.133593920327257, 2842454.644053330644965 ], [ 356479.488239359518047, 2842488.611467321403325 ], [ 356486.006031956872903, 2842493.351590731646866 ], [ 356477.414380183792673, 2842492.759128969628364 ], [ 356460.719376759021543, 2842519.395837143529207 ], [ 356472.684303297311999, 2842571.18636644911021 ], [ 356468.113386621640529, 2842577.647433495614678 ], [ 356476.421291506616399, 2842650.102291230112314 ], [ 356473.964024392538704, 2842720.158696538768709 ], [ 356480.333653379930183, 2842736.578069016803056 ], [ 356518.891411502379924, 2842719.104974672663957 ], [ 356624.885082488530315, 2842669.167066978756338 ], [ 356665.530779246648308, 2842648.90516014629975 ], [ 356726.583332192967646, 2842620.781224058941007 ], [ 356781.677698455285281, 2842593.93336876295507 ], [ 356840.874045158619992, 2842566.340042831841856 ], [ 356830.973393343330827, 2842538.343593383673579 ], [ 356811.546161416859832, 2842493.407287723384798 ], [ 356791.684416534611955, 2842447.465977301355451 ], [ 356772.553436112357304, 2842403.214792165905237 ], [ 356752.586351504374761, 2842357.029806406702846 ], [ 356732.724547774763778, 2842311.088517298921943 ], [ 356715.261574918346014, 2842270.695453098975122 ], [ 356697.530437924317084, 2842229.682205004151911 ], [ 356682.303296113968827, 2842194.460955488495529 ], [ 356666.760144999832846, 2842158.509040163829923 ], [ 356650.940564566524699, 2842121.917298004031181 ], [ 356633.961468461086042, 2842082.643671438563615 ], [ 356618.357283750199713, 2842046.550294063054025 ], [ 356603.172886935702991, 2842011.427910252474248 ], [ 356593.314158331253566, 2841988.624103547539562 ], [ 356568.211470291484147, 2841929.477953423280269 ], [ 356547.344590492371935, 2841880.312387933488935 ], [ 356527.934798464179039, 2841834.579935676418245 ], [ 356504.847177597344853, 2841782.926120195072144 ], [ 356483.948865742539056, 2841736.516039271373302 ], [ 356474.710775712796021, 2841723.639445089269429 ], [ 356460.667278472858015, 2841704.22383889509365 ], [ 356434.456037692958489, 2841754.320662841200829 ], [ 356423.51262427913025, 2841780.101055755279958 ], [ 356415.540469327010214, 2841798.351800954435021 ], [ 356417.553550379001535, 2841838.669873810838908 ], [ 356393.617937052680645, 2841843.32487821765244 ], [ 356418.207812287553679, 2841948.943016036879271 ], [ 356377.549250847194344, 2841958.090340085327625 ], [ 356336.701247044606134, 2841967.461059396155179 ], [ 356356.068714468681719, 2842050.451573121361434 ] ] ] ] } },
{ "type": "Feature", "properties": { "gid": 4332, "_id": null, "entidad": 19.0, "distrito": 1.0, "distrito_l": 18.0, "municipio": 48.0, "seccion": 3126.0, "tipo": 2.0, "_control": null }, "geometry": { "type": "MultiPolygon", "coordinates": [ [ [ [ 356040.633976647863165, 2841765.972225534263998 ], [ 356003.48122278705705, 2841784.017855816520751 ], [ 356013.034728712926153, 2841805.77887935237959 ], [ 356028.227439268608578, 2841835.009198953397572 ], [ 356066.966927551606204, 2841819.225468367803842 ], [ 356106.484213031711988, 2841805.562156196683645 ], [ 356178.320994936279021, 2841779.516848511528224 ], [ 356182.993022537557408, 2841769.563455347903073 ], [ 356179.856034615193494, 2841758.676627173554152 ], [ 356198.509230079536792, 2841750.422655491158366 ], [ 356235.019014263525605, 2841733.923209012951702 ], [ 356275.655476493178867, 2841715.158023414667696 ], [ 356278.752495052642189, 2841728.411428095307201 ], [ 356289.187082614400424, 2841772.655888815410435 ], [ 356299.398782924632542, 2841815.955545866396278 ], [ 356309.694382902758662, 2841854.794441979378462 ], [ 356316.918384956486989, 2841884.920158098451793 ], [ 356336.701247044606134, 2841967.461059396155179 ], [ 356377.549250847194344, 2841958.090340085327625 ], [ 356418.207812287553679, 2841948.943016036879271 ], [ 356393.617937052680645, 2841843.32487821765244 ], [ 356417.553550379001535, 2841838.669873810838908 ], [ 356415.540469327010214, 2841798.351800954435021 ], [ 356423.51262427913025, 2841780.101055755279958 ], [ 356434.456037692958489, 2841754.320662841200829 ], [ 356460.667278472858015, 2841704.22383889509365 ], [ 356446.061452421592548, 2841666.336747594643384 ], [ 356435.074178061215207, 2841636.196107894647866 ], [ 356430.686620015301742, 2841624.15997959766537 ], [ 356420.867704314179718, 2841597.224120051600039 ], [ 356415.898747729370371, 2841584.788747807964683 ], [ 356398.476325032766908, 2841544.607830511406064 ], [ 356381.478763453662395, 2841505.406887031160295 ], [ 356364.481106976105366, 2841466.205851742532104 ], [ 356344.462391729583032, 2841420.335974526125938 ], [ 356330.893083089729771, 2841389.244243181310594 ], [ 356324.118904619244859, 2841373.722361578140408 ], [ 356307.714837434177753, 2841335.316181702073663 ], [ 356296.679390192148276, 2841309.479157226160169 ], [ 356275.000739394687116, 2841312.932929190807045 ], [ 356183.910647945362143, 2841327.445020324550569 ], [ 356190.172656608046964, 2841353.536100292112678 ], [ 356204.216778567177244, 2841410.104596774093807 ], [ 356211.327706453856081, 2841438.548397147562355 ], [ 356161.115336661459878, 2841446.457737935241312 ], [ 356136.700660079543013, 2841503.248460509814322 ], [ 356140.946639403584413, 2841522.88644768577069 ], [ 356037.980214809882455, 2841574.369622790720314 ], [ 356077.256087961839512, 2841650.267570431809872 ], [ 356091.055689976667054, 2841686.359004258643836 ], [ 356102.201607444789261, 2841730.411639714613557 ], [ 356076.194632556289434, 2841744.211240310687572 ], [ 356087.340412652702071, 2841768.095179791096598 ], [ 356050.879434308852069, 2841786.386063687503338 ], [ 356040.633976647863165, 2841765.972225534263998 ] ] ] ] } },
{ "type": "Feature", "properties": { "gid": 4329, "_id": null, "entidad": 19.0, "distrito": 1.0, "distrito_l": 18.0, "municipio": 48.0, "seccion": 3123.0, "tipo": 2.0, "_control": null }, "geometry": { "type": "MultiPolygon", "coordinates": [ [ [ [ 355988.730078921129461, 2842451.479045366868377 ], [ 356014.538403809070587, 2842476.189105046447366 ], [ 356023.873316977056675, 2842482.778471282683313 ], [ 356028.81531005713623, 2842502.546572297345847 ], [ 356043.641372211975977, 2842528.903960617724806 ], [ 356041.994043585611507, 2842546.475631576962769 ], [ 356046.936013693455607, 2842567.891056739725173 ], [ 356056.54550191166345, 2842573.107630830258131 ], [ 356087.570455563778523, 2842649.983414839953184 ], [ 356108.162127087358385, 2842711.758704902604222 ], [ 356114.751532245485578, 2842723.564579972065985 ], [ 356132.048636729014106, 2842732.075813053175807 ], [ 356165.81909354950767, 2842733.448621350806206 ], [ 356191.078216353897005, 2842746.627291778568178 ], [ 356203.982379372348078, 2842761.453411121852696 ], [ 356211.120886548073031, 2842779.025021419394761 ], [ 356207.739192833425477, 2842792.748918001074344 ], [ 356204.256991306494456, 2842805.931557598523796 ], [ 356209.198990058153868, 2842825.150494710542262 ], [ 356211.944541021366604, 2842838.054667758755386 ], [ 356223.201413271133788, 2842856.999073921702802 ], [ 356259.465051378938369, 2842839.689751574769616 ], [ 356292.288439979893155, 2842823.572645862586796 ], [ 356315.585846499889158, 2842812.104699271265417 ], [ 356366.663009247975424, 2842787.873720934148878 ], [ 356480.333653379930183, 2842736.578069016803056 ], [ 356473.964024392538704, 2842720.158696538768709 ], [ 356476.421291506616399, 2842650.102291230112314 ], [ 356468.113386621640529, 2842577.647433495614678 ], [ 356472.684303297311999, 2842571.18636644911021 ], [ 356460.719376759021543, 2842519.395837143529207 ], [ 356477.414380183792673, 2842492.759128969628364 ], [ 356486.006031956872903, 2842493.351590731646866 ], [ 356479.488239359518047, 2842488.611467321403325 ], [ 356473.133593920327257, 2842454.644053330644965 ], [ 356464.383292495040223, 2842413.719405645970255 ], [ 356455.987539918103721, 2842374.453526112716645 ], [ 356443.712710595689714, 2842331.573897974099964 ], [ 356433.535673419944942, 2842292.953409281559289 ], [ 356424.532952014880721, 2842255.11578731238842 ], [ 356400.036360521917231, 2842232.369389581959695 ], [ 356365.252803643059451, 2842094.627324118278921 ], [ 356362.510175663861446, 2842087.890977445524186 ], [ 356335.141730461386032, 2842095.628913549240679 ], [ 356321.008143561077304, 2842099.256565067451447 ], [ 356228.642458583693951, 2842130.806356763467193 ], [ 356212.298211439279839, 2842136.303329670336097 ], [ 356193.47203593258746, 2842143.020152380689979 ], [ 356153.728552291635424, 2842162.714248808566481 ], [ 356165.830613512545824, 2842190.641409203410149 ], [ 356235.834899426496122, 2842340.653599330689758 ], [ 356199.51863651513122, 2842358.41132728010416 ], [ 356162.722462887817528, 2842377.062772915698588 ], [ 356123.993079669540748, 2842394.372122721280903 ], [ 356086.790042190987151, 2842412.841885237954557 ], [ 356049.305339290527627, 2842431.216449449770153 ], [ 355999.302469874615781, 2842453.846210939344019 ], [ 355988.730078921129461, 2842451.479045366868377 ] ] ] ] } },
{ "type": "Feature", "properties": { "gid": 4331, "_id": null, "entidad": 19.0, "distrito": 1.0, "distrito_l": 18.0, "municipio": 48.0, "seccion": 3125.0, "tipo": 2.0, "_control": null }, "geometry": { "type": "MultiPolygon", "coordinates": [ [ [ [ 355821.808482107007876, 2842260.425995554309338 ], [ 355838.328903639107011, 2842286.92748840386048 ], [ 355843.147376512759365, 2842293.466924502979964 ], [ 355860.356192331528291, 2842313.084885638672858 ], [ 355879.974263114621863, 2842332.014582511968911 ], [ 355902.519274028658401, 2842340.558234487660229 ], [ 355919.541743934561964, 2842364.719245442654938 ], [ 355955.234131779056042, 2842396.567740031518042 ], [ 355971.158389497781172, 2842417.983135265763849 ], [ 355976.100449110206682, 2842432.260157902725041 ], [ 355988.730078921129461, 2842451.479045366868377 ], [ 355999.302469874615781, 2842453.846210939344019 ], [ 356049.305339290527627, 2842431.216449449770153 ], [ 356086.790042190987151, 2842412.841885237954557 ], [ 356123.993079669540748, 2842394.372122721280903 ], [ 356162.722462887817528, 2842377.062772915698588 ], [ 356199.51863651513122, 2842358.41132728010416 ], [ 356235.834899426496122, 2842340.653599330689758 ], [ 356165.830613512545824, 2842190.641409203410149 ], [ 356153.728552291635424, 2842162.714248808566481 ], [ 356193.47203593258746, 2842143.020152380689979 ], [ 356212.298211439279839, 2842136.303329670336097 ], [ 356228.642458583693951, 2842130.806356763467193 ], [ 356321.008143561077304, 2842099.256565067451447 ], [ 356335.141730461386032, 2842095.628913549240679 ], [ 356362.510175663861446, 2842087.890977445524186 ], [ 356356.068714468681719, 2842050.451573121361434 ], [ 356336.701247044606134, 2841967.461059396155179 ], [ 356316.918384956486989, 2841884.920158098451793 ], [ 356309.694382902758662, 2841854.794441979378462 ], [ 356299.398782924632542, 2841815.955545866396278 ], [ 356289.187082614400424, 2841772.655888815410435 ], [ 356278.752495052642189, 2841728.411428095307201 ], [ 356275.655476493178867, 2841715.158023414667696 ], [ 356235.019014263525605, 2841733.923209012951702 ], [ 356198.509230079536792, 2841750.422655491158366 ], [ 356179.856034615193494, 2841758.676627173554152 ], [ 356182.993022537557408, 2841769.563455347903073 ], [ 356178.320994936279021, 2841779.516848511528224 ], [ 356106.484213031711988, 2841805.562156196683645 ], [ 356066.966927551606204, 2841819.225468367803842 ], [ 356028.227439268608578, 2841835.009198953397572 ], [ 356013.034728712926153, 2841805.77887935237959 ], [ 355974.972987239132635, 2841823.606606625486165 ], [ 356007.727263854234479, 2841886.984298411291093 ], [ 355979.058528494206257, 2841901.182227074168622 ], [ 355942.123806310119107, 2841919.473824459593743 ], [ 355912.170527855923865, 2841934.30785605777055 ], [ 355838.676303925807588, 2841970.705142094753683 ], [ 355842.803220790461637, 2842087.649488850496709 ], [ 355829.380292392103001, 2842173.693516195751727 ], [ 355816.989970150927547, 2842250.100645214319229 ], [ 355821.808482107007876, 2842260.425995554309338 ] ] ] ] } }
]
}
